play_id,feed,fps,seconds,release_frame,lift_frame,lead_foot,release_to_wrist,lift_peak_in,ball_pts,qa,delivery_s,home_qa,pitcher_id,pitcher_name,result,base,confidence,why
00f930c6-d820-4aa3-b380-85aa40a76f81,HOME,59.78319411666781,23.0,182.0,123.0,L,0.16,19.71,7.0,PASS,0.987,PASS,656302,"Cease, Dylan",SB,2B,high,
16e33f77-5bf1-42b6-ae70-fb517dd67007,HOME,59.71665969274912,5.8,180.0,124.0,L,0.15,11.92,7.0,PASS,0.938,PASS,594798,"deGrom, Jacob",SB,3B,high,
f2a433d1-ed21-4e44-b749-2a32634e54af,HOME,59.66900032159909,5.2,177.0,107.0,L,0.14,23.79,9.0,PASS,1.173,PASS,543507,"May, Trevor",SB,2B,high,
9ec3368f-7d8d-4b49-bb67-2b70e8c9a362,HOME,59.64222553860112,4.8,178.0,113.0,L,0.11,18.44,8.0,PASS,1.09,PASS,518489,"Brasier, Ryan",SB,2B,high,
081ca83b-dc31-440c-85c6-df3c1ce7e8a2,HOME,59.6466070493844,5.0,178.0,113.0,L,0.12,19.71,7.0,PASS,1.09,PASS,518489,"Brasier, Ryan",SB,2B,high,
fa9344bd-1cbe-4e42-ba33-7169e1711346,AWAY,59.647067893511725,10.2,,,,,,,no_release,,no_set_before_lift,593619,"Tapia, Domingo",SB,3B,not measured,no_release
d5dacb06-60e9-48b1-bb46-769904ad32ac,HOME,59.687351965892944,5.3,201.0,138.0,L,0.18,20.41,8.0,PASS,1.055,PASS,543037,"Cole, Gerrit",SB,2B,high,
e4b1f3c0-d269-4739-872d-c15d976438a1,AWAY,59.60356272324508,9.2,,,,,,,no_release,,no_release,605154,"Brebbia, John",SB,2B,not measured,no_release
7c688f78-dbe7-454e-a90f-cd67fed9307e,HOME,59.703010460161586,5.2,196.0,141.0,L,0.25,3.58,9.0,PASS,0.921,PASS,669467,"Pallante, Andre",CS,2B,low,lift_peak_in 3.58 outside 4.28-
626fdf0c-5283-43ac-9c26-ab49d00b401b,HOME,59.69750401443048,4.9,178.0,118.0,L,0.19,19.82,9.0,PASS,1.005,PASS,670059,"Holderman, Colin",CS,2B,high,
198f299a-6f96-4fd9-ab29-ba791a331c9e,AWAY,59.74918124450835,9.1,,,,,,,no_release,,cut_in_window,571578,"Corbin, Patrick",SB,2B,not measured,no_release
f7a6bfe0-0e22-487c-afa1-e4a9b5485bcd,AWAY,59.63027657239828,9.5,,,,,,,no_release,,cut_in_window,669456,"Bieber, Shane",SB,2B,not measured,no_release
0c23f534-8f4e-4cf9-9889-0de9c11323ce,HOME,59.730182255967705,5.2,175.0,119.0,L,0.17,17.86,9.0,PASS,0.938,PASS,571656,"Farmer, Buck",SB,2B,high,
8903a3c9-79d4-472f-ac0f-95e3a5a78b90,HOME,59.70191513308046,5.2,179.0,118.0,L,0.25,19.35,9.0,PASS,1.022,PASS,668881,"Greene, Hunter",SB,3B,high,
7879db93-0ffe-4e6a-a991-998cfcf7796c,AWAY,59.64990096586955,9.4,179.0,118.0,L,0.27,14.34,5.0,PASS,1.023,not_cf_view,657277,"Webb, Logan",SB,2B,high,
40add4ac-6f47-4c92-9ab0-ab361d999ac0,HOME,59.714759340041326,21.6,180.0,120.0,L,0.13,12.32,8.0,PASS,1.005,PASS,672391,"Ort, Kaleb",SB,2B,high,
cad7b33f-21fe-4676-a7bf-4171b60c6785,HOME,59.75730875719224,5.2,198.0,133.0,L,0.32,23.95,9.0,PASS,1.088,PASS,645261,"Alcantara, Sandy",SB,2B,high,
bfe28942-7689-4b3b-8c0d-81b2e5b1fb55,HOME,59.66708092646869,5.2,177.0,121.0,R,0.18,16.17,9.0,PASS,0.939,PASS,666200,"Luzardo, Jesús",CS,2B,high,
8286a801-29c7-46c7-a3a3-a2663c93ddd0,HOME,59.72770479298645,19.6,203.0,142.0,L,0.15,24.38,8.0,PASS,1.021,PASS,614179,"Ruiz, José",SB,2B,high,
565c4964-12b1-4bf8-a325-3c386582ac1f,HOME,59.72745306615301,6.7,200.0,145.0,L,0.12,14.19,9.0,PASS,0.921,PASS,458681,"Lynn, Lance",CS,2B,high,
e9527d61-df68-4464-9e18-83614f05deac,HOME,59.74730530373331,5.2,172.0,99.0,R,0.1,26.72,9.0,PASS,1.222,PASS,592662,"Ray, Robbie",SB,3B,high,
1c974960-bd2a-4021-92fd-ad715f38b4cb,HOME,59.667384707541345,4.9,202.0,135.0,L,0.2,18.3,8.0,PASS,1.123,PASS,664299,"Javier, Cristian",SB,2B,high,
1f866393-c08f-4f97-8562-36f5bc04934c,AWAY,59.67578077945226,12.1,252.0,,,,,9.0,cut_in_window,,no_release,518876,"Kelly, Merrill",CS,2B,not measured,cut_in_window
d5ce1c11-ddc2-4253-a494-e59483ab537e,AWAY,59.708395099452055,10.0,189.0,,,0.96,,9.0,cut_in_window,,release_not_at_hand,664299,"Javier, Cristian",SB,2B,not measured,cut_in_window
b3800374-4e7d-45aa-a295-017d00a3250a,HOME,59.75339345353706,5.3,189.0,126.0,L,0.13,14.55,9.0,PASS,1.054,PASS,650644,"Civale, Aaron",SB,2B,high,
5652845c-0a11-4366-bf01-19fe0c88f834,HOME,59.63585317309368,5.0,192.0,129.0,L,0.36,16.2,9.0,PASS,1.056,PASS,650644,"Civale, Aaron",CS,2B,low,release_to_wrist 0.36 outside -0.32
3a12d8db-4ebc-4796-9f0f-abc71a08cc45,HOME,59.65087667457409,5.1,172.0,116.0,L,0.14,3.39,9.0,PASS,0.939,PASS,657024,"Swanson, Erik",SB,2B,low,lift_peak_in 3.39 outside 4.28-
e8d94ad6-95b3-424c-92e8-a4910bb4f7e8,HOME,59.74901297478208,6.9,197.0,126.0,L,0.45,17.82,8.0,PASS,1.188,PASS,598264,"Barnes, Matt",SB,2B,low,release_to_wrist 0.45 outside -0.32
6d616fa4-210e-4f8d-baf8-35a1a767db26,AWAY,59.717226838645665,9.5,,,,,,,no_release,,no_release,669424,"Lambert, Jimmy",SB,2B,not measured,no_release
7fb87aaa-5b59-4e5c-bd65-a95630587c3d,HOME,59.72029440238881,5.0,189.0,129.0,R,0.1,17.77,9.0,PASS,1.005,PASS,519242,"Sale, Chris",SB,3B,high,
b83317a2-c494-4b44-8ebd-6f1f045e2ac7,AWAY,,2.6,,,,,,,no_clip,,not_cf_view,502171,"Cobb, Alex",SB,2B,not measured,no_clip
d8927311-6e90-4309-baee-c3925ce94ed0,AWAY,59.701962141562085,13.7,160.0,116.0,L,0.0,19.18,6.0,PASS,0.737,cut_in_window,669302,"Gilbert, Logan",SB,2B,high,
a2817e72-f774-4680-9e34-339ec0e69bf4,AWAY,59.645141531695266,9.7,155.0,110.0,R,0.28,26.13,8.0,PASS,0.754,release_not_at_hand,518516,"Bumgarner, Madison",CS,2B,high,
65eefdfe-ccc6-4858-8c9d-490f58d7c1dc,AWAY,59.78683147586878,10.9,181.0,100.0,L,0.73,41.26,9.0,release_not_at_hand,,release_not_at_hand,664353,"Urquidy, José",SB,2B,not measured,release_not_at_hand
6c1e3472-924b-4caf-a7a3-d15668e81cf7,AWAY,59.633755110185575,9.7,180.0,117.0,R,0.08,21.47,9.0,PASS,1.056,cut_in_window,519242,"Sale, Chris",SB,2B,high,
23f107ae-5a9e-41fc-9500-3559cb4e0269,HOME,59.683295946254425,5.1,185.0,122.0,L,0.12,8.44,9.0,PASS,1.056,PASS,445276,"Jansen, Kenley",SB,2B,high,
e8f53bbf-edbf-4079-861a-2bd723f3c176,AWAY,59.60034803989986,10.3,179.0,105.0,R,0.08,24.41,9.0,PASS,1.242,cut_in_window,448179,"Hill, Rich",SB,2B,high,
85086eb1-025f-4ae4-a52c-919196e1ebd0,HOME,59.69274590038262,5.5,177.0,104.0,R,0.12,21.92,6.0,PASS,1.223,PASS,656756,"Montgomery, Jordan",SB,2B,high,
5e49e5cd-cb16-4d11-bc33-3e608d7ad862,AWAY,,5.3,,,,,,,no_clip,,cut_in_window,663559,"Falter, Bailey",CS,2B,not measured,no_clip
44c4844a-1450-4a44-886b-36ed0e25cacb,AWAY,59.76803971976372,11.6,238.0,,,0.95,,8.0,release_not_at_hand,,no_release,663546,"Hjelle, Sean",SB,3B,not measured,release_not_at_hand
651aaf06-2b92-4ba3-af93-84b6f1c3b3aa,AWAY,59.74159249852025,8.5,177.0,116.0,L,0.25,19.54,9.0,PASS,1.021,no_release,663986,"Stephan, Trevor",SB,3B,high,
746e9153-76f0-499c-b555-3ddc581f4111,HOME,59.66235526354557,5.1,178.0,116.0,R,0.14,14.83,8.0,PASS,1.039,PASS,694363,"Shuster, Jared",CS,2B,high,
03dc4237-472c-49fc-aaad-393d3ae539ca,HOME,59.721088676768034,5.3,172.0,118.0,L,0.2,15.9,9.0,PASS,0.904,PASS,668933,"Ashcraft, Graham",SB,2B,high,
b85f6194-dc1c-49b8-b830-4faca39dac16,AWAY,59.75821511646955,12.0,174.0,,,0.72,,9.0,release_not_at_hand,,cut_in_window,641778,"Lauer, Eric",SB,2B,not measured,release_not_at_hand
e789e5dd-4750-4217-a9ab-c90da30ac97a,AWAY,59.82678922480208,13.0,180.0,145.0,R,0.17,2.97,9.0,not_cf_view,,not_cf_view,657571,"Ferguson, Caleb",SB,2B,not measured,not_cf_view
55bc221c-fb47-4554-96be-bc87e4ae14ee,AWAY,59.78771478930654,8.600000000000001,182.0,128.0,L,0.13,3.12,9.0,PASS,0.903,no_release,592789,"Syndergaard, Noah",SB,2B,low,lift_peak_in 3.12 outside 4.28-
7be78f92-0240-47f1-9d3a-8e1d9bf4287f,AWAY,59.7872850008427,10.3,175.0,,,0.11,,9.0,camera_moved,,camera_moved,596295,"Gomber, Austin",SB,3B,not measured,camera_moved
ce185b82-4429-4a9b-9320-aee9fcdf7804,AWAY,59.697505926346366,10.7,,,,,,,no_release,,release_not_at_hand,592789,"Syndergaard, Noah",SB,3B,not measured,no_release
9435fce8-313d-4f63-b317-fc772b09f399,AWAY,59.70436924373345,10.1,179.0,,,0.16,,6.0,cut_in_window,,no_release,657508,"Baumann, Mike",SB,2B,not measured,cut_in_window
e6691199-d05c-43ec-ac60-21dee96dd93d,HOME,59.74223515118815,6.5,180.0,112.0,L,0.22,17.2,5.0,PASS,1.138,PASS,612434,"Castro, Miguel",SB,2B,high,
3e60230f-46ff-4f7f-a27b-e5f6d10647b5,AWAY,59.742321782130865,10.4,,,,,,,no_release,,no_release,598264,"Barnes, Matt",SB,2B,not measured,no_release
dd06e0e9-40ef-4b7e-8389-0ce98cbc2530,HOME,59.68148015900487,5.1,177.0,114.0,R,0.15,15.25,9.0,PASS,1.056,PASS,666214,"Wentz, Joey",SB,2B,high,
065857e0-bd26-4473-9c24-d8703f9e44b4,HOME,59.65553235908142,6.8,179.0,115.0,L,0.11,22.04,8.0,PASS,1.073,PASS,666619,"Santos, Gregory",SB,2B,high,
1baf705c-ec21-4aa5-8720-77307586e53f,AWAY,59.705736015352905,9.7,,,,,,,no_release,,no_release,641778,"Lauer, Eric",CS,2B,not measured,no_release
9f90d567-c8c6-42f9-a1ec-adc5769fdfda,HOME,59.73132347219785,4.7,184.0,119.0,L,0.12,28.74,9.0,PASS,1.088,PASS,605182,"Clevinger, Mike",SB,2B,high,
8a840958-20d7-4eea-ac32-97386ef1c567,AWAY,59.67492669841598,10.7,183.0,105.0,L,0.62,34.93,9.0,cut_in_window,,cut_in_window,623149,"Sewald, Paul",SB,2B,not measured,cut_in_window
65e24227-fa53-4eb9-ab98-70e4e7079e84,AWAY,59.77121388822494,9.7,194.0,112.0,L,0.96,23.07,3.0,release_not_at_hand,,release_not_at_hand,661527,"Martinez, Seth",SB,2B,not measured,release_not_at_hand
3ec0d22c-1670-4c6c-a8d6-1feeeb407232,HOME,59.71233321577104,5.1,178.0,115.0,L,0.18,20.1,8.0,PASS,1.055,PASS,592351,"Gray, Jon",SB,2B,high,
1b0dfdaa-290d-4d70-a94f-1f13f4b3ca58,HOME,59.65523573223219,5.2,181.0,133.0,L,0.25,8.86,9.0,PASS,0.805,PASS,663765,"Woodford, Jake",CS,2B,high,
74c94e48-aeb2-4cd6-90d8-dc54c5db6635,AWAY,59.79888329594949,15.7,234.0,,,0.16,,9.0,no_set_before_lift,,no_set_before_lift,592866,"Williams, Trevor",SB,2B,not measured,no_set_before_lift
5a3b25b4-3eea-4bff-bf35-c77751abe7ae,AWAY,59.70437872396998,11.0,194.0,127.0,L,1.03,15.09,3.0,release_not_at_hand,,release_not_at_hand,621244,"Berríos, José",SB,2B,not measured,release_not_at_hand
99269595-8aed-4528-9508-10008d6ee451,HOME,59.72964476579692,5.4,192.0,119.0,L,0.16,25.36,9.0,PASS,1.222,PASS,471911,"Carrasco, Carlos",SB,2B,high,
caf030a0-ad58-4019-a592-6b411def4418,AWAY,59.636919026613754,7.4,,,,,,,not_cf_view,,no_set_before_lift,642758,"Acevedo, Domingo",SB,2B,not measured,not_cf_view
b061f97c-ed08-4dd3-9c11-6dfcfca4974d,HOME,59.68533707351282,6.3,181.0,129.0,L,0.46,4.64,9.0,PASS,0.871,PASS,686613,"Brown, Hunter",CS,2B,low,release_to_wrist 0.46 outside -0.32
11f717c5-097d-4918-8cbd-76034864ae84,HOME,59.65626627527106,5.0,205.0,142.0,L,0.16,23.51,7.0,PASS,1.056,PASS,621244,"Berríos, José",SB,2B,high,
270e9487-1906-41d4-b890-e8cad1bc135d,AWAY,59.663322778052176,13.3,179.0,,,0.17,,8.0,no_set_before_lift,,cut_in_window,642758,"Acevedo, Domingo",SB,2B,not measured,no_set_before_lift
5ce62007-8af1-43bf-a8af-1399aaeceb97,AWAY,59.68791167003925,10.4,177.0,109.0,R,0.12,11.6,9.0,PASS,1.139,cut_in_window,672282,"Detmers, Reid",SB,2B,high,
9fd8d82a-7782-4f79-ab90-17a8a53abaa8,AWAY,59.701888569741755,6.800000000000001,,,,,,,no_release,,no_release,656629,"Kopech, Michael",SB,2B,not measured,no_release
ecf34a94-a3c6-4f30-a6bd-89d6f5262a12,HOME,59.76545559678119,6.9,155.0,108.0,L,0.08,20.76,9.0,PASS,0.786,PASS,471911,"Carrasco, Carlos",SB,2B,high,
9e20688d-aa85-48dc-b51d-dab90fe5eb2f,AWAY,59.64404010293612,10.4,172.0,,,0.16,,9.0,no_set_before_lift,,no_set_before_lift,608566,"Márquez, Germán",CS,2B,not measured,no_set_before_lift
8a5ae90d-3bec-4856-96f4-4768c261ed9c,HOME,59.66515912697939,5.2,179.0,115.0,R,0.12,20.07,8.0,PASS,1.073,PASS,571927,"Matz, Steven",SB,2B,high,
c3756456-be8c-4da9-a5dc-932112e5823c,HOME,59.73373700990903,5.7,204.0,145.0,L,0.2,8.18,9.0,PASS,0.988,PASS,669270,"Kuhnel, Joel",SB,2B,high,
a9138792-0f8b-4559-a082-494ebf942e08,HOME,59.67119640748797,4.8,178.0,112.0,L,0.23,27.76,9.0,PASS,1.106,PASS,640448,"Finnegan, Kyle",SB,2B,high,
db0e9060-da17-4cf5-aa03-869f9644e12b,AWAY,59.67847301698012,14.0,191.0,125.0,L,1.04,6.18,8.0,release_not_at_hand,,release_not_at_hand,472610,"García, Luis",SB,2B,not measured,release_not_at_hand
55298377-a5a9-4421-aeee-f27cab5630dc,HOME,59.7062154420092,5.1,203.0,149.0,L,0.15,17.62,9.0,PASS,0.904,PASS,669713,"Wesneski, Hayden",CS,2B,high,
800cbf37-32fe-4db3-b11a-433a9006a339,AWAY,59.58720312983289,9.9,177.0,,,0.14,,9.0,no_set_before_lift,,no_set_before_lift,547973,"Chapman, Aroldis",SB,2B,not measured,no_set_before_lift
4af0933a-86c9-46d2-b37d-d0bddb0d6a89,AWAY,59.70579455030213,9.5,181.0,,,0.14,,9.0,no_set_before_lift,,no_set_before_lift,547973,"Chapman, Aroldis",SB,3B,not measured,no_set_before_lift
5a557ac7-787e-4d56-99f7-3de8205ddf7f,HOME,59.7394256713098,5.0,177.0,125.0,L,0.16,5.33,9.0,PASS,0.87,PASS,518585,"Cruz, Fernando",SB,2B,high,
70dca1ad-a224-4632-b07a-0cd787369916,HOME,59.72268304539387,5.3,178.0,124.0,L,0.11,13.56,9.0,PASS,0.904,PASS,628317,"Maeda, Kenta",SB,2B,high,
68971089-4afd-4183-9554-2d8af03bc7a5,AWAY,59.6940959160228,13.0,177.0,,,0.22,,9.0,cut_in_window,,cut_in_window,506433,"Darvish, Yu",SB,2B,not measured,cut_in_window
b2b537b0-92b8-433c-a2f1-0487f4707a5a,HOME,59.67550549470207,5.2,204.0,142.0,L,0.21,12.52,8.0,PASS,1.039,PASS,656061,"Abreu, Albert",SB,2B,high,
dcd1ce49-b3f5-4710-a68b-aad58b693cb4,AWAY,59.66343172140434,7.699999999999999,,,,,,,not_cf_view,,cut_in_window,506433,"Darvish, Yu",CS,2B,not measured,not_cf_view
5ee30dac-5e75-4993-8c2e-dc85e18fca39,AWAY,59.67455465499825,9.9,178.0,125.0,L,0.21,14.6,9.0,cut_in_window,,cut_in_window,472610,"García, Luis",SB,2B,not measured,cut_in_window
8fb93b8f-ad7f-469c-b0f0-a7cc434156df,HOME,59.62382922557555,5.6,182.0,122.0,L,0.11,12.41,8.0,PASS,1.006,PASS,453286,"Scherzer, Max",SB,2B,high,
b322e281-f104-4261-b5e7-f369888b9224,HOME,59.71711387030683,5.2,196.0,134.0,L,0.11,18.27,9.0,PASS,1.038,PASS,669456,"Bieber, Shane",SB,2B,high,
51cfa04f-9f86-49a4-86ec-5049e81f9d76,AWAY,59.66619815911769,9.8,175.0,,,0.21,,9.0,no_set_before_lift,,no_set_before_lift,666200,"Luzardo, Jesús",CS,2B,not measured,no_set_before_lift
3cdf10d2-1dcd-4f59-8e1e-5ff002c227bb,AWAY,59.738906794283295,14.2,188.0,128.0,L,0.71,13.91,9.0,release_not_at_hand,,release_not_at_hand,683769,"Gaddis, Hunter",SB,2B,not measured,release_not_at_hand
95eaa368-771b-4d03-853f-340f921ab10e,HOME,59.64906466952761,5.3,179.0,112.0,L,0.11,18.7,9.0,PASS,1.123,PASS,664299,"Javier, Cristian",SB,2B,high,
edad3267-ebfe-40aa-a49c-945a4f85ef69,HOME,59.75434325550515,5.4,178.0,117.0,R,0.17,15.14,9.0,PASS,1.021,PASS,666200,"Luzardo, Jesús",SB,2B,high,
de02c62b-cf09-4599-94e2-b87d434b7ae8,HOME,59.638944728553746,5.8,176.0,118.0,R,0.11,21.55,9.0,PASS,0.973,PASS,571578,"Corbin, Patrick",SB,2B,high,
95fe6065-d5d6-4e86-80d2-b9bab4bac493,HOME,59.651834483842656,5.5,201.0,121.0,L,0.12,25.01,9.0,PASS,1.341,PASS,622554,"Domínguez, Seranthony",SB,3B,low,delivery_s 1.341 outside 0.7-1.31
406ddfaf-b8f5-4f00-a724-b469809b7918,HOME,59.61599462616387,5.8,189.0,114.0,L,0.17,26.58,9.0,PASS,1.258,PASS,677161,"Kelly, Zack",SB,3B,high,
419ba5c8-a957-4281-ab2e-94289ad43b4a,AWAY,59.612951236922555,10.2,187.0,114.0,L,0.73,18.08,9.0,release_not_at_hand,,release_not_at_hand,664299,"Javier, Cristian",SB,2B,not measured,release_not_at_hand
a4b754f1-0bd5-4c58-8d4b-2943f938d6d7,AWAY,59.71836995946234,10.7,182.0,114.0,L,0.15,22.29,6.0,not_cf_view,,not_cf_view,669212,"Morgan, Eli",SB,3B,not measured,not_cf_view
d565a884-5d49-4e73-9bee-54ca6b9d4fa3,AWAY,59.68607856388916,10.0,178.0,109.0,L,0.12,21.7,9.0,PASS,1.156,no_set_before_lift,664299,"Javier, Cristian",SB,2B,high,
ee8a9e37-31c9-4fd6-8d63-2c61055bc73b,AWAY,59.673692708320154,12.2,181.0,,,0.19,,4.0,cut_in_window,,release_not_at_hand,456713,"Bush, Matt",SB,2B,not measured,cut_in_window
9475b80b-20bb-4ba5-a5cc-fdf5a30b19c8,AWAY,59.721238090553136,11.5,197.0,,,1.08,,6.0,release_not_at_hand,,release_not_at_hand,669212,"Morgan, Eli",SB,2B,not measured,release_not_at_hand
f8d2bc40-2955-4ded-9794-a24e7cbdf7e5,HOME,59.70000907491995,5.9,208.0,157.0,L,0.21,18.69,9.0,PASS,0.854,PASS,661309,"Martinez, Adrián",SB,2B,high,
7a5773de-a16c-42c5-96b7-4dfae83737f8,HOME,59.736475029427474,5.0,208.0,149.0,R,0.11,7.38,9.0,PASS,0.988,PASS,666205,"Muller, Kyle",SB,2B,high,
a4b10abc-fef3-4de1-9fbf-8594e8b3ec0f,HOME,59.71554851620774,5.1,178.0,108.0,R,0.13,15.38,9.0,PASS,1.172,PASS,663556,"McClanahan, Shane",SB,2B,high,
71cad671-070b-4534-9df0-c4f728a2ad42,HOME,59.71119280216098,5.0,198.0,127.0,L,0.2,26.76,9.0,PASS,1.189,PASS,605400,"Nola, Aaron",SB,2B,high,
636bce95-d1ae-4140-9b03-194de9be0641,HOME,59.589466610880784,6.6,199.0,129.0,L,0.16,25.04,9.0,PASS,1.175,PASS,605400,"Nola, Aaron",CS,2B,high,
ec8959e9-1208-4332-ace2-603f112f9cee,HOME,59.732279065769966,4.9,182.0,118.0,R,0.16,15.88,9.0,PASS,1.071,PASS,663556,"McClanahan, Shane",CS,2B,high,
5d9b5a9d-20e0-484f-b984-df6244da3e47,AWAY,59.645659063750195,9.0,,,,,,,no_release,,no_release,669203,"Burnes, Corbin",SB,2B,not measured,no_release
4cec9673-35b1-4249-b7a6-c06dabde85f7,HOME,59.74939308960603,5.8,176.0,115.0,R,0.17,17.94,8.0,PASS,1.021,PASS,622072,"Wood, Alex",SB,3B,high,
0b1d5af9-6b5b-43fb-946a-25a88deb5707,AWAY,59.70682165314502,8.9,,,,,,,no_release,,release_not_at_hand,607536,"Freeland, Kyle",CS,2B,not measured,no_release
2391bc2d-2701-40f2-8e18-343a7e8d3202,HOME,59.719214919326674,5.3,180.0,121.0,R,0.15,12.77,9.0,PASS,0.988,PASS,605483,"Snell, Blake",SB,2B,high,
042b7e54-ee6f-4abe-9b44-9ec9c2a8b469,HOME,59.75695344374197,6.1,177.0,120.0,L,0.13,19.04,9.0,PASS,0.954,PASS,554430,"Wheeler, Zack",CS,2B,high,
2254be16-dc43-44a5-ba19-0bb658e620f5,HOME,59.76766506074008,5.4,191.0,124.0,L,0.13,16.86,9.0,PASS,1.121,PASS,598264,"Barnes, Matt",SB,2B,high,
4714c278-3a17-4ed1-8e41-239b0bf95b85,AWAY,,6.8,,,,,,,no_clip,,not_cf_view,607259,"Martinez, Nick",SB,2B,not measured,no_clip
437bf29c-6506-49c0-adf5-972ff5270e19,HOME,59.698435110873746,5.3,181.0,118.0,R,0.19,21.45,9.0,PASS,1.055,PASS,694363,"Shuster, Jared",SB,2B,high,
bc569697-d511-4b11-bf8d-fa3e826747c6,HOME,59.68142085371792,5.2,179.0,124.0,L,0.16,10.18,9.0,PASS,0.922,PASS,607259,"Martinez, Nick",SB,2B,high,
8c12598a-3b91-48c3-ba10-9e10af526005,HOME,59.71889695172559,4.7,180.0,119.0,L,0.19,27.75,9.0,PASS,1.021,PASS,641329,"Baker, Bryan",SB,3B,high,
3ce782a7-3ab1-415b-924d-8727e26377fa,AWAY,59.71537531392429,11.1,183.0,123.0,L,0.14,42.85,8.0,PASS,1.005,cut_in_window,621107,"Eflin, Zach",SB,2B,high,
95306a9a-84ed-4d2b-9aad-41cc95de0123,AWAY,,5.1000000000000005,,,,,,,no_clip,,release_not_at_hand,694363,"Shuster, Jared",SB,3B,not measured,no_clip
fb125657-7408-476a-9490-c585e5185b93,AWAY,59.805139758224655,10.4,171.0,117.0,L,0.14,13.07,9.0,PASS,0.903,no_set_before_lift,605135,"Bassitt, Chris",SB,2B,high,
69f859c4-2a7a-43d8-a19a-3507db9a5b3d,HOME,59.723408611183665,5.4,174.0,109.0,L,0.27,28.54,9.0,PASS,1.088,PASS,622075,"Almonte, Yency",SB,2B,high,
0d0e752e-5541-44e4-82f9-615ff863f26a,HOME,59.66581540946717,6.9,206.0,140.0,L,0.21,7.72,5.0,PASS,1.106,PASS,502171,"Cobb, Alex",SB,2B,high,
b4f6bc46-a06b-4cd1-8256-b012694ac18c,HOME,59.71764136238715,7.6,172.0,109.0,L,0.24,17.19,5.0,PASS,1.055,PASS,543135,"Eovaldi, Nathan",SB,2B,high,
53e34cf0-022e-457c-88d4-a0d49e48de70,AWAY,59.671433236041146,11.3,182.0,107.0,L,0.23,26.32,9.0,cut_in_window,,cut_in_window,676760,"Marinaccio, Ron",SB,2B,not measured,cut_in_window
e3c34415-17b7-424b-9df9-6b1d6cee56a1,AWAY,59.60398573620421,9.9,178.0,97.0,R,0.17,20.58,9.0,PASS,1.359,cut_in_window,448179,"Hill, Rich",SB,3B,low,delivery_s 1.359 outside 0.7-1.31
08524612-4775-4dea-969a-b51615afc7ea,HOME,59.74615870006843,5.1,183.0,119.0,L,0.23,20.65,9.0,PASS,1.071,PASS,665795,"Cabrera, Edward",SB,2B,high,
41ad8e6c-c587-4d71-9be5-e5c093b5f187,HOME,59.70126228831699,5.2,179.0,123.0,L,0.13,13.31,9.0,PASS,0.938,PASS,650644,"Civale, Aaron",SB,2B,high,
a956290f-ea7b-463e-ae32-0d1624819b65,HOME,59.67790008807681,5.0,176.0,140.0,L,0.22,3.67,9.0,PASS,0.603,PASS,669302,"Gilbert, Logan",SB,2B,low,lift_peak_in 3.67 outside 4.28-; delivery_s 0.603 outside 0.7-1.31
7753551a-b735-4645-ac23-09ec6edd037f,AWAY,59.73516019883871,10.5,184.0,122.0,L,0.14,17.95,9.0,PASS,1.038,cut_in_window,605540,"Woodruff, Brandon",CS,2B,high,
1203c499-ec2f-4beb-a6cb-f0ed2c74325d,HOME,59.642475121471016,5.3,205.0,144.0,R,0.17,18.81,9.0,PASS,1.023,PASS,621368,"Hearn, Taylor",SB,2B,high,
94600bce-f5c6-4568-b48c-cfa24853cc70,AWAY,59.75868612939055,7.800000000000001,,,,,,,not_cf_view,,cut_in_window,666745,"Brito, Jhony",SB,2B,not measured,not_cf_view
fb658102-d9d5-4f8b-8c74-a40481f3bcf9,AWAY,59.65432698086324,6.9,,,,,,,no_release,,not_cf_view,592826,"Velasquez, Vince",SB,2B,not measured,no_release
04640766-fb9d-4fc0-9e1e-9a44efa832bc,HOME,59.68467956957989,4.9,195.0,127.0,L,0.22,29.94,7.0,PASS,1.139,PASS,605182,"Clevinger, Mike",SB,2B,high,
55da18b7-4bbb-41ed-94de-ee1847d471cb,AWAY,59.74295099314389,9.6,195.0,140.0,L,1.09,2.8,9.0,cut_in_window,,cut_in_window,592789,"Syndergaard, Noah",SB,2B,not measured,cut_in_window
ea842bc5-18ca-41fc-8b93-c5c20e34b4c7,HOME,59.67599140248513,5.6,180.0,135.0,R,0.11,7.07,8.0,PASS,0.754,PASS,669211,"Akin, Keegan",CS,2B,high,
defb544d-73de-4a29-8d25-fc267ece9fe8,AWAY,59.749785029925874,9.9,183.0,119.0,R,0.22,28.52,7.0,not_cf_view,,not_cf_view,681911,"Vesia, Alex",SB,2B,not measured,not_cf_view
fd58ef69-d867-4cad-964d-257bdc54b0f6,AWAY,59.58854061248924,11.9,195.0,121.0,L,0.93,14.37,9.0,release_not_at_hand,,release_not_at_hand,664139,"Gibaut, Ian",SB,2B,not measured,release_not_at_hand
3fcd0939-4f88-4d15-b173-504f5aed624a,AWAY,59.69790962557724,8.9,,,,,,,no_release,,release_not_at_hand,542914,"Bass, Anthony",SB,2B,not measured,no_release
7b928180-e53b-4ec1-817f-d45010f6e0cb,AWAY,59.744767943495795,11.1,,,,,,,no_release,,no_release,450203,"Morton, Charlie",SB,2B,not measured,no_release
e2483a55-7f23-4480-bde8-a7afe57c074f,HOME,59.671768841719235,5.5,172.0,121.0,L,0.14,12.18,9.0,PASS,0.855,PASS,572193,"Tepera, Ryan",CS,2B,high,
6275c315-06a6-4c52-8329-e35932372597,AWAY,59.68394173808116,10.4,180.0,110.0,L,0.24,39.69,9.0,PASS,1.173,cut_in_window,605182,"Clevinger, Mike",SB,2B,high,
60925411-b22b-4092-b66e-c1a000025fc1,HOME,59.678326915071864,5.8,182.0,118.0,L,0.16,32.14,9.0,PASS,1.072,PASS,615698,"Quantrill, Cal",SB,2B,high,
40a124d2-c407-4968-9d1b-e269e14aa50e,HOME,59.772520407943865,5.3,206.0,140.0,R,0.16,29.46,9.0,PASS,1.104,PASS,527048,"Pérez, Martín",SB,2B,high,
547ffd28-babc-40d8-a27d-d49bc86c9786,HOME,59.72424463050601,6.9,198.0,134.0,L,0.22,26.95,9.0,PASS,1.072,PASS,592826,"Velasquez, Vince",SB,2B,high,
e2a31e79-6565-42e9-aa16-bf427ddd5af8,HOME,59.64673228690874,7.2,178.0,114.0,L,0.12,23.93,9.0,PASS,1.073,PASS,670036,"Festa, Matt",SB,2B,high,
b06e5947-2237-4d42-a170-da93ea31f12f,HOME,59.62152025134562,6.3,181.0,123.0,L,0.16,13.85,7.0,PASS,0.973,PASS,675627,"Grove, Michael",SB,2B,high,
9b05443f-97a8-477f-bdea-7ecfbbfe2572,HOME,59.767091473616745,5.0,177.0,120.0,L,0.14,10.52,8.0,PASS,0.954,PASS,621076,"Kaprielian, James",SB,2B,high,
72915e70-71b6-4ef3-835c-685f03e0b2d4,HOME,59.733177929943594,5.4,179.0,120.0,L,0.16,17.89,8.0,PASS,0.988,PASS,656876,"Rasmussen, Drew",SB,3B,high,
f9cbcf00-2092-4eef-9b02-47f736e98357,HOME,59.77082436635617,7.0,176.0,119.0,L,0.14,19.26,9.0,PASS,0.954,PASS,641816,"Mahle, Tyler",SB,2B,high,
b66395f0-1612-4667-9e75-fe95bb6ada62,HOME,59.74564596354355,6.6,178.0,113.0,L,0.18,23.42,9.0,PASS,1.088,PASS,471911,"Carrasco, Carlos",SB,2B,high,
8c9fcddb-b1f5-4988-844e-bf856568f70a,AWAY,59.7245813456269,10.2,188.0,112.0,L,0.87,19.77,9.0,release_not_at_hand,,release_not_at_hand,660853,"De Los Santos, Enyel",SB,2B,not measured,release_not_at_hand
a26ac464-318b-42e8-a74c-37216e789560,AWAY,59.61251862891207,8.5,,,,,,,no_release,,no_release,592791,"Taillon, Jameson",SB,2B,not measured,no_release
864735bd-e6b7-4d17-afa0-a6bafb69d183,AWAY,59.760149096507575,10.6,185.0,133.0,L,0.82,6.68,5.0,cut_in_window,,release_not_at_hand,621076,"Kaprielian, James",CS,2B,not measured,cut_in_window
fa74cd52-996c-4586-beda-4ad7e18baca8,AWAY,59.767488688805514,13.1,181.0,,,0.25,,7.0,cut_in_window,,no_set_before_lift,668665,"Nogosek, Stephen",SB,2B,not measured,cut_in_window
6364e8c5-667e-4768-a9b5-7e2abcceab93,HOME,59.76256930460555,5.3,176.0,108.0,L,0.2,26.38,9.0,PASS,1.138,PASS,471911,"Carrasco, Carlos",SB,3B,high,
55f098e6-6ffc-4a07-81e2-2dd1345e7bec,HOME,59.71559184224288,5.7,177.0,131.0,R,0.22,2.99,9.0,PASS,0.77,PASS,657571,"Ferguson, Caleb",SB,3B,low,lift_peak_in 2.99 outside 4.28-
38b6875a-abe1-4746-a335-cbdd1c70814f,HOME,59.6853966010933,5.1,195.0,140.0,L,0.25,10.03,9.0,PASS,0.921,PASS,656818,"Overton, Connor",SB,2B,high,
40d9794d-15f0-469d-b18e-fa5e01eac4ef,HOME,59.72909313014193,5.7,176.0,114.0,L,0.13,25.05,9.0,PASS,1.038,PASS,471911,"Carrasco, Carlos",SB,2B,high,
8b0cc52f-4c5f-4753-9ba5-329c9cc0d198,HOME,59.67781630199016,11.6,192.0,129.0,L,0.23,19.89,9.0,PASS,1.056,PASS,622554,"Domínguez, Seranthony",SB,2B,high,
ab2fa64d-7626-43fb-a813-30ee69cea211,AWAY,59.61315256956387,9.3,,,,,,,no_release,,no_release,571901,"Loup, Aaron",SB,3B,not measured,no_release
a9d28b60-67e2-43d0-8800-8c5d766e16fd,AWAY,59.670145999373354,9.2,178.0,120.0,L,0.18,16.67,8.0,PASS,0.972,no_release,675627,"Grove, Michael",SB,2B,high,
3ad62d0d-3abb-447e-9442-be0fb78f3a47,HOME,59.73694782623884,6.8,180.0,125.0,L,0.16,17.06,7.0,PASS,0.921,PASS,641816,"Mahle, Tyler",CS,2B,high,
4f2c50bb-b50c-4afc-b362-b8354d1149cd,AWAY,59.676866731643706,7.5,,,,,,,no_release,,not_cf_view,666129,"Garrett, Braxton",SB,3B,not measured,no_release
d93ad052-f5e0-482f-8049-78f6155a13a4,AWAY,,5.6000000000000005,,,,,,,no_clip,,release_not_at_hand,607625,"Lugo, Seth",SB,2B,not measured,no_clip
10dde548-d807-4c62-ab09-c9ce60c0f257,AWAY,59.721371872952446,11.8,,,,,,,no_release,,no_release,676760,"Marinaccio, Ron",SB,2B,not measured,no_release
e9d457eb-3171-4fd6-8a48-c2ec45b44aa4,HOME,59.67122326007683,6.3,174.0,115.0,L,0.18,12.28,9.0,PASS,0.989,PASS,668676,"Plesac, Zach",SB,2B,high,
1d3c8a93-250d-4625-97c5-b47cd1b28079,AWAY,59.74949471106325,10.7,182.0,117.0,R,0.11,14.83,9.0,PASS,1.088,cut_in_window,676664,"Sears, JP",SB,2B,high,
b1a4c9de-aac7-4879-80b7-625d55dfab1f,HOME,59.52819535666368,5.3,203.0,144.0,L,0.48,10.25,9.0,PASS,0.991,PASS,506433,"Darvish, Yu",SB,2B,low,release_to_wrist 0.48 outside -0.32
5a347d6a-04ad-40c7-bb0f-ff03dbd6ead1,HOME,59.658852197294344,5.1,174.0,113.0,R,0.15,19.22,9.0,PASS,1.022,PASS,656353,"Davidson, Tucker",SB,2B,high,
ed3072cc-6281-463e-b913-446d236b8f94,HOME,59.69190598699345,5.1,180.0,117.0,L,0.17,14.41,8.0,PASS,1.055,PASS,593334,"Germán, Domingo",SB,2B,high,
1382affc-140a-4602-81fc-3956c0da8e4c,AWAY,59.67259485030801,12.6,196.0,138.0,L,0.19,14.76,9.0,PASS,0.972,cut_in_window,668678,"Gallen, Zac",CS,2B,high,
731fd397-26e7-49b9-8cb0-147b630673ec,AWAY,59.71822505154782,5.9,,,,,,,not_cf_view,,not_cf_view,669395,"Coleman, Dylan",SB,2B,not measured,not_cf_view
deb773fc-0585-475a-afd6-1297f0163c13,AWAY,59.73423089104979,9.7,,,,,,,no_release,,no_release,641656,"Hamilton, Ian",SB,2B,not measured,no_release
de0b6ac1-ecd6-4026-beb7-03c14c7ccfce,AWAY,59.78218374755655,11.2,169.0,108.0,L,0.14,19.64,8.0,PASS,1.02,cut_in_window,622491,"Castillo, Luis",SB,2B,high,
e4ee8664-a190-467e-9b28-7a9e38771006,HOME,59.522458705483785,4.8,181.0,123.0,R,0.18,4.0,7.0,PASS,0.974,PASS,571760,"Heaney, Andrew",SB,2B,low,lift_peak_in 4.0 outside 4.28-
3ad44785-c96f-4031-9862-60e2540e6082,AWAY,59.69711497786176,9.1,,,,,,,not_cf_view,,cut_in_window,605242,"Fulmer, Michael",CS,2B,not measured,not_cf_view
2c4d1214-6043-43ba-8fe4-417d7ec5585e,AWAY,59.74327104853619,13.3,246.0,,,,,9.0,cut_in_window,,cut_in_window,622491,"Castillo, Luis",SB,2B,not measured,cut_in_window
c0b96c3b-0631-4263-8430-fe3dc09aa1ed,AWAY,59.62468135360509,9.8,,,,,,,no_release,,no_release,601713,"Pivetta, Nick",SB,2B,not measured,no_release
ec9b712e-8377-4954-a1e8-0eb2aa326d4d,AWAY,59.76527703389016,10.2,178.0,112.0,L,0.15,21.25,9.0,PASS,1.104,cut_in_window,669456,"Bieber, Shane",SB,2B,high,
06a186ba-4fd6-450f-8cc3-1cc952f0438a,AWAY,59.70800689610021,9.4,177.0,111.0,L,0.17,15.11,9.0,PASS,1.105,no_set_before_lift,593334,"Germán, Domingo",SB,2B,high,
a331f452-7c27-4e58-b773-90f1fe9845ea,HOME,59.68283199895249,5.3,179.0,116.0,L,0.2,25.34,9.0,PASS,1.056,PASS,645261,"Alcantara, Sandy",SB,2B,high,
f5a46404-925a-4f01-b3ac-5073ce98b133,HOME,59.70510518990661,7.1,182.0,125.0,L,0.15,18.73,9.0,PASS,0.955,PASS,645261,"Alcantara, Sandy",SB,2B,high,
268fee82-e1ed-4108-bb74-475cd22bfcc5,HOME,59.73175112495704,5.2,205.0,147.0,R,0.12,11.09,9.0,PASS,0.971,PASS,573124,"Rogers, Taylor",SB,2B,high,
37d8ba79-adb4-4cb0-b982-2371b9afe848,AWAY,59.72692106557639,10.1,177.0,,,0.13,,9.0,cut_in_window,,no_set_before_lift,641656,"Hamilton, Ian",SB,2B,not measured,cut_in_window
f512da8d-8751-41a2-80e0-37be82ed6f0b,AWAY,59.632444072399,7.9,,,,,,,no_release,,no_set_before_lift,493603,"Ottavino, Adam",SB,2B,not measured,no_release
c608aff8-bd31-4d2a-9c9c-cbae01f6946b,HOME,59.59325692111056,4.7,172.0,116.0,R,0.18,19.0,9.0,PASS,0.94,PASS,656353,"Davidson, Tucker",SB,2B,high,
29ff65a2-f500-4b4a-a319-b6f3d6ec2b44,AWAY,59.75194610422073,4.300000000000001,,,,,,,not_cf_view,,not_cf_view,641627,"Gott, Trevor",SB,2B,not measured,not_cf_view
460ee2ee-71aa-4190-ac9a-842227f7ca2e,HOME,59.602973880434305,5.1,191.0,133.0,L,0.11,11.29,9.0,PASS,0.973,PASS,518876,"Kelly, Merrill",SB,2B,high,
8a19245b-f2e6-4f40-b80e-050396e31819,AWAY,59.69968561192178,9.5,193.0,122.0,L,0.1,25.91,9.0,PASS,1.189,no_set_before_lift,518876,"Kelly, Merrill",CS,3B,high,
f14aeff4-9ec9-46bf-9c81-0db3424a1814,HOME,59.64406738733228,5.3,209.0,133.0,R,0.13,25.48,9.0,PASS,1.274,PASS,666205,"Muller, Kyle",SB,3B,high,
8530799a-c8c0-47dd-bd97-c8ef9d0d3305,HOME,59.68493588390979,5.5,183.0,121.0,L,0.15,5.42,8.0,PASS,1.039,PASS,657024,"Swanson, Erik",CS,2B,high,
375a6be7-b8e5-43f8-9fae-221cbcff13c6,HOME,59.676055371298254,4.8,182.0,122.0,L,0.15,17.54,9.0,PASS,1.005,PASS,669438,"Englert, Mason",SB,2B,high,
d8b62338-5a03-49da-b6b1-0703f875b33b,HOME,59.73276186059157,6.4,211.0,160.0,L,0.16,3.81,9.0,PASS,0.854,PASS,680570,"Rodriguez, Grayson",SB,2B,low,lift_peak_in 3.81 outside 4.28-
cc2f68d4-03ee-4273-b8d3-47d867dc1d38,HOME,59.662068515397344,6.7,198.0,127.0,L,0.15,24.47,8.0,PASS,1.19,PASS,676477,"Whitlock, Garrett",SB,2B,high,
df35dd4b-ebf6-42f2-8b46-ea629862cdbf,HOME,59.69553833527792,5.2,183.0,116.0,L,0.12,21.28,6.0,PASS,1.122,PASS,605130,"Barlow, Scott",SB,2B,high,
c13eda91-c461-4f19-b73e-24f8741c35ec,HOME,59.69136849245379,7.0,196.0,123.0,L,0.56,16.47,9.0,PASS,1.223,PASS,543859,"Tonkin, Michael",SB,2B,low,release_to_wrist 0.56 outside -0.32
19835a85-254a-4f60-9425-db9492d218d0,HOME,59.8035649327028,5.0,196.0,140.0,L,0.25,12.41,7.0,PASS,0.936,PASS,657140,"Wright, Kyle",SB,2B,high,
31c7717d-a968-4b91-9ed3-b509e3c2f99b,AWAY,59.644227415416815,11.1,182.0,122.0,L,0.19,16.62,8.0,PASS,1.006,no_release,664299,"Javier, Cristian",SB,3B,high,
6d301f94-27f6-4ff2-b353-26cc1e8e7904,HOME,59.65575078161131,5.5,177.0,125.0,L,0.18,16.31,9.0,PASS,0.872,PASS,621051,"Wilson, Steven",SB,2B,high,
0ce93ec8-1d75-478e-9281-5a78fca76e36,AWAY,59.65827118388525,9.6,176.0,101.0,L,0.78,20.89,7.0,not_cf_view,,not_cf_view,571946,"Miller, Shelby",SB,2B,not measured,not_cf_view
0288aa4b-60b8-494e-bcb2-28000dd275dc,HOME,59.668970971956746,7.1,173.0,106.0,L,0.38,23.43,6.0,PASS,1.123,PASS,642578,"Rodríguez, José",CS,2B,low,release_to_wrist 0.38 outside -0.32
534fc2a9-9cb0-4748-b0b3-3759f1fa2fbc,HOME,59.74666970702248,5.3,206.0,153.0,L,0.15,9.93,9.0,PASS,0.887,PASS,571479,"Bellatti, Andrew",SB,2B,high,
474ed343-f522-44cc-9f30-7cdeebc18e65,HOME,59.58937168174449,4.9,176.0,116.0,L,0.19,16.66,9.0,PASS,1.007,PASS,660593,"Reyes, Denyi",SB,2B,high,
fc23a1c8-a6a5-4ab9-b3e2-55dadcb857c1,HOME,59.67829668194887,6.5,181.0,126.0,L,0.18,16.09,8.0,PASS,0.922,PASS,656605,"Keller, Mitch",SB,2B,high,
c629004b-a270-4c3c-8110-cd7e27a17d9f,HOME,59.74516627378782,5.0,191.0,124.0,R,0.19,13.31,9.0,PASS,1.121,PASS,669276,"Lee, Dylan",SB,2B,high,
4b079084-766f-4e62-8bcb-cf70208576c1,HOME,59.59843221598064,5.3,201.0,131.0,L,0.1,23.3,8.0,PASS,1.175,PASS,676477,"Whitlock, Garrett",CS,2B,high,
eb6f7312-a2a0-4508-a40f-4dd25e638158,AWAY,59.68750385379028,7.4,177.0,99.0,L,0.14,29.57,9.0,cut_in_window,,not_cf_view,605400,"Nola, Aaron",SB,2B,not measured,cut_in_window
70daeafe-dc69-48ba-bc4f-81e22841a2a5,HOME,59.70894909026446,4.7,200.0,129.0,L,0.58,24.56,9.0,PASS,1.189,PASS,676477,"Whitlock, Garrett",CS,2B,low,release_to_wrist 0.58 outside -0.32
7ecdb4cb-6645-4968-8096-25a248c7657f,HOME,59.66446756412861,5.5,143.0,96.0,R,0.32,19.74,6.0,PASS,0.788,PASS,605483,"Snell, Blake",SB,2B,high,
b1443601-87e2-416e-9a86-02b7c9634bb0,AWAY,59.65499527731287,15.7,251.0,,,,,7.0,cut_in_window,,cut_in_window,605483,"Snell, Blake",SB,2B,not measured,cut_in_window
10408d5d-0f28-4f4a-95a1-b57c2928860d,AWAY,59.685408161150605,5.300000000000001,,,,,,,not_cf_view,,not_cf_view,608718,"Suter, Brent",SB,2B,not measured,not_cf_view
0627da21-d3a7-4971-b5a6-97c2d1eff9b3,HOME,59.658841665935554,5.2,202.0,140.0,L,0.19,20.61,9.0,PASS,1.039,PASS,665795,"Cabrera, Edward",SB,2B,high,
49dda741-87d7-4f56-9c41-6cc63cd93f26,HOME,59.599546569194466,5.1,202.0,143.0,L,0.27,10.2,9.0,PASS,0.99,PASS,502171,"Cobb, Alex",CS,2B,high,
b3f96428-b3f6-41f7-9673-4e2bed060188,AWAY,59.62821451903471,10.1,181.0,111.0,R,0.16,17.17,9.0,PASS,1.174,not_cf_view,448179,"Hill, Rich",SB,2B,high,
0b2ea22c-19a4-420a-b694-58516a70262d,HOME,59.655800381988456,6.7,193.0,144.0,R,0.14,3.31,7.0,PASS,0.821,PASS,519242,"Sale, Chris",SB,2B,low,lift_peak_in 3.31 outside 4.28-
90b832ca-45d0-4d0b-b5cf-b44943737315,HOME,59.7376053861529,5.3,169.0,94.0,R,0.14,22.54,9.0,PASS,1.255,PASS,605483,"Snell, Blake",SB,2B,high,
31c51f34-2b1a-4f0e-b437-24e846363351,AWAY,59.680358580734264,5.5,,,,,,,not_cf_view,,not_cf_view,605242,"Fulmer, Michael",CS,2B,not measured,not_cf_view
eb580966-5962-413b-8c02-9ccc6c3f4c0e,AWAY,59.66387166803867,11.4,183.0,112.0,L,0.3,28.87,7.0,PASS,1.19,release_not_at_hand,592332,"Gausman, Kevin",CS,2B,high,
80402fb2-bdd3-4caa-af59-b056f5f8d0e6,HOME,59.59977264684119,5.5,175.0,106.0,L,0.17,34.66,9.0,PASS,1.158,PASS,664353,"Urquidy, José",SB,2B,high,
57098850-b674-41af-aa9e-91314d0ca418,AWAY,59.72621232016199,12.6,175.0,106.0,L,0.12,16.27,5.0,cut_in_window,,not_cf_view,554430,"Wheeler, Zack",SB,2B,not measured,cut_in_window
2e8c27fc-c6e7-46e9-a8ea-ec08e79f8b4a,AWAY,59.69255818408198,10.3,180.0,123.0,R,0.27,22.35,6.0,PASS,0.955,cut_in_window,672335,"Pérez, Cionel",SB,3B,high,
3b78766b-5417-4885-9ef7-8707242e1f7e,AWAY,59.70245068930653,9.2,,,,,,,no_release,,no_release,664353,"Urquidy, José",SB,2B,not measured,no_release
ff4b11e1-4346-47b6-a7fe-ed509baec8f5,HOME,59.79000227143391,6.9,179.0,120.0,L,0.13,17.43,3.0,PASS,0.987,PASS,543135,"Eovaldi, Nathan",SB,2B,low,ball_pts 3.0 outside 5-
3f12d1de-a145-4a75-a264-a9d72ffe6b5c,HOME,59.75755968313337,5.5,178.0,119.0,R,0.17,17.14,6.0,PASS,0.987,PASS,621368,"Hearn, Taylor",SB,2B,high,
659c6c92-462e-49c8-9c52-ae327e3a6068,HOME,59.65595364140396,5.3,179.0,123.0,R,0.15,17.55,7.0,PASS,0.939,PASS,621368,"Hearn, Taylor",SB,3B,high,
64524ef1-aef4-49c0-9b89-571e7bd7e14c,AWAY,59.68219949568061,12.7,179.0,123.0,L,0.15,11.09,9.0,PASS,0.938,cut_in_window,664139,"Gibaut, Ian",CS,2B,high,
4c2f6b5a-14da-4c1d-a0e9-28446b7c0e9e,HOME,59.78390378273329,5.4,176.0,110.0,R,0.16,19.87,9.0,PASS,1.104,PASS,663559,"Falter, Bailey",SB,3B,high,
5415dc14-d803-4709-b92a-6e9119195127,AWAY,59.6721789572976,10.2,182.0,118.0,L,0.21,27.39,9.0,not_cf_view,,not_cf_view,592826,"Velasquez, Vince",SB,3B,not measured,not_cf_view
a38d7afc-0444-42c2-b45e-8107729d675e,HOME,59.642852916464506,5.3,196.0,137.0,L,0.29,14.75,9.0,PASS,0.989,PASS,607259,"Martinez, Nick",SB,2B,high,
45b196c8-c49e-47b6-93fc-5c836979edb0,AWAY,59.63531654164247,10.1,179.0,113.0,L,0.23,20.55,9.0,PASS,1.107,cut_in_window,605513,"Turnbull, Spencer",SB,2B,high,
bf3bb301-de03-4447-82c7-110d5a5c9323,AWAY,59.61924795929127,9.8,174.0,108.0,R,0.27,23.23,6.0,PASS,1.107,no_set_before_lift,664076,"Cleavinger, Garrett",SB,3B,high,
f8b24c5a-edfa-4c9c-8e92-ee803a349950,AWAY,59.740093292486385,10.4,187.0,,,0.15,,8.0,cut_in_window,,cut_in_window,472610,"García, Luis",SB,3B,not measured,cut_in_window
12c87062-a37f-4005-9a65-0f78858c3237,AWAY,59.741930014277095,12.7,259.0,,,0.63,,9.0,cut_in_window,,no_release,661309,"Martinez, Adrián",SB,2B,not measured,cut_in_window
8288a18d-2b0e-4df1-a54c-78aa044d90bf,HOME,59.64168394567015,5.4,182.0,116.0,L,0.22,19.86,8.0,PASS,1.107,PASS,661309,"Martinez, Adrián",SB,2B,high,
97a3f592-2d5d-440f-a125-4ffbd2d3a56b,AWAY,59.71394699216941,10.7,180.0,128.0,R,0.11,3.83,9.0,PASS,0.871,cut_in_window,592741,"Shreve, Chasen",SB,2B,low,lift_peak_in 3.83 outside 4.28-
00b58ffd-4d62-4afc-8848-47b77c431877,AWAY,59.68705259092523,14.0,183.0,,,0.2,,9.0,no_set_before_lift,,no_set_before_lift,640451,"Harvey, Hunter",SB,2B,not measured,no_set_before_lift
8e821af4-f745-4db2-bfa1-ea9098580ce1,HOME,59.79489707347914,6.5,177.0,129.0,L,0.12,3.17,8.0,PASS,0.803,PASS,673540,"Senga, Kodai",SB,2B,low,lift_peak_in 3.17 outside 4.28-
fe820f26-4b22-4b51-8ce9-2975f692e02f,AWAY,59.691176073986696,10.6,182.0,,,0.11,,9.0,cut_in_window,,no_set_before_lift,518516,"Bumgarner, Madison",SB,3B,not measured,cut_in_window
e27a9f19-3ca3-4696-a2dc-d06ca849634c,AWAY,59.76446860045349,10.6,175.0,90.0,L,0.15,4.26,9.0,cut_in_window,,cut_in_window,592789,"Syndergaard, Noah",SB,3B,not measured,cut_in_window
0024d974-960b-460e-ac05-886d1eea7fb9,HOME,59.72090988871724,7.2,250.0,170.0,R,0.51,26.34,7.0,PASS,1.34,PASS,596295,"Gomber, Austin",SB,2B,low,release_to_wrist 0.51 outside -0.32; delivery_s 1.34 outside 0.7-1.31
acd1a0d7-3250-4f30-bc3e-508c7c61ea99,AWAY,,7.4,,,,,,,no_clip,,cut_in_window,640455,"Manaea, Sean",SB,2B,not measured,no_clip
028ff309-ca20-4e6d-beda-b8701cb94d8d,AWAY,59.68114215512909,7.5,182.0,,,0.15,,9.0,cut_in_window,,not_cf_view,668868,"Thompson, Zack",SB,2B,not measured,cut_in_window
00505b5a-eb1a-4edc-b3f2-28e3eba54558,HOME,59.73618015331688,5.4,178.0,119.0,L,0.23,17.57,9.0,PASS,0.988,PASS,666619,"Santos, Gregory",SB,2B,high,
f3bc3679-2ceb-49d0-a143-09bc55133499,HOME,59.63943618843478,5.4,177.0,112.0,L,0.16,19.08,8.0,PASS,1.09,PASS,656818,"Overton, Connor",CS,2B,high,
8c116df6-1875-4074-b234-d73a8a41a875,HOME,59.645670808299016,5.8,179.0,122.0,L,0.17,16.71,9.0,PASS,0.956,PASS,615698,"Quantrill, Cal",SB,2B,high,
a014cf0f-0d43-40c6-b421-46bc22fcd4bc,HOME,59.7690216518101,6.9,196.0,144.0,L,0.26,13.58,9.0,PASS,0.87,PASS,686973,"Varland, Louis",SB,2B,high,
8e23904d-5ede-48e3-9f3d-64be9a0bcd8e,HOME,59.66469683393844,4.9,179.0,123.0,L,0.19,16.49,9.0,PASS,0.939,PASS,675916,"Karinchak, James",SB,2B,high,
88af568a-554a-406e-9eb7-3ae568cd2322,AWAY,59.69821797282363,9.4,,,,,,,no_release,,no_release,621244,"Berríos, José",SB,2B,not measured,no_release
057ffc44-f35f-460e-9f50-a3bf586969aa,AWAY,59.69917472712752,11.1,175.0,,,0.21,,9.0,no_set_before_lift,,no_set_before_lift,656578,"Jackson, Andre",SB,2B,not measured,no_set_before_lift
ffd221c8-bc94-48f4-a28b-c132344cdd77,HOME,59.71120663558758,5.1,178.0,124.0,L,0.12,16.6,9.0,PASS,0.904,PASS,592866,"Williams, Trevor",SB,2B,high,
eef09fed-a39b-4fe3-8e54-729223af4090,HOME,59.65202982601491,5.2,176.0,102.0,L,0.22,23.81,9.0,PASS,1.241,PASS,622554,"Domínguez, Seranthony",SB,2B,high,
73acd19a-4acb-4fa0-adcd-e7163ab0c3b5,AWAY,,5.7,,,,,,,no_clip,,cut_in_window,656557,"Houck, Tanner",CS,2B,not measured,no_clip
fe8b9ae6-ba2b-45de-bcf4-30b1270e6510,AWAY,59.77687061189835,9.9,171.0,114.0,L,0.12,10.61,9.0,PASS,0.954,cut_in_window,675627,"Grove, Michael",SB,2B,high,
d4187553-60ce-4581-95bb-af496b94443e,AWAY,59.71658934632704,9.6,179.0,,,0.33,,9.0,no_set_before_lift,,no_set_before_lift,672710,"Contreras, Roansy",SB,2B,not measured,no_set_before_lift
f9004f52-c3ca-4bd4-ae8b-e4a2a1e7969f,AWAY,59.6859687877212,12.3,179.0,124.0,L,0.24,14.78,9.0,PASS,0.921,cut_in_window,660896,"Alcala, Jorge",SB,2B,high,
2621f03f-966b-4faa-a77a-7a0dc342cfb1,HOME,59.727564189500754,4.9,181.0,127.0,L,0.34,18.23,9.0,PASS,0.904,PASS,672710,"Contreras, Roansy",CS,2B,low,release_to_wrist 0.34 outside -0.32
5a7a9737-3a8e-4523-af87-86c7cd7e6d84,HOME,59.67005967005967,5.7,180.0,113.0,L,0.32,20.46,9.0,PASS,1.123,PASS,672710,"Contreras, Roansy",SB,3B,high,
1a0ee7f7-a272-4260-addf-28444d2249b0,AWAY,59.60857851120284,10.0,180.0,106.0,R,0.12,16.97,9.0,cut_in_window,,not_cf_view,571927,"Matz, Steven",SB,3B,not measured,cut_in_window
3615caec-de4d-4f54-ad36-03ad42ff20a0,AWAY,59.68106382853198,9.6,179.0,,,0.2,,9.0,not_cf_view,,no_set_before_lift,641771,"Kuhl, Chad",SB,2B,not measured,not_cf_view
631467c2-e2fd-4ae8-885b-7fcf836c56ac,AWAY,59.729163308076735,11.8,181.0,111.0,L,0.15,20.02,9.0,cut_in_window,,no_release,641816,"Mahle, Tyler",SB,2B,not measured,cut_in_window
8300e625-82a2-42e4-aed8-da8daa5fdc3e,HOME,59.68267655832242,5.5,174.0,111.0,L,0.15,22.65,9.0,PASS,1.056,PASS,622075,"Almonte, Yency",SB,3B,high,
0254c29f-0b98-4b13-abe2-03d31dd40b04,HOME,59.77213563676933,6.0,174.0,113.0,R,0.18,18.62,9.0,PASS,1.021,PASS,621381,"Strahm, Matt",SB,2B,high,
1addf292-dab2-4e04-a37f-97068fec4efd,HOME,59.702392618613274,7.1,177.0,120.0,L,0.28,38.76,9.0,PASS,0.955,PASS,681402,"Varland, Gus",SB,2B,high,
950de81e-7a12-4777-898c-b5858dcba0cc,AWAY,59.69840941954142,9.9,179.0,,,0.12,,9.0,no_set_before_lift,,no_set_before_lift,542881,"Anderson, Tyler",SB,2B,not measured,no_set_before_lift
64578276-06cc-477c-8ba6-28eedbdff216,AWAY,59.70596217374622,13.7,252.0,,,1.54,,9.0,release_not_at_hand,,no_release,676534,"Faucher, Calvin",SB,3B,not measured,release_not_at_hand
19418dd9-7ceb-4a1a-a6af-109b6387743d,HOME,59.69704922656284,5.6,177.0,118.0,L,0.2,17.7,9.0,PASS,0.988,PASS,571479,"Bellatti, Andrew",SB,2B,high,
36909f6f-b645-4795-a820-ca6b857c550d,AWAY,59.75428145941921,10.3,,,,,,,no_release,,no_release,660261,"Fujinami, Shintaro",SB,2B,not measured,no_release
c38aa98d-9ed5-4857-8430-b011accff862,AWAY,59.75931797622419,10.4,194.0,121.0,L,1.02,14.5,7.0,release_not_at_hand,,release_not_at_hand,672710,"Contreras, Roansy",SB,2B,not measured,release_not_at_hand
c111c557-c2fb-4fcb-9bc6-f15a70371e48,AWAY,59.74064081185724,10.6,,,,,,,no_release,,no_release,608717,"Stratton, Chris",CS,2B,not measured,no_release
28b2ce56-e7f0-4f87-a223-1b5b681a2bec,AWAY,59.79777756039804,15.4,177.0,118.0,R,0.1,23.53,5.0,PASS,0.987,cut_in_window,548384,"Raley, Brooks",SB,2B,high,
78ca1ad7-ccfe-47bc-8dc8-83d94e94ceb9,HOME,59.67615457958055,4.9,206.0,152.0,L,0.11,11.24,9.0,PASS,0.905,PASS,663658,"Ward, Thaddeus",CS,2B,high,
dc6d6620-9ea0-45b8-8c90-adefffd70727,HOME,59.69105242000407,5.0,176.0,112.0,R,0.16,25.82,9.0,PASS,1.072,PASS,681911,"Vesia, Alex",CS,2B,high,
e690776e-1f0e-4dcf-af93-ac1aa1763d0c,AWAY,59.690804076226826,9.7,,,,,,,no_release,,no_release,656629,"Kopech, Michael",SB,3B,not measured,no_release
d91575db-8e64-4809-8b84-1fb8f51c1708,HOME,59.79272671579055,5.5,205.0,145.0,L,0.16,26.73,9.0,PASS,1.003,PASS,641771,"Kuhl, Chad",SB,2B,high,
3b18db85-d045-47a9-bf7f-c9c5796d34e4,HOME,59.76185532575628,6.9,177.0,113.0,L,0.2,21.56,8.0,PASS,1.071,PASS,592351,"Gray, Jon",SB,2B,high,
471e340f-dc3b-4820-aa87-81ad62396808,HOME,59.773301258771085,6.2,207.0,149.0,L,0.13,27.87,9.0,PASS,0.97,PASS,641771,"Kuhl, Chad",SB,2B,high,
1a7efc94-50db-4955-8638-fe2a69e9817e,AWAY,59.6742874477914,9.9,173.0,96.0,L,0.18,8.81,9.0,cut_in_window,,no_release,571946,"Miller, Shelby",SB,2B,not measured,cut_in_window
0dfca2c0-b332-46dc-8eed-f0bd8864b86a,AWAY,59.70532532982377,9.3,,,,,,,no_release,,no_release,656629,"Kopech, Michael",CS,2B,not measured,no_release
d1b8a0be-9620-49f8-9723-ec90725e8c29,AWAY,59.727022695663486,12.0,176.0,119.0,L,0.15,19.03,8.0,PASS,0.954,cut_in_window,663546,"Hjelle, Sean",SB,2B,high,
4034fb0e-aa89-4625-8150-cb40dde0feb7,AWAY,59.67369761496702,13.3,179.0,125.0,L,0.24,10.62,7.0,PASS,0.905,cut_in_window,543507,"May, Trevor",SB,2B,high,
7adebef3-3db9-4d3b-9df5-ff0a2628a395,AWAY,59.672100324337165,10.7,179.0,118.0,L,0.17,20.17,9.0,cut_in_window,,cut_in_window,660896,"Alcala, Jorge",SB,3B,not measured,cut_in_window
6107bb6c-b41a-44e4-a66e-9b6741933b33,HOME,59.77110775210538,5.2,175.0,115.0,R,0.15,6.44,9.0,PASS,1.004,PASS,571760,"Heaney, Andrew",SB,2B,high,
7449a869-cf6b-4699-a8a9-e79c407ea56b,HOME,59.73355689752289,7.5,196.0,144.0,L,0.18,8.38,9.0,PASS,0.871,PASS,506433,"Darvish, Yu",SB,2B,high,
29c02019-de34-4e2d-a753-7eba15c035ac,AWAY,59.71400136189827,11.2,204.0,,,0.65,,7.0,release_not_at_hand,,cut_in_window,669456,"Bieber, Shane",SB,2B,not measured,release_not_at_hand
70f2c3e1-94ae-47f6-a5e8-8efd06b9c58c,HOME,59.749291180197375,6.1,179.0,109.0,R,0.07,33.68,9.0,PASS,1.172,PASS,628711,"Urías, Julio",SB,2B,high,
9751b516-5584-4505-bd63-23820848cecd,AWAY,59.66652244816454,7.9,178.0,112.0,L,0.21,4.25,8.0,cut_in_window,,not_cf_view,666204,"Jiménez, Dany",SB,2B,not measured,cut_in_window
3e05edb2-ded1-42af-b1f9-87a7ed6b5aad,AWAY,59.64978525813253,12.0,177.0,,,0.18,,7.0,no_set_before_lift,,no_set_before_lift,547973,"Chapman, Aroldis",SB,3B,not measured,no_set_before_lift
a36b8c6c-6737-4199-a378-b69679fe1dea,AWAY,59.67315859450518,12.4,,,,,,,no_release,,cut_in_window,666201,"Manoah, Alek",SB,2B,not measured,no_release
c64977c3-e467-4816-ada0-b72c78ed7c9c,AWAY,59.70267591674926,7.800000000000001,,,,,,,no_release,,not_cf_view,676130,"Buttó, José",SB,2B,not measured,no_release
085c6511-040b-4eb2-9215-18cb033bb99b,HOME,59.830643315642064,6.5,182.0,120.0,L,0.11,18.18,9.0,PASS,1.036,PASS,663562,"Davis, Noah",SB,2B,high,
2cb7d598-d12a-4463-ac0f-127ca981e4d5,HOME,59.71034628098206,5.4,195.0,127.0,R,0.11,10.76,9.0,PASS,1.139,PASS,672282,"Detmers, Reid",SB,2B,high,
5fb042f3-ffbe-40d7-971d-76c417ae70ed,HOME,59.68551666366106,5.1,201.0,154.0,L,0.21,10.25,9.0,PASS,0.787,PASS,641941,"Pagán, Emilio",CS,2B,high,
f1a17d66-628e-435f-aec8-b12da3438fe9,HOME,59.69888719179577,6.9,200.0,138.0,L,0.23,20.52,9.0,PASS,1.039,PASS,656302,"Cease, Dylan",SB,2B,high,
367d3c27-3522-4888-af2b-87eedc333d7b,AWAY,59.77394315126861,9.8,175.0,107.0,R,0.14,30.15,9.0,PASS,1.138,cut_in_window,628711,"Urías, Julio",SB,2B,high,
31a74675-0676-43aa-8584-0a0d546e7cbf,AWAY,59.66238111393175,5.8,,,,,,,no_release,,not_cf_view,641154,"López, Pablo",SB,2B,not measured,no_release
c6dfa914-d903-4610-82c8-37166eb310b3,HOME,59.61429044557861,5.0,197.0,142.0,R,0.09,13.8,9.0,PASS,0.923,PASS,607481,"Bummer, Aaron",SB,3B,high,
08fe211f-0359-4ecc-b171-8004a93e49c1,AWAY,59.750677655929664,9.5,178.0,110.0,L,0.23,7.02,9.0,cut_in_window,,not_cf_view,660593,"Reyes, Denyi",SB,2B,not measured,cut_in_window
9093c4ec-ad47-4ce0-b78e-60e961423d63,HOME,59.64455723210461,4.9,173.0,110.0,R,0.14,6.6,9.0,PASS,1.056,PASS,571760,"Heaney, Andrew",SB,3B,high,
93d58fad-a68f-4b00-b797-74fae81523ec,HOME,59.70851561705158,5.2,175.0,115.0,R,0.18,5.75,9.0,PASS,1.005,PASS,571760,"Heaney, Andrew",SB,2B,high,
09edeb9e-96f3-4552-acc2-fecfb07f21ae,HOME,59.689477499811325,6.2,176.0,128.0,L,0.13,10.9,9.0,PASS,0.804,PASS,661309,"Martinez, Adrián",CS,2B,high,
81d92c79-9065-483d-8992-cfd59e36544a,AWAY,59.66994162723102,9.4,174.0,,,0.12,,9.0,no_set_before_lift,,no_set_before_lift,661309,"Martinez, Adrián",SB,2B,not measured,no_set_before_lift
112fad2a-6e84-4335-ad10-14ca5c6837d9,HOME,59.68230338504221,5.2,179.0,123.0,L,0.29,12.67,9.0,PASS,0.938,PASS,656427,"Flaherty, Jack",CS,2B,high,
432ec3b9-1544-4650-a900-050096953e91,HOME,59.68664511315593,5.1,178.0,107.0,L,0.19,23.29,9.0,PASS,1.19,PASS,518876,"Kelly, Merrill",SB,3B,high,
4baabc95-19b2-46ab-b608-802899ab5fd2,AWAY,59.67443353916453,11.8,176.0,111.0,R,0.54,25.55,9.0,PASS,1.089,cut_in_window,519043,"Moore, Matt",SB,2B,low,release_to_wrist 0.54 outside -0.32
9b860847-c046-485d-9ff4-1a812c6684c5,HOME,59.703472751998405,5.7,175.0,104.0,R,0.14,20.92,8.0,PASS,1.189,PASS,607536,"Freeland, Kyle",SB,3B,high,
eb5b411d-fc7f-45c8-86d7-a9beb464f118,HOME,59.648076349537725,5.4,176.0,104.0,R,0.11,25.53,9.0,PASS,1.207,PASS,666205,"Muller, Kyle",SB,3B,high,
72ef0825-5e05-46c6-93ab-6048f6ff66d6,HOME,59.72143493400275,5.5,176.0,121.0,L,0.14,4.18,9.0,PASS,0.921,PASS,669160,"May, Dustin",CS,2B,low,lift_peak_in 4.18 outside 4.28-
01f21e1f-8077-470c-89b6-91f93bf4b1c3,HOME,59.77263756574424,5.5,177.0,124.0,L,0.1,9.81,7.0,PASS,0.887,PASS,682171,"Murfee, Penn",SB,2B,high,
dc63b66f-1803-4a5f-aa3b-4773a5086868,HOME,59.85244298709123,5.3,172.0,104.0,R,0.12,33.48,8.0,PASS,1.136,PASS,608331,"Fried, Max",SB,3B,high,
f7f4c4be-c285-4353-9a08-bce6a9f16436,HOME,59.63568567181477,6.7,177.0,115.0,L,0.13,14.69,8.0,PASS,1.04,PASS,657277,"Webb, Logan",SB,2B,high,
eebc3742-2875-42f2-b452-15f90df22e11,HOME,59.67831295342212,4.9,172.0,115.0,L,0.18,14.31,9.0,PASS,0.955,PASS,570632,"Ureña, José",CS,2B,high,
e717b49b-18c8-4434-b1d7-b37d0aba0230,AWAY,59.70425072942247,8.7,,,,,,,no_release,,no_release,666168,"Thompson, Mason",CS,2B,not measured,no_release
b961df26-a49b-418f-a0c5-ad25d476fc33,HOME,59.710529536422136,5.3,178.0,117.0,L,0.2,18.56,9.0,PASS,1.022,PASS,543135,"Eovaldi, Nathan",SB,2B,high,
dddfb19c-eb8e-4bce-beab-706af98074e7,AWAY,59.824131468934695,10.6,198.0,132.0,L,0.2,20.12,9.0,PASS,1.103,no_release,676760,"Marinaccio, Ron",SB,2B,high,
c81852a8-cca2-4d7c-8eb3-79043a4b00c9,HOME,59.76766506074008,6.9,181.0,129.0,L,0.29,8.29,9.0,PASS,0.87,PASS,605218,"Edwards Jr., Carl",SB,2B,high,
b6ae2be6-09bd-47be-a048-1493707223e6,AWAY,59.64718649581361,8.1,,,,,,,no_release,,release_not_at_hand,659275,"Lamet, Dinelson",CS,2B,not measured,no_release
71cdffe9-1caf-4f61-a270-023e8905be3f,AWAY,59.73037373462763,13.7,,,,,,,no_release,,no_release,642585,"Bautista, Félix",SB,2B,not measured,no_release
306ab2a7-e548-4733-9913-4350c29ac396,AWAY,59.619039471030746,10.1,179.0,113.0,R,0.12,13.53,6.0,PASS,1.107,release_not_at_hand,593958,"Rodriguez, Eduardo",CS,2B,high,
8e521bd7-087b-40ac-b173-a2691238aed8,AWAY,59.66728166965603,10.0,,,,,,,no_release,,no_release,666619,"Santos, Gregory",CS,2B,not measured,no_release
3f9d27dc-bafe-4862-aa2d-9d3bb766d7a4,AWAY,59.77078467950736,9.7,189.0,123.0,L,1.0,13.58,6.0,release_not_at_hand,,release_not_at_hand,683769,"Gaddis, Hunter",SB,2B,not measured,release_not_at_hand
a62f4f9a-33cc-43a1-8304-6502a45e30be,HOME,59.64007905777922,5.1,183.0,122.0,L,0.16,18.25,5.0,PASS,1.023,PASS,543135,"Eovaldi, Nathan",SB,2B,high,
fae410a7-cd2b-445d-9bcf-2631651ac7ca,HOME,59.63884108655065,5.3,178.0,120.0,R,0.1,19.27,9.0,PASS,0.973,PASS,666157,"Lodolo, Nick",CS,2B,high,
97ef0a5b-a522-4646-b160-8603f27026dd,HOME,59.76037452430158,7.2,182.0,121.0,L,0.37,20.2,5.0,PASS,1.021,PASS,665795,"Cabrera, Edward",SB,2B,low,release_to_wrist 0.37 outside -0.32
130cae29-15bb-41ad-899f-540191acee3d,HOME,59.70675935564691,5.0,175.0,120.0,L,0.17,5.11,9.0,PASS,0.921,PASS,669212,"Morgan, Eli",CS,2B,high,
9382ef5c-47c7-47d1-8a64-b77bfe86ad38,AWAY,59.70603209447174,11.8,177.0,105.0,L,0.16,35.96,8.0,PASS,1.206,no_release,664353,"Urquidy, José",CS,2B,high,
6bd666cf-2da4-43c3-bfff-3a83abc77bea,HOME,59.611881780450936,5.2,171.0,114.0,L,0.23,13.18,9.0,PASS,0.956,PASS,570632,"Ureña, José",SB,2B,high,
b39f951b-e2a3-4a60-9aff-c5df61af9ff3,HOME,59.68731983585987,5.3,179.0,127.0,L,0.11,3.05,9.0,PASS,0.871,PASS,656638,"Lange, Alex",SB,2B,low,lift_peak_in 3.05 outside 4.28-
f60e3caa-2e21-40e6-8066-829b21c7df34,AWAY,59.77265849340036,10.2,177.0,120.0,L,0.2,16.37,9.0,PASS,0.954,no_set_before_lift,686651,"Stoudt, Levi",SB,2B,high,
76ed4d4b-151f-4d09-a748-3ed5a33b25fc,HOME,59.69553462885344,5.3,180.0,120.0,L,0.12,14.76,9.0,PASS,1.005,PASS,592836,"Walker, Taijuan",CS,2B,high,
84a0cb6b-3183-4ae8-bba8-980c5dcbf4ec,HOME,59.66260565253084,5.0,180.0,120.0,R,0.18,11.28,8.0,PASS,1.006,PASS,657006,"Steele, Justin",CS,3B,high,
d008f8bc-54a9-4575-a790-82a9a1132bc1,HOME,59.753911212251815,4.9,179.0,110.0,R,0.17,25.18,9.0,PASS,1.155,PASS,519043,"Moore, Matt",SB,2B,high,
41c326f0-5c97-4ea6-9012-9f9e32539447,AWAY,59.66684079168843,9.4,179.0,129.0,L,0.11,7.07,9.0,PASS,0.838,not_cf_view,663385,"Smith, Chad",CS,2B,high,
fcb60773-446d-4033-9134-6142399fa4de,AWAY,59.70359190950752,9.9,174.0,118.0,L,0.24,11.0,9.0,PASS,0.938,not_cf_view,686651,"Stoudt, Levi",SB,2B,high,
a15616ad-03ae-477e-9cb3-431db23e12a0,HOME,59.72185963594835,5.4,194.0,134.0,L,0.21,17.34,9.0,PASS,1.005,PASS,572403,"VerHagen, Drew",SB,2B,high,
5f4db546-fe68-4de8-9216-58b9a4e5d3ff,AWAY,59.773067447362834,9.7,181.0,121.0,R,0.15,9.55,9.0,PASS,1.004,cut_in_window,657006,"Steele, Justin",SB,2B,high,
c553560a-811f-47e5-ac70-dfaec6789fbf,AWAY,59.69057371283407,11.9,177.0,108.0,L,0.15,24.82,9.0,PASS,1.156,cut_in_window,450203,"Morton, Charlie",CS,2B,high,
71f1d5e5-095c-4755-8396-c74dcadfda0e,HOME,59.6653643621539,5.4,179.0,126.0,L,0.1,11.29,8.0,PASS,0.888,PASS,663903,"Singer, Brady",SB,2B,high,
0deb74ed-ce01-4946-b4c5-b837eebbf3ae,AWAY,59.75452342465964,10.5,231.0,,,0.58,,9.0,no_set_before_lift,,no_release,571946,"Miller, Shelby",SB,3B,not measured,no_set_before_lift
46af457f-c082-4ed8-a814-9d7edb8d26aa,HOME,59.65449154640746,5.0,166.0,96.0,R,0.13,17.32,9.0,PASS,1.173,PASS,642048,"Saucedo, Tayler",SB,2B,high,
1d51d8c8-bc75-4e1d-bdf5-8a5efb789dce,AWAY,59.64622783893104,7.3,178.0,,,0.32,,9.0,cut_in_window,,not_cf_view,607259,"Martinez, Nick",SB,2B,not measured,cut_in_window
cb5382e5-5b04-40e4-8460-a1165b869056,HOME,59.70867063937229,5.1,183.0,118.0,L,0.14,23.3,8.0,PASS,1.089,PASS,518886,"Kimbrel, Craig",SB,2B,high,
83d0a75b-99c1-43be-b6f2-7a68e4da84f2,HOME,59.585277830750464,5.1,178.0,112.0,L,0.18,10.75,4.0,PASS,1.108,PASS,666808,"Doval, Camilo",SB,3B,low,ball_pts 4.0 outside 5-
d5b6794b-8af7-49c8-8301-9a161c5a81f8,HOME,59.805801049433235,6.8,144.0,112.0,L,0.08,8.85,7.0,PASS,0.535,PASS,502171,"Cobb, Alex",SB,2B,low,delivery_s 0.535 outside 0.7-1.31
f0064255-dd6d-480d-af9f-f611b85da9cf,AWAY,59.74859493289364,11.5,,,,,,,no_release,,no_release,605182,"Clevinger, Mike",SB,2B,not measured,no_release
9ef49329-0a9e-4723-8a14-6d7dbcab3675,AWAY,59.68615360290921,10.1,190.0,116.0,L,0.75,22.76,9.0,release_not_at_hand,,release_not_at_hand,621244,"Berríos, José",SB,2B,not measured,release_not_at_hand
1bf0a996-c23c-45c5-a57d-61a846f0fdc7,HOME,59.76217927289348,4.7,178.0,114.0,L,0.17,24.44,9.0,PASS,1.071,PASS,677651,"Garcia, Luis",CS,2B,high,
54ae4afc-69e0-4ff4-bd10-5de6da717014,AWAY,59.62397148649186,9.7,182.0,131.0,L,0.23,13.47,8.0,PASS,0.855,cut_in_window,656288,"Canning, Griffin",SB,3B,high,
4347ca5d-8c64-4371-96b0-dc1f506a2c2e,HOME,59.66398969101601,6.0,181.0,115.0,L,0.23,19.59,9.0,PASS,1.106,PASS,670059,"Holderman, Colin",SB,3B,high,
661d662e-670b-47e2-84ff-742f8944a6ab,AWAY,59.79689521825051,9.8,,,,,,,no_release,,no_release,502202,"Boxberger, Brad",SB,2B,not measured,no_release
be22d9f3-6219-4ab7-9f8d-7c098640da93,HOME,59.6608535227433,6.1,178.0,120.0,L,0.14,28.06,9.0,PASS,0.972,PASS,614179,"Ruiz, José",CS,2B,high,
601fb5c7-9348-42ec-aa3b-171b09af6f64,HOME,59.68313059743728,5.1,202.0,139.0,R,0.11,19.97,9.0,PASS,1.056,PASS,656353,"Davidson, Tucker",SB,2B,high,
fd3930eb-698c-4e44-8d3d-9e34acd36127,AWAY,59.74211597292652,14.5,242.0,,,1.0,,9.0,release_not_at_hand,,release_not_at_hand,595928,"Curtiss, John",SB,2B,not measured,release_not_at_hand
5e28dee9-b981-4024-8cc7-14435be22875,HOME,59.72530251741178,6.6,182.0,124.0,L,0.24,16.38,8.0,PASS,0.971,PASS,672710,"Contreras, Roansy",SB,2B,high,
01eb7a6d-3868-42df-ba36-a7d0ca33b2ec,AWAY,59.71139492453143,10.5,182.0,107.0,L,0.41,28.32,9.0,PASS,1.256,cut_in_window,642585,"Bautista, Félix",SB,2B,low,release_to_wrist 0.41 outside -0.32
a6e4849c-4e6b-41c6-b040-35f419f8281a,AWAY,59.65676408403756,8.5,,,,,,,no_release,,cut_in_window,656629,"Kopech, Michael",SB,2B,not measured,no_release
0b879f18-e775-49f3-923c-3d1dcd508479,AWAY,,3.0,,,,,,,no_clip,,not_cf_view,623433,"Anderson, Nick",CS,2B,not measured,no_clip
42f660e1-bcb7-4205-8bc6-32cda1fa58a1,AWAY,59.72234742630488,9.6,178.0,134.0,L,0.09,3.24,9.0,PASS,0.737,no_set_before_lift,601713,"Pivetta, Nick",SB,2B,low,lift_peak_in 3.24 outside 4.28-
a3acf747-bdf0-480e-b295-3c23b43cd928,HOME,59.76666944220859,5.2,181.0,110.0,R,0.14,14.74,6.0,PASS,1.188,PASS,676664,"Sears, JP",CS,2B,high,
0c807caa-0302-4343-bd88-36ac4477f9e3,HOME,59.69564112411975,6.5,180.0,121.0,L,0.15,8.48,7.0,PASS,0.988,PASS,663385,"Smith, Chad",CS,2B,high,
55f0a932-275c-4489-8c4f-8cd3a2ba34fa,HOME,59.67949898692208,4.9,175.0,115.0,R,0.13,11.67,9.0,PASS,1.005,PASS,571927,"Matz, Steven",SB,2B,high,
abd1be78-85ac-4c17-a04e-51877ae74e3f,HOME,59.739463253415714,5.7,206.0,156.0,L,0.26,8.86,6.0,PASS,0.837,PASS,596082,"Reed, Jake",CS,2B,high,
9b164777-4f44-4cee-a4fa-3d235cbff2f8,AWAY,59.67475964332922,9.6,189.0,115.0,L,1.06,18.03,7.0,release_not_at_hand,,cut_in_window,592351,"Gray, Jon",CS,2B,not measured,release_not_at_hand
48d16d25-7604-4996-81f9-5e4b7bbe7cc0,AWAY,59.72225266677693,11.0,180.0,98.0,L,0.31,26.27,7.0,cut_in_window,,cut_in_window,642585,"Bautista, Félix",SB,2B,not measured,cut_in_window
95217db7-7d2b-4b34-b266-d7660b1dedc8,HOME,59.696989289023946,4.5,199.0,143.0,L,0.25,8.39,8.0,PASS,0.938,PASS,693821,"Elder, Bryce",SB,2B,high,
0950df3a-fe7d-4c72-b96f-f44ff0a7b6b6,HOME,59.680772272055584,4.9,176.0,110.0,R,0.14,13.27,5.0,PASS,1.106,PASS,676664,"Sears, JP",CS,2B,high,
3737f94f-5a04-49ed-8f67-d56633b3be26,AWAY,59.63479069020314,10.6,179.0,106.0,R,0.14,18.45,9.0,PASS,1.224,no_set_before_lift,543272,"Hand, Brad",SB,3B,high,
03438e60-d39c-4287-aaa1-8f1a08de28aa,AWAY,,2.8000000000000003,,,,,,,no_clip,,not_cf_view,579328,"Kikuchi, Yusei",CS,2B,not measured,no_clip
1d7e9ad7-b64b-40b8-bcca-b92b541c7492,HOME,59.754558286784096,5.5,204.0,137.0,L,0.19,12.08,9.0,PASS,1.121,PASS,640470,"Alzolay, Adbert",SB,2B,high,
6c63e9b8-410d-45ac-add6-d5d8e359b093,AWAY,,8.0,,,,,,,no_clip,,cut_in_window,657277,"Webb, Logan",CS,2B,not measured,no_clip
4dba7a21-d86d-4276-b367-2ecfdde4d44a,HOME,59.70558967848197,5.2,202.0,129.0,R,0.21,21.92,9.0,PASS,1.223,PASS,676714,"Hughes, Brandon",SB,2B,high,
59397978-9ba3-4dc7-b97f-2b90cc344817,HOME,59.669512113989185,4.8,180.0,118.0,L,0.19,17.2,8.0,PASS,1.039,PASS,543037,"Cole, Gerrit",CS,2B,high,
864cc368-8465-48ba-a4b3-a8b7e350db1a,AWAY,59.71195060133459,10.6,176.0,115.0,L,0.15,18.2,9.0,PASS,1.022,cut_in_window,669456,"Bieber, Shane",CS,2B,high,
1bf388cc-624f-4294-aac0-51b77eacea3e,HOME,59.77783105570207,6.7,159.0,123.0,L,0.05,26.62,7.0,PASS,0.602,PASS,676477,"Whitlock, Garrett",SB,2B,low,delivery_s 0.602 outside 0.7-1.31
48309ee4-b22b-4ec8-b1d4-cb52e46021a9,AWAY,59.58750011766884,10.1,180.0,118.0,L,0.16,16.62,9.0,not_cf_view,,not_cf_view,669212,"Morgan, Eli",SB,3B,not measured,not_cf_view
2a7b0028-ef13-4c73-9188-334dc4914955,HOME,59.69819247139461,5.1,203.0,134.0,R,0.23,29.27,9.0,PASS,1.156,PASS,681911,"Vesia, Alex",SB,3B,high,
45dc5919-ba69-40b4-84d8-2c9e4fa0eb22,AWAY,59.7887464292832,14.5,212.0,,,0.53,,5.0,no_set_before_lift,,cut_in_window,622491,"Castillo, Luis",SB,2B,not measured,no_set_before_lift
b1a6bb8f-d17f-4d08-8414-ac05bda94eb3,HOME,59.68893388201575,5.4,180.0,110.0,L,0.2,17.83,9.0,PASS,1.173,PASS,666201,"Manoah, Alek",SB,3B,high,
e64b476f-70f0-47fc-812b-d01e9a190a4c,AWAY,59.669151533772094,10.5,175.0,106.0,R,0.47,26.05,9.0,PASS,1.156,cut_in_window,664285,"Valdez, Framber",SB,2B,low,release_to_wrist 0.47 outside -0.32
b43df02f-7fda-46d5-a0ed-3de0a4a2c721,HOME,59.73780815307374,5.0,180.0,105.0,R,0.18,38.84,9.0,PASS,1.255,PASS,664285,"Valdez, Framber",SB,2B,high,
d022b031-ee67-4933-afae-a01ab461662c,HOME,59.7429243859755,5.2,181.0,153.0,L,0.19,2.07,8.0,PASS,0.469,PASS,502043,"Gibson, Kyle",SB,2B,low,lift_peak_in 2.07 outside 4.28-; delivery_s 0.469 outside 0.7-1.31
fe96f5a5-86ff-4f49-892a-4e8aba524f6d,HOME,59.68804549805732,7.1,176.0,103.0,R,0.1,24.19,9.0,PASS,1.223,PASS,664285,"Valdez, Framber",SB,3B,high,
e341b5ee-22b7-4efd-9881-fd8bb2bc8c37,AWAY,59.68883922142876,9.8,178.0,,,0.26,,9.0,cut_in_window,,cut_in_window,448179,"Hill, Rich",SB,2B,not measured,cut_in_window
69f6b3eb-5207-438b-86d7-a09dfc7a1808,AWAY,59.692783874059394,9.6,184.0,112.0,L,0.63,15.32,9.0,release_not_at_hand,,release_not_at_hand,489446,"Yates, Kirby",SB,2B,not measured,release_not_at_hand
31573373-c2a2-4472-b37b-076916ff6887,AWAY,,5.6000000000000005,,,,,,,no_clip,,release_not_at_hand,570632,"Ureña, José",CS,3B,not measured,no_clip
b69e3b8a-60b9-4ef8-a982-299629f374e0,HOME,59.668632687652845,5.4,178.0,111.0,L,0.2,19.31,9.0,PASS,1.123,PASS,672391,"Ort, Kaleb",SB,2B,high,
e534e871-8cc9-49a2-b686-edf69f1c32e2,AWAY,59.69570082662528,11.8,147.0,106.0,L,0.06,18.29,8.0,PASS,0.687,cut_in_window,518585,"Cruz, Fernando",SB,2B,low,delivery_s 0.687 outside 0.7-1.31
ef1e576c-80b4-4b2e-a0a2-7474619ede0e,HOME,59.82188371465411,5.5,195.0,132.0,L,0.16,22.23,5.0,PASS,1.053,PASS,621107,"Eflin, Zach",SB,2B,high,
463703a1-83e8-41a3-a04f-82cecae4e795,AWAY,59.671707784712304,8.399999999999999,,,,,,,no_release,,release_not_at_hand,664299,"Javier, Cristian",SB,2B,not measured,no_release
834d2528-96d1-4bb8-bbfa-b0e9e2c30275,HOME,59.577068284485954,5.5,176.0,110.0,R,0.09,12.16,9.0,PASS,1.108,PASS,672282,"Detmers, Reid",SB,2B,high,
4b639d0f-956f-4952-9abf-683b5f28e738,HOME,59.78515303733883,5.8,179.0,116.0,L,0.17,20.66,9.0,PASS,1.054,PASS,663986,"Stephan, Trevor",SB,2B,high,
948c2f23-74de-4320-8084-2720850ce76b,HOME,59.77103097365477,5.2,174.0,118.0,L,0.24,13.63,9.0,PASS,0.937,PASS,570632,"Ureña, José",SB,2B,high,
ea73c6d5-d820-4784-883e-59d3b8b09261,AWAY,59.67375390060783,8.7,,,,,,,no_release,,no_release,518585,"Cruz, Fernando",SB,3B,not measured,no_release
5178e29c-f4f5-468b-82fd-e987807671d9,HOME,59.706752056872325,5.0,179.0,116.0,R,0.15,15.71,7.0,PASS,1.055,PASS,666200,"Luzardo, Jesús",SB,3B,high,
dc2c60e7-8e11-41c8-87bd-a39dbc002d32,AWAY,59.767380196501385,12.5,191.0,116.0,L,1.02,11.46,8.0,release_not_at_hand,,release_not_at_hand,594798,"deGrom, Jacob",SB,2B,not measured,release_not_at_hand
c51e18fb-855e-4984-a865-964ed4662da5,AWAY,59.735397429695226,8.7,,,,,,,no_release,,no_release,668881,"Greene, Hunter",SB,2B,not measured,no_release
d73c3a24-ff7e-4b15-bd52-1f3c2a8f3dba,AWAY,59.663509462506326,9.7,174.0,114.0,R,0.15,12.58,8.0,PASS,1.006,release_not_at_hand,621383,"Banks, Tanner",SB,2B,high,
0cc33bf8-2b9f-446a-a831-6925b6aa92cd,HOME,59.72833242349314,4.9,177.0,107.0,R,0.14,20.29,7.0,PASS,1.172,PASS,666205,"Muller, Kyle",SB,3B,high,
8a40e2af-3a65-40f7-a2bf-13425493b9e3,HOME,59.724877459788125,5.4,198.0,139.0,L,0.28,5.07,8.0,PASS,0.988,PASS,608337,"Giolito, Lucas",CS,2B,high,
1db81591-2b0e-4f94-b474-dd792b89ce0b,AWAY,59.79015155720868,11.8,204.0,,,0.76,,8.0,cut_in_window,,no_release,592332,"Gausman, Kevin",SB,2B,not measured,cut_in_window
764176d1-a531-4295-8a04-cc6736d87b95,HOME,59.74387223805042,5.1,202.0,147.0,R,0.08,16.12,9.0,PASS,0.921,PASS,666157,"Lodolo, Nick",SB,2B,high,
255ecd81-4a80-4b8b-8146-efc6cb7cd04e,HOME,59.70586542636957,4.8,178.0,117.0,L,0.15,19.9,6.0,PASS,1.022,PASS,669060,"Wilson, Bryse",SB,2B,high,
ba326d9f-a90f-4009-a3b7-a3e0197ad93c,HOME,59.668878694386336,5.4,205.0,150.0,L,0.26,14.87,9.0,PASS,0.922,PASS,641871,"Middleton, Keynan",SB,2B,high,
d6d0d147-8957-4cff-83ef-32bbef58eac2,AWAY,59.71337579617835,9.8,177.0,108.0,L,0.2,32.52,5.0,PASS,1.156,release_not_at_hand,664353,"Urquidy, José",SB,2B,high,
31cb1f4c-fe98-48c4-8b9c-1ace66cb8a3a,AWAY,59.75904666084247,10.8,184.0,132.0,L,0.22,18.63,5.0,PASS,0.87,cut_in_window,669711,"Weissert, Greg",SB,2B,high,
5c5727fc-73c4-4821-abc7-845f9aa757cb,HOME,59.75274034382974,6.8,200.0,139.0,L,0.16,18.4,9.0,PASS,1.021,PASS,571656,"Farmer, Buck",SB,2B,high,
ca895447-5139-4ff0-834b-5bbb69311c0e,HOME,59.77179611943994,4.8,179.0,120.0,L,0.17,9.12,9.0,PASS,0.987,PASS,607067,"Rea, Colin",CS,2B,high,
14bda401-7df7-4e5c-95b2-12fa75b0ecce,HOME,59.67870141823202,4.7,196.0,133.0,R,0.14,33.48,9.0,PASS,1.056,PASS,660761,"Suarez, José",CS,2B,high,
56a18c82-1c74-41fa-a11c-7c9a9ff9dbc1,AWAY,59.71035051785159,9.4,176.0,,,0.22,,8.0,no_set_before_lift,,no_set_before_lift,543135,"Eovaldi, Nathan",SB,2B,not measured,no_set_before_lift
1b719b6d-916b-4522-8ddd-b040fb748e99,HOME,59.697470630606354,5.3,179.0,116.0,L,0.18,26.31,9.0,PASS,1.055,PASS,641329,"Baker, Bryan",CS,2B,high,
23c20e99-20f1-47f1-b838-a75357fd8b88,HOME,59.6643778903677,6.8,176.0,107.0,L,0.22,29.14,9.0,PASS,1.156,PASS,664747,"Díaz, Alexis",SB,2B,high,
59e2aab2-f2d4-4d9b-9ed2-70722a041c34,AWAY,59.657230477630534,9.6,176.0,,,0.12,,9.0,no_set_before_lift,,no_set_before_lift,547973,"Chapman, Aroldis",SB,3B,not measured,no_set_before_lift
2c109d5b-9526-4b9b-a3e8-77c2d2c043be,HOME,59.67158100722882,5.8,175.0,112.0,L,0.1,15.58,9.0,PASS,1.056,PASS,695243,"Miller, Mason",SB,2B,high,
dc89d5bf-3d7b-4822-a397-fe712e23e4bc,HOME,59.796924479819886,5.9,183.0,121.0,L,0.15,17.39,8.0,PASS,1.037,PASS,606303,"Payamps, Joel",SB,2B,high,
8de01a51-9101-4f64-a4d4-b40cebc11485,HOME,59.68445145997268,5.1,183.0,120.0,L,0.17,22.75,6.0,PASS,1.056,PASS,656876,"Rasmussen, Drew",SB,2B,high,
6ed12311-c449-4ff0-9b91-ee9b1315976d,AWAY,59.720350094942866,11.4,,,,,,,no_release,,cut_in_window,592789,"Syndergaard, Noah",SB,2B,not measured,no_release
bae9819e-64a0-41b8-ab75-7cee4ec261f4,HOME,59.772863120143455,5.2,201.0,139.0,L,0.1,5.52,9.0,PASS,1.037,PASS,663372,"Feltner, Ryan",SB,2B,high,
313b6acc-e537-4890-bab3-6d3729ae16e2,HOME,59.82869750013363,5.2,176.0,119.0,L,0.23,20.2,8.0,PASS,0.953,PASS,663765,"Woodford, Jake",SB,2B,high,
cf7cf3f5-ca43-412a-9f11-825922e84db5,HOME,59.76215143745175,5.6,204.0,135.0,R,0.14,24.08,9.0,PASS,1.155,PASS,663455,"Pilkington, Konnor",SB,2B,high,
e073e16b-9daf-4779-b335-b8c9f7725d07,HOME,59.80722848675252,5.1,201.0,147.0,L,0.09,2.37,9.0,PASS,0.903,PASS,685410,"Battenfield, Peyton",SB,2B,low,lift_peak_in 2.37 outside 4.28-
a08e0a32-74dd-4557-ab34-e622fdc34905,AWAY,59.686863157468785,9.6,219.0,,,0.48,,9.0,not_cf_view,,not_cf_view,663992,"Lovelady, Richard",SB,3B,not measured,not_cf_view
97d2ecdf-46eb-4806-b5e6-03a99c78be04,HOME,59.80287848850124,5.5,174.0,116.0,R,0.1,17.9,9.0,PASS,0.97,PASS,663992,"Lovelady, Richard",SB,2B,high,
c0a2eda9-636a-42f7-b2fe-8571b7afa840,HOME,59.696768345119466,5.7,183.0,107.0,L,0.15,24.97,6.0,PASS,1.273,PASS,592094,"Adam, Jason",SB,3B,high,
038ff454-9fb7-45d4-917b-313061f4f894,HOME,59.659385751606706,5.0,182.0,116.0,L,0.08,25.71,8.0,PASS,1.106,PASS,663773,"Hoeing, Bryan",SB,3B,high,
e4308627-e214-4bc5-923e-669edd0d1c01,HOME,59.67826449833547,7.2,179.0,122.0,R,0.14,10.97,8.0,PASS,0.955,PASS,657006,"Steele, Justin",CS,2B,high,
a0e061e3-4e62-430d-95c2-81522399308a,AWAY,59.70480247995741,10.1,182.0,115.0,L,0.23,28.74,9.0,PASS,1.122,cut_in_window,605182,"Clevinger, Mike",SB,3B,high,
a0c59f6c-dfa5-4382-8026-69a0ef04482b,HOME,59.71813885526116,6.8,206.0,152.0,L,0.1,4.62,9.0,PASS,0.904,PASS,592789,"Syndergaard, Noah",SB,2B,high,
48e8d56e-8ea7-4b16-ae74-5a47e41ea71b,HOME,59.7365123395964,5.6,183.0,121.0,L,0.26,10.33,9.0,PASS,1.038,PASS,642231,"Yacabonis, Jimmy",SB,2B,high,
f8a96ee9-8f92-48be-a95c-3c2949cb7f1f,HOME,59.82806050752373,5.9,181.0,114.0,R,0.17,20.58,9.0,PASS,1.12,PASS,663559,"Falter, Bailey",SB,2B,high,
11846329-d024-4762-9661-815ceedcb4c7,AWAY,59.81184694301731,10.3,,,,,,,no_release,,no_release,605182,"Clevinger, Mike",SB,2B,not measured,no_release
54983afc-a08c-46ec-b6b9-cc3ac329f4b5,AWAY,59.67675093244923,13.3,,,,,,,no_release,,no_release,592789,"Syndergaard, Noah",SB,2B,not measured,no_release
ee98bcfa-9d37-4286-be23-bed3d3a3f654,HOME,59.81190300448589,4.9,200.0,138.0,L,0.06,18.88,9.0,PASS,1.037,PASS,660853,"De Los Santos, Enyel",SB,2B,high,
9c91d663-c3cf-444a-bea5-c5b4f46e4f35,HOME,59.61722327089999,5.2,175.0,115.0,L,0.12,10.73,9.0,PASS,1.006,PASS,669194,"Nelson, Ryne",CS,3B,high,
036b0415-36fd-49fa-982b-f8950ca3d506,HOME,59.68707611893048,5.4,181.0,110.0,R,0.1,21.29,9.0,PASS,1.19,PASS,543272,"Hand, Brad",SB,3B,high,
09674ca6-e89b-4efe-9679-45dfcd0e95fe,HOME,59.7008421304921,5.1,181.0,114.0,L,0.16,24.43,9.0,PASS,1.122,PASS,686613,"Brown, Hunter",CS,2B,high,
b045843e-7abe-4665-8771-09d1a54a79ac,HOME,59.71725823042816,7.0,173.0,107.0,R,0.12,17.0,9.0,PASS,1.105,PASS,571927,"Matz, Steven",SB,2B,high,
4ecda941-4f7e-428a-8fff-70eb26f5d8f9,HOME,59.70461925212109,5.0,175.0,115.0,L,0.21,21.46,9.0,PASS,1.005,PASS,592351,"Gray, Jon",CS,2B,high,
e5767dac-bdbd-4a1e-a487-c9facd320693,HOME,59.74040779401787,7.0,177.0,119.0,L,0.24,13.93,9.0,PASS,0.971,PASS,664139,"Gibaut, Ian",CS,2B,high,
ca1bb3ec-a777-4e5f-ba71-e9bbb0bbdd05,HOME,59.72978246413226,5.4,175.0,111.0,L,0.47,20.28,5.0,PASS,1.071,PASS,672710,"Contreras, Roansy",SB,2B,low,release_to_wrist 0.47 outside -0.32
65d52c95-c626-4d80-9dc5-8b31e21a2771,AWAY,59.66726293005548,7.199999999999999,,,,,,,no_release,,no_release,622075,"Almonte, Yency",SB,3B,not measured,no_release
ab7f13c0-85b7-4c76-8d06-cbdc3193c2aa,HOME,59.79826796430922,5.2,170.0,126.0,R,0.12,8.7,9.0,PASS,0.736,PASS,663776,"Sandoval, Patrick",SB,2B,high,
a6ce33f8-f448-4d27-9ae1-2443738f0549,AWAY,59.711543857680006,10.7,,,,,,,no_release,,no_release,656629,"Kopech, Michael",SB,3B,not measured,no_release
abd0f931-15af-41d1-aa8c-556a82e0e131,HOME,59.73815338605266,5.6,205.0,141.0,L,0.2,20.14,9.0,PASS,1.071,PASS,657240,"Merryweather, Julian",SB,2B,high,
922d3965-cf0a-4667-9ec9-59b64e3e18dc,HOME,59.76363750572062,5.0,171.0,126.0,R,0.11,6.51,9.0,PASS,0.753,PASS,663776,"Sandoval, Patrick",SB,2B,high,
fb226c33-4d73-4226-b2de-c8e210b9c554,HOME,59.6331656778002,8.5,175.0,114.0,L,0.14,18.35,9.0,PASS,1.023,PASS,543101,"DeSclafani, Anthony",CS,2B,high,
9c0b9e63-e2bc-4dd7-9455-e5059cecaaf6,HOME,59.72058527610889,5.5,175.0,123.0,R,0.09,11.52,9.0,PASS,0.871,PASS,642232,"Yarbrough, Ryan",CS,2B,high,
b2f96b85-31ce-4bed-bcdd-f34d905f8f2b,HOME,59.77791808339946,5.0,172.0,126.0,R,0.12,6.51,9.0,PASS,0.77,PASS,663776,"Sandoval, Patrick",SB,3B,high,
ebbd3bad-2ee1-42fa-9007-1950085d7ca9,HOME,59.667814273750814,6.6,178.0,108.0,L,0.24,23.4,9.0,PASS,1.173,PASS,641360,"Bickford, Phil",SB,2B,high,
8b1ecb0d-a4cf-4779-9730-be6510f69923,HOME,59.73832140191928,5.2,176.0,116.0,L,0.21,25.35,9.0,PASS,1.004,PASS,622250,"Sborz, Josh",SB,2B,high,
fce7d06d-25f7-4fc8-8793-ef538a6146e4,AWAY,59.81062209767276,10.4,178.0,,,0.18,,9.0,no_set_before_lift,,no_set_before_lift,592351,"Gray, Jon",SB,3B,not measured,no_set_before_lift
7b3d9e07-7eec-4511-8d35-e7964683a271,AWAY,59.721769190158014,9.9,188.0,110.0,L,1.1,23.21,5.0,not_cf_view,,cut_in_window,656557,"Houck, Tanner",SB,2B,not measured,not_cf_view
2bf5cd7a-e876-4dce-8bbb-bd551f458922,HOME,59.661604390843536,4.9,178.0,106.0,R,0.23,28.32,9.0,PASS,1.207,PASS,681911,"Vesia, Alex",SB,3B,high,
8827b379-ccaa-48ad-a645-b7afe44d0748,HOME,59.71535118716449,5.0,178.0,105.0,L,0.21,30.35,7.0,PASS,1.222,PASS,641360,"Bickford, Phil",SB,3B,high,
b4a63622-8e4c-4da0-a095-6f83ea80858c,HOME,59.74512576157482,4.9,180.0,98.0,R,0.14,19.02,5.0,PASS,1.372,PASS,592767,"Smyly, Drew",SB,2B,low,delivery_s 1.372 outside 0.7-1.31
2554ae39-7e05-4809-b4a5-2a0bf1cd2403,AWAY,59.739592104446785,9.3,183.0,136.0,L,0.15,5.03,9.0,PASS,0.787,cut_in_window,608379,"Wacha, Michael",SB,2B,high,
5c4d6f21-fc4b-4d85-a60c-dff14a3fe492,HOME,59.75615296177354,5.2,180.0,96.0,L,0.21,16.17,9.0,PASS,1.406,PASS,493603,"Ottavino, Adam",SB,3B,low,delivery_s 1.406 outside 0.7-1.31
40126313-0d46-469e-ae40-6aabd5c319e4,HOME,59.803898843327694,5.3,174.0,122.0,L,0.1,10.17,3.0,PASS,0.87,PASS,502043,"Gibson, Kyle",SB,2B,low,ball_pts 3.0 outside 5-
b8e86076-774a-4d6a-bf5a-4b804fb4d52a,HOME,59.758597130494195,6.3,179.0,123.0,R,0.18,10.5,8.0,PASS,0.937,PASS,666214,"Wentz, Joey",SB,2B,high,
3d6089c7-9d4d-4639-9e29-12de36abec52,HOME,59.778290643562485,5.2,177.0,116.0,R,0.12,18.35,9.0,PASS,1.02,PASS,666214,"Wentz, Joey",SB,3B,high,
9f9ebeec-7cfd-47e3-8d3c-6589a3b784fb,AWAY,59.704058474472546,9.8,177.0,109.0,R,0.13,32.25,9.0,PASS,1.139,cut_in_window,628711,"Urías, Julio",SB,3B,high,
41daf30b-5bd7-455a-b5fe-0c754fa9b59e,HOME,59.66979605050178,5.5,181.0,123.0,L,0.19,16.84,8.0,PASS,0.972,PASS,666168,"Thompson, Mason",SB,2B,high,
3689332b-aecd-4d4f-9f02-2bc43876774f,HOME,59.67594035067099,7.7,195.0,145.0,L,0.21,3.36,9.0,PASS,0.838,PASS,660271,"Ohtani, Shohei",SB,2B,low,lift_peak_in 3.36 outside 4.28-
18343687-fce9-4377-baf4-6b38c66b91ed,HOME,59.65272798503877,5.9,176.0,120.0,L,0.15,9.62,7.0,PASS,0.939,PASS,657140,"Wright, Kyle",SB,2B,high,
8f90f99f-dbab-422c-82ab-990e4d733872,AWAY,59.69603951029675,10.6,183.0,127.0,L,0.33,12.69,7.0,PASS,0.938,cut_in_window,669713,"Wesneski, Hayden",SB,2B,low,release_to_wrist 0.33 outside -0.32
ea360207-984b-4515-b996-c08aac64c975,HOME,59.68880689994881,4.9,180.0,125.0,R,0.24,5.54,9.0,PASS,0.921,PASS,666129,"Garrett, Braxton",SB,2B,high,
069a022e-43c0-4417-a69c-04c05373bab7,HOME,59.65491450235989,4.6,176.0,117.0,L,0.25,23.0,9.0,PASS,0.989,PASS,669923,"Kirby, George",CS,2B,high,
c5c6008f-340e-4abd-90fb-d8557aeed869,AWAY,59.54546024658531,10.3,179.0,,,0.2,,9.0,no_set_before_lift,,cut_in_window,628711,"Urías, Julio",SB,2B,not measured,no_set_before_lift
eb79c84d-3a53-4a05-a7c5-2df96221bd3b,HOME,59.7371922323711,11.9,181.0,120.0,R,0.17,4.77,8.0,PASS,1.021,PASS,571760,"Heaney, Andrew",CS,2B,high,
8f093c9d-9063-4e42-b565-f00f5c796c23,HOME,59.807594592031975,8.2,182.0,117.0,L,0.16,19.62,9.0,PASS,1.087,PASS,601713,"Pivetta, Nick",SB,2B,high,
69d7a504-90d8-4935-918a-438a1b3d9b8f,HOME,59.65664796691373,6.2,171.0,133.0,L,0.13,2.48,7.0,PASS,0.637,PASS,664875,"Lawrence, Justin",SB,3B,low,lift_peak_in 2.48 outside 4.28-; delivery_s 0.637 outside 0.7-1.31
8d07064e-e963-407c-a33f-ffcdcb58721a,AWAY,59.7138524164904,10.0,,,,,,,no_release,,cut_in_window,643377,"Jax, Griffin",SB,2B,not measured,no_release
5fbcb5ba-a477-4c0e-a7e9-c68a70b8355e,HOME,59.68428905827508,6.3,191.0,123.0,L,0.13,18.51,9.0,PASS,1.139,PASS,669160,"May, Dustin",SB,3B,high,
fd05e4fb-2aec-4382-a96c-14e0b37c43f4,HOME,59.81501021285915,5.1,177.0,119.0,L,0.18,9.42,9.0,PASS,0.97,PASS,543475,"Lyles, Jordan",SB,3B,high,
e312addf-dadb-462c-aebc-b50236a78c9e,AWAY,59.681766802886706,10.1,186.0,120.0,L,0.65,19.2,9.0,release_not_at_hand,,cut_in_window,592094,"Adam, Jason",SB,2B,not measured,release_not_at_hand
9aaab2e2-0d83-4887-8b0d-49fc960a0f1f,AWAY,59.70756027716102,10.1,189.0,,,1.19,,7.0,release_not_at_hand,,release_not_at_hand,664126,"Fairbanks, Pete",SB,2B,not measured,release_not_at_hand
1e22d068-3ff1-4b9a-90e7-1bdb49932396,AWAY,,4.8999999999999995,,,,,,,no_clip,,not_cf_view,669160,"May, Dustin",SB,2B,not measured,no_clip
73d00f12-43c3-4417-9c50-9dccbf3e754b,HOME,59.7398335872495,4.9,173.0,115.0,L,0.13,5.77,9.0,PASS,0.971,PASS,660261,"Fujinami, Shintaro",SB,3B,high,
2688b1cf-f1fc-40fb-9c8c-37013372bd07,HOME,59.703868810698935,6.6,181.0,124.0,L,0.14,12.24,9.0,PASS,0.955,PASS,666201,"Manoah, Alek",CS,2B,high,
4f13841a-dcd9-4977-8de8-ded5e053077d,HOME,59.74057709105697,6.6,175.0,118.0,L,0.21,19.38,8.0,PASS,0.954,PASS,571882,"Law, Derek",SB,3B,high,
aea51040-eb9a-4d39-946e-605e331eaf0c,HOME,59.70349038061221,5.6,179.0,113.0,L,0.14,22.62,7.0,PASS,1.105,PASS,573186,"Stroman, Marcus",SB,3B,high,
ebf1347b-a631-450a-980b-0ef76ceaa9c5,HOME,59.67856229767135,6.7,182.0,108.0,L,0.12,5.47,8.0,PASS,1.24,PASS,657044,"Thompson, Ryan",SB,2B,high,
4c1c80d3-726b-4f5c-a999-2c2f1afd989d,AWAY,59.737728052813175,11.7,179.0,109.0,L,0.14,21.88,9.0,PASS,1.172,cut_in_window,601713,"Pivetta, Nick",SB,2B,high,
b19b5ca1-d1b4-46b6-ab6d-31aa0d2861ed,HOME,59.6301797658694,5.4,177.0,117.0,L,0.24,22.08,9.0,PASS,1.006,PASS,573186,"Stroman, Marcus",SB,2B,high,
dee246eb-0ed7-42bc-a0c3-de8cf5b5991c,AWAY,59.74036647079834,10.4,181.0,,,0.21,,9.0,no_set_before_lift,,no_set_before_lift,608331,"Fried, Max",SB,2B,not measured,no_set_before_lift
fee862e8-7aea-436a-a671-c301c6f6048b,AWAY,59.7055875707545,8.8,,,,,,,no_release,,cut_in_window,666201,"Manoah, Alek",SB,2B,not measured,no_release
07f9b958-29fd-4c16-acde-cc3a761dc185,AWAY,59.740546334389435,7.2,,,,,,,no_release,,no_release,666201,"Manoah, Alek",SB,2B,not measured,no_release
2af1d4fa-5113-4169-8f15-d885874afd7c,HOME,59.818082076584226,8.4,177.0,118.0,L,0.16,14.58,5.0,PASS,0.986,PASS,657265,"Strzelecki, Peter",SB,3B,high,
67cdc700-b0bd-47d7-be73-8d5809ff9288,AWAY,59.74106261814464,12.3,193.0,,,0.95,,7.0,cut_in_window,,no_set_before_lift,641771,"Kuhl, Chad",SB,2B,not measured,cut_in_window
a62a579c-546d-4fe4-800f-9685be9cff63,HOME,59.66743186502442,5.0,211.0,151.0,L,0.12,17.87,9.0,PASS,1.006,PASS,678394,"Bello, Brayan",CS,2B,high,
f8143dce-eb3e-47e5-a000-537ba6c91287,HOME,59.706836274798874,5.4,178.0,122.0,R,0.15,17.09,9.0,PASS,0.938,PASS,607481,"Bummer, Aaron",SB,3B,high,
78cf55e9-b2fc-444c-b62d-a159b7dcd5cb,HOME,59.813260603507445,5.3,173.0,111.0,L,0.3,26.2,5.0,PASS,1.037,PASS,592826,"Velasquez, Vince",SB,2B,high,
5d500071-49c2-4df8-b282-61e6440c3606,HOME,59.79080747711408,5.4,177.0,106.0,R,0.14,21.59,9.0,PASS,1.187,PASS,656756,"Montgomery, Jordan",SB,2B,high,
193a926e-50f2-47a4-96a3-cadfc756ff3e,HOME,59.70828605443309,6.1,177.0,112.0,R,0.13,13.13,9.0,PASS,1.089,PASS,650893,"Cabrera, Génesis",SB,2B,high,
b85ec60a-fef4-4f65-ae04-243372a3cef0,AWAY,59.761757840796285,8.8,,,,,,,no_release,,no_release,641927,"Ober, Bailey",SB,2B,not measured,no_release
238dfa4d-0e9d-4ab1-b6ca-4dcfe81cfcbd,HOME,59.675643579054146,5.0,158.0,117.0,L,0.07,35.47,9.0,PASS,0.687,PASS,665625,"Peguero, Elvis",SB,2B,low,delivery_s 0.687 outside 0.7-1.31
3bc61769-2116-4801-bc2f-645b5cea8e6c,AWAY,59.694674259911224,11.4,185.0,,,0.12,,9.0,no_set_before_lift,,no_set_before_lift,641656,"Hamilton, Ian",CS,2B,not measured,no_set_before_lift
151fd132-9188-481f-89c3-15ae166feb7a,HOME,59.73492998536026,5.1,182.0,124.0,L,0.22,11.08,9.0,PASS,0.971,PASS,607179,"Weems, Jordan",SB,2B,high,
4fe8a985-a649-4e7a-908a-2d71895b3112,HOME,59.73702235646833,4.7,180.0,108.0,L,0.21,27.34,9.0,PASS,1.205,PASS,641771,"Kuhl, Chad",CS,3B,high,
2d373425-b5d9-4a7c-bd5e-f57f7c09bb0b,HOME,59.66554263299154,4.8,179.0,123.0,L,0.19,21.93,5.0,PASS,0.939,PASS,666745,"Brito, Jhony",SB,2B,high,
6c8f5bef-f815-4811-89be-30d48486fc48,HOME,59.73770552068303,5.1,184.0,123.0,R,0.23,20.6,9.0,PASS,1.021,PASS,571578,"Corbin, Patrick",CS,2B,high,
8aa45c82-20ba-4765-8758-7bfd50658187,AWAY,59.783019471269846,8.3,,,,,,,not_cf_view,,not_cf_view,643377,"Jax, Griffin",SB,2B,not measured,not_cf_view
68494638-129f-49aa-b08d-b16e8a1fb05d,AWAY,59.715296766929384,8.6,181.0,121.0,L,0.24,24.66,5.0,PASS,1.005,not_cf_view,614179,"Ruiz, José",SB,2B,high,
593f7bde-a391-41b1-bea4-ff7f0b0071a7,HOME,59.69749037677867,5.3,180.0,121.0,L,0.14,21.4,9.0,PASS,0.988,PASS,668881,"Greene, Hunter",CS,2B,high,
76b3abba-999f-432f-88d8-accc6f4ebdf8,HOME,59.74714850550774,4.8,209.0,142.0,L,0.19,21.21,9.0,PASS,1.121,PASS,678394,"Bello, Brayan",SB,2B,high,
6002f2ab-ac10-4639-b20d-4471ec7e5b35,HOME,59.68368387123017,4.9,178.0,112.0,L,0.17,23.13,9.0,PASS,1.106,PASS,661395,"Duran, Jhoan",SB,2B,high,
ad5c5862-b2c5-49a0-9993-2d989fd065ee,HOME,59.67647990517162,5.5,204.0,140.0,L,0.21,17.66,4.0,PASS,1.072,PASS,664299,"Javier, Cristian",SB,2B,low,ball_pts 4.0 outside 5-
652efb8a-97c2-485f-8549-3e222ed21939,HOME,59.807539338409,11.5,177.0,110.0,R,0.12,21.41,9.0,PASS,1.12,PASS,656756,"Montgomery, Jordan",SB,2B,high,
25182a16-1d18-4f88-88bd-be6c99c08c5e,AWAY,59.67337717723849,7.1,,,,,,,no_release,,no_release,592332,"Gausman, Kevin",SB,2B,not measured,no_release
7f79ce17-0062-4694-84da-be950e870ecf,HOME,59.67591027384874,6.6,178.0,122.0,L,0.1,16.84,9.0,PASS,0.938,PASS,663562,"Davis, Noah",CS,2B,high,
153a19b9-c9b5-433e-9d5a-9165e6bcbca3,HOME,59.73805279715319,7.3,178.0,143.0,L,0.12,12.79,7.0,PASS,0.586,PASS,554430,"Wheeler, Zack",SB,2B,low,delivery_s 0.586 outside 0.7-1.31
005c2232-bcf1-4bc4-8b0f-b2a3979029f8,AWAY,59.73551390083336,12.3,181.0,127.0,L,0.23,15.57,9.0,PASS,0.904,cut_in_window,671345,"Foley, Jason",CS,2B,high,
5d0948d3-9252-4dae-b316-3872ef9dda54,AWAY,59.65028162552653,9.5,179.0,108.0,R,0.14,27.32,9.0,PASS,1.19,cut_in_window,666205,"Muller, Kyle",CS,3B,high,
cb6e00d2-9e47-4293-98e0-9206b6acc428,HOME,59.77536196459667,5.3,209.0,145.0,R,0.15,16.62,9.0,PASS,1.071,PASS,518397,"Alexander, Scott",SB,2B,high,
f8041bad-5a37-481e-8dde-e04e8369ec06,HOME,59.69560235263911,6.6,215.0,149.0,L,0.13,10.48,9.0,PASS,1.106,PASS,445276,"Jansen, Kenley",SB,2B,high,
968f7ded-508c-436a-89b0-92dfbccc6ee4,AWAY,59.78016030554304,10.4,178.0,,,0.18,,9.0,cut_in_window,,no_release,606149,"Gallegos, Giovanny",SB,2B,not measured,cut_in_window
482883b9-0141-45e4-b003-47c6c9707847,HOME,59.7767136798425,5.0,177.0,108.0,L,0.1,25.05,9.0,PASS,1.154,PASS,606149,"Gallegos, Giovanny",SB,2B,high,
b8c222da-e693-468d-950c-795d9920dbb7,HOME,59.79135443129698,5.2,178.0,124.0,L,0.19,22.35,9.0,PASS,0.903,PASS,543243,"Gray, Sonny",SB,2B,high,
2570d4b2-8db1-4d9b-a07d-6433189c3a2d,HOME,59.7225969096812,5.3,196.0,128.0,L,0.11,19.07,9.0,PASS,1.139,PASS,607067,"Rea, Colin",SB,2B,high,
0ae08145-ac43-4bcc-96b2-279790d6b27c,HOME,59.694562820236456,5.0,179.0,114.0,L,0.14,16.55,9.0,PASS,1.089,PASS,608665,"Graveman, Kendall",SB,2B,high,
26193e19-f9be-43ab-89b4-18e5d7972a46,AWAY,,5.2,,,,,,,no_clip,,not_cf_view,657006,"Steele, Justin",SB,2B,not measured,no_clip
17067d1c-f30d-4ddc-a611-282647b09f04,HOME,59.69413478236513,6.6,181.0,124.0,L,0.12,16.4,9.0,PASS,0.955,PASS,670124,"Oller, Adam",CS,3B,high,
6a5b2825-36c2-474d-bdf5-1cd45fcf1968,AWAY,,5.6000000000000005,,,,,,,no_clip,,cut_in_window,657006,"Steele, Justin",CS,2B,not measured,no_clip
806ee2ce-a6ec-4a6d-b219-04a10749f3f2,AWAY,59.68198755350003,9.0,,,,,,,no_release,,no_release,625643,"López, Reynaldo",SB,2B,not measured,no_release
4c2d1aa0-a654-4ba2-91fd-19bc4e84791d,HOME,59.77716478402244,4.8,176.0,111.0,L,0.18,27.1,9.0,PASS,1.087,PASS,625643,"López, Reynaldo",SB,2B,high,
9de0423c-c40e-459c-a32e-d649380bb0c3,HOME,59.68045531994612,4.9,180.0,116.0,L,0.16,22.75,9.0,PASS,1.072,PASS,666619,"Santos, Gregory",SB,2B,high,
8ab2b483-5ba4-41b0-a190-f653b958f44b,AWAY,59.78477481068155,10.0,,,,,,,no_release,,no_release,641482,"Cortes, Nestor",SB,2B,not measured,no_release
a834360a-6ce8-4948-b3a2-d29fc24e9896,HOME,59.73718113888173,5.3,176.0,114.0,L,0.3,22.32,9.0,PASS,1.038,PASS,680686,"Gray, Josiah",SB,2B,high,
64190fe4-66d6-4f3b-8c2a-d2a6c334893c,HOME,59.75958422587145,5.5,177.0,109.0,L,0.15,22.92,9.0,PASS,1.138,PASS,680686,"Gray, Josiah",SB,2B,high,
4f0c056a-63c6-4e36-8513-869feb87964b,HOME,59.754526927959525,5.2,178.0,121.0,L,0.18,18.13,9.0,PASS,0.954,PASS,605513,"Turnbull, Spencer",SB,2B,high,
c554cfaa-a04c-41dd-9846-788c6345f10c,HOME,59.71281811814149,5.4,181.0,122.0,R,0.1,7.13,9.0,PASS,0.988,PASS,669022,"Gore, MacKenzie",SB,2B,high,
ff0f445d-6e1e-46ad-bffd-1e8baec40bb8,HOME,59.80213120346773,5.9,179.0,124.0,L,0.16,17.09,7.0,PASS,0.92,PASS,548389,"Stripling, Ross",SB,2B,high,
59913f57-71b6-4ff5-a98e-349d601e26e5,HOME,59.700424130711,5.2,201.0,133.0,L,0.13,21.51,8.0,PASS,1.139,PASS,675911,"Strider, Spencer",SB,2B,high,
6a2c831a-d956-4ceb-b1c8-e30997fe2a23,HOME,59.76479334932919,5.2,158.0,101.0,L,0.17,6.31,9.0,PASS,0.954,PASS,663878,"Pearson, Nate",SB,2B,high,
e149ce4b-5be1-4bc3-b30c-b0d639cf5115,HOME,59.662799253702445,4.7,180.0,118.0,L,0.14,19.42,7.0,PASS,1.039,PASS,621244,"Berríos, José",SB,2B,high,
deb039a0-a13a-4423-9926-b5062098daa4,HOME,59.81080507732771,4.9,177.0,126.0,L,0.21,17.2,7.0,PASS,0.853,PASS,446372,"Kluber, Corey",SB,2B,high,
af670255-f818-43d4-b218-65c96a89adda,AWAY,59.74402241395778,10.7,182.0,117.0,L,0.87,15.15,9.0,cut_in_window,,cut_in_window,656629,"Kopech, Michael",SB,2B,not measured,cut_in_window
380fa808-595d-472f-8a9a-3e69304b5d10,HOME,59.70081492747372,6.2,176.0,116.0,L,0.11,11.79,9.0,PASS,1.005,PASS,695243,"Miller, Mason",CS,2B,high,
8bfaaf17-e7fa-45a5-8574-29471730ef0b,HOME,59.66145051414132,4.8,185.0,116.0,L,0.17,21.07,9.0,PASS,1.157,PASS,672710,"Contreras, Roansy",SB,2B,high,
c6c03b90-31e5-421e-937b-22dd2a6acfc8,HOME,59.67106326375853,6.3,180.0,122.0,R,0.14,16.32,7.0,PASS,0.972,PASS,676596,"Fleming, Josh",SB,3B,high,
62020a33-788b-4736-a587-624e29a4ea68,HOME,59.81528407868213,5.0,183.0,114.0,L,0.15,25.85,9.0,PASS,1.154,PASS,686613,"Brown, Hunter",SB,2B,high,
a77113fb-2035-437b-9804-04cc9e22b1f6,HOME,59.7601598934044,5.4,205.0,145.0,R,0.09,21.82,9.0,PASS,1.004,PASS,642232,"Yarbrough, Ryan",CS,3B,high,
fa9c670c-ecb6-442f-b30d-efda2cb8520d,AWAY,59.75481251124418,8.6,,,,,,,no_release,,no_release,598264,"Barnes, Matt",SB,2B,not measured,no_release
f963c5bd-f4ea-4130-b702-478d048d975f,AWAY,59.682015755284546,10.4,170.0,110.0,L,0.14,5.71,7.0,PASS,1.005,cut_in_window,663372,"Feltner, Ryan",SB,2B,high,
1ecd1a20-39fd-4b12-88f6-cff1d120e7de,HOME,59.66728919121427,5.6,173.0,119.0,L,0.15,9.31,9.0,PASS,0.905,PASS,607259,"Martinez, Nick",SB,2B,high,
9b05c45d-b89a-4d37-9eec-9ee5d75cf57b,AWAY,59.69831387203797,11.2,181.0,116.0,L,0.28,15.6,7.0,PASS,1.089,cut_in_window,672710,"Contreras, Roansy",SB,2B,high,
f78083a8-3c3a-403f-8a76-cafc2ae9078c,AWAY,59.62519073018688,17.1,183.0,123.0,L,0.13,17.2,8.0,PASS,1.006,not_cf_view,686613,"Brown, Hunter",CS,2B,high,
70a5f248-c12b-4c1a-81e7-54d7d8bc3171,AWAY,59.698808721060914,11.1,,,,,,,no_release,,cut_in_window,543037,"Cole, Gerrit",SB,2B,not measured,no_release
c80de5ea-b5c9-4407-b6d1-faa23c36b1f4,HOME,59.74452254300432,5.1,174.0,113.0,L,0.11,22.71,9.0,PASS,1.021,PASS,641627,"Gott, Trevor",SB,2B,high,
3820d2e9-a46c-45c2-a2a3-b81facba3f7f,AWAY,59.75500960746638,9.9,181.0,,,0.23,,8.0,cut_in_window,,not_cf_view,669212,"Morgan, Eli",SB,3B,not measured,cut_in_window
dafe36a3-5892-46f8-89b6-ca797601c1b7,AWAY,59.77967566506776,10.7,199.0,151.0,L,1.08,8.26,7.0,cut_in_window,,cut_in_window,669212,"Morgan, Eli",SB,2B,not measured,cut_in_window
af02b4e5-ec40-4d5d-a374-d220b15bb085,HOME,59.71079102639047,6.2,204.0,150.0,L,0.15,2.9,9.0,PASS,0.904,PASS,676760,"Marinaccio, Ron",SB,2B,low,lift_peak_in 2.9 outside 4.28-
3a6d036f-081f-49d0-92fc-021084385fb0,HOME,59.777800723919775,5.3,182.0,118.0,L,0.15,23.93,9.0,PASS,1.071,PASS,573186,"Stroman, Marcus",SB,2B,high,
df835a3d-ae0b-4e4b-970a-0188fccf2977,HOME,59.79931479951792,5.4,178.0,124.0,L,0.2,13.55,8.0,PASS,0.903,PASS,656302,"Cease, Dylan",SB,2B,high,
e4911940-2023-4b7f-b622-e3f682e78e96,AWAY,59.66161504773307,9.6,178.0,118.0,L,0.12,8.18,9.0,PASS,1.006,cut_in_window,493603,"Ottavino, Adam",SB,2B,high,
ea79d7f7-934b-4bc3-99d9-8175ebffb385,HOME,59.74530796493467,5.1,201.0,130.0,L,0.26,28.0,9.0,PASS,1.188,PASS,661403,"Clase, Emmanuel",SB,2B,high,
dbc37b91-bb5e-4b78-a2d1-b28cb477d153,HOME,59.693111488177344,4.8,182.0,125.0,L,0.16,10.93,9.0,PASS,0.955,PASS,663623,"Irvin, Jake",SB,2B,high,
3b4dbb74-808e-4e26-b793-0437265a97ee,AWAY,59.76272862086011,9.8,179.0,,,0.2,,7.0,no_set_before_lift,,no_set_before_lift,573186,"Stroman, Marcus",SB,2B,not measured,no_set_before_lift
eb1729c1-14b3-41f6-acc2-3d66bbb0e26b,AWAY,59.68403433728454,9.7,,,,,,,no_release,,no_release,518886,"Kimbrel, Craig",SB,2B,not measured,no_release
46a67ef8-8e5e-4c9c-97c0-51a11cfb39ff,HOME,59.67476915932918,5.7,182.0,124.0,L,0.21,10.02,9.0,PASS,0.972,PASS,663623,"Irvin, Jake",SB,2B,high,
209d7075-c04c-48d7-b8fd-3fb14c8705cb,AWAY,59.71473659267027,8.6,,,,,,,no_release,,cut_in_window,669456,"Bieber, Shane",SB,2B,not measured,no_release
63368c24-3acb-4225-a48b-ac976ec29374,HOME,59.674524208599316,5.2,183.0,128.0,L,0.13,8.13,4.0,PASS,0.922,PASS,502043,"Gibson, Kyle",SB,2B,low,ball_pts 4.0 outside 5-
e6dd1d44-fb1c-4ce7-a94c-95a3ec6dc63f,AWAY,59.77703077360013,11.8,181.0,137.0,L,0.17,3.75,9.0,PASS,0.736,cut_in_window,669302,"Gilbert, Logan",SB,2B,low,lift_peak_in 3.75 outside 4.28-
77aac408-0623-4281-a2e7-81c78c3711d4,AWAY,59.70708406991582,9.9,209.0,,,0.91,,8.0,release_not_at_hand,,release_not_at_hand,641778,"Lauer, Eric",CS,2B,not measured,release_not_at_hand
faab504d-74d7-4abc-aa04-11c9c50c16ce,HOME,59.70809376382132,4.5,172.0,109.0,R,0.26,14.66,9.0,PASS,1.055,PASS,607536,"Freeland, Kyle",CS,2B,high,
448547d7-ebbf-4309-836e-22a1938b832d,AWAY,59.77427145304749,14.6,176.0,123.0,L,0.2,10.1,8.0,PASS,0.887,release_not_at_hand,543521,"McHugh, Collin",CS,2B,high,
113dcf3d-ebc6-455c-84ef-f056ea10ad41,HOME,59.76552266177627,6.8,177.0,104.0,R,0.24,24.57,4.0,PASS,1.221,PASS,663556,"McClanahan, Shane",SB,2B,low,ball_pts 4.0 outside 5-
487f96da-848e-4355-9a01-b18f8a792c51,HOME,59.657732878676825,4.9,178.0,122.0,L,0.2,16.28,9.0,PASS,0.939,PASS,666619,"Santos, Gregory",CS,2B,high,
0ac342fa-5d08-4bee-a8c8-33810e8af59d,AWAY,59.63270997537555,7.2,,,,,,,not_cf_view,,no_release,694297,"Pfaadt, Brandon",CS,2B,not measured,not_cf_view
a847babe-61e2-4961-8203-1a8761b9e501,AWAY,59.688900863514064,9.4,193.0,121.0,L,0.99,16.74,9.0,release_not_at_hand,,release_not_at_hand,669302,"Gilbert, Logan",SB,3B,not measured,release_not_at_hand
a58a076c-a397-470a-9ce1-0db10c31c56b,HOME,59.68734269558477,4.8,204.0,128.0,L,0.12,26.66,9.0,PASS,1.273,PASS,605400,"Nola, Aaron",SB,2B,high,
7a2a4c5b-7647-48ab-9dee-8ec13834a185,AWAY,59.69923512380623,9.8,183.0,118.0,L,0.77,25.43,9.0,release_not_at_hand,,release_not_at_hand,502624,"Anderson, Chase",SB,2B,not measured,release_not_at_hand
7ffead91-4de9-4df9-888c-a40c5f8a863e,AWAY,59.70984848818807,13.4,175.0,106.0,L,0.12,21.74,9.0,cut_in_window,,not_cf_view,682171,"Murfee, Penn",SB,2B,not measured,cut_in_window
a90ea2f6-a6fb-418b-a01e-de80f66954b2,HOME,59.71376469438927,5.5,179.0,114.0,L,0.17,26.61,9.0,PASS,1.089,PASS,669923,"Kirby, George",SB,3B,high,
9952bc9f-9aad-4ce0-99c8-0ef801b03d6d,AWAY,59.68325802610281,9.0,178.0,,,0.16,,9.0,no_set_before_lift,,no_set_before_lift,656638,"Lange, Alex",CS,2B,not measured,no_set_before_lift
cb5033a2-7ddc-4832-83ca-00b226b08c92,AWAY,59.67618457099834,9.7,178.0,106.0,R,0.19,15.16,9.0,PASS,1.207,no_set_before_lift,547973,"Chapman, Aroldis",SB,3B,high,
0cde703a-49b6-42c5-943e-2a8b56588df4,AWAY,59.69321019461731,8.8,,,,,,,no_release,,no_release,623211,"Brazobán, Huascar",SB,2B,not measured,no_release
99ecdc42-7acc-4c18-a331-8ef4884bd341,HOME,59.68304129714418,5.3,179.0,106.0,L,0.13,32.22,9.0,PASS,1.223,PASS,592332,"Gausman, Kevin",SB,2B,high,
850f445a-5bb3-466b-8c76-b9d4234dc018,HOME,59.752058733031376,5.0,177.0,110.0,R,0.2,20.12,8.0,PASS,1.121,PASS,689266,"Dodd, Dylan",SB,2B,high,
055b987d-90c0-4f32-baa2-2f66974fba79,HOME,59.74359225487988,6.6,180.0,114.0,R,0.23,19.5,8.0,PASS,1.105,PASS,689266,"Dodd, Dylan",CS,2B,high,
b77bf94b-5430-41e0-9d1c-6352c5a02162,AWAY,59.80318812223054,11.3,189.0,,,0.48,,7.0,not_cf_view,,no_set_before_lift,666200,"Luzardo, Jesús",SB,2B,not measured,not_cf_view
071f6f73-2f7c-437e-8ec7-28f784e933c4,AWAY,59.704694930246,11.1,198.0,116.0,R,0.7,27.94,8.0,release_not_at_hand,,release_not_at_hand,543056,"Coulombe, Danny",SB,3B,not measured,release_not_at_hand
c39633cb-da14-457c-9de9-dd94d96da040,HOME,59.67970510121029,5.2,179.0,127.0,L,0.15,9.25,9.0,PASS,0.871,PASS,596112,"Stephenson, Robert",CS,2B,high,
dfb15b34-c9bc-42c4-ad3c-3565a00f929c,AWAY,59.71703616308156,11.8,193.0,,,0.63,,6.0,cut_in_window,,release_not_at_hand,621249,"Underwood Jr., Duane",CS,2B,not measured,cut_in_window
85ba93a0-377f-40d2-ae08-c3d82376cb04,HOME,59.64242545863531,5.2,179.0,117.0,R,0.12,22.89,9.0,PASS,1.04,PASS,571578,"Corbin, Patrick",SB,2B,high,
32fa3168-ccf5-4c6d-9030-c21bf0992b34,HOME,59.67701686214395,7.1,177.0,119.0,R,0.14,12.0,6.0,PASS,0.972,PASS,593958,"Rodriguez, Eduardo",CS,2B,high,
60aadc1d-cb4f-4a3e-bbef-cfa7e5131596,HOME,59.76651215916486,5.7,176.0,105.0,L,0.17,28.13,8.0,PASS,1.188,PASS,592332,"Gausman, Kevin",SB,2B,high,
7fca12ae-5891-4026-917e-ae605d7f8a21,HOME,59.7756129513828,5.0,181.0,120.0,L,0.1,7.55,9.0,PASS,1.02,PASS,657024,"Swanson, Erik",SB,2B,high,
94799a36-586d-4b90-8535-17ff3e95ee2d,HOME,59.751756734327415,6.3,179.0,117.0,L,0.16,9.13,9.0,PASS,1.038,PASS,647315,"Pop, Zach",SB,2B,high,
66c4a690-9d77-4a9e-a668-ddf3be7191bf,AWAY,,7.7,,,,,,,no_clip,,cut_in_window,668881,"Greene, Hunter",SB,2B,not measured,no_clip
d8603f8d-357b-460e-afab-e970e27a8805,AWAY,,15.2,,,,,,,no_clip,,not_cf_view,458681,"Lynn, Lance",SB,2B,not measured,no_clip
82f4108c-adbd-4d9c-8b0f-6b0c52bfa55d,HOME,59.6173787206722,6.3,185.0,106.0,R,0.47,23.24,9.0,PASS,1.325,PASS,656756,"Montgomery, Jordan",SB,2B,low,release_to_wrist 0.47 outside -0.32; delivery_s 1.325 outside 0.7-1.31
c6455ec0-6768-47eb-911d-8352f682d315,HOME,59.782628931426466,7.3,178.0,125.0,L,0.24,13.18,7.0,PASS,0.887,PASS,672578,"Hernández, Carlos",SB,3B,high,
0cd5aeb0-f28d-41e9-83df-288911ffd490,AWAY,59.682475022765786,9.9,175.0,112.0,L,0.19,17.78,9.0,not_cf_view,,not_cf_view,571946,"Miller, Shelby",SB,2B,not measured,not_cf_view
050b33be-c64f-45d3-9c96-ac736bfc823c,AWAY,59.68521722681829,8.8,,,,,,,no_release,,no_release,664294,"Moreta, Dauri",SB,3B,not measured,no_release
d2f63207-6e5b-49b3-9cc3-d40662f850ce,AWAY,,7.5,,,,,,,no_clip,,cut_in_window,660853,"De Los Santos, Enyel",SB,2B,not measured,no_clip
3471facd-9617-4c94-bf5e-e42afecead20,HOME,59.660796477886734,6.9,180.0,121.0,L,0.17,21.23,8.0,PASS,0.989,PASS,665152,"Kremer, Dean",CS,2B,high,
49f0b8ba-2291-4ce1-aff1-08862bc1d9c1,HOME,59.666841649969314,4.6,180.0,132.0,L,0.3,9.84,8.0,PASS,0.804,PASS,605135,"Bassitt, Chris",SB,2B,high,
3b5ef3c0-c003-47c0-9735-bf6bf6535084,HOME,59.78391002500476,5.6,208.0,156.0,L,0.16,11.48,9.0,PASS,0.87,PASS,641401,"Brogdon, Connor",SB,2B,high,
8c5ac7e6-0505-47ed-a354-d080b9aa4f3f,HOME,59.80619943468902,5.3,195.0,122.0,R,0.13,22.65,9.0,PASS,1.221,PASS,640455,"Manaea, Sean",SB,3B,high,
d323f608-f6b5-46be-9980-171e6dbd347b,AWAY,59.77931212492741,11.1,183.0,131.0,L,0.21,14.89,5.0,PASS,0.87,cut_in_window,687330,"Kelly, Kevin",SB,2B,high,
6713f14f-0a21-4b0b-a0a9-8529428b64e4,AWAY,59.6975633173572,9.7,,,,,,,not_cf_view,,release_not_at_hand,448179,"Hill, Rich",SB,3B,not measured,not_cf_view
1f21cf64-bf59-4fdf-bef4-9fc4c9a5f560,HOME,59.739045669614235,4.7,182.0,112.0,R,0.09,31.74,5.0,PASS,1.172,PASS,448179,"Hill, Rich",SB,2B,high,
12c3cfa8-f3f8-49e9-9284-491b9fdb50ca,AWAY,59.73623224478401,11.0,177.0,143.0,R,0.07,6.04,9.0,PASS,0.569,cut_in_window,477132,"Kershaw, Clayton",CS,2B,low,delivery_s 0.569 outside 0.7-1.31
3ee1b21b-b2b9-4323-9565-45cc53f78d5b,AWAY,59.74428218550421,11.3,181.0,,,0.2,,8.0,cut_in_window,,no_release,605135,"Bassitt, Chris",CS,3B,not measured,cut_in_window
126bb5f9-d341-4d9a-b56e-57ba528c9ed6,HOME,59.7034793750104,5.5,179.0,115.0,L,0.26,30.78,9.0,PASS,1.072,PASS,605182,"Clevinger, Mike",SB,3B,high,
bd21d5ef-066a-4b98-9826-b67044b5b6e5,AWAY,59.71832557546388,10.0,180.0,120.0,L,0.16,11.77,6.0,PASS,1.005,cut_in_window,676760,"Marinaccio, Ron",SB,2B,high,
aad4a03b-1bcb-48cb-8072-525aa43afc77,HOME,59.698906887712944,5.1,174.0,121.0,R,0.13,13.37,9.0,PASS,0.888,PASS,656353,"Davidson, Tucker",SB,2B,high,
495da7e1-7358-4c68-8e05-2034826094d9,HOME,59.78047438749804,8.3,250.0,191.0,R,0.21,29.13,9.0,PASS,0.987,PASS,543056,"Coulombe, Danny",SB,2B,high,
b7290202-99a5-4c9d-a05d-f158bef8e7c7,HOME,59.75407002584405,5.4,181.0,116.0,R,0.11,21.17,9.0,PASS,1.088,PASS,686610,"Waldichuk, Ken",SB,2B,high,
0f6dbd63-0a63-465b-bfba-7317fd7ac44b,HOME,59.7317436661699,4.7,176.0,116.0,L,0.23,21.24,9.0,PASS,1.004,PASS,543135,"Eovaldi, Nathan",CS,2B,high,
14b84bdb-d138-4869-a506-cfa7afc8197b,HOME,59.647468168899195,4.8,181.0,109.0,R,0.11,22.87,9.0,PASS,1.207,PASS,686610,"Waldichuk, Ken",SB,2B,high,
8ab2a498-cef5-49cc-b816-32d3a7d89666,AWAY,59.750935105556565,13.0,,,,,,,no_release,,cut_in_window,621074,"Rucker, Michael",CS,2B,not measured,no_release
0ffa3372-7f08-4433-aaa1-d39a061759d6,AWAY,59.69115128253926,13.6,237.0,,,1.81,,9.0,not_cf_view,,cut_in_window,676760,"Marinaccio, Ron",SB,2B,not measured,not_cf_view
52489aea-6ceb-4774-9db5-25584f30b177,HOME,59.73394015431268,5.0,180.0,116.0,L,0.53,14.61,9.0,PASS,1.071,PASS,593334,"Germán, Domingo",SB,2B,low,release_to_wrist 0.53 outside -0.32
d571bb99-ab09-4f9b-b851-c21bd5f36598,HOME,59.78417364834291,5.2,181.0,121.0,L,0.3,28.74,9.0,PASS,1.004,PASS,605182,"Clevinger, Mike",SB,2B,high,
72160f3e-5de5-41a5-9a04-a2c5cfba0d96,HOME,59.806199850922965,5.2,181.0,123.0,L,0.15,16.74,9.0,PASS,0.97,PASS,675916,"Karinchak, James",SB,2B,high,
f53c0ea0-fff4-48e2-b58b-637021848448,HOME,59.62842237557814,5.2,179.0,118.0,R,0.26,29.51,8.0,PASS,1.023,PASS,674072,"Henry, Tommy",CS,2B,high,
f044c4b0-2b1a-4d20-86bd-29313627275b,HOME,59.7159323108231,5.0,180.0,126.0,L,0.12,14.56,9.0,PASS,0.904,PASS,605513,"Turnbull, Spencer",SB,2B,high,
c407560f-8027-4624-904d-51503bd02369,AWAY,,3.5999999999999996,,,,,,,no_clip,,not_cf_view,656546,"Hoffman, Jeff",SB,2B,not measured,no_clip
674b3093-3c6c-4b0e-9b31-8fcd8986274b,HOME,59.75960341354098,5.2,177.0,117.0,L,0.16,16.61,7.0,PASS,1.004,PASS,656876,"Rasmussen, Drew",CS,2B,high,
ea23d9b6-597a-4850-888a-b2aae0f3c733,AWAY,,7.3,,,,,,,no_clip,,cut_in_window,675911,"Strider, Spencer",SB,2B,not measured,no_clip
47586b04-ed12-4eb1-a545-f567a270bdca,HOME,59.725656453175354,4.9,179.0,121.0,R,0.16,13.49,7.0,PASS,0.971,PASS,640462,"Puk, A.J.",SB,2B,high,
334360fa-32f5-499b-a316-8d4f259532d5,AWAY,59.7609561752988,11.7,201.0,,,1.18,,7.0,release_not_at_hand,,release_not_at_hand,425794,"Wainwright, Adam",SB,2B,not measured,release_not_at_hand
2cbf092a-1138-4c2b-863e-2d3073b33640,AWAY,59.75297713218632,11.3,177.0,126.0,L,0.26,6.76,9.0,PASS,0.854,not_cf_view,592346,"González, Chi Chi",SB,2B,high,
5ad10264-e2e0-4541-914e-5312764ce56e,HOME,59.687586771890615,7.9,232.0,186.0,L,0.05,14.29,6.0,PASS,0.771,PASS,623433,"Anderson, Nick",CS,2B,high,
996241f3-2564-4402-a407-e11c6030987a,AWAY,,2.9000000000000004,,,,,,,no_clip,,not_cf_view,642585,"Bautista, Félix",SB,2B,not measured,no_clip
c6aeb135-8374-4a87-be21-e3cc7f9c9c1d,AWAY,,5.4,,,,,,,no_clip,,not_cf_view,445926,"Chavez, Jesse",SB,2B,not measured,no_clip
846aa88b-4625-43ac-a565-7dd8fec875e5,HOME,59.7338147436329,6.4,180.0,111.0,L,0.13,27.08,9.0,PASS,1.155,PASS,665048,"Harris, Hobie",SB,3B,high,
9653c31c-99e2-4173-b1d4-d9f4c583a6e6,HOME,59.74468726703132,5.5,179.0,111.0,R,0.24,26.28,9.0,PASS,1.138,PASS,595345,"Okert, Steven",SB,2B,high,
6da66cf2-d3ae-47c7-b0fe-41440eccfa9d,AWAY,59.69451248919372,10.2,179.0,135.0,L,0.25,4.13,9.0,PASS,0.737,cut_in_window,665048,"Harris, Hobie",SB,2B,low,lift_peak_in 4.13 outside 4.28-
872ed285-fc0a-4998-831e-bbf54fe0747b,HOME,59.664137025752375,5.7,179.0,103.0,L,0.12,28.19,9.0,PASS,1.274,PASS,669438,"Englert, Mason",SB,3B,high,
29e3c483-0520-43a0-a27c-e32bdc48e01b,AWAY,59.84222112502012,11.2,213.0,,,0.49,,9.0,no_set_before_lift,,no_set_before_lift,596001,"Junis, Jakob",SB,2B,not measured,no_set_before_lift
fa1123ed-108e-4035-9d36-8447efc2496f,HOME,59.658519492118266,5.5,177.0,110.0,R,0.22,24.4,9.0,PASS,1.123,PASS,579328,"Kikuchi, Yusei",SB,2B,high,
49074087-dfca-40b9-8d3d-b86ad58b8c6d,HOME,59.65778058941988,5.0,179.0,118.0,L,0.22,15.42,8.0,PASS,1.022,PASS,518489,"Brasier, Ryan",CS,2B,high,
41cc5f74-95e3-4537-a827-908b0a7f79f9,HOME,59.73367751684191,4.6,176.0,120.0,L,0.14,14.35,9.0,PASS,0.937,PASS,592836,"Walker, Taijuan",CS,2B,high,
5200831c-7efb-4223-ac4c-aba2a1ca9b48,HOME,59.7049946139653,7.4,176.0,132.0,L,0.17,4.49,9.0,PASS,0.737,PASS,502202,"Boxberger, Brad",SB,2B,high,
3e97ee77-ac0e-4cf5-b1a2-5d20625ecf25,HOME,59.743521806959365,5.2,181.0,111.0,R,0.27,20.5,9.0,PASS,1.172,PASS,621363,"Poche, Colin",SB,2B,high,
6a943fea-2d02-4717-a141-2209441bd6c8,HOME,59.69856604544976,5.0,179.0,113.0,L,0.13,20.06,8.0,PASS,1.106,PASS,543037,"Cole, Gerrit",SB,3B,high,
ee825609-15e6-40df-8586-f32f707e4629,HOME,59.769897895091425,5.9,180.0,130.0,L,0.17,7.41,8.0,PASS,0.837,PASS,488984,"Hunter, Tommy",SB,2B,high,
30a3b80d-5ac7-4ab4-8616-de24abe04f73,HOME,59.685683034943295,5.2,177.0,121.0,L,0.08,15.74,9.0,PASS,0.938,PASS,675916,"Karinchak, James",SB,2B,high,
2f0ae100-2684-4252-868c-a2aadd0dc720,AWAY,59.77731666267425,11.9,259.0,,,,,9.0,cut_in_window,,no_release,686972,"Waites, Cole",SB,2B,not measured,cut_in_window
9754cbb2-74d9-492b-819c-80b2e58686f8,HOME,59.697836040112875,6.9,178.0,113.0,L,0.25,24.31,9.0,PASS,1.089,PASS,686972,"Waites, Cole",SB,2B,high,
54a2ee9a-4634-46c4-b474-d96bfb40df97,HOME,59.709544064882195,5.3,195.0,125.0,L,0.15,23.83,9.0,PASS,1.172,PASS,606965,"Devenski, Chris",SB,3B,high,
a790918e-e782-4a4a-9f62-5025a7fbc91c,HOME,59.74522056778357,6.7,179.0,117.0,R,0.18,14.23,7.0,PASS,1.038,PASS,640462,"Puk, A.J.",SB,2B,high,
04c15442-6f95-499f-a305-71b12c2e08e4,HOME,59.71153344275035,4.8,177.0,109.0,R,0.14,24.26,9.0,PASS,1.139,PASS,579328,"Kikuchi, Yusei",SB,3B,high,
d8d140a1-4394-4de5-a23a-7eb475c6bb63,AWAY,59.76553520803004,12.6,180.0,109.0,R,0.57,5.53,6.0,cut_in_window,,cut_in_window,642232,"Yarbrough, Ryan",CS,2B,not measured,cut_in_window
340d7b80-61c7-4ab2-965c-ba08ade71346,HOME,59.699799036860696,5.0,197.0,147.0,L,0.26,15.73,9.0,PASS,0.838,PASS,681217,"Silseth, Chase",SB,2B,high,
1741b5a4-858d-4250-a13f-4d8d6d9259a8,HOME,59.73976994154253,5.0,179.0,150.0,L,0.28,2.05,9.0,PASS,0.485,PASS,656557,"Houck, Tanner",CS,2B,low,lift_peak_in 2.05 outside 4.28-; delivery_s 0.485 outside 0.7-1.31
52cee571-8fcf-4032-b11f-78d5065d6c46,AWAY,59.61560355623635,9.3,176.0,124.0,L,0.16,12.52,8.0,PASS,0.872,no_release,682243,"Miller, Bryce",CS,2B,high,
156f3c78-99a9-4730-844c-4b95f3d3f5f0,AWAY,59.68982833365896,9.8,,,,,,,no_release,,no_set_before_lift,645261,"Alcantara, Sandy",SB,2B,not measured,no_release
9e17f79e-acb3-4ae1-8cf9-40591f7c04e4,HOME,59.765735765648515,5.5,179.0,131.0,L,0.48,2.64,6.0,PASS,0.803,PASS,676760,"Marinaccio, Ron",SB,2B,low,release_to_wrist 0.48 outside -0.32; lift_peak_in 2.64 outside 4.28-
5cd58efd-37db-48ab-a195-d73a3aab92cd,HOME,59.725103647521344,4.9,177.0,119.0,L,0.16,19.54,9.0,PASS,0.971,PASS,676440,"Bibee, Tanner",CS,2B,high,
4fc7f51d-cef5-4081-871c-bd3c22527fac,AWAY,59.64366119086907,11.1,246.0,,,1.83,,9.0,release_not_at_hand,,no_release,641627,"Gott, Trevor",SB,2B,not measured,release_not_at_hand
82d95f10-78b2-41b7-8788-f061eacd979c,HOME,59.67820187367451,5.2,198.0,123.0,R,0.17,25.67,9.0,PASS,1.257,PASS,607536,"Freeland, Kyle",CS,3B,high,
2c3a9ca7-70ce-4e14-8ac1-3a2cb25b8b65,AWAY,59.683454932078384,7.0,,,,,,,no_release,,no_release,656302,"Cease, Dylan",SB,2B,not measured,no_release
268c5ef3-507d-48ca-8aa7-eb2498d05e46,AWAY,59.62887807740263,9.5,,,,,,,no_release,,no_release,656302,"Cease, Dylan",SB,2B,not measured,no_release
0be4c4b6-eb17-4e45-9796-1df781b92b64,HOME,59.793932128892315,5.1,180.0,122.0,L,0.14,21.09,7.0,PASS,0.97,PASS,676440,"Bibee, Tanner",SB,2B,high,
e10776f6-f0a5-4b80-b3eb-93de93ffb164,HOME,59.693864114526384,5.3,188.0,127.0,L,0.28,24.26,9.0,PASS,1.022,PASS,686613,"Brown, Hunter",CS,2B,high,
43344c63-0bd2-444e-996b-81c6af25f976,AWAY,59.669066179114296,7.0,178.0,108.0,R,0.2,18.61,9.0,PASS,1.173,not_cf_view,607536,"Freeland, Kyle",CS,2B,high,
ca5fd80d-c134-4a79-b824-e8c6f5a49c2b,AWAY,59.65874590130753,9.4,179.0,109.0,L,0.12,15.98,9.0,PASS,1.173,cut_in_window,593833,"Suero, Wander",SB,2B,high,
72476f45-84c9-4a8b-96ce-72db871418e8,AWAY,59.70222292907914,9.3,176.0,118.0,L,0.15,19.83,9.0,PASS,0.971,no_release,592351,"Gray, Jon",SB,2B,high,
ccd7b41f-9953-4b40-9d5c-8086d2050dab,HOME,59.70049662099507,5.0,179.0,117.0,L,0.14,22.84,9.0,PASS,1.039,PASS,664062,"Gonsolin, Tony",SB,2B,high,
66079790-8415-4b0a-810a-afb9b55fb607,HOME,59.67316689388434,4.9,197.0,146.0,L,0.2,5.71,9.0,PASS,0.855,PASS,453268,"Bard, Daniel",CS,2B,high,
7edc02c6-d6e5-47cb-bc6e-08a2862fc6ad,HOME,59.6555186228543,5.1,176.0,119.0,R,0.14,5.74,8.0,PASS,0.955,PASS,666129,"Garrett, Braxton",SB,2B,high,
7108ed6e-6dcd-49db-aed6-5948d0394f70,HOME,59.657555048397725,5.5,202.0,138.0,L,0.22,23.88,9.0,PASS,1.073,PASS,573186,"Stroman, Marcus",SB,2B,high,
4e95d06c-08b7-45eb-885f-c6e55ce6cbe4,AWAY,59.667221835939394,9.8,186.0,,,0.88,,9.0,release_not_at_hand,,no_release,656427,"Flaherty, Jack",CS,2B,not measured,release_not_at_hand
1949d4d0-c57e-4035-afa3-0885b8e0f10d,AWAY,59.68175984034816,11.2,179.0,112.0,L,0.12,29.09,9.0,PASS,1.123,release_not_at_hand,641360,"Bickford, Phil",SB,2B,high,
6766f3de-571b-47a6-8449-2f31c154c754,HOME,59.68851735425718,5.2,177.0,107.0,L,0.19,25.9,6.0,PASS,1.173,PASS,663878,"Pearson, Nate",SB,2B,high,
75097a32-504a-4af4-b709-894df99ebe2d,HOME,59.73519449861439,5.5,179.0,125.0,L,0.22,19.54,9.0,PASS,0.904,PASS,656257,"Brigham, Jeff",CS,2B,high,
7da67493-1529-412b-bdec-b9646b1bd5f2,AWAY,59.72337008217811,10.1,174.0,130.0,L,0.19,2.95,9.0,PASS,0.737,cut_in_window,660271,"Ohtani, Shohei",SB,2B,low,lift_peak_in 2.95 outside 4.28-
10e392fa-9093-47a1-904d-feac4a43d7d1,HOME,59.72004752425389,5.0,180.0,121.0,L,0.13,18.37,9.0,PASS,0.988,PASS,669456,"Bieber, Shane",SB,2B,high,
04289c98-422a-46e4-8efc-20b3fbff1506,AWAY,59.753100388869385,11.0,184.0,,,0.95,,9.0,cut_in_window,,cut_in_window,643377,"Jax, Griffin",SB,2B,not measured,cut_in_window
e9590c1c-1be7-48c3-abc4-257f29dd5188,HOME,59.724824884007575,5.3,177.0,109.0,L,0.15,19.78,9.0,PASS,1.139,PASS,669456,"Bieber, Shane",SB,2B,high,
314c3d79-ba8e-43d8-a30b-0a77b33ab5a6,AWAY,59.79981452463944,10.8,,,,,,,no_release,,no_release,607968,"Rucinski, Drew",CS,2B,not measured,no_release
14808776-53a7-4ba8-b815-d7a7b69e4e61,HOME,59.69121276473627,5.2,179.0,131.0,L,0.16,4.54,9.0,PASS,0.804,PASS,680570,"Rodriguez, Grayson",SB,2B,high,
3eecb617-7ccb-4d7a-b08c-fa19f0dd7d07,AWAY,59.79709096875541,8.899999999999999,,,,,,,no_release,,no_release,643377,"Jax, Griffin",SB,3B,not measured,no_release
d7f3d403-f640-48cc-9d9a-5824299515b5,AWAY,59.73984262084471,10.3,179.0,114.0,L,0.11,20.56,5.0,not_cf_view,,no_set_before_lift,450203,"Morton, Charlie",SB,2B,not measured,not_cf_view
275944e2-add0-4162-bf34-34aac9279ab2,AWAY,59.77085379672006,9.5,,,,,,,no_release,,no_release,608717,"Stratton, Chris",SB,2B,not measured,no_release
ca9601a0-e18a-4709-a442-eb357e40c16a,AWAY,59.72820544837776,15.0,172.0,128.0,L,0.23,7.44,7.0,PASS,0.737,no_release,543518,"McGough, Scott",CS,2B,high,
f710e1c3-bda5-4b6d-a17f-e1772cd400ea,HOME,59.63047524030621,4.8,179.0,113.0,L,0.13,20.52,9.0,PASS,1.107,PASS,669456,"Bieber, Shane",SB,2B,high,
370bc772-0d83-4ac5-9a50-3b96177e8a96,HOME,59.74546116545024,5.0,180.0,130.0,L,0.13,7.44,9.0,PASS,0.837,PASS,608379,"Wacha, Michael",SB,2B,high,
3e2c6350-a3ad-4db2-b453-0488de25506d,HOME,59.75083495356101,5.6,178.0,107.0,R,0.16,34.05,9.0,PASS,1.188,PASS,641778,"Lauer, Eric",SB,2B,high,
0e829c08-67fe-4f4f-a2c3-2cd0f2ebfffd,AWAY,59.66137082830392,17.299999999999997,263.0,,,0.92,,8.0,cut_in_window,,release_not_at_hand,642585,"Bautista, Félix",SB,2B,not measured,cut_in_window
89baad6f-cd65-4105-a154-df43fc6ad40b,HOME,59.676622219373826,6.0,198.0,142.0,L,0.19,16.61,9.0,PASS,0.938,PASS,542585,"Cisnero, José",SB,2B,high,
f72fdd1b-adfc-4d0d-b0d8-563afa8b77e6,HOME,59.667720713433155,5.6,172.0,122.0,L,0.13,3.5,9.0,PASS,0.838,PASS,660271,"Ohtani, Shohei",CS,2B,low,lift_peak_in 3.5 outside 4.28-
bc4f51dc-82e0-4c24-8996-cf3ae4463f59,AWAY,59.76472898940088,11.1,175.0,117.0,L,0.33,15.39,9.0,PASS,0.97,no_set_before_lift,694297,"Pfaadt, Brandon",SB,2B,low,release_to_wrist 0.33 outside -0.32
0e301568-b8de-4a81-8a79-937cd2b45279,HOME,59.73150787097462,5.4,170.0,108.0,L,0.08,21.31,9.0,PASS,1.038,PASS,694297,"Pfaadt, Brandon",SB,2B,high,
8a4233dd-8ccc-4ee2-9112-1a532fc19257,HOME,59.74244752997977,5.7,173.0,126.0,L,0.24,2.87,9.0,PASS,0.787,PASS,660271,"Ohtani, Shohei",SB,2B,low,lift_peak_in 2.87 outside 4.28-
6a9016c5-925a-45f9-bffc-d8325735f6a2,HOME,59.67001761343894,5.3,179.0,115.0,L,0.15,27.36,9.0,PASS,1.073,PASS,665152,"Kremer, Dean",SB,2B,high,
3ee73655-166e-48d0-8b7e-fe4b74c28a67,HOME,59.69457026267855,5.1,181.0,123.0,L,0.1,8.39,9.0,PASS,0.972,PASS,630023,"Chirinos, Yonny",SB,2B,high,
d168460f-2dac-4cb7-86e7-f125176caeb5,AWAY,59.78010092667974,13.3,194.0,,,0.8,,5.0,cut_in_window,,release_not_at_hand,664849,"Young, Danny",CS,2B,not measured,cut_in_window
c194078e-ed9e-400a-aea3-e89f18aa5b32,AWAY,59.789881274378615,12.1,186.0,,,0.86,,6.0,cut_in_window,,cut_in_window,621345,"Minter, A.J.",SB,2B,not measured,cut_in_window
10e43d88-c6c9-42f9-a6ef-0bad67e6652e,HOME,59.63983631109443,7.8,179.0,120.0,R,0.16,26.7,9.0,PASS,0.989,PASS,543056,"Coulombe, Danny",SB,2B,high,
8a17b4c6-ab56-4313-8cc8-b6de72a27a6b,HOME,59.78554766620696,6.8,192.0,130.0,R,0.57,19.6,9.0,PASS,1.037,PASS,489119,"Miley, Wade",SB,2B,low,release_to_wrist 0.57 outside -0.32
62c279e9-eadf-4cb0-8987-cb99d468be48,HOME,59.67629556500927,8.5,177.0,111.0,L,0.19,18.45,7.0,PASS,1.106,PASS,641154,"López, Pablo",SB,2B,high,
440c0706-d955-49a4-bcd6-d9ecbb93f48c,AWAY,59.63635657541196,13.0,155.0,110.0,L,0.11,16.93,8.0,PASS,0.755,no_release,641154,"López, Pablo",CS,3B,high,
eef651ea-a587-4356-bda0-8784a67dbf8d,AWAY,59.69905750193469,10.6,183.0,114.0,L,0.81,17.03,7.0,release_not_at_hand,,release_not_at_hand,672730,"Then, Juan",SB,2B,not measured,release_not_at_hand
64f6c634-b150-471d-851d-d65ff9fbaf41,AWAY,59.72780488102787,9.9,,,,,,,no_release,,no_release,670059,"Holderman, Colin",SB,2B,not measured,no_release
6e7468ee-a6b3-4feb-85bc-619273152d10,HOME,59.79976356020295,6.0,178.0,118.0,R,0.12,12.54,9.0,PASS,1.003,PASS,640455,"Manaea, Sean",SB,2B,high,
c24a9096-60b3-492f-9466-79fcd112e70c,HOME,59.6774138420155,6.0,174.0,119.0,L,0.19,15.47,9.0,PASS,0.922,PASS,622608,"Senzatela, Antonio",CS,2B,high,
a2f15c0a-745d-4119-ae33-36c05e5ee795,AWAY,59.669973480011784,9.7,,,,,,,no_release,,no_release,623167,"Flexen, Chris",CS,2B,not measured,no_release
f5a95518-8c3d-4f06-b2d0-09f071067fa5,AWAY,59.691804018965904,11.5,177.0,102.0,L,0.13,20.57,7.0,cut_in_window,,not_cf_view,663567,"Lambert, Peter",CS,2B,not measured,cut_in_window
8868428f-9c69-4358-aa89-cbac92bacc47,HOME,59.68417987975359,5.6,201.0,143.0,L,0.23,14.56,9.0,PASS,0.972,PASS,664139,"Gibaut, Ian",CS,2B,high,
72e8f097-0e90-4a8b-ac9c-0c2733d41bf9,HOME,59.67502975250771,5.9,180.0,121.0,R,0.11,23.22,9.0,PASS,0.989,PASS,642397,"Soto, Gregory",SB,2B,high,
13443ba2-bbc5-47a3-a51c-71a932364b11,AWAY,59.67756301772513,10.4,175.0,,,0.21,,9.0,cut_in_window,,no_set_before_lift,448179,"Hill, Rich",SB,2B,not measured,cut_in_window
04868290-1df4-456e-ad1a-795c2878a50a,HOME,59.63281645424009,5.4,174.0,115.0,L,0.18,28.37,9.0,PASS,0.989,PASS,605182,"Clevinger, Mike",SB,3B,high,
db161daf-d211-4846-89c8-9a5de5852a52,HOME,59.73593760444115,5.1,179.0,119.0,L,0.16,25.82,5.0,PASS,1.004,PASS,605182,"Clevinger, Mike",SB,2B,high,
676c9d19-b0d9-45ca-9447-0bc6655a665c,AWAY,59.7772565052987,9.7,172.0,109.0,L,0.18,21.31,9.0,PASS,1.054,no_set_before_lift,543135,"Eovaldi, Nathan",CS,2B,high,
603b9aa7-6fbf-4bce-9682-0f5588f9a3a3,HOME,59.7535439907196,5.3,176.0,107.0,L,0.14,27.08,9.0,PASS,1.155,PASS,665622,"Medina, Luis",SB,2B,high,
66268365-5d9c-4e35-83a5-0d3d1efe2be8,AWAY,59.717678197257655,12.2,177.0,116.0,L,0.17,20.71,9.0,PASS,1.021,cut_in_window,543135,"Eovaldi, Nathan",CS,2B,high,
7689f620-f48d-419d-afcf-a146cde008be,HOME,59.732827658601835,5.2,178.0,116.0,R,0.16,29.25,9.0,PASS,1.038,PASS,674072,"Henry, Tommy",CS,3B,high,
f9bd7a49-3162-42b6-83f5-c77b30ce9662,HOME,59.69997425080983,5.3,175.0,115.0,R,0.24,29.33,9.0,PASS,1.005,PASS,674072,"Henry, Tommy",SB,2B,high,
41b85b2a-5c81-4fec-b00a-bbad4a891a5a,HOME,59.725493408130895,8.8,145.0,116.0,L,0.09,5.03,9.0,PASS,0.486,PASS,593334,"Germán, Domingo",SB,2B,low,delivery_s 0.486 outside 0.7-1.31
7ff60f32-4af5-4245-9eef-095c5753dfe6,HOME,59.69718817591925,6.5,181.0,122.0,L,0.25,29.0,9.0,PASS,0.988,PASS,641329,"Baker, Bryan",CS,2B,high,
d12aafdb-9594-4c83-a1a7-666a9b3164ab,HOME,59.76439817183281,5.4,176.0,109.0,L,0.16,5.51,9.0,PASS,1.121,PASS,445276,"Jansen, Kenley",SB,2B,high,
b411f3dd-b955-4491-b28e-b7a914ff9c28,HOME,59.682144450041875,8.8,181.0,118.0,L,0.25,25.33,9.0,PASS,1.056,PASS,656731,"Megill, Tylor",SB,2B,high,
dd3ada02-ca2b-44a3-bfb0-4fde065ca1d8,AWAY,59.71991960934727,21.299999999999997,180.0,,,0.14,,8.0,no_set_before_lift,,cut_in_window,656945,"Scott, Tanner",SB,2B,not measured,no_set_before_lift
6f435374-ade1-49f8-9b8a-bf447804df47,AWAY,,3.0999999999999996,,,,,,,no_clip,,not_cf_view,543243,"Gray, Sonny",CS,2B,not measured,no_clip
cc16f568-cd2f-4517-b9ee-55e6408aa768,HOME,59.69829689827045,8.6,181.0,112.0,L,0.14,23.67,9.0,PASS,1.156,PASS,675911,"Strider, Spencer",SB,2B,high,
0b58fa8c-ba5d-4f69-9c86-53e946f234bc,AWAY,59.68613763946427,17.3,161.0,117.0,L,0.06,13.17,5.0,PASS,0.737,no_release,691587,"Pérez, Eury",SB,3B,high,
fb0c71a6-c1d4-4149-bd33-ef47db1f0a93,HOME,59.735049046720704,6.8,173.0,106.0,R,0.07,24.37,9.0,PASS,1.122,PASS,686610,"Waldichuk, Ken",SB,2B,high,
b822d117-bcd2-47a6-9b6c-daafb9f0b776,AWAY,59.66540987466048,12.0,179.0,96.0,R,0.12,21.17,9.0,PASS,1.391,no_set_before_lift,542881,"Anderson, Tyler",SB,2B,low,delivery_s 1.391 outside 0.7-1.31
50870639-26b3-4d56-b2ea-86961621ad99,HOME,59.64045746521897,7.4,178.0,119.0,L,0.21,21.28,9.0,PASS,0.989,PASS,656731,"Megill, Tylor",SB,2B,high,
f3503f77-dcae-4055-84bb-3c292eede07c,HOME,59.71230715172731,9.1,181.0,123.0,L,0.16,11.85,4.0,PASS,0.971,PASS,664139,"Gibaut, Ian",CS,2B,low,ball_pts 4.0 outside 5-
6378a8cf-7980-49d6-8683-0ead26c1cc3c,HOME,59.77745052823892,7.4,180.0,125.0,L,0.26,13.95,9.0,PASS,0.92,PASS,666619,"Santos, Gregory",SB,2B,high,
2822a979-045d-4043-93c9-0686aac41049,HOME,59.74036954122598,8.1,176.0,128.0,L,0.1,2.49,2.0,PASS,0.803,PASS,664875,"Lawrence, Justin",SB,3B,low,ball_pts 2.0 outside 5-; lift_peak_in 2.49 outside 4.28-
cd6f548b-e564-40d1-b4d7-8a3f0053ca18,AWAY,59.78364015942304,12.5,174.0,,,0.12,,9.0,no_set_before_lift,,no_set_before_lift,518397,"Alexander, Scott",SB,2B,not measured,no_set_before_lift
d1bae723-0f1a-4405-8f63-b1ac206dc25c,AWAY,59.60543445605368,13.0,248.0,,,2.26,,3.0,not_cf_view,,no_release,592836,"Walker, Taijuan",CS,2B,not measured,not_cf_view
cb32a7d9-224b-4bb9-9f02-8698cff84428,AWAY,59.64671371962279,17.7,258.0,,,2.43,,9.0,cut_in_window,,not_cf_view,680694,"Bradish, Kyle",SB,2B,not measured,cut_in_window
145cbde7-ac1a-4ec7-9847-b0348bdc38f4,HOME,59.638866942012406,7.3,177.0,112.0,L,0.14,15.8,9.0,PASS,1.09,PASS,669160,"May, Dustin",SB,3B,high,
9ca67b08-be95-4fd1-8d59-1b61f89ce7a7,AWAY,,6.1,,,,,,,no_clip,,cut_in_window,657031,"Taylor, Josh",SB,2B,not measured,no_clip
c1e2b0a8-c669-46ed-a195-436b72e65a7c,AWAY,59.69294477851935,16.2,179.0,108.0,L,0.28,6.4,5.0,cut_in_window,,not_cf_view,670912,"Oviedo, Johan",CS,2B,not measured,cut_in_window
5a82039f-e898-4310-be3e-1381372d6294,HOME,59.747281960229365,6.1,183.0,129.0,L,0.3,18.23,9.0,PASS,0.904,PASS,656629,"Kopech, Michael",SB,2B,high,
80d3930a-6eb1-4311-9eba-b9f0f6265320,AWAY,59.74420255272389,11.4,178.0,99.0,L,0.14,16.72,9.0,PASS,1.322,no_set_before_lift,445276,"Jansen, Kenley",SB,2B,low,delivery_s 1.322 outside 0.7-1.31
d82243b7-ae53-4999-8e8a-ddbbcff11269,HOME,59.67459324155194,6.1,184.0,112.0,R,0.19,25.88,9.0,PASS,1.207,PASS,657031,"Taylor, Josh",SB,2B,high,
d1d58530-189c-4606-984e-89a8dca1e232,HOME,59.69171715245638,6.5,181.0,118.0,L,0.23,19.38,9.0,PASS,1.055,PASS,605135,"Bassitt, Chris",CS,3B,high,
f9111d68-cd2c-479b-8e55-e1f12f960b70,HOME,59.73202499755842,5.3,178.0,122.0,L,0.3,20.35,9.0,PASS,0.938,PASS,656629,"Kopech, Michael",SB,2B,high,
812a6269-9662-46af-b2a7-c2b64b141b4a,AWAY,,6.4,,,,,,,no_clip,,cut_in_window,592773,"Stanek, Ryne",SB,2B,not measured,no_clip
8d8f155a-76f3-4896-bec9-083f7b02d67d,AWAY,59.77314287051493,13.1,183.0,116.0,L,0.95,22.62,9.0,release_not_at_hand,,release_not_at_hand,663567,"Lambert, Peter",CS,2B,not measured,release_not_at_hand
dca8067c-c22a-4e08-947b-176845a7fc95,HOME,59.7598245833286,5.4,177.0,117.0,L,0.15,18.45,4.0,PASS,1.004,PASS,571656,"Farmer, Buck",SB,2B,low,ball_pts 4.0 outside 5-
6d114700-e12b-4fcc-b2a4-798fd74ba975,AWAY,59.65464753456275,11.3,,,,,,,no_release,,not_cf_view,645261,"Alcantara, Sandy",SB,2B,not measured,no_release
6a83eecf-c1a1-4765-baf9-d0ddc38fdaf5,HOME,59.74238621288107,7.8,181.0,124.0,L,0.17,16.66,7.0,PASS,0.954,PASS,572193,"Tepera, Ryan",SB,2B,high,
d2a0e6c8-8f62-4158-a375-164cdbc2158e,AWAY,59.74973155147301,12.7,136.0,109.0,L,0.74,7.25,3.0,release_not_at_hand,,release_not_at_hand,621076,"Kaprielian, James",SB,3B,not measured,release_not_at_hand
83ab6dfa-fdb0-4bd4-8e9d-82ac1b70159e,HOME,59.64817954607762,7.3,179.0,107.0,L,0.15,31.26,5.0,PASS,1.207,PASS,641401,"Brogdon, Connor",SB,2B,high,
409df63f-0015-429d-a86f-6f7afec03966,AWAY,59.646285630937896,8.3,,,,,,,not_cf_view,,cut_in_window,641729,"Jiménez, Joe",SB,2B,not measured,not_cf_view
94997420-6cb1-44d3-b92c-0a215774e17b,HOME,59.670980841747586,7.6,179.0,107.0,R,0.13,17.58,9.0,PASS,1.207,PASS,621345,"Minter, A.J.",SB,3B,high,
cd745d00-2e0b-47dc-8922-e4292141cbec,AWAY,59.67241651587829,12.9,182.0,103.0,R,0.42,12.06,9.0,cut_in_window,,cut_in_window,669276,"Lee, Dylan",SB,2B,not measured,cut_in_window
4efa8583-6c43-47a1-9cf5-bf6787ba78a9,AWAY,59.76829823052633,10.3,181.0,116.0,L,0.18,18.42,9.0,PASS,1.088,cut_in_window,641729,"Jiménez, Joe",SB,3B,high,
5d4ff3b5-cc91-49d8-a4d6-b0d6ac936e72,AWAY,59.66657801965947,10.6,181.0,115.0,L,0.13,21.13,7.0,PASS,1.106,no_release,645261,"Alcantara, Sandy",SB,2B,high,
edb322de-4494-4322-8c35-f67b7bc775ea,AWAY,59.667434994102635,9.9,175.0,113.0,R,0.17,17.86,7.0,PASS,1.039,not_cf_view,571927,"Matz, Steven",SB,2B,high,
96efadd0-5754-4181-a881-66e2e65d853e,HOME,59.670734928248386,5.5,178.0,116.0,L,0.13,6.72,9.0,PASS,1.039,PASS,663372,"Feltner, Ryan",SB,2B,high,
78061eed-6c99-4c3c-85b6-5ea57a0cdee9,HOME,59.71803861038228,5.6,179.0,116.0,L,0.13,20.26,9.0,PASS,1.055,PASS,660853,"De Los Santos, Enyel",SB,2B,high,
aa279245-b068-4b52-bc5e-c13f80dfbac7,AWAY,59.55579986310219,10.1,185.0,126.0,L,0.55,10.82,9.0,PASS,0.991,cut_in_window,554340,"García, Yimi",SB,3B,low,release_to_wrist 0.55 outside -0.32
ce6c30ca-257c-40f0-8dfd-ccff965c26c5,HOME,59.66435092137144,5.6,181.0,117.0,L,0.39,4.92,7.0,PASS,1.073,PASS,657044,"Thompson, Ryan",SB,2B,low,release_to_wrist 0.39 outside -0.32
fb128d2e-55ea-4d66-9f37-029a09ef9c15,AWAY,59.67414301300173,8.5,182.0,131.0,L,0.23,7.57,6.0,PASS,0.855,not_cf_view,554340,"García, Yimi",SB,2B,high,
ecb59451-a9b5-4b19-827d-ccc9176cea93,HOME,59.764776068521755,5.1,179.0,115.0,R,0.11,11.02,9.0,PASS,1.071,PASS,672282,"Detmers, Reid",SB,2B,high,
8c27c735-45d5-4e49-9158-38e5d51cac30,HOME,59.766666763189065,5.9,179.0,119.0,L,0.18,24.78,9.0,PASS,1.004,PASS,615698,"Quantrill, Cal",SB,2B,high,
d90c3334-8a48-46c9-9453-843151865374,HOME,59.725181459791344,5.6,178.0,131.0,L,0.18,13.9,9.0,PASS,0.787,PASS,676684,"Vest, Will",SB,2B,high,
19c82790-45a0-4db5-95db-5369351b1ad0,AWAY,59.66365505208423,15.6,184.0,106.0,L,0.62,23.47,7.0,release_not_at_hand,,release_not_at_hand,621076,"Kaprielian, James",SB,3B,not measured,release_not_at_hand
1f0b1578-94aa-4f35-be77-1c7d7e11a132,HOME,59.63781935874284,6.1,182.0,117.0,L,0.36,4.8,5.0,PASS,1.09,PASS,657044,"Thompson, Ryan",SB,3B,low,release_to_wrist 0.36 outside -0.32
766517b4-631d-4266-9383-1e1ceca859c2,HOME,59.70135644490846,6.6,197.0,118.0,R,0.09,20.27,9.0,PASS,1.323,PASS,547973,"Chapman, Aroldis",SB,2B,low,delivery_s 1.323 outside 0.7-1.31
9f26f180-3f52-4ea0-91f1-94e10d94c251,AWAY,59.69808098905199,8.5,,,,,,,no_release,,no_release,621076,"Kaprielian, James",SB,2B,not measured,no_release
869043fc-5871-4c45-8ae1-83c38493df23,AWAY,59.64320873890761,15.9,183.0,,,0.13,,9.0,no_set_before_lift,,no_set_before_lift,445276,"Jansen, Kenley",SB,2B,not measured,no_set_before_lift
ddb8da47-96c2-4c98-870a-cdaa1331b516,AWAY,59.80285217048517,13.9,184.0,121.0,L,0.62,20.65,5.0,release_not_at_hand,,release_not_at_hand,592351,"Gray, Jon",SB,2B,not measured,release_not_at_hand
d7c7c937-920a-4295-932b-bbfdcd289411,AWAY,,7.2,,,,,,,no_clip,,no_release,656302,"Cease, Dylan",CS,2B,not measured,no_clip
f833bf02-eafa-491a-998f-b3b4465ec4e3,HOME,59.772387482994866,7.8,178.0,121.0,L,0.21,23.33,9.0,PASS,0.954,PASS,660813,"Graterol, Brusdar",SB,2B,high,
d674dc8f-91bc-439a-b855-1434add4a536,AWAY,59.69293756397134,20.4,177.0,101.0,L,0.28,8.55,7.0,cut_in_window,,cut_in_window,605400,"Nola, Aaron",SB,2B,not measured,cut_in_window
c050324e-59ee-494e-84ce-7855f52bee7c,AWAY,59.75049019439513,11.6,,,,,,,no_release,,no_release,656605,"Keller, Mitch",SB,2B,not measured,no_release
fbd33c03-5e36-4752-ac8f-569e91613a1b,HOME,59.72130059721301,22.6,182.0,139.0,L,0.17,3.87,9.0,PASS,0.72,PASS,669438,"Englert, Mason",SB,2B,low,lift_peak_in 3.87 outside 4.28-
2328f222-7397-45c9-b626-c3a7bf63b8bc,HOME,59.6076947209593,13.5,178.0,110.0,R,0.16,18.94,8.0,PASS,1.141,PASS,607536,"Freeland, Kyle",SB,2B,high,
2e59ca8a-55b5-43e7-8ae3-f38606982a42,HOME,59.68411936360127,9.4,196.0,130.0,L,0.12,20.75,9.0,PASS,1.106,PASS,657277,"Webb, Logan",SB,2B,high,
201bb6c1-e49f-4da5-8b2d-3882d89ecf93,AWAY,59.77945105092129,19.4,179.0,,,0.11,,9.0,no_set_before_lift,,no_set_before_lift,453286,"Scherzer, Max",SB,2B,not measured,no_set_before_lift
44bcb548-8d39-4631-ac58-e5aa61c942eb,HOME,59.67114076526011,8.5,180.0,118.0,L,0.11,21.53,9.0,PASS,1.039,PASS,664062,"Gonsolin, Tony",SB,3B,high,
48d0983c-bc9f-4f5a-8e30-7ba3c54fcc2d,AWAY,59.672690837570045,15.3,,,,,,,no_release,,cut_in_window,543859,"Tonkin, Michael",SB,2B,not measured,no_release
ec41fea4-8880-4db2-8235-a420c6e06447,AWAY,59.67979630051338,16.4,181.0,120.0,L,0.2,20.87,4.0,PASS,1.022,release_not_at_hand,621107,"Eflin, Zach",SB,2B,low,ball_pts 4.0 outside 5-
c66b8016-5d9b-4471-83b5-181c44c56d52,HOME,59.72395034578547,6.0,180.0,123.0,L,0.23,17.26,8.0,PASS,0.954,PASS,657376,"Schmidt, Clarke",CS,2B,high,
0e3755f0-7006-4aee-b606-f50d61da0d1e,AWAY,59.69766904618678,9.9,,,,,,,no_release,,no_release,608723,"Voth, Austin",SB,2B,not measured,no_release
b7f32c4d-aaa8-4cee-b71d-dcdced61e573,AWAY,,7.5,,,,,,,no_clip,,cut_in_window,446372,"Kluber, Corey",SB,2B,not measured,no_clip
65ca2e49-7519-4441-8411-c43c005445cb,HOME,59.64493808486124,5.5,175.0,114.0,L,0.14,21.22,8.0,PASS,1.023,PASS,669923,"Kirby, George",CS,2B,high,
6a42d933-5d56-4816-82bf-97981ad8f739,AWAY,59.79876105560927,13.6,180.0,114.0,L,0.3,21.92,9.0,PASS,1.104,cut_in_window,663878,"Pearson, Nate",SB,2B,high,
f23e68b5-7db5-4f03-9357-79eef8ee26b6,HOME,59.70615688902961,7.0,177.0,127.0,L,0.14,4.38,9.0,PASS,0.837,PASS,608379,"Wacha, Michael",SB,2B,high,
2144dab6-d44d-4a99-bd19-45af619ba4b9,HOME,59.762768401777485,6.9,183.0,121.0,R,0.1,21.23,9.0,PASS,1.037,PASS,571578,"Corbin, Patrick",SB,2B,high,
d4ffec54-12a0-47cd-8ad4-9c6341c9539d,AWAY,59.70662881231987,12.3,176.0,116.0,L,0.09,10.68,7.0,PASS,1.005,cut_in_window,518876,"Kelly, Merrill",SB,2B,high,
ca4f319d-147c-40ac-948f-c77349b2d696,AWAY,59.70501429284275,15.3,177.0,126.0,L,0.15,4.57,8.0,PASS,0.854,cut_in_window,660271,"Ohtani, Shohei",SB,2B,high,
dba03895-ee41-44f3-bfc6-7f9065c4faaa,AWAY,59.70195304063435,20.2,243.0,,,2.32,,6.0,not_cf_view,,cut_in_window,453268,"Bard, Daniel",CS,2B,not measured,not_cf_view
b5b4e2b0-8326-43b6-b069-bf041e87b744,AWAY,59.62105263157895,13.8,175.0,107.0,R,0.22,22.45,8.0,PASS,1.141,release_not_at_hand,664285,"Valdez, Framber",SB,2B,high,
236c3feb-3268-43f1-bf67-159ee80b1dce,AWAY,59.75601124138777,10.9,173.0,110.0,L,0.13,28.32,9.0,not_cf_view,,no_release,605347,"López, Jorge",SB,3B,not measured,not_cf_view
f185723d-5a43-4e85-892a-4bb356d7d73b,HOME,59.74675523067,6.1,176.0,120.0,R,0.11,21.96,9.0,PASS,0.937,PASS,657514,"Bernardino, Brennan",SB,2B,high,
88db11b5-27ee-4941-9b98-0fc9fd5e66fe,HOME,59.62877944494251,6.9,172.0,107.0,R,0.17,28.5,9.0,PASS,1.09,PASS,674072,"Henry, Tommy",SB,3B,high,
3514e01f-528c-4c97-a1ec-7e9df89e4cd1,AWAY,59.681631208909074,12.8,,,,,,,no_release,,no_release,606303,"Payamps, Joel",SB,2B,not measured,no_release
546f0f05-26bd-42df-b409-fb6033e96fb7,HOME,59.72390630469745,5.9,167.0,110.0,L,0.24,15.85,9.0,PASS,0.954,PASS,622098,"Smith, Drew",SB,2B,high,
32fe8965-0030-4584-aab4-13d1ff56bdc7,HOME,59.66895662862439,5.4,181.0,105.0,R,0.09,23.97,7.0,PASS,1.274,PASS,656756,"Montgomery, Jordan",SB,3B,high,
05e45428-a92b-4384-95e8-cb006248a1f1,AWAY,59.7508946514352,11.3,,,,,,,no_release,,release_not_at_hand,502171,"Cobb, Alex",SB,3B,not measured,no_release
be6fc7fd-5382-410c-9b73-6a50a57a0978,HOME,59.69693923184391,7.1,197.0,127.0,R,0.17,13.56,9.0,PASS,1.173,PASS,669276,"Lee, Dylan",SB,2B,high,
047a666d-9b3f-4d5c-93ec-e8f5186a1f90,HOME,59.666915176123375,6.9,179.0,128.0,L,0.26,19.07,9.0,PASS,0.855,PASS,663855,"Hicks, Jordan",CS,2B,high,
edc43f40-4355-46e5-85c4-cde304298531,AWAY,59.7017724183437,10.2,192.0,120.0,L,1.36,15.76,9.0,release_not_at_hand,,no_release,572403,"VerHagen, Drew",SB,2B,not measured,release_not_at_hand
9769ea0d-962a-4c52-9a2f-0d2cff153536,HOME,59.70307368675939,6.5,199.0,165.0,R,0.1,5.36,9.0,PASS,0.569,PASS,477132,"Kershaw, Clayton",SB,2B,low,delivery_s 0.569 outside 0.7-1.31
69f7c97c-e18a-4d56-b316-0fa31f78925b,HOME,59.76866516647795,5.8,199.0,132.0,L,0.18,18.64,9.0,PASS,1.121,PASS,571946,"Miller, Shelby",SB,2B,high,
67d70f23-5453-49b7-8d0b-467dcf1a0664,HOME,59.79620143947751,5.9,178.0,121.0,L,0.14,23.54,6.0,PASS,0.953,PASS,607625,"Lugo, Seth",SB,2B,high,
04e4ed46-6f4d-4c9b-a383-876761534b22,AWAY,59.73161684486144,11.5,178.0,116.0,L,0.16,21.2,9.0,PASS,1.038,cut_in_window,680686,"Gray, Josiah",SB,2B,high,
1e9338d3-8110-4979-b23c-4116cf3ba9d3,AWAY,59.61303324862779,10.8,,,,,,,no_release,,no_release,640451,"Harvey, Hunter",SB,2B,not measured,no_release
6bf29d7f-59a1-4253-b72d-0b2165180295,HOME,59.68514775673503,5.3,203.0,140.0,R,0.13,26.99,9.0,PASS,1.056,PASS,677865,"Bruihl, Justin",SB,2B,high,
9b515e37-8d39-44b9-9a6a-97b08c3f47b3,HOME,59.75068316133277,5.5,199.0,164.0,R,0.13,5.51,9.0,PASS,0.586,PASS,477132,"Kershaw, Clayton",SB,2B,low,delivery_s 0.586 outside 0.7-1.31
cfb4ab47-4b1d-4250-ac55-dccd7b310b0d,AWAY,59.61211736101949,12.5,185.0,106.0,L,1.07,23.98,9.0,release_not_at_hand,,no_release,502624,"Anderson, Chase",SB,2B,not measured,release_not_at_hand
22962157-cccb-4f28-b7ed-51d65fd50e65,AWAY,59.76075371726117,11.9,,,,,,,no_release,,cut_in_window,663558,"Morán, Jovani",CS,2B,not measured,no_release
eac30608-bc80-45ee-972c-8abbf5d2be8c,AWAY,59.78167325654968,10.5,,,,,,,no_release,,no_release,506433,"Darvish, Yu",SB,2B,not measured,no_release
f5f2d6af-c205-46b8-b1fd-e09fe3c68d7a,AWAY,59.68187805426194,18.9,177.0,127.0,L,0.18,3.26,9.0,PASS,0.838,cut_in_window,673540,"Senga, Kodai",SB,2B,low,lift_peak_in 3.26 outside 4.28-
1e8325ec-ddf9-462d-a599-d5ce98ec4852,AWAY,59.720391086976385,17.0,182.0,119.0,L,0.24,18.96,8.0,not_cf_view,,cut_in_window,605135,"Bassitt, Chris",SB,2B,not measured,not_cf_view
9f32ae4c-7be3-49f1-b87c-4dd36eafc758,AWAY,59.716403846372174,17.7,179.0,115.0,L,0.19,15.21,5.0,PASS,1.072,cut_in_window,669203,"Burnes, Corbin",SB,2B,high,
b194a2a7-927a-4a13-aaa1-ad5278f65d4c,HOME,59.6906167266809,8.0,178.0,106.0,L,0.15,21.97,7.0,PASS,1.206,PASS,606160,"Montero, Rafael",SB,2B,high,
09cb5349-fb73-4ff8-9541-d34c5b5a1e78,HOME,59.71978110888683,9.1,178.0,116.0,L,0.14,9.4,9.0,PASS,1.038,PASS,493603,"Ottavino, Adam",SB,2B,high,
6f06b5e8-314b-4a03-9cfe-8dcffb3e3bf5,HOME,59.7763479012967,5.4,182.0,124.0,L,0.11,20.25,8.0,PASS,0.97,PASS,622250,"Sborz, Josh",SB,2B,high,
fbb5ce48-698a-433a-9941-44b5be520ef2,HOME,59.67820164062335,5.9,175.0,119.0,L,0.24,23.77,9.0,PASS,0.938,PASS,543243,"Gray, Sonny",SB,2B,high,
636f8f9b-54d0-48b6-935e-0da3612f8d6d,AWAY,59.75256822419912,12.9,177.0,127.0,L,0.16,3.07,9.0,PASS,0.837,cut_in_window,673540,"Senga, Kodai",SB,2B,low,lift_peak_in 3.07 outside 4.28-
de6fbd2f-0496-4503-8113-11dbaf4d68d9,HOME,59.71329150109051,5.4,176.0,124.0,L,0.14,18.26,9.0,PASS,0.871,PASS,656257,"Brigham, Jeff",SB,2B,high,
9e001bfe-4ce1-4dee-9767-304e9921b850,AWAY,59.58815088180388,13.7,184.0,129.0,L,0.14,2.34,8.0,PASS,0.923,cut_in_window,685410,"Battenfield, Peyton",SB,2B,low,lift_peak_in 2.34 outside 4.28-
4701f93c-0225-4c58-b334-a269a2d0933d,HOME,59.7209873240434,5.2,182.0,120.0,L,0.18,25.48,4.0,PASS,1.038,PASS,548389,"Stripling, Ross",SB,3B,low,ball_pts 4.0 outside 5-
e0cf0a20-f1ad-4a0f-9ca0-2433d01a7c91,AWAY,59.71548683108279,13.3,200.0,,,0.17,,9.0,no_set_before_lift,,no_set_before_lift,669194,"Nelson, Ryne",CS,2B,not measured,no_set_before_lift
157b76e6-94ae-4501-8aca-385f7ef04627,HOME,59.7458762146193,6.1,178.0,111.0,L,0.19,14.47,9.0,PASS,1.121,PASS,502085,"Robertson, David",SB,3B,high,
eadfd66e-7c42-4f5a-8aa9-e2e34b6f3ecf,HOME,59.74134396641246,5.6,177.0,95.0,L,0.18,15.9,9.0,PASS,1.373,PASS,493603,"Ottavino, Adam",SB,3B,low,delivery_s 1.373 outside 0.7-1.31
c15e4713-b722-4020-a610-23e1541938af,AWAY,59.745146166169405,8.2,,,,,,,not_cf_view,,cut_in_window,671106,"Allen, Logan",CS,2B,not measured,not_cf_view
1ec88e56-056c-4385-b194-93b643cd0a17,AWAY,59.71225084059942,9.6,,,,,,,no_release,,no_release,657508,"Baumann, Mike",SB,2B,not measured,no_release
d945e7f7-0b98-4fdc-9250-f1a3c125a8ed,HOME,59.751175724039115,6.9,180.0,125.0,L,0.3,21.09,9.0,PASS,0.92,PASS,592866,"Williams, Trevor",SB,2B,high,
80622718-1d03-480b-9669-7c20f725c4dd,AWAY,59.644317157032184,13.5,,,,,,,no_release,,not_cf_view,664126,"Fairbanks, Pete",SB,2B,not measured,no_release
ec90215a-d189-4847-8519-fa0122f921b4,HOME,59.77232138877415,6.6,180.0,119.0,L,0.21,11.53,9.0,PASS,1.021,PASS,622772,"Cordero, Jimmy",SB,3B,high,
39708f79-d328-452c-9961-8b4c3f1ce2c8,AWAY,,6.9,,,,,,,no_clip,,no_set_before_lift,657024,"Swanson, Erik",SB,2B,not measured,no_clip
810abadb-1711-4514-a605-5eb605fd07ef,AWAY,59.66528511658056,17.7,182.0,114.0,L,0.17,21.59,8.0,PASS,1.14,no_set_before_lift,592094,"Adam, Jason",SB,2B,high,
5d321229-d759-4555-b838-8be04da7e96d,HOME,59.69695654061564,6.1,179.0,130.0,L,0.12,7.39,9.0,PASS,0.821,PASS,425844,"Greinke, Zack",SB,2B,high,
28653e7a-fadf-4224-be70-db57a017dfcc,AWAY,59.716955599337645,10.8,178.0,112.0,R,0.13,23.05,9.0,PASS,1.105,no_set_before_lift,686610,"Waldichuk, Ken",CS,2B,high,
be37d106-79dd-43dd-9661-f7fc497d7583,AWAY,,3.4000000000000004,,,,,,,no_clip,,not_cf_view,693821,"Elder, Bryce",CS,2B,not measured,no_clip
641b73f8-acd3-4ba1-97a6-3c81995ed3c8,AWAY,59.711846979100855,9.5,,,,,,,no_release,,no_release,657272,"Uelmen, Erich",SB,3B,not measured,no_release
88cb9ba3-1574-460c-a512-5dd3d764804a,HOME,59.771062073969766,6.2,178.0,119.0,L,0.13,15.94,5.0,PASS,0.987,PASS,657265,"Strzelecki, Peter",SB,2B,high,
282c5149-f7c1-463e-8740-9f79e9e15ddc,HOME,59.66245866522472,5.6,176.0,115.0,R,0.19,14.61,9.0,PASS,1.022,PASS,472551,"Abad, Fernando",SB,2B,high,
8a4f4a59-e6de-45b9-b7c8-4b918baea091,HOME,59.692617326868536,6.9,198.0,135.0,L,0.15,20.48,2.0,PASS,1.055,PASS,664062,"Gonsolin, Tony",SB,2B,low,ball_pts 2.0 outside 5-
3e7e077c-cdc4-4764-a338-d4e010513099,HOME,59.6653616961436,5.9,178.0,117.0,L,0.13,15.66,7.0,PASS,1.022,PASS,657265,"Strzelecki, Peter",SB,2B,high,
3feb87ed-cf32-42c9-adfa-6e64c99b3bc8,HOME,59.70047247798168,7.2,200.0,134.0,L,0.24,24.4,9.0,PASS,1.106,PASS,471911,"Carrasco, Carlos",SB,2B,high,
0b8227c1-913f-4f54-a5f4-adb21d8940dc,HOME,59.7160018053675,8.4,180.0,131.0,L,0.15,6.97,8.0,PASS,0.821,PASS,656232,"Bielak, Brandon",SB,2B,high,
e972150c-d40e-45af-bf50-2d27e5c28d4b,HOME,59.65463108320251,11.4,179.0,114.0,L,0.19,10.97,9.0,PASS,1.09,PASS,592789,"Syndergaard, Noah",SB,2B,high,
c4b70531-98fe-4966-a6f1-ef55ae2c1f53,HOME,59.79402909017186,10.8,182.0,128.0,L,0.15,14.96,7.0,PASS,0.903,PASS,593576,"Neris, Héctor",SB,2B,high,
817f8766-a4e2-47da-840c-4409b2324eb0,HOME,59.76728114902598,8.1,181.0,115.0,L,0.08,20.04,9.0,PASS,1.104,PASS,656605,"Keller, Mitch",SB,3B,high,
aa7450b7-a7ce-409c-88bc-239abcca94d6,HOME,59.81552890884512,6.9,180.0,112.0,L,0.09,23.78,6.0,PASS,1.137,PASS,686613,"Brown, Hunter",SB,2B,high,
64e1c528-f042-447f-bd6d-8e96a3be667d,AWAY,59.759538997842014,15.6,256.0,,,1.1,,5.0,cut_in_window,,release_not_at_hand,621107,"Eflin, Zach",CS,2B,not measured,cut_in_window
18299ad6-8702-495c-bb25-e0f8af366579,HOME,59.63280369199477,5.9,175.0,121.0,L,0.28,8.75,8.0,PASS,0.906,PASS,694297,"Pfaadt, Brandon",CS,2B,high,
226b1ac2-7117-499b-a1dd-2846a0831498,HOME,59.68718163840115,6.3,176.0,123.0,R,0.12,3.71,9.0,PASS,0.888,PASS,666129,"Garrett, Braxton",SB,2B,low,lift_peak_in 3.71 outside 4.28-
b231dddf-eb88-412e-9da1-aed9be80d10a,HOME,59.75266664058415,6.1,184.0,116.0,L,0.11,21.84,9.0,PASS,1.138,PASS,642585,"Bautista, Félix",SB,2B,high,
40e02103-b929-4613-8e79-daacd4ffdf9f,HOME,59.70916745770027,6.1,175.0,118.0,L,0.2,14.65,9.0,PASS,0.955,PASS,664139,"Gibaut, Ian",SB,2B,high,
138596ba-11f5-4878-bc07-580d17344fe4,HOME,59.70311034994824,5.8,181.0,115.0,L,0.18,13.99,9.0,PASS,1.105,PASS,666808,"Doval, Camilo",SB,2B,high,
6870060b-b620-4f1f-98f1-b1ae7ce859c6,AWAY,59.72271138103133,12.0,173.0,,,0.3,,9.0,no_set_before_lift,,no_set_before_lift,445276,"Jansen, Kenley",SB,2B,not measured,no_set_before_lift
6080b2fb-c5df-4d73-bc1e-d43cc4151c18,HOME,59.715281568890944,5.7,179.0,112.0,L,0.13,18.89,9.0,PASS,1.122,PASS,657508,"Baumann, Mike",SB,3B,high,
6efaf186-6779-4457-8750-d7fa9f5f3c9e,HOME,59.72357111010496,5.2,180.0,120.0,L,0.11,12.07,9.0,PASS,1.005,PASS,657277,"Webb, Logan",SB,2B,high,
45d8326a-5f0e-4f26-972a-8451d00c6925,AWAY,59.65571245686658,12.9,180.0,150.0,L,0.21,5.13,5.0,cut_in_window,,no_release,664294,"Moreta, Dauri",SB,2B,not measured,cut_in_window
a03580ce-017d-43f2-8a46-b2aa46d0584b,HOME,59.64960845794716,7.4,180.0,117.0,L,0.14,12.85,8.0,PASS,1.056,PASS,489446,"Yates, Kirby",SB,2B,high,
6c908453-e6bf-4780-a49f-4b8b5462c52e,HOME,59.76907403214852,5.6,193.0,136.0,L,0.15,18.0,8.0,PASS,0.954,PASS,605397,"Musgrove, Joe",SB,3B,high,
e7c705e3-4728-4b7a-ba48-b134da6ea388,AWAY,59.71125698571809,11.3,179.0,,,0.19,,9.0,no_set_before_lift,,no_set_before_lift,608337,"Giolito, Lucas",CS,2B,not measured,no_set_before_lift
a40d2ff7-b5c7-401b-9a05-2ddb9a166acb,HOME,59.75825996205095,7.5,179.0,109.0,L,0.21,20.89,7.0,PASS,1.171,PASS,657508,"Baumann, Mike",SB,2B,high,
dd0d96d4-e09a-4479-a27a-137fa7ba2040,HOME,59.73558220231036,5.6,178.0,113.0,L,0.28,16.35,9.0,PASS,1.088,PASS,641154,"López, Pablo",SB,2B,high,
a19e0fcd-c74b-4568-9c9c-868c957f0be9,HOME,59.72017193697883,5.6,178.0,105.0,L,0.13,21.9,8.0,PASS,1.222,PASS,642207,"Williams, Devin",SB,3B,high,
9c6c4902-36f1-494d-afa4-3ac1a2429a37,HOME,59.70097821732707,6.0,177.0,117.0,R,0.26,25.96,9.0,PASS,1.005,PASS,543056,"Coulombe, Danny",CS,2B,high,
031fbb0a-45fa-49ea-8c04-feb633bd3081,HOME,59.762211958326155,5.5,158.0,118.0,L,0.04,10.06,7.0,PASS,0.669,PASS,669093,"Estrada, Jeremiah",SB,2B,low,delivery_s 0.669 outside 0.7-1.31
73c68bfa-cc11-435e-8f6c-baedd581fb8a,AWAY,59.66823067993868,8.8,182.0,,,0.22,,8.0,cut_in_window,,not_cf_view,663878,"Pearson, Nate",CS,2B,not measured,cut_in_window
3831d5b6-20dc-4b89-ba98-97ba77330051,AWAY,59.64602074886242,15.6,193.0,115.0,R,0.12,26.67,7.0,PASS,1.308,cut_in_window,518617,"Diekman, Jake",SB,2B,high,
99658b6f-ba2c-4bc7-8143-d4cc2d798daa,AWAY,,6.8,,,,,,,no_clip,,no_set_before_lift,668881,"Greene, Hunter",CS,2B,not measured,no_clip
e8e326bf-d24f-4350-8549-6d8e995c2a26,AWAY,59.67785832694163,10.4,176.0,121.0,L,0.29,15.11,9.0,PASS,0.922,cut_in_window,663986,"Stephan, Trevor",SB,2B,high,
ab88559b-8bb1-47d9-bdfc-ec7533b0febc,HOME,59.68862434301063,5.0,180.0,119.0,L,0.12,17.61,4.0,PASS,1.022,PASS,657265,"Strzelecki, Peter",SB,2B,low,ball_pts 4.0 outside 5-
06c6ea6c-8617-403e-a70b-1a61575cbb79,AWAY,59.70918342699795,9.5,,,,,,,no_release,,no_release,665152,"Kremer, Dean",SB,2B,not measured,no_release
fb577d90-a1d0-49e1-98fa-82c618580396,AWAY,59.782677651951374,10.5,179.0,123.0,L,0.33,6.39,8.0,not_cf_view,,not_cf_view,592254,"De León, José",SB,2B,not measured,not_cf_view
d3ced093-b1e6-48cf-9fa4-d1d1b27c5ef8,AWAY,59.77987161516357,10.5,,,,,,,no_release,,no_release,670990,"Ramírez, Yohan",SB,2B,not measured,no_release
22dd81ca-ea18-4279-ae63-3eaa3359a171,AWAY,59.77449559450174,9.5,,,,,,,no_release,,no_set_before_lift,666721,"Castillo, Max",SB,2B,not measured,no_release
492de53a-c288-4362-bf5a-721f0fed8f77,HOME,59.68146751639505,6.0,176.0,117.0,L,0.1,21.71,8.0,PASS,0.989,PASS,680686,"Gray, Josiah",SB,2B,high,
936ba195-7b79-4359-b236-eb23cdd75beb,HOME,59.73908657222265,5.7,183.0,125.0,R,0.16,14.88,7.0,PASS,0.971,PASS,694363,"Shuster, Jared",SB,2B,high,
3acf15b7-181a-4466-835a-2edc8ae864d8,HOME,59.77525740250809,5.2,175.0,115.0,R,0.13,19.02,9.0,PASS,1.004,PASS,621381,"Strahm, Matt",SB,2B,high,
537f0a9a-b019-4d02-975b-5c40746f277b,HOME,59.74001644411602,5.3,177.0,116.0,R,0.16,17.05,7.0,PASS,1.021,PASS,694363,"Shuster, Jared",SB,3B,high,
5e093e75-a572-4f24-a20a-5c34d45e17dc,HOME,59.645816909262216,5.5,202.0,135.0,R,0.14,23.86,9.0,PASS,1.123,PASS,664285,"Valdez, Framber",SB,3B,high,
6c1590ba-f86a-43da-89c7-7e5d9bd8b15a,HOME,59.65419963948817,5.5,179.0,118.0,R,0.15,15.67,6.0,PASS,1.023,PASS,694363,"Shuster, Jared",SB,2B,high,
758b97a6-9492-44de-b4fe-b5a400329bb6,AWAY,59.714163921444126,8.7,180.0,,,0.16,,9.0,cut_in_window,,not_cf_view,669424,"Lambert, Jimmy",SB,2B,not measured,cut_in_window
af4a970a-1276-484a-9fff-36727fe180d7,AWAY,59.64949047756267,12.4,178.0,119.0,L,0.13,17.48,9.0,PASS,0.989,cut_in_window,608638,"Chargois, JT",SB,2B,high,
d6c71f41-0e42-4361-ae45-fb31875f684e,HOME,59.74455043804062,5.3,178.0,117.0,L,0.14,18.62,9.0,PASS,1.021,PASS,571479,"Bellatti, Andrew",SB,2B,high,
8ed9bbf1-2f50-48ac-a455-ded72a65d857,HOME,59.67018797243625,5.2,201.0,129.0,L,0.51,19.47,6.0,PASS,1.207,PASS,642546,"Hernández, Jonathan",SB,2B,low,release_to_wrist 0.51 outside -0.32
f7e0c2d7-87d0-4e22-88a8-b23e842e90b3,AWAY,59.68912785225021,10.5,178.0,,,0.12,,9.0,no_set_before_lift,,no_set_before_lift,641672,"Hatch, Thomas",SB,2B,not measured,no_set_before_lift
2cf64499-f06d-45ac-914d-1a1bf0cbe24b,AWAY,59.69521606781896,15.6,244.0,,,1.27,,9.0,release_not_at_hand,,release_not_at_hand,683769,"Gaddis, Hunter",CS,2B,not measured,release_not_at_hand
ec09ffc7-3888-491c-9516-69fe15fbf747,AWAY,59.64839205930781,11.3,180.0,123.0,L,0.94,10.32,7.0,release_not_at_hand,,release_not_at_hand,605135,"Bassitt, Chris",CS,2B,not measured,release_not_at_hand
a061aec8-1acd-4434-a12e-7696612fb0a3,AWAY,59.73567115904046,12.4,179.0,124.0,L,0.2,17.64,7.0,PASS,0.921,not_cf_view,664747,"Díaz, Alexis",SB,2B,high,
bbace037-3906-4ffe-a63c-06249cba5193,HOME,59.75671925483034,5.7,175.0,117.0,L,0.25,25.64,9.0,PASS,0.971,PASS,668933,"Ashcraft, Graham",SB,2B,high,
3c89cb26-2021-4808-821b-3fc60e427f03,AWAY,59.640405676629165,10.1,,,,,,,no_release,,no_release,502171,"Cobb, Alex",SB,2B,not measured,no_release
835788bc-a8a4-40b0-a3e7-7947005ad5b9,HOME,59.681697612732094,6.0,183.0,122.0,L,0.22,20.55,9.0,PASS,1.022,PASS,675540,"Curry, Xzavion",SB,2B,high,
bd409a1b-8702-4492-9f14-ed7bb89d26a7,HOME,59.74089902221824,5.4,178.0,125.0,R,0.16,8.85,9.0,PASS,0.887,PASS,593958,"Rodriguez, Eduardo",SB,2B,high,
a516e1fe-3d31-4c1a-a307-cc72f108a663,AWAY,59.77162375680401,12.7,242.0,,,1.85,,5.0,cut_in_window,,no_release,543507,"May, Trevor",SB,2B,not measured,cut_in_window
000b7043-56cf-4765-a7ff-ad529bf36e39,AWAY,59.705400981996725,10.1,180.0,104.0,L,0.09,18.14,7.0,PASS,1.273,no_set_before_lift,641420,"Burdi, Zack",SB,2B,high,
03bedaae-7415-49bf-92ab-a281e6b0a726,HOME,59.5799184014161,5.9,172.0,125.0,L,0.3,6.31,9.0,PASS,0.789,PASS,668933,"Ashcraft, Graham",SB,2B,high,
30d36b03-1d43-4871-a0ee-c1ed5dc51ea7,HOME,59.674676762167536,6.1,211.0,149.0,R,0.59,6.0,9.0,PASS,1.039,PASS,669022,"Gore, MacKenzie",SB,2B,low,release_to_wrist 0.59 outside -0.32
93e90758-e5c9-4a36-96c5-0c284f511535,HOME,59.74385679786662,5.1,171.0,115.0,R,0.12,7.74,9.0,PASS,0.937,PASS,594835,"Gonzales, Marco",SB,2B,high,
d1514a35-298f-49bb-97b3-f5a6b81ef159,AWAY,59.68804071030469,11.5,181.0,124.0,L,0.21,13.01,9.0,PASS,0.955,cut_in_window,676272,"Miller, Bobby",SB,2B,high,
dfe3dd25-18a4-4c4a-92ec-838580c507ce,HOME,59.671565501071385,5.3,175.0,113.0,L,0.17,12.07,5.0,PASS,1.039,PASS,669194,"Nelson, Ryne",CS,2B,high,
dbad4bfa-3604-4570-8c2a-8b6aa9babae0,AWAY,59.81829630295943,15.2,176.0,129.0,L,0.3,4.17,9.0,not_cf_view,,not_cf_view,641585,"France, J.P.",SB,2B,not measured,not_cf_view
9d38d8fb-6d0e-4d1b-bf75-781422983f39,HOME,59.667767486901894,5.7,178.0,119.0,L,0.22,16.99,9.0,PASS,0.989,PASS,608717,"Stratton, Chris",CS,2B,high,
18f6bbe6-46fb-478b-9a31-c7a5d429735c,HOME,59.67336683417086,5.5,173.0,114.0,L,0.26,19.29,7.0,PASS,0.989,PASS,623211,"Brazobán, Huascar",SB,2B,high,
32012682-f336-45ac-8cae-8a97371500d1,HOME,59.73365032782927,6.8,177.0,111.0,L,0.14,25.63,9.0,PASS,1.105,PASS,615698,"Quantrill, Cal",SB,2B,high,
03b31fb3-2ff5-4485-8fc0-8c9965a78c6e,HOME,59.71866753963058,7.4,178.0,112.0,R,0.17,34.95,7.0,PASS,1.105,PASS,579328,"Kikuchi, Yusei",SB,2B,high,
333771d7-0379-4656-9db5-27bf03342ee2,HOME,59.67361396873392,6.0,180.0,114.0,R,0.18,14.26,9.0,PASS,1.106,PASS,573124,"Rogers, Taylor",SB,3B,high,
ec3cd5a9-ac26-411c-a30d-b94bca00b9f5,HOME,59.686542742768154,5.4,178.0,111.0,L,0.55,16.4,9.0,PASS,1.123,PASS,663878,"Pearson, Nate",SB,2B,low,release_to_wrist 0.55 outside -0.32
b7de9d8e-63eb-486b-a15d-5fcd155c9a68,AWAY,59.6708858575564,10.6,178.0,,,0.23,,9.0,no_set_before_lift,,no_set_before_lift,571510,"Boyd, Matthew",SB,3B,not measured,no_set_before_lift
458888c5-d05b-4337-8833-4870d8c6921b,AWAY,59.77149144536675,10.4,,,,,,,no_release,,no_release,472610,"García, Luis",SB,2B,not measured,no_release
1f8c12d6-6707-40ff-8704-a3a8547a5f77,AWAY,59.662446185692694,10.8,186.0,123.0,L,0.28,20.91,8.0,PASS,1.056,release_not_at_hand,573186,"Stroman, Marcus",SB,2B,high,
48da836c-068d-49ef-b8d3-29834d72fecf,AWAY,59.732310755503114,17.9,177.0,123.0,L,0.12,14.13,9.0,PASS,0.904,cut_in_window,641401,"Brogdon, Connor",SB,2B,high,
3eadde9b-c211-49f7-92b3-37dd6a660e01,AWAY,59.708367094478035,10.5,183.0,,,0.15,,9.0,no_set_before_lift,,cut_in_window,592094,"Adam, Jason",SB,2B,not measured,no_set_before_lift
5d6dd701-13f2-4074-8502-b229db5575e5,HOME,59.64070114190123,5.7,200.0,135.0,R,0.18,16.94,9.0,PASS,1.09,PASS,571927,"Matz, Steven",SB,3B,high,
cf6257a1-89e4-453f-a85c-e3d8a6cb0e07,HOME,59.675126828200206,5.7,182.0,122.0,L,0.13,18.88,9.0,PASS,1.005,PASS,543101,"DeSclafani, Anthony",SB,2B,high,
90416aa4-e7e8-4223-8441-bd12a052742a,AWAY,59.81718635084811,10.6,178.0,112.0,L,0.13,15.93,8.0,PASS,1.103,release_not_at_hand,666201,"Manoah, Alek",SB,3B,high,
0fc1567a-d5ce-45ab-a9db-ef4ca6cfd8da,HOME,59.785078570239,5.6,178.0,100.0,L,0.11,25.77,9.0,PASS,1.305,PASS,605400,"Nola, Aaron",SB,3B,high,
cbeeb22d-7bad-4ddb-b764-be141eecd969,AWAY,59.71989586157463,11.9,179.0,,,0.14,,5.0,cut_in_window,,cut_in_window,666201,"Manoah, Alek",SB,2B,not measured,cut_in_window
4f1618c5-57b6-4454-9949-8d45d266c6d9,HOME,59.7935396321516,5.5,182.0,112.0,L,0.19,14.68,8.0,PASS,1.171,PASS,600921,"Machado, Andrés",SB,2B,high,
b4f25198-07ff-4155-9982-bf7c1e8b3281,HOME,59.63620231946642,5.1,178.0,109.0,L,0.13,28.3,9.0,PASS,1.157,PASS,608638,"Chargois, JT",SB,3B,high,
46c6cd95-58a5-4c84-9e0f-e2924dc03dcf,HOME,59.76150034146427,5.7,183.0,121.0,L,0.3,24.41,9.0,PASS,1.037,PASS,527054,"Teheran, Julio",SB,2B,high,
b2addf9f-5ec2-4b3a-b537-6db47a5ca255,HOME,59.65283315826269,5.5,177.0,115.0,L,0.14,15.37,9.0,PASS,1.039,PASS,666201,"Manoah, Alek",SB,2B,high,
1abac75d-5873-4b6d-85f4-e9d3f8001f47,AWAY,59.762445773606615,13.8,177.0,105.0,L,0.13,39.98,9.0,cut_in_window,,cut_in_window,666201,"Manoah, Alek",SB,2B,not measured,cut_in_window
7e0e59a9-e0a7-448b-bf4d-f8ddab63cd2a,AWAY,59.73496235150836,17.5,188.0,127.0,L,0.91,3.16,3.0,release_not_at_hand,,release_not_at_hand,608337,"Giolito, Lucas",SB,2B,not measured,release_not_at_hand
516e7e21-fdb3-4f51-846a-03702d1d3e2c,AWAY,59.65459831004734,13.4,201.0,,,0.71,,9.0,cut_in_window,,cut_in_window,643256,"Cimber, Adam",SB,2B,not measured,cut_in_window
33706020-d307-4246-8512-6a0b7f1f2024,HOME,59.67653895019022,7.4,173.0,106.0,L,0.25,21.21,9.0,PASS,1.123,PASS,608371,"Sims, Lucas",SB,3B,high,
da21e4cf-dd7b-42fb-b964-60d269269089,HOME,59.76707555437765,6.9,205.0,130.0,R,0.14,20.31,9.0,PASS,1.255,PASS,676714,"Hughes, Brandon",SB,3B,high,
8795e257-7871-46d0-9217-8ab969446c06,HOME,59.6405071505366,7.7,177.0,122.0,L,0.14,4.66,9.0,PASS,0.922,PASS,643256,"Cimber, Adam",SB,3B,high,
9924ba94-bce4-4caf-82eb-144b1614ea19,HOME,59.72590900672881,6.1,182.0,125.0,L,0.34,15.04,9.0,PASS,0.954,PASS,666168,"Thompson, Mason",SB,2B,low,release_to_wrist 0.34 outside -0.32
2c05bb1c-c510-4a49-86ca-6562f147d579,HOME,59.744007930082155,5.9,175.0,112.0,L,0.21,19.73,9.0,PASS,1.054,PASS,572403,"VerHagen, Drew",SB,2B,high,
cf43388a-79ff-42c3-91c9-759b673acf55,HOME,59.747663647345064,6.7,180.0,124.0,R,0.08,9.14,9.0,PASS,0.937,PASS,598286,"Ramirez, Nick",SB,2B,high,
e29bc89b-2388-4d0e-a2fe-f6a36217f520,AWAY,59.65525236939639,13.9,,,,,,,no_release,,release_not_at_hand,502043,"Gibson, Kyle",SB,2B,not measured,no_release
bba2005d-8a58-4619-ad74-25f678ea434c,HOME,59.63481207253561,6.5,200.0,142.0,L,0.29,11.93,9.0,PASS,0.973,PASS,543294,"Hendricks, Kyle",SB,2B,high,
7ec1ae83-1d3f-456e-97c0-f3cd447eeef9,AWAY,59.74029300276611,11.1,183.0,126.0,L,0.16,6.36,8.0,PASS,0.954,cut_in_window,592789,"Syndergaard, Noah",SB,2B,high,
f24edea3-27c5-491a-bc3c-46bd195daf83,HOME,59.64027250654157,5.8,181.0,112.0,L,0.17,13.68,9.0,PASS,1.157,PASS,592789,"Syndergaard, Noah",SB,3B,high,
ff753a1d-480a-49f7-8526-381c57f16426,AWAY,59.77969361657147,13.4,174.0,94.0,L,0.21,32.89,5.0,cut_in_window,,release_not_at_hand,663773,"Hoeing, Bryan",SB,2B,not measured,cut_in_window
e1a3a54d-f608-4642-9fa7-9af1d4849876,AWAY,59.64450479946424,13.8,177.0,99.0,L,0.18,19.6,9.0,cut_in_window,,cut_in_window,686613,"Brown, Hunter",SB,2B,not measured,cut_in_window
8fbd9dba-12a6-4b17-8d88-2ea8221b7c28,HOME,59.645519419639626,8.8,175.0,107.0,L,0.16,18.04,5.0,PASS,1.14,PASS,672730,"Then, Juan",SB,2B,high,
694c14ed-19eb-47f2-8946-ee2a1c1c845d,AWAY,59.68065247110824,13.4,,,,,,,no_release,,not_cf_view,592836,"Walker, Taijuan",CS,2B,not measured,no_release
e05e02d5-ed6b-4666-a4a4-2066d6a759fc,HOME,59.701847192973595,5.6,176.0,116.0,L,0.22,16.8,9.0,PASS,1.005,PASS,669456,"Bieber, Shane",CS,2B,high,
c251514f-a42d-4973-8081-24d8eda1464a,HOME,59.624490903091946,5.6,175.0,105.0,R,0.09,14.38,9.0,PASS,1.174,PASS,672282,"Detmers, Reid",CS,2B,high,
d511a3f9-ba4a-4283-9f6b-05f5a5a1f1ee,HOME,59.628563738379675,5.9,175.0,111.0,L,0.15,24.92,9.0,PASS,1.073,PASS,669923,"Kirby, George",SB,3B,high,
fbe01a5e-40e0-41c2-8645-9a70ccbb055f,HOME,59.7547594100978,7.9,201.0,138.0,R,0.11,25.28,9.0,PASS,1.054,PASS,571578,"Corbin, Patrick",SB,3B,high,
7ab61eee-685c-45c9-8f0b-d6be65f132e9,HOME,59.72142215961944,7.5,175.0,126.0,L,0.17,3.08,7.0,PASS,0.82,PASS,669467,"Pallante, Andre",CS,2B,low,lift_peak_in 3.08 outside 4.28-
538d9fc2-426e-422b-a415-64aea2e45843,AWAY,59.75733160530793,11.9,179.0,,,0.2,,9.0,no_set_before_lift,,no_set_before_lift,694363,"Shuster, Jared",SB,2B,not measured,no_set_before_lift
25aecffc-150d-4bb5-a36f-27d755ae84e6,AWAY,59.71867158703282,12.2,185.0,126.0,L,0.66,10.99,9.0,release_not_at_hand,,release_not_at_hand,543521,"McHugh, Collin",SB,2B,not measured,release_not_at_hand
fb6e739e-2fd9-499c-8b0a-865914bf07d4,AWAY,59.7278455965174,11.6,193.0,129.0,L,1.01,4.84,9.0,release_not_at_hand,,release_not_at_hand,592789,"Syndergaard, Noah",SB,2B,not measured,release_not_at_hand
635d00e1-b272-4373-8207-5ff673dfd790,AWAY,59.70037047396566,11.8,192.0,112.0,R,0.83,23.06,9.0,release_not_at_hand,,release_not_at_hand,677865,"Bruihl, Justin",SB,2B,not measured,release_not_at_hand
c2275f4f-71a2-4395-9d86-284da638bf3f,AWAY,59.7653964391526,12.8,174.0,93.0,R,0.14,17.31,9.0,cut_in_window,,cut_in_window,519242,"Sale, Chris",SB,2B,not measured,cut_in_window
bc012c25-825b-483e-a644-1769112a7386,HOME,59.7345318878636,5.8,181.0,117.0,R,0.11,13.86,9.0,PASS,1.071,PASS,476595,"Luetge, Lucas",SB,2B,high,
e33d85c1-681b-4f51-b093-1d071061e8d4,AWAY,59.799233598003376,10.6,170.0,,,0.14,,9.0,no_set_before_lift,,cut_in_window,666818,"Frías, Luis",SB,2B,not measured,no_set_before_lift
94c9b169-1f3c-458f-b03a-94db31227177,AWAY,,5.7,,,,,,,no_clip,,no_release,543901,"Weber, Ryan",SB,3B,not measured,no_clip
440a8bd2-55ac-439c-a3f7-78c7eda70322,HOME,59.64857834924926,8.0,180.0,110.0,R,0.26,19.31,9.0,PASS,1.174,PASS,621363,"Poche, Colin",SB,2B,high,
2ea8d9b0-7dc6-4d1e-8597-e9bfae93ec73,HOME,59.68649312994204,8.9,177.0,124.0,L,0.15,14.2,7.0,PASS,0.888,PASS,669947,"Scholtens, Jesse",SB,2B,high,
7c8371b5-5713-4940-bc6e-daa7d1b908c9,HOME,59.72130059721301,7.7,185.0,122.0,L,0.22,21.83,9.0,PASS,1.055,PASS,657240,"Merryweather, Julian",CS,3B,high,
0735dc93-e0c1-40d6-ace9-2a6a891a223e,HOME,59.652634996212534,8.5,176.0,110.0,L,0.19,19.41,9.0,PASS,1.106,PASS,623211,"Brazobán, Huascar",SB,2B,high,
8f39da1f-ddb7-4ab9-8978-70b36fb886ca,AWAY,59.634904502316495,13.0,179.0,,,0.64,,8.0,release_not_at_hand,,release_not_at_hand,665795,"Cabrera, Edward",SB,2B,not measured,release_not_at_hand
0c686e40-b36c-4605-b40e-218fb179a5ff,AWAY,,5.8,,,,,,,no_clip,,no_release,592791,"Taillon, Jameson",SB,2B,not measured,no_clip
eebdf4ea-6a5b-4065-8925-93fac8125c87,AWAY,,8.6,,,,,,,no_clip,,release_not_at_hand,657240,"Merryweather, Julian",SB,2B,not measured,no_clip
a259186e-b05e-4c12-9796-3aa13a37c242,AWAY,59.74540529958502,15.2,183.0,116.0,L,0.68,16.29,9.0,release_not_at_hand,,cut_in_window,657277,"Webb, Logan",SB,2B,not measured,release_not_at_hand
5c49f5e0-063a-4727-aa21-4c542a8fe924,AWAY,59.74058592418507,10.9,,,,,,,no_release,,no_release,657277,"Webb, Logan",SB,2B,not measured,no_release
b7d738f7-5a52-442a-bb79-f76645990a03,AWAY,59.73220920235601,11.5,,,,,,,not_cf_view,,cut_in_window,664294,"Moreta, Dauri",SB,2B,not measured,not_cf_view
701b311e-850d-487d-8e1f-74f8b992bfe1,AWAY,59.6652118667477,12.7,186.0,125.0,R,0.6,2.83,9.0,PASS,1.022,cut_in_window,571760,"Heaney, Andrew",SB,2B,low,release_to_wrist 0.6 outside -0.32; lift_peak_in 2.83 outside 4.28-
f6284927-0df6-4df0-8786-0dacfbe8ed5d,HOME,59.80313673315218,6.4,175.0,122.0,L,0.15,15.62,8.0,PASS,0.886,PASS,669947,"Scholtens, Jesse",SB,2B,high,
e4f924ff-6aa5-4d14-8a33-c2ab589951e8,AWAY,,7.8,,,,,,,no_clip,,cut_in_window,676714,"Hughes, Brandon",SB,3B,not measured,no_clip
a9dfdf6f-55f9-457b-ab71-2858ba156450,HOME,59.6687495030973,6.5,181.0,115.0,L,0.28,10.99,9.0,PASS,1.106,PASS,680704,"Sandlin, Nick",SB,3B,high,
97ca0635-2558-456b-960d-971ad51d34bb,HOME,59.73222086022525,5.3,181.0,146.0,R,0.17,8.71,9.0,PASS,0.586,PASS,477132,"Kershaw, Clayton",SB,3B,low,delivery_s 0.586 outside 0.7-1.31
4263b260-8f38-4565-ba9f-c164a0910872,HOME,59.71168153769847,6.0,179.0,121.0,R,0.15,13.76,9.0,PASS,0.971,PASS,607481,"Bummer, Aaron",SB,2B,high,
921c4af9-d23b-4b8a-b2da-8aee59a6bcd3,HOME,59.73354460730146,5.5,177.0,118.0,L,0.16,30.8,5.0,PASS,0.988,PASS,622491,"Castillo, Luis",SB,2B,high,
175b51d3-fc56-4842-9314-3da6ab985fa5,HOME,59.65446620805545,6.0,177.0,112.0,R,0.15,23.78,9.0,PASS,1.09,PASS,664285,"Valdez, Framber",SB,3B,high,
ea06ce94-8196-4e11-95b4-bc62f2b64e44,HOME,59.61233915205964,8.7,173.0,115.0,L,0.16,19.57,8.0,PASS,0.973,PASS,608678,"Leone, Dominic",SB,2B,high,
75f175f7-220c-4002-8d5b-e76e419b46f9,AWAY,59.75100128193057,9.5,,,,,,,not_cf_view,,cut_in_window,608379,"Wacha, Michael",CS,2B,not measured,not_cf_view
6dad1c93-eeea-40db-82b3-bc196b174dfe,HOME,59.70364211856279,7.8,180.0,114.0,L,0.2,21.43,9.0,PASS,1.105,PASS,656302,"Cease, Dylan",SB,3B,high,
3d18fc69-1d17-4b55-b017-1507f469cfa3,HOME,59.77711738484398,7.4,196.0,138.0,R,0.15,5.92,9.0,PASS,0.97,PASS,676979,"Crochet, Garrett",SB,2B,high,
12a1bf4a-c83d-4161-8ef6-0d6f97d4d956,AWAY,,8.4,,,,,,,no_clip,,cut_in_window,641360,"Bickford, Phil",SB,2B,not measured,no_clip
db91effb-7d9a-423f-999f-6244cb9d8960,HOME,59.70423116687897,9.4,257.0,192.0,L,0.17,17.49,9.0,PASS,1.089,PASS,656546,"Hoffman, Jeff",CS,2B,high,
ba75b11e-115c-4d11-85f0-66199df4519a,AWAY,,6.5,,,,,,,no_clip,,release_not_at_hand,571946,"Miller, Shelby",SB,2B,not measured,no_clip
67577e1d-a8cd-4741-963d-09da87efe6bf,AWAY,59.603776798047264,12.0,175.0,101.0,R,0.21,17.44,9.0,PASS,1.242,no_set_before_lift,592767,"Smyly, Drew",SB,3B,high,
92dfc43d-0a36-4c14-a0bb-4a6ed9b4de4c,AWAY,59.688864358212506,10.3,,,,,,,no_release,,no_release,641927,"Ober, Bailey",CS,2B,not measured,no_release
8a347401-ef91-4578-9428-50a5cdda4b6a,HOME,59.77087829985057,6.2,179.0,120.0,L,0.12,6.9,9.0,PASS,0.987,PASS,502171,"Cobb, Alex",SB,3B,high,
a68aa810-241b-47a0-9617-c5564ce6aec4,AWAY,59.741950276059214,10.0,,,,,,,no_release,,no_release,623149,"Sewald, Paul",SB,2B,not measured,no_release
5a211c30-e6e9-478e-9f3a-5a74ee124b6d,HOME,59.72836577997455,5.3,204.0,145.0,L,0.17,13.3,9.0,PASS,0.988,PASS,641360,"Bickford, Phil",SB,2B,high,
2f6ff8c7-146f-4ae8-84d0-d27cae02ce0b,HOME,59.79754260574911,5.8,177.0,114.0,L,0.17,17.81,9.0,PASS,1.054,PASS,664299,"Javier, Cristian",SB,2B,high,
bb3a2631-92c9-428f-9f32-cf12ef03f580,HOME,59.68325100575444,6.0,179.0,114.0,L,0.21,18.71,8.0,PASS,1.089,PASS,543037,"Cole, Gerrit",SB,2B,high,
d4a7477f-3bcd-4ddb-948e-5736059c4922,HOME,59.75901527535699,6.0,175.0,101.0,R,0.16,28.91,9.0,PASS,1.238,PASS,596295,"Gomber, Austin",SB,3B,high,
deaeaf5d-dc29-465b-979b-bc820378b9c5,AWAY,59.737566689783506,10.6,,,,,,,no_release,,no_release,506433,"Darvish, Yu",SB,2B,not measured,no_release
12a20444-c497-4575-91f2-fbdb0bd7bc1b,AWAY,59.77736171472811,8.2,,,,,,,no_release,,no_release,622772,"Cordero, Jimmy",SB,2B,not measured,no_release
eb897d52-c663-447e-82a5-667b7a722244,HOME,59.637407792998395,7.7,173.0,120.0,L,0.23,18.9,7.0,PASS,0.889,PASS,672710,"Contreras, Roansy",SB,2B,high,
9f5ee38e-0364-4488-9adc-d636395ea69f,HOME,59.766125274486114,7.3,176.0,116.0,R,0.14,20.41,9.0,PASS,1.004,PASS,570257,"Rodríguez, Joely",SB,2B,high,
e944a07e-5f5a-43da-b138-1f44a2f19043,AWAY,59.760395125286024,12.4,177.0,128.0,L,0.16,10.3,9.0,PASS,0.82,release_not_at_hand,641703,"Honeywell, Brent",SB,2B,high,
27cd4664-f702-4c24-a89a-4b4911c3e6c6,HOME,59.654712315704266,7.8,202.0,128.0,L,0.14,41.83,7.0,PASS,1.24,PASS,641360,"Bickford, Phil",SB,3B,high,
9134ae95-7280-4dda-8f4d-a3c10847094d,AWAY,59.6085385492585,11.3,,,,,,,no_release,,cut_in_window,593334,"Germán, Domingo",SB,2B,not measured,no_release
4bb8f501-fef0-4896-98ac-2c9826f862fe,AWAY,59.78363384188627,11.1,177.0,123.0,L,0.26,13.98,9.0,not_cf_view,,not_cf_view,682243,"Miller, Bryce",SB,2B,not measured,not_cf_view
7154e732-296a-4f39-9837-7c64ac6b85a4,HOME,59.76918968706704,6.1,177.0,111.0,L,0.14,23.06,8.0,PASS,1.104,PASS,669438,"Englert, Mason",SB,3B,high,
0fcd8b07-6034-404b-8bc4-bac55512f382,HOME,59.69835992863918,5.2,174.0,120.0,L,0.2,12.68,6.0,PASS,0.905,PASS,666154,"Kauffmann, Karl",SB,3B,high,
223fd998-2e9a-4883-a01c-912e6f7aad85,HOME,59.755499135926264,8.8,181.0,122.0,R,0.11,11.13,6.0,PASS,0.987,PASS,571927,"Matz, Steven",SB,2B,high,
906e0aa9-af42-4b6d-b920-4104f50531f5,HOME,59.74809502792257,10.4,179.0,102.0,R,0.07,21.33,9.0,PASS,1.289,PASS,543272,"Hand, Brad",SB,3B,high,
66da0672-b0c3-4604-96d0-4627259dda5a,HOME,59.77164167667118,5.7,177.0,112.0,R,0.12,15.95,8.0,PASS,1.087,PASS,571927,"Matz, Steven",SB,2B,high,
b15609ef-3322-4b79-9f3e-0b34a16e3aec,HOME,59.69734521603313,6.5,180.0,119.0,L,0.09,15.2,8.0,PASS,1.022,PASS,593576,"Neris, Héctor",SB,2B,high,
981470f4-b117-4fe3-bda6-d8d783574028,HOME,59.77069105945743,5.7,185.0,131.0,R,0.1,16.04,9.0,PASS,0.903,PASS,686747,"La Sorsa, Joe",SB,2B,high,
a6cc903b-1c6f-41c7-863b-f7415bb21d12,AWAY,59.76588562413272,11.4,178.0,125.0,R,0.16,14.36,9.0,not_cf_view,,not_cf_view,671106,"Allen, Logan",CS,2B,not measured,not_cf_view
94ca2f0c-8792-4cd4-8f97-9daeac8a2888,AWAY,59.71378564810048,12.5,,,,,,,no_release,,no_release,592866,"Williams, Trevor",SB,2B,not measured,no_release
cefb63f9-7951-42f9-917c-67978cf69808,HOME,59.67399528054474,8.0,177.0,116.0,L,0.15,21.15,9.0,PASS,1.022,PASS,573186,"Stroman, Marcus",SB,2B,high,
9d32cf96-fdee-4ad8-859a-775fd876f5a9,HOME,59.74175630142769,6.3,170.0,107.0,R,0.12,16.5,9.0,PASS,1.055,PASS,607536,"Freeland, Kyle",SB,2B,high,
69d5b57a-48bb-4f91-b742-633667f77601,HOME,59.61523236481672,6.8,202.0,142.0,L,0.26,11.92,9.0,PASS,1.006,PASS,543294,"Hendricks, Kyle",SB,2B,high,
791d1134-3f59-4864-9159-81561fbdec40,HOME,59.62890369475954,5.9,179.0,114.0,R,0.11,26.21,9.0,PASS,1.09,PASS,624133,"Suarez, Ranger",SB,2B,high,
4ec8fd39-a538-4cde-bc65-0b215502b3a0,AWAY,59.80970723884487,13.3,177.0,,,0.13,,9.0,no_set_before_lift,,cut_in_window,542881,"Anderson, Tyler",SB,3B,not measured,no_set_before_lift
e85cdb51-6f28-4171-8e8d-4f4e41d9a21c,AWAY,59.74025723429237,10.8,,,,,,,no_release,,no_release,608638,"Chargois, JT",CS,2B,not measured,no_release
92aa73df-26b7-4297-ba1e-b33f5bee9c62,AWAY,59.67755448898251,13.4,262.0,,,,,8.0,cut_in_window,,no_release,493603,"Ottavino, Adam",CS,2B,not measured,cut_in_window
2fd459e7-36d1-4e81-96e6-7130327bf62b,AWAY,59.76360784913744,8.2,,,,,,,not_cf_view,,no_release,645261,"Alcantara, Sandy",SB,2B,not measured,not_cf_view
698e141d-bbbb-466b-8f46-4e017f47b20e,AWAY,59.670224040618145,4.4,,,,,,,not_cf_view,,not_cf_view,645261,"Alcantara, Sandy",SB,2B,not measured,not_cf_view
2a053ef9-837b-4b16-8d6c-1a30279ab17b,HOME,59.80300187617261,5.6,174.0,109.0,R,0.09,16.54,9.0,PASS,1.087,PASS,607536,"Freeland, Kyle",SB,2B,high,
1b9a3f2d-1f68-413f-8581-5f0f8c6e5bbe,AWAY,59.79649093421549,10.9,177.0,99.0,R,0.09,24.61,9.0,PASS,1.304,no_set_before_lift,607536,"Freeland, Kyle",SB,3B,high,
7f7b5fd0-355f-4a63-9091-e2ba07d32e22,AWAY,59.71180874479531,11.3,172.0,107.0,R,0.13,18.49,9.0,PASS,1.089,cut_in_window,607536,"Freeland, Kyle",SB,2B,high,
fdd10b76-ab9c-48ed-a7d9-b6de743b62bf,AWAY,59.63480055897007,13.9,189.0,,,0.95,,9.0,release_not_at_hand,,release_not_at_hand,606149,"Gallegos, Giovanny",SB,2B,not measured,release_not_at_hand
61e50e8b-0408-4881-8cc8-b8fb523fa346,AWAY,59.69117226829982,11.2,181.0,122.0,L,0.21,11.56,9.0,PASS,0.988,cut_in_window,543294,"Hendricks, Kyle",SB,2B,high,
384c9ab0-6e71-4730-acc4-8bc16a948891,AWAY,59.78521092057895,14.5,249.0,,,1.43,,9.0,not_cf_view,,release_not_at_hand,571670,"Floro, Dylan",SB,2B,not measured,not_cf_view
1c3cc350-7ce3-4bfb-bf7e-458f19540a19,AWAY,59.787060382314486,15.1,189.0,,,0.77,,9.0,cut_in_window,,release_not_at_hand,623352,"Hader, Josh",SB,3B,not measured,cut_in_window
fb335afb-f1c0-4b52-be0a-b2feceb2ffd8,HOME,59.62487024952324,6.0,180.0,119.0,L,0.19,8.79,9.0,PASS,1.023,PASS,592789,"Syndergaard, Noah",SB,2B,high,
beb9ea26-86a7-4e8e-9d36-a629502fe47e,AWAY,59.710036877770825,10.7,,,,,,,no_release,,no_release,669923,"Kirby, George",CS,2B,not measured,no_release
2ed44984-8498-4615-bccd-6f419ca9492d,AWAY,59.71139492453143,11.5,,,,,,,no_release,,no_release,640448,"Finnegan, Kyle",SB,2B,not measured,no_release
09b47965-9121-4bef-88f9-1feae1c33ad6,AWAY,59.65806667889514,14.0,185.0,114.0,L,0.43,18.02,8.0,PASS,1.19,release_not_at_hand,657508,"Baumann, Mike",SB,3B,low,release_to_wrist 0.43 outside -0.32
471e4b37-3a12-47c8-9c43-db3f8c523364,HOME,59.70259264036559,6.4,183.0,124.0,L,0.22,18.15,9.0,PASS,0.988,PASS,657240,"Merryweather, Julian",SB,2B,high,
67727128-44fd-436b-9150-76b197a8bd2d,AWAY,59.71936752496399,10.2,,,,,,,no_release,,no_release,621107,"Eflin, Zach",SB,2B,not measured,no_release
b3f60dc5-34e8-4e10-9fc7-f37914f21691,AWAY,59.660158062591606,12.0,178.0,121.0,R,0.15,6.67,5.0,PASS,0.955,release_not_at_hand,666129,"Garrett, Braxton",SB,2B,high,
7d69a783-bb1b-42c8-93bb-a03e77d0892b,AWAY,59.72312639147152,13.7,238.0,,,1.34,,7.0,not_cf_view,,no_release,657376,"Schmidt, Clarke",SB,2B,not measured,not_cf_view
d1d0a888-bcd5-41f5-8b69-b7e89e104d72,AWAY,59.67223174146713,13.4,,,,,,,no_release,,cut_in_window,641329,"Baker, Bryan",CS,2B,not measured,no_release
6e576292-1a41-46a3-9a1f-ca8670fc6182,AWAY,59.74106836138784,12.2,,,,,,,no_release,,no_release,676254,"Walker, Ryan",CS,3B,not measured,no_release
b2064d2f-3eb0-481b-b6dd-d4115ae7f004,HOME,59.67862457850087,7.5,176.0,118.0,L,0.21,23.94,9.0,PASS,0.972,PASS,640451,"Harvey, Hunter",SB,2B,high,
9eaec2f3-766d-4c90-9d96-7f2631796d92,AWAY,59.72130059721301,9.1,,,,,,,no_release,,no_release,666808,"Doval, Camilo",SB,2B,not measured,no_release
073d8ddc-6d44-4294-bd12-b3a5e0ed3633,HOME,59.65778058941988,5.7,179.0,128.0,L,0.14,10.74,9.0,PASS,0.855,PASS,605218,"Edwards Jr., Carl",SB,3B,high,
6ce98754-1a15-44d5-87eb-6f3609369aad,AWAY,59.678073232020665,12.2,183.0,129.0,L,0.37,19.56,9.0,PASS,0.905,cut_in_window,621107,"Eflin, Zach",CS,2B,low,release_to_wrist 0.37 outside -0.32
14c27eba-42ba-4fec-9138-feaf6effd876,HOME,59.678840224447974,7.8,200.0,132.0,L,0.11,23.25,8.0,PASS,1.139,PASS,661527,"Martinez, Seth",SB,2B,high,
bf764f95-bbcc-487a-8063-4d712857c0bc,AWAY,59.71037259058481,16.2,177.0,114.0,L,0.15,26.82,9.0,PASS,1.055,cut_in_window,640448,"Finnegan, Kyle",SB,2B,high,
59dd6fe0-869b-4f91-a98a-7536778e5f24,AWAY,59.71067464015272,10.4,,,,,,,no_release,,no_release,621107,"Eflin, Zach",SB,2B,not measured,no_release
7717d7ed-8795-43cf-a784-d0388e729c0a,HOME,59.676641015534344,6.2,177.0,117.0,R,0.11,21.29,9.0,PASS,1.005,PASS,571578,"Corbin, Patrick",SB,2B,high,
29e79adc-b9f2-4ea1-ad5c-7938faeeb348,AWAY,59.6739811496524,12.2,,,,,,,no_release,,no_release,458681,"Lynn, Lance",CS,3B,not measured,no_release
f56d4049-70db-4624-b269-926a6324dc81,HOME,59.62142271463712,5.8,175.0,115.0,R,0.13,17.75,9.0,PASS,1.006,PASS,694363,"Shuster, Jared",SB,2B,high,
453051f4-fa79-4ba0-8aa6-f6fe2a1f6268,AWAY,59.725980220968715,13.2,179.0,100.0,R,0.13,26.6,9.0,PASS,1.323,cut_in_window,641835,"Mayza, Tim",SB,3B,low,delivery_s 1.323 outside 0.7-1.31
b531e3e3-ae2b-4ca9-9b64-3162bcf84c43,AWAY,59.71538393719795,11.5,175.0,113.0,L,0.17,21.85,9.0,PASS,1.038,cut_in_window,659275,"Lamet, Dinelson",SB,2B,high,
013e5c46-418b-4703-b643-2488ca6765a3,HOME,59.67424969148136,5.4,179.0,127.0,L,0.22,6.12,9.0,PASS,0.871,PASS,592094,"Adam, Jason",SB,2B,high,
cf933c6b-d5e3-440c-86d6-2335ed9cecfe,AWAY,59.685948232480975,10.9,180.0,114.0,L,0.21,13.49,9.0,PASS,1.106,cut_in_window,643410,"Leiter Jr., Mark",SB,2B,high,
241938f5-484f-4d45-aa94-92b22bc78c35,AWAY,59.67576169479163,9.1,,,,,,,no_release,,no_release,621107,"Eflin, Zach",CS,2B,not measured,no_release
440ebdbd-d007-43f4-bbad-c8019c658af5,AWAY,59.68006635871974,15.8,172.0,118.0,L,0.09,23.68,7.0,PASS,0.905,release_not_at_hand,663567,"Lambert, Peter",SB,2B,high,
9f9d7589-cc0e-4f67-ae22-2069e0daffa9,HOME,59.66480446927374,5.1,180.0,119.0,R,0.08,21.83,8.0,PASS,1.022,PASS,571578,"Corbin, Patrick",SB,2B,high,
601eedc1-2786-4f58-9945-f923b78d94dd,HOME,59.68535005057232,5.5,178.0,111.0,R,0.12,10.71,9.0,PASS,1.123,PASS,672282,"Detmers, Reid",SB,3B,high,
1a385b2d-e16c-4884-9a38-d24cd110dc4d,AWAY,59.73259435840647,12.6,207.0,,,0.78,,7.0,release_not_at_hand,,not_cf_view,666200,"Luzardo, Jesús",SB,2B,not measured,release_not_at_hand
08aabf32-27f7-42b1-a995-39e107c4fb6c,HOME,59.72377752892871,5.7,193.0,138.0,L,0.21,25.8,9.0,PASS,0.921,PASS,605200,"Davies, Zach",SB,2B,high,
7f56c37e-865b-4bd2-84cb-a4acd0151930,AWAY,59.787076833418325,11.3,,,,,,,no_release,,no_release,453286,"Scherzer, Max",SB,3B,not measured,no_release
d896e7f4-5572-4ff9-8e96-f1c497d32fb8,HOME,59.71315363580557,5.5,180.0,108.0,L,0.18,28.66,9.0,PASS,1.206,PASS,592332,"Gausman, Kevin",SB,2B,high,
a851d0d1-6018-40aa-a35e-0ecec52ffcc2,HOME,59.70963426006126,7.0,177.0,109.0,L,0.19,26.22,9.0,PASS,1.139,PASS,592332,"Gausman, Kevin",SB,2B,high,
a2a1e4a1-2829-4546-bd44-df3cda5986dc,AWAY,59.69021533811863,7.3,,,,,,,no_release,,no_release,592332,"Gausman, Kevin",CS,2B,not measured,no_release
c23842f1-ca5a-42e4-a676-c3af198e5309,HOME,59.70213544975824,5.3,177.0,115.0,L,0.19,18.22,9.0,PASS,1.038,PASS,656730,"Megill, Trevor",SB,2B,high,
3fcaec24-f0a1-4e72-b817-593d7ee7c768,HOME,59.73942021555231,5.4,178.0,118.0,R,0.12,16.6,5.0,PASS,1.004,PASS,666200,"Luzardo, Jesús",SB,3B,high,
98e90194-0622-418e-9cb4-cf572fddc4aa,AWAY,59.76013631237704,11.3,179.0,117.0,L,0.1,15.41,8.0,PASS,1.037,cut_in_window,592836,"Walker, Taijuan",SB,2B,high,
f19829b4-82f1-4bfc-a546-8148b971c66b,AWAY,59.72028736618075,12.6,179.0,99.0,L,1.11,14.61,4.0,cut_in_window,,release_not_at_hand,657277,"Webb, Logan",CS,2B,not measured,cut_in_window
9f638541-9c43-4c0a-8450-c18b08630446,HOME,59.73551315556778,5.0,176.0,115.0,L,0.17,20.58,7.0,PASS,1.021,PASS,592351,"Gray, Jon",SB,2B,high,
1f8da44f-a963-448f-bf4a-431417a4af96,HOME,59.66074106647677,5.2,172.0,113.0,L,0.1,9.47,9.0,PASS,0.989,PASS,518876,"Kelly, Merrill",CS,2B,high,
5e0ec7a1-d9a6-4ab1-8a61-b9ec0884a4ef,HOME,59.75656096394994,6.7,178.0,126.0,L,0.14,5.99,9.0,PASS,0.87,PASS,669203,"Burnes, Corbin",SB,2B,high,
1dd7e54c-ad77-4b7c-ba59-7774168a5b7a,HOME,59.69615728328865,5.3,199.0,139.0,L,0.21,14.55,9.0,PASS,1.005,PASS,641927,"Ober, Bailey",SB,2B,high,
35213bab-43c2-4976-8450-2733ab857876,HOME,59.68248915768114,4.6,178.0,124.0,L,0.32,9.68,6.0,PASS,0.905,PASS,669203,"Burnes, Corbin",SB,2B,high,
76f87c7f-9291-48bd-8386-f364da3f8933,HOME,59.67039211971965,5.4,178.0,124.0,L,0.16,10.26,9.0,PASS,0.905,PASS,657265,"Strzelecki, Peter",SB,2B,high,
a8b14911-d7af-4aa6-9ce9-ad48ff8d740f,HOME,59.77243451025786,5.4,174.0,118.0,L,0.19,13.62,9.0,PASS,0.937,PASS,622663,"Severino, Luis",SB,2B,high,
4ee5e2ab-428c-4bfb-8a1d-8e59730163e1,HOME,59.68716206351288,4.7,177.0,114.0,L,0.17,14.85,9.0,PASS,1.056,PASS,642207,"Williams, Devin",SB,2B,high,
bbbd7f02-c527-4041-8d86-d8219c4cb939,AWAY,59.75016319805635,4.7,,,,,,,not_cf_view,,not_cf_view,605135,"Bassitt, Chris",SB,2B,not measured,not_cf_view
991c35d7-ba50-492d-aac9-369b11e0982d,HOME,59.74295468237499,5.9,179.0,117.0,L,0.19,20.68,9.0,PASS,1.038,PASS,680686,"Gray, Josiah",SB,2B,high,
08697ffb-37f8-456a-90a9-fdf92cebf789,AWAY,59.72191216618912,9.3,,,,,,,no_release,,no_release,669467,"Pallante, Andre",SB,3B,not measured,no_release
961660cb-665c-4660-b76b-b2a8b18593dc,HOME,59.73941919089769,5.0,176.0,112.0,L,0.15,20.12,9.0,PASS,1.071,PASS,571656,"Farmer, Buck",SB,2B,high,
2bd359b2-a4b2-4dd6-b2ad-c2611e1a6118,AWAY,59.7224894987956,12.3,239.0,,,1.93,,9.0,not_cf_view,,no_release,450203,"Morton, Charlie",CS,2B,not measured,not_cf_view
11856241-5683-44ed-a7b3-875817ad31df,AWAY,59.7472678921521,8.9,,,,,,,no_release,,no_release,641401,"Brogdon, Connor",SB,2B,not measured,no_release
a939acbf-1520-4891-baf8-20bffd0a6c05,AWAY,59.72045251217066,12.8,176.0,121.0,R,0.09,16.62,9.0,PASS,0.921,cut_in_window,676680,"Cosgrove, Tom",CS,2B,high,
05a9df0a-8e6e-4ea3-972f-7521a8d2b3d2,AWAY,,5.3,,,,,,,no_clip,,cut_in_window,665625,"Peguero, Elvis",SB,3B,not measured,no_clip
25fd6f05-ded5-4dfc-93c1-109d8de9703c,AWAY,59.646876290721714,18.7,176.0,100.0,L,0.19,17.53,7.0,cut_in_window,,cut_in_window,502624,"Anderson, Chase",CS,2B,not measured,cut_in_window
75832bd0-33da-4d4d-bb66-3abccdd0256e,AWAY,59.73368731073962,7.5,182.0,127.0,L,0.28,12.93,9.0,PASS,0.921,not_cf_view,605135,"Bassitt, Chris",SB,2B,high,
c9e67e9b-f6bd-4947-a3ce-3bfd1aab0b87,AWAY,59.650557725663845,11.4,,,,,,,no_release,,cut_in_window,665795,"Cabrera, Edward",SB,2B,not measured,no_release
be772766-a9c9-481d-bdaa-12afec4e26ca,AWAY,,5.5,,,,,,,no_clip,,cut_in_window,664747,"Díaz, Alexis",SB,2B,not measured,no_clip
ad34b013-af75-4bb1-b119-31b59f0fdb07,AWAY,59.72985814158692,12.6,177.0,109.0,L,0.21,12.21,9.0,cut_in_window,,cut_in_window,547179,"Lorenzen, Michael",SB,2B,not measured,cut_in_window
cd529334-1ecf-4d65-9716-bf0405cf1a51,HOME,59.72286701236161,5.3,178.0,118.0,R,0.13,17.54,9.0,PASS,1.005,PASS,596295,"Gomber, Austin",SB,2B,high,
0c00924a-7d61-4784-9209-0ad2d296b279,AWAY,59.78259158636365,15.1,240.0,,,1.09,,9.0,release_not_at_hand,,release_not_at_hand,502085,"Robertson, David",SB,2B,not measured,release_not_at_hand
28a2b5ee-862c-4cf9-b3bc-2b7b968c6211,HOME,59.69896762187983,5.3,179.0,114.0,L,0.17,20.71,9.0,PASS,1.089,PASS,656730,"Megill, Trevor",SB,2B,high,
d8d9067b-bfbd-444c-bc4e-9fdd8a69f52a,HOME,59.74307748686243,5.6,176.0,111.0,L,0.17,19.98,9.0,PASS,1.088,PASS,656730,"Megill, Trevor",SB,3B,high,
842e914f-5d97-4974-a3f0-42180c6d8662,HOME,59.72018255113969,5.3,179.0,121.0,L,0.12,21.25,9.0,PASS,0.971,PASS,663804,"Kowar, Jackson",SB,2B,high,
a0a0cbb2-8340-482f-a015-3c399643eb60,AWAY,59.72948958436174,11.2,175.0,118.0,L,0.24,25.75,9.0,PASS,0.954,no_set_before_lift,668933,"Ashcraft, Graham",SB,2B,high,
79d544a9-a341-40a9-a6bf-870ff24ced2b,HOME,59.71267880783514,5.6,175.0,107.0,L,0.1,27.47,9.0,PASS,1.139,PASS,676477,"Whitlock, Garrett",SB,3B,high,
af4d64ce-48d6-4d06-9ac6-35daa77927dc,HOME,59.79752989876495,5.4,186.0,134.0,L,0.09,8.87,9.0,PASS,0.87,PASS,596112,"Stephenson, Robert",SB,2B,high,
cc00d1fd-c2d8-4200-a6e6-4128775315e5,HOME,59.71872934347387,5.2,181.0,114.0,R,0.11,18.3,9.0,PASS,1.122,PASS,595411,"Sherriff, Ryan",SB,3B,high,
69decfde-cd80-4dea-a609-3f9e468bebe2,AWAY,,6.5,,,,,,,no_clip,,no_release,543037,"Cole, Gerrit",CS,2B,not measured,no_clip
3b126da8-65ec-470c-a8fc-e1a4e465342e,HOME,59.762854066039395,5.5,179.0,120.0,L,0.22,15.42,9.0,PASS,0.987,PASS,607067,"Rea, Colin",SB,2B,high,
38c29e34-c399-4a93-806b-84cdf0d31329,AWAY,59.629608394014106,9.6,175.0,120.0,L,0.2,16.29,9.0,PASS,0.922,no_release,676710,"Crawford, Kutter",SB,2B,high,
81d9b73f-9349-4b97-a058-0e1e28ea6b64,HOME,59.80782045262238,5.9,179.0,117.0,L,0.13,26.45,8.0,PASS,1.037,PASS,605347,"López, Jorge",SB,2B,high,
a03e0a46-8693-49cb-a719-a9194ebc1ca2,AWAY,59.70170469688947,12.6,180.0,113.0,L,0.19,19.33,9.0,not_cf_view,,not_cf_view,663878,"Pearson, Nate",SB,2B,not measured,not_cf_view
59bdc97f-a4b8-4969-8419-ec959d8d3873,HOME,59.676986470058885,5.8,178.0,124.0,L,0.19,17.01,9.0,PASS,0.905,PASS,671345,"Foley, Jason",SB,2B,high,
dbc4ad2a-d94a-455b-a800-4a14351d860d,HOME,59.63104774047428,5.4,181.0,120.0,R,0.13,15.58,8.0,PASS,1.023,PASS,663738,"Lynch IV, Daniel",SB,2B,high,
623605d5-a41e-462a-a5da-2753eb4b261b,AWAY,59.70598026266336,12.6,179.0,110.0,L,0.22,25.65,7.0,PASS,1.156,no_release,665622,"Medina, Luis",SB,2B,high,
c7e83aca-4059-42f7-80ae-98201a545b76,AWAY,59.63189880447528,11.7,179.0,,,0.12,,9.0,no_set_before_lift,,not_cf_view,595411,"Sherriff, Ryan",SB,3B,not measured,no_set_before_lift
eccb03ee-e05b-4939-82e5-763939b06b3d,AWAY,59.76636332470318,12.5,178.0,,,0.22,,9.0,no_set_before_lift,,no_set_before_lift,681867,"Criswell, Cooper",SB,2B,not measured,no_set_before_lift
252058ae-26da-4da9-ac29-2e401fbf439e,HOME,59.707988637312,7.5,179.0,117.0,L,0.16,20.64,9.0,PASS,1.038,PASS,656730,"Megill, Trevor",SB,2B,high,
bc78f4d6-f717-4262-a3b4-8fb6e2d35d94,HOME,59.712455007689776,5.4,176.0,109.0,L,0.14,19.85,9.0,PASS,1.122,PASS,607067,"Rea, Colin",SB,3B,high,
645cad1f-756c-4b0b-a468-fb197df95ad1,HOME,59.77051743759566,5.5,178.0,119.0,L,0.2,14.24,9.0,PASS,0.987,PASS,607067,"Rea, Colin",SB,2B,high,
4cfd65a7-8c5d-4faf-81e3-04751690db80,HOME,59.74593840702627,5.5,177.0,118.0,L,0.19,24.07,9.0,PASS,0.988,PASS,656629,"Kopech, Michael",SB,3B,high,
47bf5e4d-a351-4c1b-9249-bbbb71968aa1,HOME,59.697312515431015,5.0,182.0,125.0,L,0.24,12.91,9.0,PASS,0.955,PASS,676272,"Miller, Bobby",SB,2B,high,
e47fdb94-a72f-4a2a-8656-4e9c5022861d,HOME,59.69712981596196,7.4,186.0,140.0,R,0.35,13.15,6.0,PASS,0.771,PASS,573124,"Rogers, Taylor",SB,2B,low,release_to_wrist 0.35 outside -0.32
ee11e8c5-62e5-4894-a102-3e5a464cecbd,AWAY,59.67767837253998,11.5,185.0,,,0.53,,9.0,no_set_before_lift,,cut_in_window,621345,"Minter, A.J.",SB,3B,not measured,no_set_before_lift
bdabefca-2319-4747-bae4-1a010af80823,AWAY,59.78026101475139,14.5,175.0,117.0,L,0.12,7.44,9.0,PASS,0.97,release_not_at_hand,656638,"Lange, Alex",SB,2B,high,
46868a08-85ce-41b5-8512-cb308ce29a55,HOME,59.69784511725739,5.5,153.0,91.0,L,0.13,10.02,9.0,PASS,1.039,PASS,600921,"Machado, Andrés",SB,2B,high,
0b40afee-b408-499d-b5d8-8d07ac880648,HOME,59.700928799147334,5.4,196.0,128.0,R,0.09,17.79,9.0,PASS,1.139,PASS,621345,"Minter, A.J.",SB,2B,high,
321fa25c-4d8f-48a2-b1f9-a279707c0029,AWAY,59.64099817763616,15.8,152.0,111.0,L,0.09,19.93,6.0,PASS,0.687,no_release,645261,"Alcantara, Sandy",SB,2B,low,delivery_s 0.687 outside 0.7-1.31
3876bffa-a350-4539-87f3-8c3e430c2ced,HOME,59.71522310779677,5.5,175.0,111.0,L,0.15,22.38,9.0,PASS,1.072,PASS,608678,"Leone, Dominic",SB,3B,high,
c076713d-cfb3-4afc-908a-1bdb0e58e022,AWAY,59.765642016001394,12.1,,,,,,,no_release,,no_release,656629,"Kopech, Michael",SB,2B,not measured,no_release
9a376072-9f79-42a2-bfa2-67d8ee01a33e,HOME,59.81602042203526,5.8,197.0,139.0,L,0.11,11.25,9.0,PASS,0.97,PASS,668678,"Gallen, Zac",SB,2B,high,
ba0d6ab4-1210-4168-9d9d-673fa3ec53bb,AWAY,59.701492537313435,10.5,186.0,116.0,L,0.83,22.31,7.0,release_not_at_hand,,release_not_at_hand,656557,"Houck, Tanner",SB,2B,not measured,release_not_at_hand
c84a5940-f1aa-4093-9c64-c077f7acec14,HOME,59.72122227861249,5.1,179.0,117.0,L,0.21,12.59,9.0,PASS,1.038,PASS,663474,"McKenzie, Triston",SB,2B,high,
a4932eb0-484d-4e97-89a1-b114e4bdb9a8,AWAY,59.64894356927019,10.9,176.0,117.0,L,0.22,17.54,9.0,PASS,0.989,cut_in_window,675916,"Karinchak, James",SB,2B,high,
c3c28048-dd7e-4e27-a4fa-1abc56ab8a28,HOME,59.66240323241377,4.9,177.0,128.0,L,0.12,5.67,8.0,PASS,0.821,PASS,657746,"Ryan, Joe",CS,2B,high,
792b00e7-fff2-420f-a1f8-34f3ecf90b71,HOME,59.65099715099715,5.2,182.0,117.0,L,0.18,14.89,9.0,PASS,1.09,PASS,593334,"Germán, Domingo",CS,2B,high,
5647d805-27c7-46e1-97d6-8c009058cf17,AWAY,59.765485432162926,10.8,,,,,,,no_release,,no_release,656629,"Kopech, Michael",SB,2B,not measured,no_release
777bedfa-cced-4b90-af4c-a8759dcb6fd7,HOME,59.64618216109716,5.3,198.0,126.0,R,0.1,25.81,9.0,PASS,1.207,PASS,605177,"Chafin, Andrew",SB,2B,high,
3b93b331-d3b5-49b0-8404-61d8c003b464,AWAY,,6.0,,,,,,,no_clip,,no_release,593334,"Germán, Domingo",SB,2B,not measured,no_clip
6904e50a-4b54-4a76-b2a6-d0e68b7db674,AWAY,59.67993216060582,10.5,179.0,,,0.1,,9.0,no_set_before_lift,,no_set_before_lift,519293,"Smith, Will",CS,2B,not measured,no_set_before_lift
5696ae1a-1adc-416f-b118-09ad071eb8e5,AWAY,59.76901150997301,10.7,180.0,122.0,R,0.13,5.61,5.0,PASS,0.97,release_not_at_hand,666129,"Garrett, Braxton",SB,2B,high,
4f507c29-295d-4e70-9d47-d8140d1f2c75,HOME,59.72574099536243,6.1,179.0,114.0,R,0.14,27.44,8.0,PASS,1.088,PASS,527048,"Pérez, Martín",SB,3B,high,
78ffc689-3753-48bf-8f1c-1bec47370e6e,AWAY,59.71261904318169,8.3,181.0,124.0,L,0.21,17.54,9.0,PASS,0.955,not_cf_view,656232,"Bielak, Brandon",SB,2B,high,
ae288aac-c9b0-4d68-9ac0-aa48bda252b9,HOME,59.675960275184806,5.5,180.0,109.0,R,0.12,18.57,9.0,PASS,1.19,PASS,621363,"Poche, Colin",CS,2B,high,
d629cba2-bb44-46a8-ae26-8e91a875de8a,HOME,59.74452732590373,5.9,180.0,113.0,L,0.16,23.97,9.0,PASS,1.121,PASS,669438,"Englert, Mason",SB,3B,high,
62029964-c7ef-44e6-b39c-e4ea6c199cef,AWAY,59.67249138740572,11.5,,,,,,,no_release,,cut_in_window,670059,"Holderman, Colin",CS,2B,not measured,no_release
ebeb640f-6709-4879-ac44-7262e1b3f6bd,AWAY,59.73645680819912,12.0,188.0,127.0,R,0.74,4.39,5.0,release_not_at_hand,,release_not_at_hand,666129,"Garrett, Braxton",SB,2B,not measured,release_not_at_hand
e051ccdf-7135-40aa-b1a1-51d851cc0523,HOME,59.73921956918691,5.6,178.0,125.0,L,0.33,18.54,9.0,PASS,0.887,PASS,527054,"Teheran, Julio",CS,2B,low,release_to_wrist 0.33 outside -0.32
7f38ff21-3229-4d5e-b88e-4d9dfa508235,AWAY,59.73744575513094,10.8,182.0,116.0,L,0.13,25.06,7.0,PASS,1.105,cut_in_window,605400,"Nola, Aaron",CS,2B,high,
43b372de-f188-419e-9206-abff7c4ec327,HOME,59.5746729410632,5.3,174.0,108.0,R,0.09,14.59,5.0,PASS,1.108,PASS,676664,"Sears, JP",SB,3B,high,
da2c1591-643a-4631-9a62-f315f08083e9,HOME,59.64127410368427,5.7,177.0,111.0,L,0.32,18.84,9.0,PASS,1.107,PASS,623211,"Brazobán, Huascar",SB,2B,high,
36d80487-2848-49a1-86b0-ba41018fbc9c,AWAY,59.66825291775656,13.3,146.0,113.0,L,0.18,3.05,9.0,not_cf_view,,release_not_at_hand,670912,"Oviedo, Johan",SB,2B,not measured,not_cf_view
d4b69c88-abff-409a-8d29-cfa7f247b6e8,HOME,59.70584782189921,5.2,180.0,117.0,L,0.12,22.23,8.0,PASS,1.055,PASS,666974,"Cano, Yennier",SB,2B,high,
5c946fd5-b561-4717-bdc5-be5022c523c2,AWAY,59.75843106955519,10.8,,,,,,,no_release,,cut_in_window,592332,"Gausman, Kevin",SB,2B,not measured,no_release
f7fc2904-139e-4e7c-a91f-dbc8ab0a21f4,HOME,59.637070319098925,8.6,190.0,120.0,R,0.12,21.42,9.0,PASS,1.174,PASS,666142,"Ragans, Cole",SB,2B,high,
c158982b-5d6e-454e-9dbe-29c3eedd0d81,HOME,59.73717811915605,5.5,175.0,106.0,R,0.16,18.41,7.0,PASS,1.155,PASS,640455,"Manaea, Sean",SB,2B,high,
3f5c6a09-4779-457d-9eb4-1208844ea8ee,HOME,59.65508658772106,5.2,190.0,121.0,L,0.17,23.19,9.0,PASS,1.157,PASS,606160,"Montero, Rafael",CS,3B,high,
78105c3e-e097-4a0e-8b80-df35f7261a76,AWAY,59.67067366208882,11.6,170.0,111.0,L,0.21,16.01,9.0,PASS,0.989,cut_in_window,593619,"Tapia, Domingo",CS,2B,high,
bc18b13c-8fd6-48cc-9bfe-cee12926f4d8,AWAY,59.682075255604055,9.7,184.0,115.0,L,0.58,43.88,9.0,PASS,1.156,release_not_at_hand,666974,"Cano, Yennier",SB,2B,low,release_to_wrist 0.58 outside -0.32
f7e6ded0-9187-4ed1-a6c4-927def6e3c4a,AWAY,59.72281551575613,12.9,180.0,122.0,R,0.19,30.28,9.0,PASS,0.971,cut_in_window,543056,"Coulombe, Danny",SB,2B,high,
2e1b6694-af6c-4f1d-a801-ed3484853b0b,HOME,59.69275384858167,5.3,182.0,112.0,L,0.15,29.3,9.0,PASS,1.173,PASS,641771,"Kuhl, Chad",SB,2B,high,
d16cb1ab-d2bd-4a63-bf96-f1bb6e8eba9b,HOME,59.769056600141646,5.1,180.0,119.0,R,0.13,34.79,9.0,PASS,1.021,PASS,543056,"Coulombe, Danny",SB,3B,high,
e33844a3-a1ca-4952-b66d-a418817b3f53,HOME,59.67313587753867,5.2,179.0,116.0,R,0.1,27.47,9.0,PASS,1.056,PASS,622065,"Young, Alex",SB,2B,high,
33bc1eab-20a1-404a-acdf-4c19cbae487e,HOME,59.73202290030138,5.2,178.0,127.0,L,0.3,3.51,9.0,PASS,0.854,PASS,608337,"Giolito, Lucas",SB,2B,low,lift_peak_in 3.51 outside 4.28-
8a070f40-3e21-467c-b721-7b3f3dae3ea7,AWAY,59.75684051598549,10.2,,,,,,,no_release,,cut_in_window,592332,"Gausman, Kevin",SB,2B,not measured,no_release
12d2d600-3556-445d-988c-299f9976eb92,HOME,59.69401123249906,5.7,181.0,120.0,R,0.14,27.2,9.0,PASS,1.022,PASS,674072,"Henry, Tommy",SB,3B,high,
0f2ca065-948a-4c59-a0e0-d525a35ef70f,HOME,59.66905981527044,5.4,181.0,114.0,L,0.13,29.4,7.0,PASS,1.123,PASS,641771,"Kuhl, Chad",SB,2B,high,
d8188230-1b80-4e80-83ce-db3d0656d5b0,AWAY,59.642147117296226,10.0,173.0,,,0.18,,9.0,no_set_before_lift,,no_set_before_lift,592789,"Syndergaard, Noah",SB,2B,not measured,no_set_before_lift
ecd40c81-a38c-4ad2-b341-7bd8f7804e52,AWAY,59.81817643400752,9.5,181.0,116.0,L,0.66,27.08,8.0,release_not_at_hand,,no_release,669923,"Kirby, George",SB,2B,not measured,release_not_at_hand
67084a80-fe78-4a39-8025-c91adf211e44,HOME,59.66771997967839,5.3,173.0,111.0,L,0.11,14.77,9.0,PASS,1.039,PASS,592791,"Taillon, Jameson",SB,2B,high,
12aa1f63-4bb3-465e-9d07-c153c57a8fda,AWAY,59.67620993904168,10.0,,,,,,,no_release,,no_release,665795,"Cabrera, Edward",CS,2B,not measured,no_release
82968eec-cd4c-4170-9ad3-f1b300e969c6,AWAY,59.70112009781751,11.8,178.0,130.0,L,0.23,7.98,6.0,PASS,0.804,cut_in_window,669854,"Blanco, Ronel",SB,2B,high,
ae5faa32-9572-49d4-a474-382cd7d76c5c,AWAY,59.7177932441413,13.6,181.0,120.0,L,0.17,17.35,5.0,cut_in_window,,release_not_at_hand,608678,"Leone, Dominic",SB,2B,not measured,cut_in_window
625e85a7-f81b-4b7d-bb77-1880a5d431ef,HOME,59.66069419863095,5.4,175.0,109.0,L,0.14,18.08,9.0,PASS,1.106,PASS,592791,"Taillon, Jameson",SB,3B,high,
dfd10a25-b146-4be7-8ded-44773e8c26de,AWAY,59.671364589890224,9.6,181.0,105.0,L,0.16,12.7,9.0,PASS,1.274,no_release,493603,"Ottavino, Adam",SB,3B,high,
105464c2-bcbf-4dd7-bcd5-4f647bfac698,HOME,59.69181337833555,5.1,201.0,141.0,L,0.22,10.47,9.0,PASS,1.005,PASS,592789,"Syndergaard, Noah",SB,2B,high,
bf4d8af4-39d2-48f9-8d54-d4727fd9c117,AWAY,59.67091240487181,8.8,179.0,,,0.26,,9.0,no_set_before_lift,,no_release,650556,"Abreu, Bryan",CS,2B,not measured,no_set_before_lift
2c061f18-2053-4e42-abb3-9405da078c42,AWAY,59.68634942275453,14.0,175.0,104.0,L,0.11,19.58,8.0,PASS,1.19,cut_in_window,657277,"Webb, Logan",SB,2B,high,
ba914be0-3ebe-4e3f-bdfd-431ec2b5f6c5,HOME,59.76060706962724,5.4,181.0,120.0,L,0.25,15.07,8.0,PASS,1.021,PASS,676710,"Crawford, Kutter",CS,2B,high,
5e7769b1-94cb-43e2-9b1f-8f50b0861e93,AWAY,59.7425381095754,9.7,174.0,,,0.15,,6.0,no_set_before_lift,,no_set_before_lift,592789,"Syndergaard, Noah",SB,2B,not measured,no_set_before_lift
60e578d1-3303-4a69-b5d2-861735f10041,HOME,59.72027049650211,5.4,196.0,128.0,L,0.13,23.55,9.0,PASS,1.139,PASS,592094,"Adam, Jason",SB,2B,high,
e25f64d1-cfe0-4055-b715-1ef4187d11a3,HOME,59.63168233736563,4.9,205.0,141.0,L,0.15,12.69,9.0,PASS,1.073,PASS,592789,"Syndergaard, Noah",SB,2B,high,
28e38b1a-3e0c-47b5-8ec4-d31272054ac4,AWAY,59.66387166803867,11.7,181.0,148.0,L,0.16,7.27,9.0,cut_in_window,,no_release,682847,"Ortiz, Luis",SB,2B,not measured,cut_in_window
5f045123-7a25-4873-a240-c0b8a44edee9,HOME,59.56498650333044,5.1,180.0,121.0,L,0.22,20.18,9.0,PASS,0.991,PASS,676440,"Bibee, Tanner",SB,2B,high,
5df2e12a-5282-4b9a-acad-fd116b82c809,HOME,59.721678741437806,5.1,181.0,123.0,R,0.09,20.51,9.0,PASS,0.971,PASS,571578,"Corbin, Patrick",SB,2B,high,
a4cb7611-5f54-46a5-aaac-bf751bdd05e9,HOME,59.67404103003136,5.0,181.0,113.0,L,0.23,33.21,9.0,PASS,1.14,PASS,661403,"Clase, Emmanuel",SB,2B,high,
53f46f5f-3c0e-4c53-b6ec-2e534e0b2af0,HOME,59.73878266382019,5.0,199.0,129.0,L,0.17,25.52,7.0,PASS,1.172,PASS,592094,"Adam, Jason",SB,3B,high,
b9bb9253-e0f4-4988-8187-52f72d1045af,AWAY,59.64974262697138,8.9,,,,,,,no_release,,no_release,502171,"Cobb, Alex",SB,2B,not measured,no_release
a9df66ca-2f70-4faf-8e91-a14c001fe086,HOME,59.67769574060691,6.6,174.0,141.0,R,0.21,6.48,8.0,PASS,0.553,PASS,477132,"Kershaw, Clayton",SB,2B,low,delivery_s 0.553 outside 0.7-1.31
5ce6475b-7bc9-4b2a-bc61-a33de33b3357,HOME,59.70079886260049,8.1,143.0,116.0,L,0.11,3.92,9.0,PASS,0.452,PASS,622772,"Cordero, Jimmy",SB,2B,low,lift_peak_in 3.92 outside 4.28-; delivery_s 0.452 outside 0.7-1.31
6e18ed73-a4b4-42e7-88fc-58111c4d7301,HOME,59.780293006730886,6.0,181.0,117.0,L,0.13,21.91,9.0,PASS,1.071,PASS,675911,"Strider, Spencer",SB,3B,high,
6ef859ea-61d1-4ace-8eea-b563274728c2,HOME,59.713955889389666,5.7,179.0,117.0,L,0.16,23.15,8.0,PASS,1.038,PASS,571539,"Carasiti, Matt",SB,2B,high,
1a266fd1-a832-436b-a433-0937f1d45b78,AWAY,59.741242339411365,9.9,181.0,125.0,L,0.19,16.61,9.0,PASS,0.937,cut_in_window,675916,"Karinchak, James",SB,2B,high,
f50fac04-64e5-4061-8448-c5f90753a3e5,HOME,59.706247681115,5.6,174.0,120.0,R,0.1,2.19,9.0,PASS,0.904,PASS,672282,"Detmers, Reid",SB,2B,low,lift_peak_in 2.19 outside 4.28-
719e2823-3185-4033-850c-98730d2632e0,HOME,59.72754157172638,5.0,178.0,116.0,L,0.19,11.7,9.0,PASS,1.038,PASS,622772,"Cordero, Jimmy",SB,3B,high,
d60b1d94-b906-4e58-b1f4-41b10fd41f45,AWAY,59.73064143860806,10.7,179.0,112.0,L,0.1,17.79,9.0,PASS,1.122,no_release,622663,"Severino, Luis",SB,2B,high,
4675d808-ebbf-4acd-8b4e-abdae6cc8388,HOME,59.75776411296452,5.6,175.0,101.0,R,0.14,17.28,9.0,PASS,1.238,PASS,592767,"Smyly, Drew",SB,3B,high,
a36b12d0-e839-49dd-a401-2e772890722a,AWAY,59.6939143083568,14.1,248.0,,,2.37,,9.0,not_cf_view,,no_release,675921,"Howard, Spencer",SB,2B,not measured,not_cf_view
3728c0ff-b4d7-4d3c-baf4-c05a1f6efcc1,HOME,59.780317319427496,5.4,176.0,117.0,L,0.18,18.5,6.0,PASS,0.987,PASS,700363,"Smith-Shawver, AJ",SB,2B,high,
f34b3b85-ad7f-43b8-8f03-6574e841dae9,HOME,59.738339975159825,6.1,182.0,116.0,L,0.15,25.56,9.0,PASS,1.105,PASS,665622,"Medina, Luis",SB,2B,high,
ed130a39-6300-4b07-9db7-8b2984de4534,HOME,59.77946741348423,7.8,175.0,110.0,L,0.3,16.55,8.0,PASS,1.087,PASS,506433,"Darvish, Yu",SB,2B,high,
6b748878-e2db-44c9-a252-0d989b14b473,AWAY,,5.6,,,,,,,no_clip,,no_release,666374,"Brash, Matt",SB,2B,not measured,no_clip
2615e254-b924-48f4-86b5-e2d771ec96c2,AWAY,59.72639271695504,11.6,189.0,112.0,L,1.27,20.79,6.0,release_not_at_hand,,release_not_at_hand,571946,"Miller, Shelby",SB,2B,not measured,release_not_at_hand
415f6d2e-1ccc-45f8-bb28-bbea061d3ac2,AWAY,59.7505306312331,8.7,182.0,131.0,R,0.14,14.0,6.0,PASS,0.854,not_cf_view,671106,"Allen, Logan",CS,2B,high,
8e33ceff-45a9-4918-a4d0-610220f6b3e0,HOME,59.65395754090381,5.5,181.0,122.0,R,0.14,16.92,9.0,PASS,0.989,PASS,663738,"Lynch IV, Daniel",SB,2B,high,
e2e7ea47-84c8-4ecb-a455-4e8d0b06ddec,HOME,59.65762526381615,5.5,199.0,139.0,L,0.18,19.53,9.0,PASS,1.006,PASS,675540,"Curry, Xzavion",SB,3B,high,
632fd6e1-9f4e-424d-a18c-36017da2869f,HOME,59.82176468615005,6.8,178.0,126.0,L,0.16,10.55,7.0,PASS,0.869,PASS,605288,"Houser, Adrian",SB,2B,high,
7cb61142-3790-42e7-b81a-df559236b55d,HOME,59.763414829555174,7.4,178.0,130.0,L,0.17,11.0,9.0,PASS,0.803,PASS,669330,"Wells, Tyler",SB,2B,high,
6aaf7173-4e8d-485e-963c-06f7f0df7d4a,AWAY,59.71627987282945,11.3,,,,,,,no_release,,no_release,656731,"Megill, Tylor",SB,3B,not measured,no_release
cc0dc353-91af-4ee3-bfcb-1baa3b9f0fd4,HOME,59.72534201271783,7.4,178.0,122.0,L,0.17,16.88,6.0,PASS,0.938,PASS,700363,"Smith-Shawver, AJ",CS,2B,high,
bf745f9c-06f7-4ecc-b424-30b5562edb71,HOME,59.81430377509822,6.6,177.0,119.0,R,0.21,15.61,9.0,PASS,0.97,PASS,663738,"Lynch IV, Daniel",SB,2B,high,
05bc88a1-8e40-4aab-92b8-a28341dbabe4,AWAY,59.68127955168992,10.8,,,,,,,no_release,,no_release,680704,"Sandlin, Nick",SB,2B,not measured,no_release
cb07cb1c-9243-4eca-949a-fdc4832a264d,HOME,59.60166222413536,5.4,180.0,120.0,R,0.13,16.95,9.0,PASS,1.007,PASS,663738,"Lynch IV, Daniel",SB,3B,high,
46cd436f-08a2-4221-9582-9a1561ca0e9a,AWAY,59.71246471693795,11.0,178.0,120.0,R,0.17,5.2,7.0,PASS,0.971,cut_in_window,571760,"Heaney, Andrew",SB,3B,high,
1b13f14e-7dfd-4825-bd0a-76394ca872de,HOME,59.65281107323812,6.6,197.0,136.0,L,0.15,20.42,9.0,PASS,1.023,PASS,543101,"DeSclafani, Anthony",CS,2B,high,
42284a5b-318d-47f7-a972-34a697b65620,HOME,59.68725740268382,5.9,183.0,116.0,L,0.14,26.86,5.0,PASS,1.123,PASS,665622,"Medina, Luis",CS,2B,high,
2fa2cf1b-b874-47ed-b71d-9d627c41e6a2,AWAY,,5.9,,,,,,,no_clip,,cut_in_window,608032,"Estévez, Carlos",SB,2B,not measured,no_clip
b3a38f98-a3d7-421a-9d87-3c16e57e10e3,HOME,59.77474991218987,5.6,198.0,137.0,L,0.24,20.88,9.0,PASS,1.02,PASS,675540,"Curry, Xzavion",SB,2B,high,
41b2ca0e-53ae-434a-9ae0-e1045e60bc35,HOME,59.699614194192854,6.3,178.0,111.0,L,0.14,26.93,9.0,PASS,1.122,PASS,676477,"Whitlock, Garrett",CS,2B,high,
02d5c733-6507-4f74-8114-c651c3e65591,AWAY,59.732946517459744,11.1,178.0,112.0,L,0.2,17.64,9.0,PASS,1.105,no_set_before_lift,607192,"Glasnow, Tyler",SB,2B,high,
f586af2a-3d15-4af3-af49-ab7bd18c434a,AWAY,59.77119549972328,10.2,,,,,,,no_release,,no_release,676477,"Whitlock, Garrett",SB,2B,not measured,no_release
863f1114-1fc9-45c8-a435-7594d00d8172,AWAY,,5.8,,,,,,,no_clip,,no_set_before_lift,547973,"Chapman, Aroldis",SB,2B,not measured,no_clip
46e95111-161e-4f81-a418-b0ae1c303d7f,AWAY,,6.2,,,,,,,no_clip,,cut_in_window,622491,"Castillo, Luis",CS,2B,not measured,no_clip
03624db2-fe4d-4d94-b96b-32235cb894f9,AWAY,,2.8000000000000003,,,,,,,no_clip,,not_cf_view,593334,"Germán, Domingo",SB,2B,not measured,no_clip
05e9fce2-e2d4-4de6-bd47-d99d80df01ce,AWAY,59.73861937413002,9.8,,,,,,,no_release,,no_release,673540,"Senga, Kodai",CS,2B,not measured,no_release
08852910-327a-4cc3-be96-a6638bf7c2a7,HOME,59.618473314950094,5.8,180.0,124.0,L,0.23,9.48,9.0,PASS,0.939,PASS,663474,"McKenzie, Triston",SB,2B,high,
85da7b30-3c7c-4bc3-bdd5-e8ae35f6ccb0,HOME,59.72673520481543,5.3,182.0,113.0,R,0.25,17.91,9.0,PASS,1.155,PASS,607536,"Freeland, Kyle",CS,2B,high,
5901bd7f-bb29-4fb7-b32c-bd57e9957a22,AWAY,59.67058665266986,8.0,,,,,,,not_cf_view,,no_release,645261,"Alcantara, Sandy",CS,2B,not measured,not_cf_view
87b9fe41-ab1e-40f3-a1cd-ed2e29d15f21,HOME,59.77172006021645,6.5,180.0,119.0,L,0.15,11.96,9.0,PASS,1.021,PASS,663474,"McKenzie, Triston",SB,2B,high,
27fa0b33-068b-4b6d-be53-c6f3b6b561e9,AWAY,59.74626984760233,10.9,181.0,122.0,L,0.16,11.35,9.0,PASS,0.988,cut_in_window,663474,"McKenzie, Triston",SB,2B,high,
ecd8782b-bfe4-440e-b47a-5c18b8dc2e76,HOME,59.693959587658334,7.6,179.0,113.0,L,0.14,27.78,8.0,PASS,1.106,PASS,641771,"Kuhl, Chad",SB,2B,high,
a36953f5-963f-4bd3-8827-10f014514825,AWAY,59.68292538303199,11.1,181.0,,,0.13,,9.0,no_set_before_lift,,no_set_before_lift,682120,"Herrin, Tim",SB,2B,not measured,no_set_before_lift
09a7e2ea-2aeb-43fb-bfd6-75a555fa6048,HOME,59.69475529065496,5.3,177.0,116.0,R,0.13,19.91,5.0,PASS,1.022,PASS,595345,"Okert, Steven",SB,2B,high,
df68d130-36e4-4540-93b0-1b3fc5940139,HOME,59.76696919083171,5.7,177.0,108.0,L,0.21,27.46,9.0,PASS,1.154,PASS,605400,"Nola, Aaron",SB,2B,high,
31530b26-65c8-4051-aad0-ecd42cec619e,AWAY,59.62283432754237,11.5,180.0,,,0.3,,7.0,cut_in_window,,no_set_before_lift,665625,"Peguero, Elvis",SB,2B,not measured,cut_in_window
26b74f14-7419-485b-a03e-a25afe78973f,AWAY,59.71858366427104,13.0,178.0,131.0,L,0.1,13.76,8.0,PASS,0.787,not_cf_view,656290,"Carlton, Drew",CS,2B,high,
499d97b3-8325-4dab-afb9-2306c3853a55,AWAY,59.71187356177256,10.3,,,,,,,no_release,,no_release,571945,"Mikolas, Miles",SB,2B,not measured,no_release
69eee3eb-80d8-4d03-8bea-0c4c2405e135,AWAY,59.80585021645275,9.9,,,,,,,no_release,,no_release,670912,"Oviedo, Johan",SB,2B,not measured,no_release
b6622123-8602-44ee-9efb-698d41daf680,AWAY,59.683856421138934,10.8,185.0,,,0.58,,9.0,no_set_before_lift,,cut_in_window,682120,"Herrin, Tim",SB,2B,not measured,no_set_before_lift
eade044a-b5f3-4ca3-ac87-975de45446cb,HOME,59.710582142885954,5.8,177.0,120.0,L,0.18,25.12,9.0,PASS,0.955,PASS,641329,"Baker, Bryan",CS,2B,high,
01e5083b-ae80-4bf8-8fd8-28596aaf2a98,AWAY,59.71551402735329,11.4,180.0,125.0,R,0.19,6.6,9.0,PASS,0.921,cut_in_window,622780,"Perdomo, Angel",SB,2B,high,
9415f821-cae2-443e-a22f-c072d9eb75c0,AWAY,59.62436649110603,11.3,180.0,125.0,L,0.12,8.33,9.0,PASS,0.922,cut_in_window,663474,"McKenzie, Triston",SB,2B,high,
17218488-1d33-4557-a05f-3e7459c9800a,HOME,59.66138340470177,5.3,182.0,135.0,L,0.23,4.23,9.0,PASS,0.788,PASS,641585,"France, J.P.",SB,2B,low,lift_peak_in 4.23 outside 4.28-
682aa54a-317a-4eae-8c76-9f32bed7478f,HOME,59.67530513462647,5.6,180.0,109.0,L,0.15,23.62,9.0,PASS,1.19,PASS,642207,"Williams, Devin",SB,2B,high,
f65e4347-970a-4614-8d25-ddebc42d8029,HOME,59.69504035295726,7.6,179.0,122.0,L,0.25,22.44,9.0,PASS,0.955,PASS,656629,"Kopech, Michael",SB,2B,high,
6e4200f4-60c4-4574-95bd-7d35307bf364,AWAY,59.664037368127616,16.6,177.0,,,0.16,,8.0,no_set_before_lift,,no_set_before_lift,641672,"Hatch, Thomas",SB,2B,not measured,no_set_before_lift
b8ed293d-fbc8-4c94-bde3-a965a3c82a63,AWAY,59.71979157397245,13.6,178.0,118.0,L,0.15,19.49,9.0,PASS,1.005,no_release,659275,"Lamet, Dinelson",SB,2B,high,
7e2e4b3c-9c5c-4d44-b745-58b30281b5f1,HOME,59.73704637180411,5.5,181.0,117.0,R,0.16,29.45,9.0,PASS,1.071,PASS,663558,"Morán, Jovani",SB,3B,high,
71d4c6d5-6d47-4e49-80ee-2a36f95e2c8f,HOME,59.68137844732155,5.9,180.0,124.0,L,0.22,12.23,7.0,PASS,0.938,PASS,600917,"Leclerc, José",CS,2B,high,
d68b47dd-c8a3-4ec0-89c8-b4b9a9cc73a5,AWAY,59.66161040277346,10.8,179.0,119.0,L,0.13,23.74,7.0,PASS,1.006,no_release,656605,"Keller, Mitch",SB,3B,high,
1d37a220-df64-4897-9f68-5a88c4479712,HOME,59.64493808486124,7.3,179.0,111.0,L,0.16,23.52,9.0,PASS,1.14,PASS,600917,"Leclerc, José",SB,2B,high,
7887d64c-9864-4b07-bacf-997889a38938,AWAY,59.76946065177174,10.7,177.0,119.0,L,0.16,19.18,9.0,PASS,0.97,not_cf_view,656232,"Bielak, Brandon",CS,2B,high,
5c83f5d5-8782-4799-8f1d-f11bd0fae412,HOME,59.7274223052122,5.3,177.0,125.0,L,0.17,10.43,9.0,PASS,0.871,PASS,502043,"Gibson, Kyle",CS,2B,high,
bf7c6526-2721-4c0d-9818-5fba2034ed63,AWAY,59.6319411456287,11.5,184.0,114.0,L,0.65,26.33,9.0,release_not_at_hand,,release_not_at_hand,665625,"Peguero, Elvis",SB,3B,not measured,release_not_at_hand
5420566a-5509-409e-b780-88c1de27f280,HOME,59.7745735497512,5.6,181.0,126.0,L,0.15,8.09,9.0,PASS,0.92,PASS,425794,"Wainwright, Adam",SB,2B,high,
3c70aed6-e810-456e-973a-ea8b78cb4c58,AWAY,59.704440477506715,11.8,178.0,117.0,L,0.28,18.73,9.0,PASS,1.022,cut_in_window,623211,"Brazobán, Huascar",SB,2B,high,
b88d37f7-e033-4547-b7e0-1d268c861d77,HOME,59.691440222831616,6.0,179.0,121.0,L,0.19,16.35,9.0,PASS,0.972,PASS,669456,"Bieber, Shane",CS,2B,high,
a6122308-d7ed-46cd-b1b8-041a987ec003,HOME,59.76075233056701,5.3,177.0,114.0,L,0.13,14.6,9.0,PASS,1.054,PASS,592836,"Walker, Taijuan",SB,2B,high,
f24c4400-fcff-49c7-aabd-ae33173350b1,HOME,59.68901159898788,5.3,179.0,109.0,R,0.16,17.38,9.0,PASS,1.173,PASS,676664,"Sears, JP",SB,2B,high,
39312fb2-1137-417d-a1ce-058bc867ae9e,AWAY,,5.8,,,,,,,no_clip,,no_set_before_lift,656638,"Lange, Alex",SB,3B,not measured,no_clip
8b34ea30-d7f1-4e5a-9dae-836556ba3b5c,HOME,59.75144149572156,6.9,183.0,129.0,R,0.09,5.44,7.0,PASS,0.904,PASS,676664,"Sears, JP",CS,2B,high,
96737dbd-e36f-42ac-ad38-4a4b1edfb72f,HOME,59.74029335793699,6.3,180.0,119.0,L,0.25,15.79,9.0,PASS,1.021,PASS,664139,"Gibaut, Ian",CS,2B,high,
3f93fc1b-5ae1-42ef-997d-57f81bc1ae5c,HOME,59.6808440093565,19.4,182.0,128.0,L,0.16,2.63,9.0,PASS,0.905,PASS,605447,"Romano, Jordan",SB,2B,low,lift_peak_in 2.63 outside 4.28-
d7711053-61d5-41e6-bee8-98c84233aa08,HOME,59.753615923674715,5.6,177.0,118.0,L,0.13,14.81,9.0,PASS,0.987,PASS,605463,"Scott, Tayler",SB,3B,high,
d5314a9d-efb6-4f34-a371-e59cd21a1f7a,AWAY,59.72814543276563,52.8,177.0,118.0,L,0.14,19.45,9.0,PASS,0.988,cut_in_window,656232,"Bielak, Brandon",SB,2B,high,
ecc4668e-31dc-4c4c-840c-369bbc4d9f93,HOME,59.66990452815275,5.7,179.0,107.0,L,0.2,19.54,6.0,PASS,1.207,PASS,612434,"Castro, Miguel",SB,2B,high,
a4742651-da34-434c-9352-975619b03417,AWAY,59.62502484376035,33.4,,,,,,,no_release,,release_not_at_hand,657277,"Webb, Logan",CS,2B,not measured,no_release
1dd3a7d8-0e00-4600-88d0-52f5f6e76cde,AWAY,59.70515303717299,8.7,,,,,,,not_cf_view,,not_cf_view,641302,"Alexander, Tyler",SB,2B,not measured,not_cf_view
2c37938e-de6c-4019-8168-5b31509337e1,HOME,59.67036117990517,11.7,180.0,127.0,R,0.11,13.71,9.0,PASS,0.888,PASS,542881,"Anderson, Tyler",SB,2B,high,
bc606562-3155-42d2-9d81-c1af0776b6a4,HOME,59.67222842105942,10.4,182.0,120.0,L,0.37,13.69,9.0,PASS,1.039,PASS,666808,"Doval, Camilo",SB,2B,low,release_to_wrist 0.37 outside -0.32
1850bd63-f422-4712-9b5a-3b54a9735a4c,AWAY,59.70584679695517,14.2,184.0,134.0,L,0.65,7.31,7.0,release_not_at_hand,,no_release,621016,"Cuas, Jose",SB,2B,not measured,release_not_at_hand
cbf39ae9-fd93-4475-85d2-0eeb6c89a4bb,HOME,59.71828940681043,7.1,180.0,132.0,L,0.16,4.97,9.0,PASS,0.804,PASS,596133,"Weaver, Luke",CS,2B,high,
e10e6c2f-687c-4fda-9c0e-b42ee986e675,AWAY,59.68491596267455,18.799999999999997,176.0,108.0,L,0.1,23.64,8.0,PASS,1.139,not_cf_view,606965,"Devenski, Chris",SB,2B,high,
feafbd9c-df6a-4758-89e3-7f6a43ec26fe,HOME,59.81221350631351,7.2,178.0,105.0,L,0.34,20.61,8.0,PASS,1.22,PASS,621076,"Kaprielian, James",SB,2B,low,release_to_wrist 0.34 outside -0.32
4a392f1c-99b1-45bc-a5c8-0e2a6359b7a4,HOME,59.73120955699353,7.4,175.0,128.0,L,0.24,2.54,9.0,PASS,0.787,PASS,630023,"Chirinos, Yonny",CS,2B,low,lift_peak_in 2.54 outside 4.28-
53b6cab3-e93c-4d94-a69c-6e852a788e73,HOME,59.74797664173753,8.5,182.0,124.0,R,0.11,21.99,9.0,PASS,0.971,PASS,642239,"Zastryzny, Rob",SB,2B,high,
0027ffd5-0c53-4b4c-bdd6-e6950e9b770a,HOME,59.73516729584538,6.8,172.0,115.0,L,0.22,25.15,9.0,PASS,0.954,PASS,605200,"Davies, Zach",SB,2B,high,
cb7922f0-3005-4478-b1e7-a957c265d824,HOME,59.6701255324339,6.7,170.0,105.0,L,0.12,44.53,5.0,PASS,1.089,PASS,686613,"Brown, Hunter",CS,2B,high,
9675d8c3-f1f1-4359-9116-fe73025eeae9,HOME,59.65874384069283,7.4,178.0,118.0,L,0.12,21.31,9.0,PASS,1.006,PASS,664062,"Gonsolin, Tony",SB,2B,high,
5471e704-4e4b-414d-92a5-dded2ccbcf06,AWAY,59.68374719196259,17.2,,,,,,,no_release,,cut_in_window,592791,"Taillon, Jameson",CS,2B,not measured,no_release
be201568-da5b-44ae-b643-d2599e260eb3,HOME,59.80865564155257,7.2,178.0,124.0,L,0.19,8.83,9.0,PASS,0.903,PASS,543475,"Lyles, Jordan",SB,2B,high,
eba9ffb9-6cb3-423f-9c87-02a69cfd4036,AWAY,59.69878598152248,11.2,177.0,108.0,L,0.14,16.51,7.0,PASS,1.156,cut_in_window,642207,"Williams, Devin",SB,2B,high,
4089bd8b-b3de-4e9d-a7a3-3c5a70d3a336,HOME,59.77646094293216,6.9,179.0,121.0,L,0.17,7.16,9.0,PASS,0.97,PASS,543475,"Lyles, Jordan",SB,3B,high,
a1af7617-4d12-473d-a8c7-b53a77b30723,AWAY,59.73632238103664,13.8,182.0,123.0,L,0.1,13.96,7.0,PASS,0.988,release_not_at_hand,663658,"Ward, Thaddeus",SB,2B,high,
7efb6346-fa91-46ce-a52c-07eab36de2d2,AWAY,59.72822748769278,14.7,183.0,129.0,L,0.17,6.7,9.0,PASS,0.904,release_not_at_hand,622663,"Severino, Luis",SB,2B,high,
0b64de79-d550-4f16-8fa6-836c29a8ae8e,HOME,59.71359955738314,7.0,189.0,156.0,L,0.49,2.85,8.0,PASS,0.553,PASS,664875,"Lawrence, Justin",SB,2B,low,release_to_wrist 0.49 outside -0.32; lift_peak_in 2.85 outside 4.28-; delivery_s 0.553 outside 0.7-1.31
7bebda2e-28f7-4eca-a8f8-c671ee1bcba6,AWAY,59.69735917911106,13.4,177.0,,,0.1,,9.0,cut_in_window,,cut_in_window,621363,"Poche, Colin",SB,3B,not measured,cut_in_window
b46b105b-cf25-4021-9e0f-6c0b575e7353,AWAY,59.74212870228117,13.6,177.0,119.0,L,0.39,20.44,8.0,PASS,0.971,release_not_at_hand,676440,"Bibee, Tanner",SB,2B,low,release_to_wrist 0.39 outside -0.32
24fcc111-1f52-4918-89d7-e262c8688975,AWAY,59.650115527891735,12.9,177.0,119.0,L,0.16,17.99,9.0,PASS,0.972,no_release,665795,"Cabrera, Edward",SB,2B,high,
cd474bf6-5c99-4ee4-bc08-cb58b0079ce0,HOME,59.711839339427144,6.8,177.0,119.0,L,0.18,9.75,9.0,PASS,0.971,PASS,543507,"May, Trevor",CS,2B,high,
6268fc3a-21ee-4269-825a-82a8c5f4e06e,HOME,59.64145674475135,9.7,197.0,135.0,L,0.17,15.52,7.0,PASS,1.04,PASS,600917,"Leclerc, José",SB,2B,high,
d1546aee-6e4b-4edd-8d98-adfd9aac8f1e,HOME,59.672762271414825,7.1,175.0,114.0,L,0.1,26.67,9.0,PASS,1.022,PASS,605200,"Davies, Zach",SB,3B,high,
5283c63d-2d42-488b-8c27-fb0312ede863,AWAY,59.65355612441958,18.299999999999997,248.0,,,1.06,,9.0,not_cf_view,,no_release,665795,"Cabrera, Edward",SB,2B,not measured,not_cf_view
397b2d3a-cfe7-4407-8fde-a1f5a46501b8,AWAY,59.75162906771772,14.9,176.0,117.0,L,0.17,18.46,9.0,PASS,0.987,no_release,665795,"Cabrera, Edward",SB,2B,high,
4474bc55-5ebf-4b6a-8bff-6d022083ad2f,HOME,59.712686782438126,6.6,178.0,129.0,L,0.1,2.68,8.0,PASS,0.821,PASS,664875,"Lawrence, Justin",SB,3B,low,lift_peak_in 2.68 outside 4.28-
abc804ac-ec1c-4707-b2a2-d0a7bca2d83f,AWAY,59.67531495305114,13.9,175.0,116.0,L,0.11,25.68,9.0,PASS,0.989,cut_in_window,605200,"Davies, Zach",SB,2B,high,
7d08ee62-d418-4a3f-90db-7a7776b58ae4,HOME,59.80300187617261,7.5,174.0,112.0,L,0.25,24.32,9.0,PASS,1.037,PASS,665622,"Medina, Luis",SB,2B,high,
3dd70566-2111-4fd2-8845-73554f5c1f1f,AWAY,,12.5,,,,,,,no_clip,,implausible_delivery,605182,"Clevinger, Mike",SB,2B,not measured,no_clip
2cda2659-6cbe-4239-a30e-6730431dd472,HOME,59.70383845061258,7.2,175.0,118.0,L,0.14,22.79,9.0,PASS,0.955,PASS,660813,"Graterol, Brusdar",CS,2B,high,
6b7ef564-a853-40ef-9477-104c72119ee0,HOME,59.692927164280206,5.2,181.0,128.0,L,0.14,9.75,9.0,PASS,0.888,PASS,676477,"Whitlock, Garrett",CS,2B,high,
65cdf018-07e0-4bda-a353-fd3d9904ae3b,HOME,59.645255035574706,6.6,173.0,105.0,R,0.16,25.8,9.0,PASS,1.14,PASS,594580,"Moll, Sam",SB,2B,high,
b9b617e2-0a64-4469-9273-5dc9645b1b62,HOME,59.67740918860658,6.0,175.0,117.0,L,0.2,14.77,9.0,PASS,0.972,PASS,668754,"Bristo, Braden",SB,2B,high,
6c3d845a-d66d-4b3b-b713-9d279b5687fe,AWAY,59.69274432379072,14.1,220.0,,,1.42,,9.0,not_cf_view,,cut_in_window,607192,"Glasnow, Tyler",SB,3B,not measured,not_cf_view
dfb4d10f-8e59-4769-bec2-462d75f244dd,HOME,59.68271614870943,6.7,176.0,113.0,L,0.29,29.28,9.0,PASS,1.056,PASS,605182,"Clevinger, Mike",SB,2B,high,
869dbe24-c5c4-4f98-9527-1b138c2eba12,HOME,59.69111911842764,6.2,178.0,117.0,L,0.22,16.97,9.0,PASS,1.022,PASS,607192,"Glasnow, Tyler",SB,2B,high,
5b8ba9bb-97d4-4261-a650-d2b0236f85f9,HOME,59.650794308320044,9.2,180.0,122.0,L,0.18,17.73,8.0,PASS,0.972,PASS,666374,"Brash, Matt",SB,2B,high,
3decb9fc-7cd7-4aeb-a33a-23c7ad6f9a92,HOME,59.69559480380189,7.9,176.0,120.0,L,0.09,12.97,6.0,PASS,0.938,PASS,518876,"Kelly, Merrill",SB,2B,high,
54ef2b3f-94fe-4f5a-aac2-dc808d1818a3,HOME,59.72345925245581,10.8,212.0,154.0,R,0.24,26.94,9.0,PASS,0.971,PASS,543056,"Coulombe, Danny",SB,3B,high,
895e6b24-ec71-448e-99b4-cebd3c972fcf,AWAY,59.77858445756805,16.8,182.0,156.0,L,0.13,3.68,9.0,cut_in_window,,cut_in_window,680694,"Bradish, Kyle",CS,2B,not measured,cut_in_window
e1c0460b-1e5a-44f1-a295-a428bb1e74e7,HOME,59.74514771836902,9.4,177.0,118.0,L,0.09,11.45,9.0,PASS,0.988,PASS,676477,"Whitlock, Garrett",SB,2B,high,
ddb5a63c-eb28-4da7-b398-34457986788a,HOME,59.681339130079614,8.3,157.0,91.0,R,0.16,21.96,9.0,PASS,1.106,PASS,596295,"Gomber, Austin",SB,2B,high,
09b56064-337f-4120-9851-3db8d53afbc1,AWAY,59.65765230751413,14.4,,,,,,,no_release,,no_release,680704,"Sandlin, Nick",SB,2B,not measured,no_release
b4817811-19c0-4959-91ba-99a319276391,AWAY,59.62230991282495,15.2,190.0,,,1.03,,9.0,cut_in_window,,cut_in_window,607192,"Glasnow, Tyler",SB,2B,not measured,cut_in_window
91ea55ed-2ae5-4ee9-9466-598067941c0b,HOME,59.781172244213565,8.6,181.0,114.0,R,0.22,26.62,9.0,PASS,1.121,PASS,548384,"Raley, Brooks",SB,2B,high,
9522d023-30ae-4abf-a842-56ae3e50552c,AWAY,59.6902188180784,10.4,182.0,120.0,L,0.85,17.84,9.0,release_not_at_hand,,cut_in_window,675540,"Curry, Xzavion",SB,2B,not measured,release_not_at_hand
e70afc07-62b7-4af9-9692-4c6cef4e1800,AWAY,59.74169445466233,11.5,177.0,120.0,L,0.19,11.12,9.0,PASS,0.954,cut_in_window,608379,"Wacha, Michael",CS,2B,high,
df2d789f-a41f-40b7-bbae-620e94a02d27,AWAY,59.66608744293006,17.9,185.0,121.0,L,0.72,25.56,8.0,release_not_at_hand,,release_not_at_hand,640451,"Harvey, Hunter",SB,3B,not measured,release_not_at_hand
8b11ba84-db7c-460e-b8f0-325215379b23,HOME,59.70639675742898,7.9,209.0,151.0,R,0.2,26.48,9.0,PASS,0.971,PASS,543056,"Coulombe, Danny",SB,2B,high,
2e8f2b72-c18a-4a9a-91e8-b968b83f77b9,AWAY,59.6898223616924,14.7,193.0,116.0,L,0.9,23.48,8.0,release_not_at_hand,,release_not_at_hand,680686,"Gray, Josiah",SB,2B,not measured,release_not_at_hand
5ae87d29-596e-4a50-9837-5cb639c10ff0,AWAY,59.77986356647665,12.7,,,,,,,no_release,,no_release,680694,"Bradish, Kyle",SB,2B,not measured,no_release
75ccd807-2e41-48e3-855d-3633dbbbf978,HOME,59.67371137935483,5.5,175.0,109.0,L,0.1,18.05,9.0,PASS,1.106,PASS,613534,"Adams, Austin",SB,2B,high,
1b0ce9a6-f3c5-48bf-9ea1-1a9f7fee28ff,HOME,59.635412797694215,7.8,163.0,102.0,R,0.1,11.53,5.0,PASS,1.023,PASS,571927,"Matz, Steven",SB,2B,high,
b8e14e08-41b1-40e0-b3f5-fc9878198cbf,HOME,59.63670465090487,7.9,180.0,125.0,L,0.24,23.47,5.0,PASS,0.922,PASS,686839,"White, Brendan",SB,2B,high,
4693ff6f-1afa-4640-86d6-7150d4c882f6,HOME,59.77867221667018,8.2,182.0,119.0,L,0.13,23.67,7.0,PASS,1.054,PASS,621244,"Berríos, José",CS,2B,high,
4ff37fd3-26f9-44ba-bdc9-67eadab76cce,HOME,59.69479678444028,7.6,177.0,123.0,L,0.24,18.82,8.0,PASS,0.905,PASS,671345,"Foley, Jason",CS,2B,high,
36f88d6b-03c3-47dc-854d-4ada8e78c403,HOME,59.67709075447989,7.5,175.0,107.0,L,0.14,31.38,9.0,PASS,1.139,PASS,518886,"Kimbrel, Craig",SB,3B,high,
e63f55f2-15dd-48ef-a49e-ae5467ee2a73,HOME,59.65936427494628,6.9,173.0,120.0,L,0.26,7.57,9.0,PASS,0.888,PASS,665622,"Medina, Luis",CS,2B,high,
036c5249-4902-4c7b-a737-6efcea8071d1,AWAY,59.65784027486123,13.9,187.0,,,0.47,,8.0,no_set_before_lift,,no_set_before_lift,656529,"Hentges, Sam",SB,3B,not measured,no_set_before_lift
91585b3f-8797-4c54-81f7-06c5e2795889,AWAY,59.634994258370334,10.5,175.0,118.0,L,0.34,18.98,9.0,PASS,0.956,not_cf_view,663986,"Stephan, Trevor",SB,2B,low,release_to_wrist 0.34 outside -0.32
8114e72e-f11c-4810-a5f0-74c1c9e8263f,HOME,59.72712899888744,38.8,197.0,143.0,L,0.19,21.66,9.0,PASS,0.904,PASS,543243,"Gray, Sonny",SB,2B,high,
8e8c7399-e242-4c30-a04c-53d98fb092f5,AWAY,59.67198756160784,14.0,,,,,,,not_cf_view,,no_release,606965,"Devenski, Chris",SB,2B,not measured,not_cf_view
e1c5e116-eef5-4a9b-b9de-456b84813e73,HOME,59.66131656656154,8.8,199.0,131.0,L,0.15,22.81,9.0,PASS,1.14,PASS,625643,"López, Reynaldo",SB,2B,high,
48101de4-4ade-4069-b55e-aac4fa2fd74f,HOME,59.69553833527792,7.8,180.0,129.0,L,0.27,10.24,9.0,PASS,0.854,PASS,643493,"Pruitt, Austin",CS,2B,high,
9dafa8ac-8473-42e8-b803-8a19c8f41820,HOME,59.672762271414825,7.7,177.0,119.0,L,0.24,16.61,9.0,PASS,0.972,PASS,700363,"Smith-Shawver, AJ",SB,2B,high,
a37626dc-7f79-4349-9c42-ba7e1a378db0,HOME,59.774337408083866,12.2,180.0,122.0,L,0.33,6.7,9.0,PASS,0.97,PASS,670912,"Oviedo, Johan",SB,2B,low,release_to_wrist 0.33 outside -0.32
8f9d56dc-4d76-423d-9e42-4f84cba93d65,AWAY,59.82451475671364,14.6,,,,,,,no_release,,no_release,605400,"Nola, Aaron",SB,2B,not measured,no_release
18d68fc1-ac9c-483e-8d59-7d320efc3061,HOME,59.5807956327786,7.2,210.0,149.0,R,0.24,20.95,9.0,PASS,1.024,PASS,579328,"Kikuchi, Yusei",SB,3B,high,
87c4ad40-454c-46cd-86d6-649f6f25d3e4,HOME,59.631825396432966,8.4,212.0,149.0,R,0.17,26.85,9.0,PASS,1.056,PASS,579328,"Kikuchi, Yusei",SB,2B,high,
b637bbea-ca7f-411c-8f85-fe5962027643,AWAY,59.66428893426321,10.6,175.0,109.0,L,0.2,23.56,9.0,PASS,1.106,no_release,663752,"Morris, Cody",CS,3B,high,
071b57db-231d-48ad-84f3-10b8c06eabf5,HOME,59.67920584905336,9.9,185.0,120.0,L,0.18,22.61,7.0,PASS,1.089,PASS,640448,"Finnegan, Kyle",SB,2B,high,
ec1f371c-6a7a-45f6-b38d-cc91738abb91,AWAY,59.69595417280286,12.4,173.0,,,0.12,,9.0,cut_in_window,,cut_in_window,622503,"Crismatt, Nabil",CS,2B,not measured,cut_in_window
259a9a66-7d4f-4e7e-867d-fb7153de5423,HOME,59.69819247139461,7.6,176.0,110.0,L,0.43,15.71,9.0,PASS,1.106,PASS,666808,"Doval, Camilo",SB,2B,low,release_to_wrist 0.43 outside -0.32
6c270458-06ba-4172-b3c8-d956f1a4d558,HOME,59.6898353838988,9.2,178.0,118.0,L,0.12,14.48,9.0,PASS,1.005,PASS,592836,"Walker, Taijuan",SB,3B,high,
abbc74db-51ff-4f90-bfd8-ec6a9e4d28e5,AWAY,59.75929704743264,13.7,189.0,116.0,L,0.99,13.12,5.0,release_not_at_hand,,release_not_at_hand,592836,"Walker, Taijuan",SB,2B,not measured,release_not_at_hand
528dd5aa-4501-4306-85ee-f9db7e4c1e68,HOME,59.68318373220415,8.5,178.0,107.0,L,0.16,24.13,9.0,PASS,1.19,PASS,656731,"Megill, Tylor",CS,3B,high,
ffa7dfcf-ce1a-4606-b98d-5451296e099a,AWAY,59.676799905462495,15.2,172.0,113.0,L,0.13,10.76,9.0,PASS,0.989,cut_in_window,506433,"Darvish, Yu",SB,2B,high,
36d92e77-7171-4aac-b34d-1b8bc8472632,HOME,59.65663842456313,7.6,180.0,114.0,R,0.15,18.03,5.0,PASS,1.106,PASS,694363,"Shuster, Jared",CS,2B,high,
f02617be-1710-4df4-9180-b6cf020c9562,HOME,59.70926546508469,13.2,175.0,112.0,L,0.13,16.43,9.0,PASS,1.055,PASS,666808,"Doval, Camilo",CS,3B,high,
d6785f14-c452-4488-9d24-c72aa9c14d16,AWAY,59.724391112572256,17.9,170.0,105.0,L,0.14,15.05,9.0,PASS,1.088,no_set_before_lift,506433,"Darvish, Yu",SB,2B,high,
74c5c07e-fbc6-420e-ac87-624934d12c2d,AWAY,59.76423060095436,16.0,171.0,121.0,L,0.19,10.04,9.0,PASS,0.837,not_cf_view,641703,"Honeywell, Brent",SB,2B,high,
430f215f-f8ab-458d-883e-00c58afffc6b,HOME,59.71878282195994,8.6,181.0,123.0,R,0.13,15.47,9.0,PASS,0.971,PASS,671096,"Abbott, Andrew",SB,2B,high,
fa0d8479-042a-451e-a45a-4d31dcecdc9c,AWAY,,12.5,,,,,,,no_clip,,cut_in_window,665625,"Peguero, Elvis",SB,3B,not measured,no_clip
4234d4da-74b7-4c38-97f3-0fcc0ad0c0e3,AWAY,59.69002376085902,18.0,176.0,,,0.09,,9.0,no_set_before_lift,,no_set_before_lift,686218,"Sheehan, Emmet",SB,2B,not measured,no_set_before_lift
40432914-b6e1-4207-83a2-7de9516052e1,AWAY,,11.0,,,,,,,no_clip,,cut_in_window,527054,"Teheran, Julio",SB,2B,not measured,no_clip
9aedcc45-a1df-4913-a3fb-01ad5fab1b3a,HOME,59.6629328403723,9.3,182.0,121.0,L,0.13,5.01,8.0,PASS,1.022,PASS,657024,"Swanson, Erik",SB,2B,high,
1484f996-254f-4e2f-a0cd-a3d0eefa41b0,HOME,59.65572349371657,7.3,173.0,115.0,L,0.13,12.16,9.0,PASS,0.972,PASS,506433,"Darvish, Yu",CS,2B,high,
8fc7434e-6bae-4ed4-9623-207066a26d58,AWAY,59.63808340514218,19.5,191.0,,,0.65,,9.0,release_not_at_hand,,cut_in_window,663556,"McClanahan, Shane",SB,2B,not measured,release_not_at_hand
b0d7b9d2-2fbe-4671-b49a-f6fe1f09b2da,AWAY,59.76311070009533,13.7,147.0,105.0,L,0.1,30.47,7.0,PASS,0.703,cut_in_window,664747,"Díaz, Alexis",SB,2B,high,
5ac8bc18-404c-46b0-b444-14ef7b02128f,HOME,59.64346462258941,5.0,177.0,109.0,L,0.2,23.22,9.0,PASS,1.14,PASS,606160,"Montero, Rafael",SB,3B,high,
7de11812-a8e3-4ef8-b638-4257fddbd1a4,HOME,59.75284677005734,5.7,177.0,137.0,L,0.25,4.31,9.0,PASS,0.669,PASS,657053,"Toussaint, Touki",SB,2B,low,delivery_s 0.669 outside 0.7-1.31
168be0ae-14d1-4f16-bbf2-e0f78fd9c098,AWAY,,10.6,,,,,,,no_clip,,no_release,693433,"Woo, Bryan",SB,2B,not measured,no_clip
7cbf03b1-be2f-4854-97a6-6963fbc35d65,HOME,59.74011077399829,5.7,180.0,119.0,R,0.24,23.84,9.0,PASS,1.021,PASS,680735,"Cox, Austin",SB,2B,high,
f6307040-5816-4031-9a41-8cc759c87e77,HOME,59.700007462500935,5.1,179.0,112.0,L,0.13,21.78,9.0,PASS,1.122,PASS,659275,"Lamet, Dinelson",SB,2B,high,
730b15cb-696c-4c55-9d13-7b1afc27e53f,AWAY,,8.3,,,,,,,no_clip,,no_release,656629,"Kopech, Michael",SB,2B,not measured,no_clip
2f72d02a-aa3f-4a89-88ac-07cfc3ebb10a,AWAY,59.747777548066985,16.700000000000003,,,,,,,no_release,,no_release,608337,"Giolito, Lucas",CS,2B,not measured,no_release
ccde6dc7-b3c5-48ea-b83f-07d94257fc48,AWAY,59.708380806784255,15.3,184.0,116.0,L,0.6,32.74,8.0,PASS,1.139,release_not_at_hand,668881,"Greene, Hunter",SB,2B,low,release_to_wrist 0.6 outside -0.32
ccfe3134-49f9-46f5-bba9-dd1d64e8f415,HOME,59.659627853212115,6.9,177.0,100.0,L,0.18,24.68,9.0,PASS,1.291,PASS,606160,"Montero, Rafael",SB,3B,high,
adbf8ce3-c234-4550-8dbe-529809dd8086,HOME,59.79217994856296,9.7,180.0,129.0,L,0.11,5.29,6.0,PASS,0.853,PASS,606965,"Devenski, Chris",SB,2B,high,
d0971a2a-7913-4271-9a4b-08042aa16329,HOME,59.61901791468684,5.2,177.0,126.0,L,0.21,16.17,9.0,PASS,0.855,PASS,594577,"Mayers, Mike",CS,2B,high,
f6520cf1-6e69-4409-9ea8-613d3bb043ad,HOME,59.76048933294795,8.1,177.0,122.0,L,0.22,15.76,9.0,PASS,0.92,PASS,663804,"Kowar, Jackson",SB,2B,high,
567c4225-fad5-496f-bd76-75800a710bf9,HOME,59.65052484006595,4.6,185.0,121.0,L,0.09,15.73,7.0,PASS,1.073,PASS,593576,"Neris, Héctor",CS,2B,high,
57de154f-b6a6-4996-8907-a934ee00886b,AWAY,59.702168363737215,9.4,193.0,140.0,L,0.49,4.04,6.0,not_cf_view,,not_cf_view,643256,"Cimber, Adam",CS,2B,not measured,not_cf_view
ff9ee78d-e7d0-4a98-83f5-3d8271b60215,HOME,59.64125254811593,7.1,182.0,131.0,L,0.1,6.27,9.0,PASS,0.855,PASS,592773,"Stanek, Ryne",SB,3B,high,
a8875c15-8850-41b4-8c58-81b3ff53dd4c,AWAY,,8.6,,,,,,,no_clip,,no_set_before_lift,621107,"Eflin, Zach",SB,2B,not measured,no_clip
c19de884-567e-40a3-852d-8441f2930a82,AWAY,59.71022091370149,20.2,177.0,,,0.16,,9.0,no_set_before_lift,,no_set_before_lift,608337,"Giolito, Lucas",SB,2B,not measured,no_set_before_lift
406abf69-1ad7-4471-8e1d-37348395dcee,HOME,59.720559242636774,7.5,190.0,134.0,R,0.08,14.3,9.0,PASS,0.938,PASS,607481,"Bummer, Aaron",SB,3B,high,
4cd727c9-85e4-4f8b-b190-9e5af1efae87,AWAY,59.698120734882906,19.9,181.0,,,0.16,,8.0,no_set_before_lift,,no_set_before_lift,547973,"Chapman, Aroldis",SB,2B,not measured,no_set_before_lift
05f69eea-99be-4f54-a5ab-25adaf6a679b,HOME,59.733388128323014,9.4,177.0,112.0,R,0.18,11.71,9.0,PASS,1.088,PASS,547973,"Chapman, Aroldis",SB,3B,high,
9cab380d-b2d7-4e71-a426-e4e615f0c9ba,HOME,59.70918116468026,7.8,180.0,115.0,L,0.1,20.73,9.0,PASS,1.089,PASS,668881,"Greene, Hunter",SB,2B,high,
0ba950c4-e4e8-4a37-a80e-38de2b1fb2d9,HOME,59.686490491351414,7.7,177.0,125.0,L,0.18,7.79,6.0,PASS,0.871,PASS,606965,"Devenski, Chris",SB,2B,high,
a7a0c94f-05d3-41dd-94d0-0b032c301a4e,HOME,59.83129919951197,8.1,179.0,114.0,L,0.15,17.59,9.0,PASS,1.086,PASS,669302,"Gilbert, Logan",SB,3B,high,
c86f1367-b3f4-4cb9-8fe4-fbca973f6d77,HOME,59.72845822227787,10.4,177.0,115.0,R,0.08,17.98,9.0,PASS,1.038,PASS,650911,"Sánchez, Cristopher",SB,3B,high,
798fe741-51b9-407c-a25d-c097fdd85aa5,HOME,59.76234046003104,7.8,174.0,113.0,R,0.12,28.37,9.0,PASS,1.021,PASS,674072,"Henry, Tommy",SB,2B,high,
bca0b7e4-b09a-4c59-b7f2-e7907dd4cbfe,HOME,59.72425447725821,8.9,177.0,112.0,R,0.09,23.88,9.0,PASS,1.088,PASS,548384,"Raley, Brooks",SB,2B,high,
cf99272d-5801-4488-8562-e05b98b3121b,AWAY,59.7717990763785,14.7,176.0,121.0,L,0.18,5.52,9.0,PASS,0.92,not_cf_view,630023,"Chirinos, Yonny",SB,2B,high,
ce1d7b3a-78a5-496e-b95f-48ead060790a,HOME,59.8069925785161,8.2,181.0,122.0,L,0.09,21.47,9.0,PASS,0.987,PASS,664062,"Gonsolin, Tony",SB,2B,high,
5c9f7ce6-b4f0-4ed2-9a5e-52f91b793802,HOME,59.64384547480798,7.1,183.0,128.0,L,0.23,15.02,9.0,PASS,0.922,PASS,458681,"Lynn, Lance",SB,2B,high,
894a12b7-577d-46a8-af68-b61b82aedb25,HOME,59.62997672239185,8.7,182.0,116.0,L,0.15,24.55,8.0,PASS,1.107,PASS,678394,"Bello, Brayan",SB,2B,high,
b6773540-0ac6-425d-a7b2-8c5a02ef3caa,AWAY,59.6457404506567,20.5,175.0,120.0,L,0.2,7.28,9.0,PASS,0.922,no_release,630023,"Chirinos, Yonny",SB,2B,high,
e6194ab9-b92f-435d-8aae-382c97ec7c70,AWAY,,9.4,,,,,,,no_clip,,no_release,665152,"Kremer, Dean",SB,2B,not measured,no_clip
08b89a95-6eaa-481b-913a-4aa0819578e9,HOME,59.71634735008709,18.0,178.0,124.0,L,0.12,24.23,9.0,PASS,0.904,PASS,605200,"Davies, Zach",SB,2B,high,
e35a6590-1917-4a8e-abaa-580aa6f1c240,HOME,59.69601165919797,15.6,180.0,132.0,L,0.23,7.83,9.0,PASS,0.804,PASS,621139,"Kriske, Brooks",CS,2B,high,
441acc40-b693-45ac-84b7-4aeab6250b04,HOME,59.701057342902025,13.5,180.0,127.0,R,0.12,12.38,9.0,PASS,0.888,PASS,542881,"Anderson, Tyler",SB,2B,high,
6610d9c7-66eb-40dd-a7fc-01bfdeceb3bd,HOME,59.649246201249255,15.9,176.0,113.0,L,0.25,21.18,8.0,PASS,1.056,PASS,666974,"Cano, Yennier",SB,3B,high,
9b25c4c7-18d4-4add-9b1a-5adc59049542,HOME,59.661523447005024,12.0,174.0,119.0,L,0.24,11.83,9.0,PASS,0.922,PASS,621139,"Kriske, Brooks",CS,2B,high,
c297d822-4929-45fb-b4f5-3292b2a41c8d,HOME,59.61644991954417,14.8,181.0,134.0,L,0.14,9.38,9.0,PASS,0.788,PASS,669854,"Blanco, Ronel",SB,2B,high,
a8521d51-4050-4cb6-9985-fb8cb157b551,AWAY,59.75151308028972,24.3,195.0,127.0,L,1.12,13.95,9.0,release_not_at_hand,,release_not_at_hand,554430,"Wheeler, Zack",SB,2B,not measured,release_not_at_hand
e5504ca8-bb08-49ec-aa10-4cc4243e5e94,HOME,59.58725551888428,10.8,177.0,119.0,L,0.18,12.99,9.0,PASS,0.973,PASS,592791,"Taillon, Jameson",SB,2B,high,
2c84e2e9-027e-4b80-9070-b0e742819a79,AWAY,59.69612558296048,30.1,184.0,124.0,L,0.25,11.12,6.0,PASS,1.005,cut_in_window,493603,"Ottavino, Adam",SB,2B,high,
ce97ba69-e0e1-479b-8334-61f0d8cdc385,AWAY,59.70807115439012,22.5,178.0,117.0,L,0.16,15.37,9.0,PASS,1.022,cut_in_window,664139,"Gibaut, Ian",SB,2B,high,
8ee2c950-dcb6-4132-87a8-6aea18869769,HOME,59.7347944586446,5.2,186.0,126.0,L,0.13,16.77,9.0,PASS,1.004,PASS,608717,"Stratton, Chris",SB,2B,high,
126903db-7daf-4594-950f-ff9b2d62c55e,HOME,59.65639088582917,7.5,186.0,123.0,L,0.13,14.15,9.0,PASS,1.056,PASS,622663,"Severino, Luis",SB,2B,high,
64db15e2-565a-4595-996d-9fd30055b687,HOME,59.65875487915467,15.9,181.0,114.0,L,0.09,29.53,9.0,PASS,1.123,PASS,681982,"Anderson, Grant",SB,2B,high,
2db286d7-3132-4c84-b4e8-5334911c3167,AWAY,59.74388860157619,9.9,179.0,113.0,R,0.1,23.54,8.0,not_cf_view,,no_release,518617,"Diekman, Jake",SB,2B,not measured,not_cf_view
c1fd752a-ef2e-4829-9af9-7e9fec11a12d,HOME,59.77803142385706,10.8,179.0,121.0,L,0.08,13.97,9.0,PASS,0.97,PASS,681982,"Anderson, Grant",SB,2B,high,
49cd7999-3b60-4868-be72-92cadaa00359,AWAY,59.66465632611713,24.9,187.0,125.0,L,0.16,23.13,9.0,PASS,1.039,cut_in_window,608678,"Leone, Dominic",SB,2B,high,
2b88c910-4e54-4fb5-a1f9-a322a8513aaa,HOME,59.72100308169941,12.4,179.0,112.0,R,0.21,30.06,8.0,PASS,1.122,PASS,621366,"Borucki, Ryan",SB,2B,high,
83da4917-2430-4067-a061-1ad7002697cd,HOME,59.62844073705544,5.7,174.0,122.0,L,0.25,6.28,9.0,PASS,0.872,PASS,676254,"Walker, Ryan",CS,3B,high,
7a451e2d-eff4-45d6-9b5a-7fc2f6ebc102,AWAY,59.83022294383467,28.8,180.0,109.0,L,0.13,23.79,7.0,PASS,1.187,no_set_before_lift,686613,"Brown, Hunter",SB,2B,high,
1954187e-5bf3-4399-a150-511fb818616f,HOME,59.73045648108737,15.4,168.0,94.0,R,0.1,16.5,9.0,PASS,1.239,PASS,543272,"Hand, Brad",SB,2B,high,
4985758b-6f1d-4c57-b300-e390fa16134e,HOME,59.722981886039705,30.9,176.0,116.0,R,0.15,11.6,9.0,PASS,1.005,PASS,650893,"Cabrera, Génesis",SB,3B,high,
a1e5a1e4-4e55-4e2d-af05-04df689b684f,HOME,59.77382875605816,6.1,178.0,123.0,L,0.19,18.1,9.0,PASS,0.92,PASS,681857,"Olson, Reese",SB,2B,high,
34e49a69-bc56-4ce4-bb5a-81b745534514,HOME,59.762015948359945,15.1,180.0,122.0,R,0.11,4.76,9.0,PASS,0.971,PASS,669022,"Gore, MacKenzie",SB,3B,high,
a71bc0fc-1a2b-4b42-af71-7eb15c605400,AWAY,59.68693798157329,23.9,174.0,139.0,R,0.15,5.86,9.0,PASS,0.586,cut_in_window,477132,"Kershaw, Clayton",SB,2B,low,delivery_s 0.586 outside 0.7-1.31
de2918bc-0253-4ca1-94ea-9a67a5d970ac,AWAY,59.69912726531813,25.6,184.0,123.0,R,0.14,8.93,9.0,PASS,1.022,cut_in_window,622780,"Perdomo, Angel",SB,2B,high,
e5ca6c40-1e55-4454-a122-f253c5cb1fd2,HOME,59.669174275063064,7.5,176.0,111.0,R,0.1,11.17,9.0,PASS,1.089,PASS,672282,"Detmers, Reid",SB,2B,high,
30c2565c-7805-401b-845b-4e09420ce240,HOME,59.79643765903308,9.5,203.0,143.0,L,0.29,21.48,8.0,PASS,1.003,PASS,669923,"Kirby, George",SB,2B,high,
01c9b87e-e8b8-46e8-b1c2-45e479576ad9,AWAY,59.811827436448965,20.5,,,,,,,no_release,,no_release,543135,"Eovaldi, Nathan",SB,2B,not measured,no_release
2dab9861-9aee-49cd-958a-de9627086a8f,AWAY,59.662440158647854,12.5,176.0,,,0.17,,6.0,no_set_before_lift,,no_set_before_lift,656945,"Scott, Tanner",SB,2B,not measured,no_set_before_lift
8dbe05ef-7e29-4216-af12-9022a1264ad9,HOME,59.67047432602501,5.4,199.0,146.0,R,0.12,9.56,8.0,PASS,0.888,PASS,656529,"Hentges, Sam",SB,2B,high,
c50da23c-7e50-4e5f-9fba-717d5abf6ce9,HOME,59.733930897628866,9.5,180.0,124.0,L,0.24,19.36,9.0,PASS,0.937,PASS,663562,"Davis, Noah",CS,2B,high,
99bba33a-cce3-47ce-bc4b-1b39a49c4c07,HOME,59.73671595560308,7.2,181.0,115.0,L,0.13,25.15,9.0,PASS,1.105,PASS,675911,"Strider, Spencer",SB,2B,high,
9e2c3b93-7706-4c2b-98e3-0f7182be31b5,AWAY,59.669265624545034,18.6,179.0,,,0.21,,8.0,no_set_before_lift,,no_set_before_lift,594902,"Lively, Ben",SB,2B,not measured,no_set_before_lift
0819d696-ce10-4769-95b1-b8b92e98b243,AWAY,59.768176286515995,17.8,170.0,,,0.15,,8.0,no_set_before_lift,,no_release,592426,"Jackson, Luke",SB,2B,not measured,no_set_before_lift
4ddcb08d-9085-49e9-8af4-dfc1b07d7328,HOME,59.713210187726474,5.7,179.0,114.0,L,0.19,36.07,9.0,PASS,1.089,PASS,656730,"Megill, Trevor",SB,3B,high,
0c57529d-29f2-4341-a4e0-9d4f4ad56334,AWAY,59.63817806215567,14.3,,,,,,,no_release,,no_release,656730,"Megill, Trevor",SB,2B,not measured,no_release
477d5669-ddc8-47dd-8ae4-e454c3f882f6,HOME,59.641543699192134,11.2,175.0,118.0,L,0.16,10.49,8.0,PASS,0.956,PASS,664299,"Javier, Cristian",SB,2B,high,
0f09ca29-70fa-49f4-868f-31154e2f79e7,AWAY,59.705669706369385,18.4,194.0,117.0,L,0.63,21.98,8.0,release_not_at_hand,,release_not_at_hand,608678,"Leone, Dominic",SB,2B,not measured,release_not_at_hand
c3df82aa-9b98-4006-95a4-59ddbbcee550,HOME,59.72188553672565,16.4,176.0,107.0,L,0.06,24.37,9.0,PASS,1.155,PASS,656731,"Megill, Tylor",SB,3B,high,
3e032335-2a54-4d97-8c5e-ccc3068a5e06,HOME,59.69094721487829,8.2,183.0,123.0,L,0.59,25.23,9.0,PASS,1.005,PASS,657265,"Strzelecki, Peter",SB,3B,low,release_to_wrist 0.59 outside -0.32
d379ba05-0a9d-40ed-896c-b3811aefb5ba,HOME,59.686663371134074,7.3,175.0,108.0,L,0.13,24.53,9.0,PASS,1.123,PASS,606160,"Montero, Rafael",SB,2B,high,
011edf00-432f-4b5c-bb6d-57f992fabbea,HOME,59.72882696329903,9.0,179.0,135.0,R,0.15,2.44,9.0,PASS,0.737,PASS,448179,"Hill, Rich",CS,2B,low,lift_peak_in 2.44 outside 4.28-
b24f9525-1d0b-476d-a84a-1f62377e55aa,HOME,59.66294502309752,8.4,179.0,117.0,L,0.1,18.66,9.0,PASS,1.039,PASS,661527,"Martinez, Seth",SB,2B,high,
e5469f38-8bf8-448b-9706-3a48899aba1f,HOME,59.69481253893469,7.7,180.0,106.0,R,0.12,31.56,5.0,PASS,1.24,PASS,571510,"Boyd, Matthew",SB,2B,high,
7a22ced0-9455-497d-b277-61a8554876b3,HOME,59.67965312883856,6.4,180.0,129.0,L,0.1,14.71,9.0,PASS,0.855,PASS,701643,"Hartwig, Grant",SB,2B,high,
08f390eb-081f-4465-a009-aa96cafa65c4,HOME,59.61856210203917,7.0,181.0,124.0,L,0.2,23.02,6.0,PASS,0.956,PASS,543243,"Gray, Sonny",SB,2B,high,
bd5064ee-fae8-4a77-984e-876a2496f01b,HOME,59.75469378319205,12.2,183.0,127.0,L,0.16,17.45,9.0,PASS,0.937,PASS,669424,"Lambert, Jimmy",SB,2B,high,
337bf56a-75e9-4eab-b52e-1b813b61770e,HOME,59.653564258589704,11.2,179.0,126.0,L,0.11,5.62,9.0,PASS,0.888,PASS,571945,"Mikolas, Miles",CS,2B,high,
1fe1ae72-285d-4518-a381-92d45ab243ba,HOME,59.63836150647161,8.9,176.0,119.0,L,0.26,35.79,9.0,PASS,0.956,PASS,527054,"Teheran, Julio",SB,2B,high,
e716dd36-8284-4b84-a12d-73e8ed9682c2,HOME,59.68151717229335,8.9,187.0,133.0,L,0.19,21.67,9.0,PASS,0.905,PASS,666745,"Brito, Jhony",SB,2B,high,
5733aa56-be8a-4747-a3d3-f7f32ee0e978,AWAY,59.69884711133312,20.9,189.0,128.0,L,0.65,14.46,8.0,release_not_at_hand,,cut_in_window,657265,"Strzelecki, Peter",SB,2B,not measured,release_not_at_hand
3fd35d19-934d-4e7d-a7e6-b46732bc4f8f,AWAY,59.71981284621412,14.2,177.0,111.0,L,0.15,23.12,6.0,PASS,1.105,cut_in_window,650556,"Abreu, Bryan",SB,2B,high,
ed16891e-2446-43c5-ba50-f7035c9a7f44,HOME,59.75092715366131,13.7,178.0,109.0,L,0.21,16.57,6.0,PASS,1.155,PASS,664126,"Fairbanks, Pete",SB,2B,high,
bbf61dba-c40d-4ee5-86d6-7683f6ece572,HOME,59.79542214368434,9.0,191.0,123.0,R,0.56,4.85,9.0,PASS,1.137,PASS,666129,"Garrett, Braxton",SB,3B,low,release_to_wrist 0.56 outside -0.32
eee16ef4-d0a0-4310-88e4-011af2f7e23f,AWAY,59.675692410892815,15.1,,,,,,,no_release,,no_release,664126,"Fairbanks, Pete",SB,3B,not measured,no_release
27c788dd-57c6-4691-a595-3d088df40a9f,HOME,59.6575136170815,12.6,161.0,98.0,L,0.11,12.39,9.0,PASS,1.056,PASS,663623,"Irvin, Jake",SB,2B,high,
b38e227a-ab08-4806-8652-5bf8a82fe1f8,HOME,59.74837513157675,7.7,175.0,122.0,L,0.23,11.67,9.0,PASS,0.887,PASS,693821,"Elder, Bryce",SB,2B,high,
cc20e12f-5d9b-41f7-8076-baf129379130,HOME,59.641910917321106,8.9,179.0,112.0,R,0.1,18.19,9.0,PASS,1.123,PASS,676664,"Sears, JP",CS,2B,high,
12960403-c1d1-4e0d-8da9-3f33276deb67,AWAY,59.74675523067,10.8,180.0,128.0,R,0.13,5.2,9.0,PASS,0.87,cut_in_window,676664,"Sears, JP",SB,2B,high,
ea4e4809-1b86-485e-aa6d-4c98b80a8715,HOME,59.59913848681226,10.4,183.0,117.0,R,0.15,16.02,7.0,PASS,1.107,PASS,663556,"McClanahan, Shane",SB,3B,high,
c807d58f-9e72-4ad7-b680-d6c8812b8a11,HOME,59.68834482549133,12.9,184.0,127.0,R,0.09,12.0,9.0,PASS,0.955,PASS,676664,"Sears, JP",CS,2B,high,
02f68dce-cf0b-49e3-8dac-4b41e6aaece3,HOME,59.753541788917765,9.8,174.0,110.0,R,0.11,18.6,9.0,PASS,1.071,PASS,687888,"Walter, Brandon",SB,2B,high,
a5723553-a979-4499-ae81-684071889ec7,HOME,59.68395492562829,18.8,181.0,113.0,L,0.23,17.65,5.0,PASS,1.139,PASS,664126,"Fairbanks, Pete",SB,2B,high,
1b053f23-84ed-416a-9d70-d05068603d99,HOME,59.69630859735383,23.0,183.0,125.0,L,0.15,20.59,4.0,PASS,0.972,PASS,687330,"Kelly, Kevin",SB,3B,low,ball_pts 4.0 outside 5-
63525a77-43b0-4572-ab36-8a9af0fa7d01,HOME,59.74667632382215,6.8,177.0,118.0,L,0.25,18.84,9.0,PASS,0.988,PASS,628708,"Marte, Yunior",SB,2B,high,
4d73811c-240a-4b7e-8098-29585c100d22,HOME,59.788690090578214,5.5,178.0,120.0,L,0.28,15.92,8.0,PASS,0.97,PASS,650960,"Duarte, Daniel",SB,2B,high,
c38babe6-dd87-4770-baf2-f0c941bfbf5b,HOME,59.73636644182868,8.8,178.0,123.0,L,0.15,17.11,9.0,PASS,0.921,PASS,621107,"Eflin, Zach",CS,2B,high,
2bf7650f-f866-45e1-983d-63751c417da2,HOME,59.75871203845313,12.8,183.0,121.0,L,0.15,19.5,9.0,PASS,1.038,PASS,669302,"Gilbert, Logan",SB,2B,high,
8ad05505-0b83-4432-81f9-c1266ce55be6,HOME,59.66006193874486,14.0,177.0,117.0,L,0.27,17.87,9.0,PASS,1.006,PASS,664139,"Gibaut, Ian",SB,2B,high,
a704c828-17aa-4c8f-b701-ddabb042e95a,HOME,59.66853307378934,5.8,175.0,112.0,R,0.12,15.85,7.0,PASS,1.056,PASS,640462,"Puk, A.J.",SB,3B,high,
8ab3eb63-2c18-413a-90bc-adf79f76f1dd,AWAY,59.785395341306106,20.0,,,,,,,no_release,,no_release,641540,"Dunning, Dane",CS,2B,not measured,no_release
b8fe7920-7ca6-45a2-a42f-944658c44a12,HOME,59.70069468573914,5.6,178.0,112.0,L,0.22,20.57,9.0,PASS,1.106,PASS,641729,"Jiménez, Joe",SB,2B,high,
8d6360a5-467c-4417-9fa0-429fb51b57f7,AWAY,59.60024227740763,34.8,,,,,,,no_release,,no_release,657277,"Webb, Logan",SB,2B,not measured,no_release
de6cf982-a339-4e8e-9b96-84e1beec7da7,AWAY,59.670650635974525,36.6,171.0,115.0,L,0.18,17.5,9.0,PASS,0.938,cut_in_window,605135,"Bassitt, Chris",SB,2B,high,
eaf43e46-3b90-445b-ab93-60b34c53295d,AWAY,59.7532913350183,42.7,172.0,,,0.15,,9.0,no_set_before_lift,,no_set_before_lift,641585,"France, J.P.",SB,2B,not measured,no_set_before_lift
a9abdcc2-90b9-4803-a813-e839ec38e02f,HOME,59.736551682242045,14.6,175.0,102.0,L,0.18,33.02,9.0,PASS,1.222,PASS,641771,"Kuhl, Chad",SB,2B,high,
ca5777f5-fe19-4005-91ff-67cee74a1113,AWAY,59.78070895069875,56.400000000000006,178.0,128.0,L,0.25,3.26,9.0,not_cf_view,,not_cf_view,608337,"Giolito, Lucas",SB,2B,not measured,not_cf_view
17ffbbd2-61fd-48cf-b806-77b28aa40bb6,HOME,59.65505579979709,9.7,180.0,125.0,L,0.17,7.95,9.0,PASS,0.922,PASS,502043,"Gibson, Kyle",SB,2B,high,
8cfe48cc-e878-4482-807a-4dfa3d838f2f,HOME,59.676515396698846,7.4,183.0,133.0,L,0.16,7.37,7.0,PASS,0.838,PASS,425844,"Greinke, Zack",CS,2B,high,
edc049d9-d833-49fb-919b-89b5838c3165,AWAY,,16.6,,,,,,,no_clip,,cut_in_window,673540,"Senga, Kodai",SB,2B,not measured,no_clip
2c380c9a-84cf-44be-b7a4-51d3f5b86e32,HOME,59.61247355471509,18.1,178.0,115.0,R,0.2,15.88,6.0,PASS,1.057,PASS,640462,"Puk, A.J.",SB,3B,high,
193bff99-0969-4ae4-bf70-5e28b3b0b2a2,AWAY,59.72861462382889,24.4,191.0,,,0.25,,9.0,no_set_before_lift,,cut_in_window,571578,"Corbin, Patrick",SB,2B,not measured,no_set_before_lift
772992aa-959c-47a2-8d28-23437bf58df1,AWAY,,10.2,,,,,,,no_clip,,cut_in_window,657697,"Nittoli, Vinny",CS,2B,not measured,no_clip
865a3a71-f8da-4677-8bca-b5026b71bde5,AWAY,,19.5,,,,,,,no_clip,,cut_in_window,518886,"Kimbrel, Craig",SB,2B,not measured,no_clip
593079b9-954d-40b6-9df7-cdc398f2a0b3,HOME,59.74989600224126,10.9,173.0,104.0,R,0.17,27.63,6.0,PASS,1.155,PASS,656945,"Scott, Tanner",SB,2B,high,
1c7e9e83-78f5-4053-ae31-7a228b5e5199,AWAY,59.62451026803108,18.2,176.0,119.0,L,0.14,12.13,9.0,PASS,0.956,cut_in_window,700363,"Smith-Shawver, AJ",SB,2B,high,
afa776ba-d8ed-44b8-8c3c-c067717a685b,HOME,59.73938396239513,17.5,176.0,119.0,L,0.17,13.85,9.0,PASS,0.954,PASS,700363,"Smith-Shawver, AJ",SB,3B,high,
55b35aec-781d-4a12-b16b-18e21ac4c203,AWAY,59.61251862891207,15.2,179.0,115.0,L,0.25,11.04,9.0,PASS,1.074,not_cf_view,543475,"Lyles, Jordan",SB,3B,high,
36f074a1-a1a1-40d6-9b87-b3f66bc92074,HOME,59.71511847614202,7.8,179.0,126.0,L,0.19,9.24,8.0,PASS,0.888,PASS,676775,"Winn, Keaton",SB,2B,high,
0e991962-4624-4077-8ee3-69e569be446f,HOME,59.71629732147944,6.1,176.0,113.0,R,0.14,15.74,9.0,PASS,1.055,PASS,694363,"Shuster, Jared",SB,2B,high,
c1dc2c60-5cd3-4a22-89b3-a1dad71d1e2f,HOME,59.75831786692473,5.3,176.0,124.0,L,0.24,13.92,8.0,PASS,0.87,PASS,611093,"Bracho, Silvino",SB,2B,high,
f2f12332-9b68-4df4-89c1-376605c398fc,AWAY,59.70335838952157,19.4,,,,,,,no_release,,no_set_before_lift,458681,"Lynn, Lance",SB,2B,not measured,no_release
78050ecf-f502-48b8-b2ed-07895e0cbeca,AWAY,59.78720367177978,19.4,174.0,110.0,L,0.15,19.35,6.0,PASS,1.07,cut_in_window,680686,"Gray, Josiah",SB,2B,high,
64ccf0a6-e995-419a-bedf-e7e63658c316,HOME,59.79355571552163,5.7,207.0,150.0,L,0.36,12.42,9.0,PASS,0.953,PASS,543859,"Tonkin, Michael",SB,2B,low,release_to_wrist 0.36 outside -0.32
2c459913-5c3a-40be-a354-3ceef0efb0f7,AWAY,59.65574157038434,17.0,179.0,126.0,L,0.23,12.08,7.0,not_cf_view,,cut_in_window,682243,"Miller, Bryce",SB,2B,not measured,not_cf_view
b90038ba-f6f2-4ecb-a71c-495c10256e06,HOME,59.72160173295509,12.9,204.0,137.0,L,0.18,20.59,9.0,PASS,1.122,PASS,608665,"Graveman, Kendall",SB,2B,high,
20a0ed48-2329-4526-98cf-6af137ee9840,AWAY,59.71581905222149,14.7,,,,,,,no_release,,not_cf_view,445276,"Jansen, Kenley",SB,2B,not measured,no_release
b257692b-0ff6-49cd-b976-4d2ba33ff47e,AWAY,59.69638494662497,17.8,180.0,,,0.19,,9.0,no_set_before_lift,,no_set_before_lift,670174,"Winckowski, Josh",CS,2B,not measured,no_set_before_lift
63a5da66-6a90-4ed2-812a-d98ef1b41c8c,HOME,59.73151492730156,5.6,169.0,110.0,L,0.15,18.72,9.0,PASS,0.988,PASS,666168,"Thompson, Mason",CS,2B,high,
cefc4849-e678-468a-85b4-c76814f0fac4,AWAY,59.73484644258818,19.6,258.0,,,0.59,,9.0,cut_in_window,,no_release,666619,"Santos, Gregory",SB,2B,not measured,cut_in_window
6aed9dee-19bb-415c-82da-49bcb6ad7e98,AWAY,59.66949027020546,20.2,180.0,125.0,L,0.25,15.35,8.0,not_cf_view,,not_cf_view,682243,"Miller, Bryce",SB,2B,not measured,not_cf_view
17e08252-de4e-4141-9bb8-a1c3377d68f4,AWAY,59.784234436838105,18.799999999999997,,,,,,,no_release,,no_release,665152,"Kremer, Dean",SB,2B,not measured,no_release
285f39c0-2ac8-48fd-8c39-c5dd7eb37682,AWAY,,8.3,,,,,,,no_clip,,no_release,572403,"VerHagen, Drew",SB,3B,not measured,no_clip
5efb88a1-8fe4-41f7-9d9c-b271db3336fa,AWAY,59.76016254764213,17.9,177.0,,,0.3,,9.0,no_set_before_lift,,no_set_before_lift,668933,"Ashcraft, Graham",SB,2B,not measured,no_set_before_lift
7dae406c-9081-4f5e-af52-df6d22b3a5d6,AWAY,59.699231553144024,13.7,178.0,122.0,L,0.28,22.36,9.0,PASS,0.938,not_cf_view,642547,"Peralta, Freddy",SB,2B,high,
5d8186bf-269e-413e-a565-f5dadce8a19e,AWAY,59.65726317431229,13.3,180.0,119.0,L,0.17,23.21,6.0,PASS,1.023,not_cf_view,665152,"Kremer, Dean",SB,2B,high,
3d6fd28d-5efc-490d-bd15-fff38f47ea7f,HOME,59.85436842049801,8.4,180.0,122.0,L,0.19,7.93,4.0,PASS,0.969,PASS,543475,"Lyles, Jordan",SB,2B,low,ball_pts 4.0 outside 5-
33c61198-bc34-4372-a541-0c0ae011b01d,HOME,59.74131477729443,13.5,199.0,143.0,L,0.17,18.01,9.0,PASS,0.937,PASS,676440,"Bibee, Tanner",SB,2B,high,
d8d7a1b9-43fb-403b-9996-d5be99631d35,AWAY,59.7564472075933,17.0,,,,,,,no_release,,no_release,453286,"Scherzer, Max",SB,2B,not measured,no_release
9a253afa-da68-42f6-bce0-974d11505801,AWAY,,8.5,,,,,,,no_clip,,cut_in_window,676272,"Miller, Bobby",SB,2B,not measured,no_clip
60ff8241-68b3-46d8-8cb5-b1c9691cbbb4,HOME,59.69664358667181,11.8,177.0,113.0,R,0.16,17.26,8.0,PASS,1.072,PASS,663738,"Lynch IV, Daniel",SB,2B,high,
10515caf-a05a-483f-9ffb-c0636aeaa13d,AWAY,59.588988769767504,16.6,,,,,,,no_release,,no_release,453268,"Bard, Daniel",SB,2B,not measured,no_release
e330be44-6d0d-4166-bc7a-bf8969b00e1c,AWAY,59.74998470088846,27.3,,,,,,,not_cf_view,,no_release,608678,"Leone, Dominic",SB,2B,not measured,not_cf_view
f1a4c3fa-04b0-4977-b78e-44cd9f447a4f,AWAY,59.65341713494987,24.200000000000003,212.0,,,0.08,,9.0,no_set_before_lift,,no_set_before_lift,621345,"Minter, A.J.",SB,2B,not measured,no_set_before_lift
0b7c775d-6375-49f3-93d1-44bc8db91bc2,AWAY,59.73375810672432,16.1,176.0,121.0,L,0.3,21.52,9.0,PASS,0.921,not_cf_view,607625,"Lugo, Seth",SB,2B,high,
da695ac9-01b9-41a3-96e0-022d9a0c29bb,HOME,59.67740485331272,15.0,180.0,110.0,L,0.15,18.49,9.0,PASS,1.173,PASS,543037,"Cole, Gerrit",SB,3B,high,
80e8c2a5-14f1-42f4-a2e7-5f51120a7d6b,AWAY,59.76705251219643,29.9,181.0,114.0,L,0.76,21.35,8.0,release_not_at_hand,,release_not_at_hand,543101,"DeSclafani, Anthony",SB,3B,not measured,release_not_at_hand
372257b9-1b85-4503-a670-b90e3076a96d,AWAY,,16.0,,,,,,,no_clip,,no_release,623465,"Phillips, Evan",CS,2B,not measured,no_clip
b56d272c-a538-48d0-ba50-d34d0eb80b49,HOME,59.68542792036434,13.7,177.0,111.0,L,0.26,18.35,9.0,PASS,1.106,PASS,607192,"Glasnow, Tyler",SB,2B,high,
4e445c78-f77d-4c37-b0db-e968d79bb86d,AWAY,,9.3,,,,,,,no_clip,,no_release,664062,"Gonsolin, Tony",SB,2B,not measured,no_clip
b5cccd1d-e994-46dc-bfaf-ead6fa3f9b08,AWAY,59.613058468146214,19.299999999999997,174.0,,,0.23,,9.0,no_set_before_lift,,cut_in_window,450203,"Morton, Charlie",SB,2B,not measured,no_set_before_lift
8d9b6f63-4d90-4f50-8232-bdd6b0a4eb82,HOME,59.64704788871273,9.5,180.0,111.0,L,0.28,21.42,8.0,PASS,1.157,PASS,606160,"Montero, Rafael",SB,2B,high,
9c4e108e-de6b-4cbd-aa13-d39c0a224faf,HOME,59.69037155004595,8.1,174.0,115.0,L,0.18,25.64,9.0,PASS,0.988,PASS,669923,"Kirby, George",SB,3B,high,
f810b646-a525-4048-942c-34cff7bcc6e9,HOME,59.757915768070305,5.9,176.0,120.0,L,0.23,17.83,9.0,PASS,0.937,PASS,606303,"Payamps, Joel",CS,2B,high,
bbe2bd2a-97b9-460a-920c-70d59fa42f14,AWAY,59.72955783535658,10.1,,,,,,,no_release,,no_release,663941,"Beck, Tristan",SB,2B,not measured,no_release
7a6fa4c5-266a-42c0-9ed4-4d9747b79da7,AWAY,59.74031721050237,18.1,212.0,,,0.07,,7.0,no_set_before_lift,,no_set_before_lift,621345,"Minter, A.J.",SB,2B,not measured,no_set_before_lift
84367e82-50c8-4914-a989-7a32d33f5748,AWAY,59.69131463347991,19.5,178.0,,,0.15,,9.0,cut_in_window,,cut_in_window,642585,"Bautista, Félix",SB,2B,not measured,cut_in_window
5f144b4c-f0df-4f97-b0d9-4c966d0db5eb,HOME,59.74056589142478,11.7,176.0,111.0,L,0.16,23.92,9.0,PASS,1.088,PASS,573186,"Stroman, Marcus",SB,2B,high,
40b9e288-51cf-445d-88f8-8ed57b7fdf08,AWAY,59.76207926932401,14.6,179.0,116.0,L,0.26,22.32,9.0,PASS,1.054,no_release,608678,"Leone, Dominic",SB,3B,high,
dbc1b92b-e08a-48b1-ba05-e5c60646c18a,HOME,59.73915422734321,5.3,181.0,122.0,L,0.14,20.13,9.0,PASS,0.988,PASS,664062,"Gonsolin, Tony",SB,2B,high,
5b8d06d4-d115-4e94-8546-7cf29810eb0f,HOME,59.61616024823875,7.3,176.0,104.0,L,0.2,17.19,9.0,PASS,1.208,PASS,664139,"Gibaut, Ian",SB,3B,high,
e554c1c0-4546-4dfb-b4a2-ceff24ef09ba,HOME,59.79602910073416,8.3,176.0,114.0,R,0.11,18.92,9.0,PASS,1.037,PASS,669461,"Liberatore, Matthew",SB,2B,high,
bec6f423-640b-4201-b319-5631b058109b,AWAY,59.72526378658172,12.3,205.0,,,0.59,,9.0,no_set_before_lift,,not_cf_view,669022,"Gore, MacKenzie",SB,2B,not measured,no_set_before_lift
ccceb2df-24e7-4115-8a9e-45a3759eaa13,HOME,59.63982695596767,10.0,177.0,118.0,L,0.16,18.5,9.0,PASS,0.989,PASS,667755,"Soriano, José",CS,2B,high,
1d5af4ae-bd73-4592-a49b-43dde2230cba,HOME,59.69632421346801,8.8,177.0,121.0,L,0.25,26.26,9.0,PASS,0.938,PASS,686839,"White, Brendan",SB,2B,high,
aeda29ad-6c37-41f9-87e7-f09b8f0a4045,HOME,59.79155636463856,6.1,174.0,124.0,L,0.22,14.8,9.0,PASS,0.836,PASS,571656,"Farmer, Buck",SB,2B,high,
434bdef6-c96b-4920-bd4c-974267ab3948,HOME,59.72745449303038,7.5,182.0,126.0,L,0.13,5.52,9.0,PASS,0.938,PASS,518489,"Brasier, Ryan",SB,2B,high,
322a8422-9a22-4e1b-9006-3209c06af48f,HOME,59.74617637487797,9.4,178.0,110.0,L,0.26,34.0,9.0,PASS,1.138,PASS,661403,"Clase, Emmanuel",SB,2B,high,
82ec824d-d32e-4390-a6a2-bf98627792ef,AWAY,59.65362630954971,15.3,181.0,116.0,L,0.48,17.41,8.0,PASS,1.09,not_cf_view,607192,"Glasnow, Tyler",SB,3B,low,release_to_wrist 0.48 outside -0.32
64d317cc-01fa-4e52-841c-93fe949c3594,HOME,59.83347421960029,10.3,183.0,128.0,L,0.14,10.36,7.0,PASS,0.919,PASS,607067,"Rea, Colin",SB,2B,high,
85da3d9c-d468-4c65-92b0-0c4bd1af00e6,HOME,59.716562691572605,5.7,177.0,125.0,L,0.12,11.53,9.0,PASS,0.871,PASS,673858,"Wong, Jake",CS,2B,high,
0d13770e-e006-4ecb-8907-3d7bc5c2d3bd,HOME,59.76453970644084,7.7,172.0,119.0,L,0.14,10.97,9.0,PASS,0.887,PASS,676265,"Abbott, Cory",SB,2B,high,
c8aee591-3325-493d-ad42-02f5088f525c,AWAY,59.669259728246494,10.4,175.0,123.0,L,0.21,14.68,9.0,PASS,0.871,not_cf_view,668674,"Erceg, Lucas",CS,2B,high,
db36f081-369e-438b-8b91-cd55b898a178,AWAY,59.6604455681604,17.6,152.0,113.0,L,0.08,16.87,8.0,not_cf_view,,cut_in_window,645261,"Alcantara, Sandy",CS,2B,not measured,not_cf_view
778c8a8c-e1fe-4371-a7b8-e7d475d67dca,HOME,59.67795581748492,8.4,172.0,117.0,L,0.18,19.33,9.0,PASS,0.922,PASS,656629,"Kopech, Michael",CS,2B,high,
555969ce-7b58-49f7-8242-345a7aec5779,AWAY,59.67844684473894,12.7,222.0,,,0.09,,8.0,not_cf_view,,no_release,542888,"Armstrong, Shawn",SB,2B,not measured,not_cf_view
800415ff-7abe-4855-ad2a-83af90916573,HOME,59.65648926295329,8.9,185.0,119.0,R,0.53,14.29,9.0,PASS,1.106,PASS,682175,"Jacques, Joe",CS,2B,low,release_to_wrist 0.53 outside -0.32
41ec178f-986d-4161-a542-35544af7125b,AWAY,59.66161504773307,16.6,177.0,123.0,L,0.23,14.74,9.0,PASS,0.905,no_set_before_lift,622098,"Smith, Drew",CS,2B,high,
dafb79b5-4ff1-4b6e-98e5-db0b67170891,HOME,59.79806883288593,5.1,180.0,113.0,R,0.12,26.8,9.0,PASS,1.12,PASS,624133,"Suarez, Ranger",SB,2B,high,
52acd2c1-3201-4287-b7d4-8927bceb6a53,HOME,59.65324097603915,5.2,181.0,122.0,L,0.25,14.67,7.0,PASS,0.989,PASS,663986,"Stephan, Trevor",SB,3B,high,
c1779227-800f-4013-8142-4262ae6c2f29,HOME,59.72593683324819,8.9,178.0,128.0,L,0.22,10.55,8.0,PASS,0.837,PASS,663903,"Singer, Brady",SB,2B,high,
00232714-0dee-4b91-a021-dfe278bae94f,HOME,59.72748580466699,7.1,174.0,114.0,L,0.15,17.73,9.0,PASS,1.005,PASS,666619,"Santos, Gregory",SB,2B,high,
dbd6c15d-a1e9-4e88-9cc2-5a647ae1d88e,HOME,59.65576587591027,7.4,177.0,128.0,L,0.19,4.25,7.0,PASS,0.821,PASS,663986,"Stephan, Trevor",CS,2B,low,lift_peak_in 4.25 outside 4.28-
cb6d6e84-e6f7-4640-b648-0030f179a48f,AWAY,59.68931472382012,7.6,,,,,,,no_release,,no_release,666374,"Brash, Matt",SB,2B,not measured,no_release
02fc8b92-3c8e-4bbe-ab8d-8ebb50198a56,AWAY,59.61851940849077,15.0,,,,,,,no_release,,not_cf_view,622072,"Wood, Alex",CS,2B,not measured,no_release
1d50d4e0-b2a5-4804-b3bd-69d5307e9664,AWAY,59.80301107899177,17.7,184.0,,,0.84,,9.0,release_not_at_hand,,release_not_at_hand,527054,"Teheran, Julio",SB,2B,not measured,release_not_at_hand
e44147b6-7924-4af6-81c5-4540645cf7f8,AWAY,59.70953797671743,18.6,,,,,,,not_cf_view,,cut_in_window,608371,"Sims, Lucas",CS,2B,not measured,not_cf_view
337028b8-9f93-4611-9491-7f6ebc2c2595,AWAY,59.6087356120618,12.5,179.0,100.0,L,0.24,22.95,9.0,cut_in_window,,not_cf_view,592332,"Gausman, Kevin",SB,2B,not measured,cut_in_window
f6105b8a-d951-49d9-a84b-62dde3e02eb4,HOME,59.83428904053602,14.6,144.0,106.0,L,0.11,24.33,7.0,PASS,0.635,PASS,664747,"Díaz, Alexis",CS,2B,low,delivery_s 0.635 outside 0.7-1.31
4d5ae34f-e4b4-4d05-988c-27222076c04a,AWAY,59.76324560395357,19.1,171.0,114.0,L,0.18,14.65,9.0,cut_in_window,,cut_in_window,666745,"Brito, Jhony",SB,2B,not measured,cut_in_window
765e7ef8-c3fd-40e7-9a07-0b0da04e238a,AWAY,59.75075877309538,18.7,,,,,,,no_release,,no_release,693433,"Woo, Bryan",SB,2B,not measured,no_release
908e22ff-a4fc-4680-ada7-7196e0ed9245,HOME,59.640787367825894,11.0,178.0,125.0,L,0.21,12.97,9.0,PASS,0.889,PASS,668909,"Williams, Gavin",CS,2B,high,
b7d8b65f-6ba0-4c47-8178-3f2ae7a5c564,AWAY,59.67431981389704,10.0,171.0,114.0,L,0.22,25.01,7.0,PASS,0.955,release_not_at_hand,666745,"Brito, Jhony",CS,3B,high,
00e16725-39a6-451c-93f7-142ea12cb08c,HOME,59.6486658698008,9.1,176.0,118.0,L,0.12,17.25,9.0,PASS,0.972,PASS,628317,"Maeda, Kenta",SB,2B,high,
2f50878d-1872-48d6-90c9-727afbe078aa,HOME,59.72680098257779,5.2,178.0,114.0,R,0.4,16.9,9.0,PASS,1.072,PASS,663465,"Allard, Kolby",SB,2B,low,release_to_wrist 0.4 outside -0.32
83fb4584-7d29-4f3f-9df6-8e2ab04550d1,HOME,59.696453873731656,8.3,201.0,140.0,L,0.18,18.33,9.0,PASS,1.022,PASS,606303,"Payamps, Joel",SB,2B,high,
7e105124-b764-4cb8-92fc-09eac54f6147,HOME,59.77728141922836,10.0,184.0,122.0,L,0.21,14.52,9.0,PASS,1.037,PASS,669302,"Gilbert, Logan",SB,2B,high,
98fb2da9-75e0-4224-af69-c83717ae34ad,HOME,59.69723584297229,10.3,195.0,137.0,R,0.16,17.13,9.0,PASS,0.972,PASS,607536,"Freeland, Kyle",SB,2B,high,
463ae5f3-a431-44d4-b795-ea35cf790dbf,HOME,59.651814011374654,9.0,184.0,126.0,L,0.14,15.37,9.0,PASS,0.972,PASS,642585,"Bautista, Félix",SB,2B,high,
b2135800-4946-4745-8261-57e95ef45d47,AWAY,59.7521455890228,26.700000000000003,184.0,114.0,L,0.39,20.41,4.0,PASS,1.172,cut_in_window,623211,"Brazobán, Huascar",SB,2B,low,release_to_wrist 0.39 outside -0.32; ball_pts 4.0 outside 5-
ecc1bc46-7251-4c96-8a63-3b5d807a2f5f,AWAY,59.72699589670835,16.1,175.0,118.0,L,0.17,11.66,9.0,PASS,0.954,cut_in_window,675627,"Grove, Michael",SB,2B,high,
02274606-9252-45e4-886b-36e564f171c5,HOME,59.76691374615467,19.0,180.0,116.0,L,0.16,19.84,5.0,PASS,1.071,PASS,657508,"Baumann, Mike",SB,2B,high,
45c7f312-79bc-46ff-b64c-3a56b027073f,HOME,59.56614251170568,11.7,180.0,125.0,L,0.18,10.86,9.0,PASS,0.923,PASS,502043,"Gibson, Kyle",SB,2B,high,
97ca0698-c53a-42cc-b8bf-862694e7b597,HOME,59.756407003298655,18.2,175.0,106.0,R,0.12,17.82,9.0,PASS,1.155,PASS,676664,"Sears, JP",SB,3B,high,
dc18ba8f-7799-4943-a560-fb8f78d4244e,AWAY,59.71451866652886,19.0,174.0,110.0,R,0.12,18.19,7.0,PASS,1.072,cut_in_window,621363,"Poche, Colin",SB,2B,high,
92fe2216-fce6-495a-ba07-1a0ffa3f75e3,HOME,59.72176448852004,5.3,179.0,123.0,L,0.23,12.26,8.0,PASS,0.938,PASS,621139,"Kriske, Brooks",SB,2B,high,
1d52731f-6bb5-4be7-9cbf-a52d86f256c6,AWAY,59.65216161758987,21.5,,,,,,,no_release,,no_release,657508,"Baumann, Mike",SB,2B,not measured,no_release
1269c282-043d-4e8c-b920-85f85c3a593b,HOME,59.74112180550946,17.0,177.0,118.0,L,0.15,13.69,9.0,PASS,0.988,PASS,628317,"Maeda, Kenta",SB,2B,high,
de24c0cc-98d5-4477-a816-333fc1d97756,AWAY,59.6566476883049,32.8,176.0,103.0,R,0.19,22.13,9.0,PASS,1.224,no_set_before_lift,605483,"Snell, Blake",SB,2B,high,
0a9ed32b-a5f9-4e4f-af16-b37e2755d0d7,HOME,59.75709130417911,9.4,183.0,107.0,L,0.22,25.85,9.0,PASS,1.272,PASS,601713,"Pivetta, Nick",SB,2B,high,
cc652d05-8f56-40e5-8c17-ffa86a07f01c,AWAY,59.741526456961715,40.1,142.0,115.0,L,0.09,4.43,8.0,PASS,0.452,implausible_delivery,543294,"Hendricks, Kyle",SB,3B,low,delivery_s 0.452 outside 0.7-1.31
8e731e82-8a17-4986-9e78-acbeef17b7a4,AWAY,59.67376928728875,52.6,,,,,,,no_release,,no_release,605447,"Romano, Jordan",CS,2B,not measured,no_release
d436cd73-397b-4c17-b56b-061097193b38,AWAY,59.73506229541775,18.200000000000003,,,,,,,no_release,,no_release,657097,"Webb, Jacob",SB,3B,not measured,no_release
71981baf-31d0-4cfd-bb8a-e7f441bce6eb,HOME,59.79071098860576,5.6,180.0,122.0,L,0.18,20.72,9.0,PASS,0.97,PASS,657097,"Webb, Jacob",SB,2B,high,
f7a71dfa-bf9b-489e-b795-7b4186afe1f5,HOME,59.729733546082265,5.3,190.0,136.0,L,0.15,10.12,6.0,PASS,0.904,PASS,676775,"Winn, Keaton",CS,2B,high,
e400bba5-156e-4a75-a8bd-3b5b59348a37,HOME,59.66307453870525,19.6,182.0,124.0,L,0.18,4.56,7.0,PASS,0.972,PASS,445276,"Jansen, Kenley",SB,2B,high,
7d568f53-212c-4526-a314-9d86c19f9397,HOME,59.632493203983366,18.5,206.0,134.0,L,0.14,20.46,9.0,PASS,1.207,PASS,642207,"Williams, Devin",SB,3B,high,
f298b8ac-0324-4b16-b897-041b3ef15702,HOME,59.70321445567685,19.7,177.0,122.0,L,0.21,18.98,8.0,PASS,0.921,PASS,605397,"Musgrove, Joe",CS,2B,high,
f5fac43e-b750-48fb-8073-c3b84b27b4d0,AWAY,59.78538579458355,23.299999999999997,214.0,140.0,L,1.13,16.11,9.0,release_not_at_hand,,release_not_at_hand,657376,"Schmidt, Clarke",SB,2B,not measured,release_not_at_hand
d6c856bf-d090-4246-afbf-77beb3602f79,HOME,59.70223510242665,8.6,175.0,119.0,L,0.16,16.49,9.0,PASS,0.938,PASS,657376,"Schmidt, Clarke",SB,2B,high,
109b0dbc-4223-4133-ab49-d146b39d835a,HOME,59.72934408982045,9.9,177.0,121.0,L,0.28,16.27,9.0,PASS,0.938,PASS,663986,"Stephan, Trevor",SB,2B,high,
ee31287f-6274-40cb-a260-53b7d687cf7d,AWAY,59.71520440973817,15.0,178.0,103.0,L,0.16,23.19,3.0,cut_in_window,,release_not_at_hand,694297,"Pfaadt, Brandon",CS,2B,not measured,cut_in_window
449a2be6-9742-46a4-ad81-a7c7f9923c82,HOME,59.61541747220642,7.3,176.0,109.0,L,0.22,20.63,9.0,PASS,1.124,PASS,680686,"Gray, Josiah",SB,2B,high,
e9b42952-b4db-45b8-a218-cb587f35dc1e,AWAY,59.78545739507704,21.0,171.0,118.0,R,0.16,9.11,6.0,not_cf_view,,cut_in_window,621383,"Banks, Tanner",SB,2B,not measured,not_cf_view
9a4de139-28ab-49df-ac76-06debd468e61,AWAY,59.69971268115807,18.8,174.0,,,0.16,,9.0,no_set_before_lift,,cut_in_window,641627,"Gott, Trevor",SB,2B,not measured,no_set_before_lift
a9757a70-2575-4387-bf82-ce55a58a5fab,HOME,59.773388129458155,10.7,181.0,114.0,R,0.16,25.43,9.0,PASS,1.121,PASS,596295,"Gomber, Austin",SB,2B,high,
28f39289-fc7a-4627-9b61-7dc7b58609a1,HOME,59.784960968516366,6.9,196.0,139.0,L,0.11,25.85,9.0,PASS,0.953,PASS,605151,"Bradley, Archie",SB,2B,high,
d378938c-0f44-441b-8b9f-b231f38f2d27,AWAY,59.71499087159376,10.4,189.0,123.0,L,1.14,9.15,9.0,release_not_at_hand,,release_not_at_hand,669438,"Englert, Mason",SB,2B,not measured,release_not_at_hand
80b2de79-220d-4a56-b111-13dd8b337847,HOME,59.67393987528576,10.5,178.0,116.0,L,0.26,16.12,7.0,PASS,1.039,PASS,679525,"Marsh, Alec",SB,2B,high,
2dd80e29-2682-4f00-9a9b-23993890cdc3,AWAY,59.64738884190417,17.4,179.0,124.0,L,0.2,11.07,9.0,PASS,0.922,release_not_at_hand,666808,"Doval, Camilo",CS,2B,high,
795e364b-9370-4e7b-81ce-7e6f52cb509d,HOME,59.795387657858264,9.1,193.0,132.0,R,0.12,11.91,9.0,PASS,1.02,PASS,621383,"Banks, Tanner",SB,2B,high,
84e68f35-54bb-481c-9c6c-74ffb8cb494d,HOME,59.65676408403756,11.0,178.0,125.0,R,0.11,4.5,9.0,PASS,0.888,PASS,622780,"Perdomo, Angel",CS,2B,high,
a0f54d44-2057-4243-b428-4f1a7a365995,AWAY,59.738114371267535,26.1,249.0,,,1.86,,9.0,not_cf_view,,not_cf_view,687330,"Kelly, Kevin",SB,2B,not measured,not_cf_view
dc9ff4d2-df50-4b36-a9f8-bb3f3aac16f0,AWAY,59.675732600062894,16.5,176.0,121.0,L,0.29,23.35,9.0,not_cf_view,,cut_in_window,607625,"Lugo, Seth",SB,2B,not measured,not_cf_view
fa622f48-d527-4aaf-ba1f-b98db89af184,HOME,59.649292748022525,5.4,178.0,119.0,L,0.5,12.14,9.0,PASS,0.989,PASS,676272,"Miller, Bobby",SB,2B,low,release_to_wrist 0.5 outside -0.32
d87f9ab8-5aca-455a-a539-d8b888749d49,HOME,59.81450627823141,10.5,176.0,125.0,L,0.14,10.98,9.0,PASS,0.853,PASS,669947,"Scholtens, Jesse",SB,2B,high,
b38baaa6-7c84-4c2e-bae3-c59fc2eda0df,HOME,59.73798208639136,14.7,176.0,110.0,R,0.16,23.32,9.0,PASS,1.105,PASS,642100,"Speier, Gabe",SB,3B,high,
3d492531-d5c3-46ce-b6ee-ab5f6528379d,HOME,59.727465785747995,11.6,183.0,124.0,L,0.17,19.5,7.0,PASS,0.988,PASS,592351,"Gray, Jon",SB,2B,high,
5caeaef3-ae40-401c-8be9-683fbf243928,HOME,59.59799547159336,11.3,179.0,117.0,L,0.2,20.16,9.0,PASS,1.04,PASS,680686,"Gray, Josiah",SB,3B,high,
dcc8c7e7-9955-4cc0-8410-794cd623800d,HOME,59.71467243787865,7.1,177.0,100.0,R,0.09,27.42,8.0,PASS,1.289,PASS,642048,"Saucedo, Tayler",SB,3B,high,
a672f713-0040-4137-822c-a4af85b5aebd,HOME,59.66812496386378,21.3,179.0,120.0,L,0.29,14.05,8.0,PASS,0.989,PASS,676272,"Miller, Bobby",SB,2B,high,
d95f5a9d-ce86-45da-a095-929bf812bea3,HOME,59.68291208561015,10.8,180.0,117.0,L,0.22,28.82,8.0,PASS,1.056,PASS,665152,"Kremer, Dean",SB,2B,high,
be7b2564-ca9c-4341-bb0c-5ae16cef62bf,HOME,59.699377889977974,11.1,177.0,117.0,L,0.21,12.76,7.0,PASS,1.005,PASS,676272,"Miller, Bobby",SB,2B,high,
5768d2fd-34a8-4e00-b8dd-4a0f8d9efa82,AWAY,59.6765053739422,12.1,180.0,124.0,L,0.12,15.93,6.0,PASS,0.938,cut_in_window,661527,"Martinez, Seth",SB,2B,high,
9986e8a8-ef44-4a02-bf79-8a63e66bb61c,HOME,59.65812768972694,9.3,175.0,107.0,R,0.12,34.22,9.0,PASS,1.14,PASS,628711,"Urías, Julio",CS,3B,high,
2bb9ed3e-0daa-4883-bd75-b9dcadf44de6,HOME,59.661779898376786,9.5,197.0,133.0,L,0.4,24.86,5.0,PASS,1.073,PASS,663567,"Lambert, Peter",SB,2B,low,release_to_wrist 0.4 outside -0.32
7e472152-c91f-44b5-a1e0-f52e903c632a,HOME,59.62657396618043,7.1,177.0,115.0,L,0.16,17.77,7.0,PASS,1.04,PASS,543135,"Eovaldi, Nathan",CS,2B,high,
7e71d0ba-5cb8-4b8e-bc8e-92d5e6c03830,HOME,59.622168787520685,7.6,180.0,115.0,L,0.13,24.04,7.0,PASS,1.09,PASS,686613,"Brown, Hunter",SB,2B,high,
95829a75-4fed-4590-aaf3-9f00e338cd79,AWAY,59.69986603065777,13.9,180.0,121.0,L,0.25,15.85,9.0,PASS,0.988,not_cf_view,543507,"May, Trevor",SB,2B,high,
42dc0f4e-4e59-4129-9499-ae15e2467ad9,AWAY,,11.6,,,,,,,no_clip,,cut_in_window,573186,"Stroman, Marcus",SB,2B,not measured,no_clip
346a1896-25da-4968-ba8d-ebf2b6a31c31,AWAY,59.74436760172002,19.6,182.0,,,0.34,,9.0,no_set_before_lift,,no_set_before_lift,445276,"Jansen, Kenley",SB,3B,not measured,no_set_before_lift
91b87037-aa30-4d26-b7cd-9c33de6ef1d9,HOME,59.62694934257466,5.6,177.0,109.0,R,0.12,29.21,9.0,PASS,1.14,PASS,682227,"Williamson, Brandon",SB,2B,high,
174a25a6-7654-4d7a-82f4-dba753801684,HOME,59.711677898148935,7.5,175.0,128.0,L,0.21,4.16,9.0,PASS,0.787,PASS,608379,"Wacha, Michael",SB,2B,low,lift_peak_in 4.16 outside 4.28-
567ab852-16d3-4391-9d6f-154a2e10ace0,HOME,59.725058781128254,17.9,175.0,114.0,L,0.12,15.99,9.0,PASS,1.021,PASS,608379,"Wacha, Michael",CS,3B,high,
6141537a-ab88-4d22-b86d-50f6fe6f6f8c,AWAY,59.72810340985068,29.7,182.0,,,0.14,,8.0,cut_in_window,,cut_in_window,657508,"Baumann, Mike",CS,2B,not measured,cut_in_window
6d1f3cc9-3faa-4efb-bc49-33b3abd73684,HOME,59.69450052238486,8.3,177.0,114.0,L,0.2,22.36,9.0,PASS,1.055,PASS,606160,"Montero, Rafael",SB,2B,high,
91f1fb13-43e6-47de-ae36-e1cd81d1b927,HOME,59.75458651424917,17.2,193.0,128.0,L,0.18,14.41,9.0,PASS,1.088,PASS,676710,"Crawford, Kutter",SB,2B,high,
31e151a0-48a7-45fd-8602-acf9ff949062,AWAY,,8.8,,,,,,,no_clip,,no_release,607192,"Glasnow, Tyler",SB,2B,not measured,no_clip
fa07fbed-c275-439a-811f-b06e5cfd19b6,AWAY,,6.1000000000000005,,,,,,,no_clip,,cut_in_window,518489,"Brasier, Ryan",SB,3B,not measured,no_clip
ccd161dd-da0d-48f6-8451-45fac1bd9d5a,HOME,59.70041805719104,14.8,180.0,127.0,L,0.16,4.72,9.0,PASS,0.888,PASS,518489,"Brasier, Ryan",SB,2B,high,
671d56f0-7a55-4b28-9daa-e9592d3d10b1,AWAY,59.68703112285933,32.7,,,,,,,no_release,,not_cf_view,661395,"Duran, Jhoan",SB,2B,not measured,no_release
3a7c3e46-2500-4848-a1c0-d30d8d73fc5e,AWAY,,8.6,,,,,,,no_clip,,cut_in_window,660813,"Graterol, Brusdar",CS,2B,not measured,no_clip
8eb07c42-dea8-4b14-8843-91d88abcc7d8,AWAY,59.73161965376258,15.0,181.0,119.0,L,0.14,23.13,6.0,PASS,1.038,release_not_at_hand,686613,"Brown, Hunter",SB,2B,high,
d3e5203a-b5fc-4612-b7f3-d503dea0d526,HOME,59.753954305799645,10.4,190.0,136.0,R,0.14,17.34,9.0,PASS,0.904,PASS,579328,"Kikuchi, Yusei",SB,2B,high,
c0602fac-b06a-4283-a346-b10082f4436f,AWAY,59.69881324801387,10.0,175.0,101.0,L,0.13,26.23,9.0,cut_in_window,,cut_in_window,606965,"Devenski, Chris",SB,2B,not measured,cut_in_window
1058191a-8fe1-4409-b663-c7075e70bc64,AWAY,,7.9,,,,,,,no_clip,,no_release,669923,"Kirby, George",SB,2B,not measured,no_clip
c6e6e2a2-caef-4226-a33a-8aa6b141daa6,HOME,59.61186567356511,23.9,180.0,118.0,L,0.22,7.45,9.0,PASS,1.04,PASS,640470,"Alzolay, Adbert",CS,2B,high,
6b5069db-b149-4da7-8525-e010ff72a480,HOME,59.762614239816216,4.9,181.0,117.0,R,0.28,23.83,9.0,PASS,1.071,PASS,656849,"Peterson, David",CS,2B,high,
e943ae4f-a69e-4cf9-a0dc-141355be2739,HOME,59.82434048232878,14.9,178.0,124.0,L,0.12,12.36,9.0,PASS,0.903,PASS,621112,"Blackburn, Paul",SB,2B,high,
65de9962-1b06-485c-b98a-0dd11e127612,AWAY,59.78621338557172,24.4,,,,,,,no_release,,release_not_at_hand,657053,"Toussaint, Touki",SB,2B,not measured,no_release
d66dedf9-b57a-4034-af49-64dd8a75e28a,HOME,59.64221526269425,11.5,179.0,134.0,R,0.45,4.63,9.0,PASS,0.754,PASS,656756,"Montgomery, Jordan",SB,2B,low,release_to_wrist 0.45 outside -0.32
f3bf6d03-4f1d-49a4-955b-b326f03fa4bc,HOME,59.67100508349188,11.1,181.0,123.0,L,0.18,10.29,9.0,PASS,0.972,PASS,592791,"Taillon, Jameson",SB,2B,high,
8bd918ec-a955-484b-83b9-a29a6dec6cc9,HOME,59.71390086852949,20.0,181.0,120.0,L,0.33,26.19,9.0,PASS,1.022,PASS,543243,"Gray, Sonny",SB,2B,low,release_to_wrist 0.33 outside -0.32
b307f615-5e07-45cd-a2e7-d779dff8636a,AWAY,59.7742288209136,20.799999999999997,192.0,127.0,L,0.88,10.82,9.0,release_not_at_hand,,no_release,645261,"Alcantara, Sandy",SB,2B,not measured,release_not_at_hand
37803c1e-136a-4a47-b11f-d14d18fefd6e,AWAY,,5.4,,,,,,,no_clip,,no_release,643511,"Rogers, Tyler",SB,3B,not measured,no_clip
3aaf400b-1c66-4cbe-929a-a1cff902d5ae,HOME,59.7566011611242,8.0,199.0,136.0,L,0.3,11.55,8.0,PASS,1.054,PASS,672391,"Ort, Kaleb",SB,3B,high,
b6cf79f1-705a-4649-8b06-9fdefac1ec15,AWAY,59.62918103046678,19.6,191.0,,,0.58,,9.0,no_set_before_lift,,no_set_before_lift,656756,"Montgomery, Jordan",SB,3B,not measured,no_set_before_lift
f6a227ba-c162-4b08-ad19-aa909d7383d3,AWAY,59.683723261770304,19.7,182.0,126.0,L,0.47,16.47,6.0,PASS,0.938,not_cf_view,687330,"Kelly, Kevin",CS,2B,low,release_to_wrist 0.47 outside -0.32
70a01100-2a58-44c0-b17c-367a68cad2ce,HOME,59.71956859920026,7.9,176.0,118.0,L,0.17,15.04,9.0,PASS,0.971,PASS,543037,"Cole, Gerrit",CS,3B,high,
3db70ece-fa2c-4eea-bfc3-38c72bbe6004,HOME,59.72892702700088,8.6,199.0,132.0,L,0.19,26.41,9.0,PASS,1.122,PASS,601713,"Pivetta, Nick",SB,2B,high,
337f8dca-bf85-4af0-8659-04956ea72a51,AWAY,59.75975197975768,15.0,,,,,,,no_release,,no_release,645261,"Alcantara, Sandy",SB,2B,not measured,no_release
d17c193d-f6ab-4150-a91e-d57ef31a781a,AWAY,59.73587905148866,17.2,,,,,,,no_release,,implausible_delivery,605447,"Romano, Jordan",SB,2B,not measured,no_release
5602aeec-7563-4192-b55e-4207acb35665,AWAY,59.73254425266809,17.6,177.0,,,0.18,,5.0,no_set_before_lift,,no_set_before_lift,571670,"Floro, Dylan",SB,3B,not measured,no_set_before_lift
33fe13d2-abf6-41e2-9aa8-30cd4c58ac4f,HOME,59.71258343174852,7.8,179.0,118.0,R,0.13,6.2,7.0,PASS,1.022,PASS,666129,"Garrett, Braxton",SB,2B,high,
d0622f34-f666-4e3f-bab9-4c88580e7bd7,AWAY,59.68054211035818,13.4,196.0,139.0,L,0.09,10.11,9.0,PASS,0.955,no_release,666808,"Doval, Camilo",SB,2B,high,
efa96c44-62b6-4154-a1e1-99f64b78e1c9,HOME,59.64837981360225,8.5,162.0,111.0,L,0.1,12.95,8.0,PASS,0.855,PASS,666808,"Doval, Camilo",SB,3B,high,
eb28303a-259c-4734-ad60-9ff07a6d905a,AWAY,59.72000708842814,11.8,193.0,135.0,L,0.8,10.7,7.0,release_not_at_hand,,release_not_at_hand,621016,"Cuas, Jose",SB,2B,not measured,release_not_at_hand
5f8481b7-2098-47f1-8be3-7c55d1df86e7,AWAY,59.70106973269076,22.700000000000003,179.0,124.0,L,0.24,11.7,6.0,PASS,0.921,no_release,693821,"Elder, Bryce",SB,2B,high,
caaa6849-56bb-455e-8fe3-516b384e4114,HOME,59.60769997979179,8.0,176.0,120.0,R,0.21,17.95,9.0,PASS,0.939,PASS,680735,"Cox, Austin",SB,2B,high,
4f827a09-d583-4a86-bdaa-e1a8e86a5a52,HOME,59.73181142159293,8.3,197.0,137.0,L,0.19,15.41,7.0,PASS,1.004,PASS,664299,"Javier, Cristian",SB,2B,high,
406978c4-34a0-4389-aa2e-1014a3641772,AWAY,59.70022863917351,17.4,175.0,,,0.18,,9.0,no_set_before_lift,,no_set_before_lift,592767,"Smyly, Drew",SB,3B,not measured,no_set_before_lift
e8e4ee4b-57fe-40de-a918-34ce66556885,AWAY,59.72307967288928,22.2,181.0,124.0,L,0.09,14.85,9.0,PASS,0.954,no_set_before_lift,666808,"Doval, Camilo",SB,3B,high,
a5c7e28b-9992-458b-be54-ec04b7661ed4,HOME,59.75425567698406,5.1,180.0,123.0,L,0.23,13.25,9.0,PASS,0.954,PASS,668909,"Williams, Gavin",SB,2B,high,
54354059-652d-4160-827b-6431fe1c722f,HOME,59.70479296810216,10.6,179.0,123.0,R,0.07,22.43,9.0,PASS,0.938,PASS,686747,"La Sorsa, Joe",SB,2B,high,
63d08fad-b089-420f-b97f-d97370bbd824,AWAY,59.681616844019864,16.9,192.0,110.0,L,0.75,21.6,6.0,release_not_at_hand,,release_not_at_hand,657248,"Otto Jr., Glenn",SB,2B,not measured,release_not_at_hand
3becf208-d09e-46dd-a195-e963c91e8b7e,AWAY,59.67029854907651,23.700000000000003,249.0,,,1.28,,7.0,not_cf_view,,not_cf_view,571945,"Mikolas, Miles",CS,2B,not measured,not_cf_view
4a4aae7e-770e-4b5e-a90a-f93e5aaa703f,AWAY,59.70844704785995,7.2,174.0,127.0,L,0.18,5.98,9.0,PASS,0.787,not_cf_view,642545,"Barria, Jaime",CS,2B,high,
fba4ab92-b56e-4be7-be9e-330da450da48,HOME,59.621376764159095,7.9,181.0,123.0,L,0.14,11.25,9.0,PASS,0.973,PASS,657746,"Ryan, Joe",SB,2B,high,
28697c1f-1e60-4978-8319-b21c8675840d,AWAY,59.732390976848755,10.6,,,,,,,no_release,,cut_in_window,605135,"Bassitt, Chris",CS,2B,not measured,no_release
eb4a5672-b7ee-4a0c-bdbd-1970f80e299e,HOME,59.674093353340155,15.1,180.0,130.0,L,0.13,3.29,8.0,PASS,0.838,PASS,622103,"Reyes, Gerardo",SB,2B,low,lift_peak_in 3.29 outside 4.28-
1e486797-f8f0-4656-8a58-3c6eadbbb211,HOME,59.61224976321334,8.2,180.0,122.0,R,0.12,10.27,9.0,PASS,0.973,PASS,676664,"Sears, JP",SB,2B,high,
d5c1c0ad-9962-4e2e-a247-83bcde6b55d9,AWAY,59.62930833353742,15.1,,,,,,,no_release,,no_release,425794,"Wainwright, Adam",SB,2B,not measured,no_release
12509d40-77de-4fdc-862e-d44b64f26f5f,HOME,59.74058592418507,8.9,207.0,150.0,L,0.13,9.97,6.0,PASS,0.954,PASS,668970,"Hollowell, Gavin",SB,2B,high,
3d821640-fb72-4c08-b9ea-5555c5f7a24a,AWAY,59.663426457691216,17.8,142.0,117.0,L,0.09,5.13,9.0,implausible_delivery,,cut_in_window,543294,"Hendricks, Kyle",CS,2B,not measured,implausible_delivery
06da70c8-7587-4937-b7ba-51d2080d4553,HOME,59.625579530116006,8.6,194.0,141.0,L,0.1,9.64,9.0,PASS,0.889,PASS,676775,"Winn, Keaton",CS,2B,high,
300bafa5-01eb-4673-b49a-f3312b6a3db6,HOME,59.743082859789766,8.3,205.0,135.0,R,0.14,17.32,9.0,PASS,1.172,PASS,607536,"Freeland, Kyle",SB,2B,high,
884e6887-288d-48a1-b540-80f69af78c2c,AWAY,59.69212484601235,11.1,,,,,,,not_cf_view,,no_set_before_lift,489119,"Miley, Wade",CS,2B,not measured,not_cf_view
8f82ff65-c428-440d-a790-f3e144b6e73e,HOME,59.71650508414406,10.2,174.0,119.0,L,0.26,11.92,9.0,PASS,0.921,PASS,613534,"Adams, Austin",SB,3B,high,
0de83b7b-e1fa-441d-a102-458a053250bc,HOME,59.77600978152887,15.3,177.0,113.0,L,0.12,22.47,9.0,PASS,1.071,PASS,669456,"Bieber, Shane",SB,2B,high,
d426fa56-ca4d-4bb9-b25d-4029702baf6c,HOME,59.70116685668774,15.6,182.0,131.0,L,0.12,10.0,9.0,PASS,0.854,PASS,676265,"Abbott, Cory",SB,2B,high,
89e96690-819e-44fb-9424-41ac983dc83c,AWAY,59.67527841503675,21.0,180.0,116.0,L,0.15,24.93,9.0,PASS,1.072,cut_in_window,641729,"Jiménez, Joe",SB,2B,high,
6fc330a9-3f43-4a1f-8548-f31fe38e56af,HOME,59.71590381580169,6.5,185.0,113.0,L,0.52,25.34,8.0,PASS,1.206,PASS,605400,"Nola, Aaron",SB,2B,low,release_to_wrist 0.52 outside -0.32
be845cdb-0c94-4d9c-b8c8-c453a86cc60b,AWAY,59.68882504147956,22.2,180.0,120.0,L,0.13,18.4,5.0,PASS,1.005,release_not_at_hand,656232,"Bielak, Brandon",CS,2B,high,
830c1411-0406-4cf3-a7e0-2ed5c3bac9f6,AWAY,59.75569843431624,20.0,176.0,107.0,L,0.12,6.93,9.0,cut_in_window,,release_not_at_hand,453286,"Scherzer, Max",SB,2B,not measured,cut_in_window
39584f01-58f3-46e0-a9cf-f1acf780254c,AWAY,59.74839939205104,23.7,193.0,,,0.75,,9.0,cut_in_window,,cut_in_window,543294,"Hendricks, Kyle",SB,2B,not measured,cut_in_window
485b0ed0-00e3-436e-bf6c-4af1e0ce0342,AWAY,59.7313540267872,18.0,177.0,115.0,L,0.23,11.89,9.0,PASS,1.038,cut_in_window,489446,"Yates, Kirby",SB,2B,high,
059a1092-4118-4700-a7c5-1ad996d3bae0,AWAY,59.726452845965476,15.2,,,,,,,no_release,,no_release,676265,"Abbott, Cory",CS,2B,not measured,no_release
c7c9708d-98c9-4526-b8cb-bbe3ae8e7758,HOME,59.63809777280492,10.0,179.0,132.0,L,0.15,6.66,9.0,PASS,0.788,PASS,625643,"López, Reynaldo",SB,2B,high,
73745b0e-4bab-4f19-aa0a-70ccc89f36d2,HOME,59.71109480392847,8.8,178.0,114.0,L,0.2,15.84,9.0,PASS,1.072,PASS,543294,"Hendricks, Kyle",SB,2B,high,
83d938e0-2f03-473f-bca8-d7c3fc725e13,AWAY,59.65758290396951,23.5,177.0,139.0,L,0.12,97.86,8.0,cut_in_window,,cut_in_window,489446,"Yates, Kirby",SB,2B,not measured,cut_in_window
85d4f532-09d8-498d-bf95-fbba5020be6b,HOME,59.71410803282853,8.9,178.0,119.0,R,0.1,16.31,9.0,PASS,0.988,PASS,678606,"Ferrer, José A.",SB,2B,high,
4fea49db-58a2-49d6-9ebf-810aa2aceacd,HOME,59.66972085544381,8.2,179.0,124.0,R,0.08,15.07,9.0,PASS,0.922,PASS,678606,"Ferrer, José A.",SB,3B,high,
dd55326e-9cc8-42e1-9c60-0ce56f5c8a1c,AWAY,59.73514533147234,13.7,,,,,,,no_release,,no_release,676265,"Abbott, Cory",SB,3B,not measured,no_release
900e68fc-8619-4394-869c-7fb7c0596da6,HOME,59.67312603599177,8.3,177.0,119.0,R,0.15,23.6,9.0,PASS,0.972,PASS,571578,"Corbin, Patrick",SB,2B,high,
f5438204-c8fc-4c42-b1d5-a8fef6b24fd1,HOME,59.726991151930534,9.9,179.0,123.0,L,0.15,26.12,9.0,PASS,0.938,PASS,605200,"Davies, Zach",SB,2B,high,
0acf8173-61df-45aa-84d2-a2891735ff6a,HOME,59.63148242867301,5.1,174.0,116.0,R,0.25,27.54,8.0,PASS,0.973,PASS,674072,"Henry, Tommy",SB,3B,high,
c26ad335-ef05-456a-a661-7dccb1f74d1d,AWAY,59.67343548492863,18.0,181.0,125.0,L,0.15,16.65,9.0,PASS,0.938,cut_in_window,679525,"Marsh, Alec",SB,2B,high,
1c567d4d-bfee-4441-b59c-b1c266a2ed22,AWAY,59.6587733981478,9.6,191.0,122.0,L,1.0,11.71,7.0,release_not_at_hand,,release_not_at_hand,672715,"Patiño, Luis",SB,2B,not measured,release_not_at_hand
acacf5fe-2be9-45e6-a615-928658af84a9,AWAY,59.65898376292754,22.5,,,,,,,no_release,,no_release,592836,"Walker, Taijuan",SB,2B,not measured,no_release
bc9a7fde-0b76-4442-bf5b-c352b7e8c40b,HOME,59.70721351594404,8.2,180.0,115.0,L,0.1,26.51,8.0,PASS,1.089,PASS,502624,"Anderson, Chase",CS,2B,high,
73dd0aa1-aee5-4575-aabe-9054a94de79c,HOME,59.64688448659745,19.5,173.0,127.0,L,0.23,4.01,9.0,PASS,0.771,PASS,673540,"Senga, Kodai",SB,2B,low,lift_peak_in 4.01 outside 4.28-
9e36240b-2919-4879-9c66-b5252fc16468,AWAY,59.64834186512353,19.9,177.0,111.0,L,0.13,20.06,7.0,PASS,1.106,cut_in_window,592351,"Gray, Jon",SB,2B,high,
c4b437a0-1a39-44bd-80ae-7bede497d9d8,HOME,59.69652285591971,9.4,173.0,128.0,L,0.22,4.13,9.0,PASS,0.754,PASS,673540,"Senga, Kodai",SB,2B,low,lift_peak_in 4.13 outside 4.28-
4ded3d29-2ffd-44f4-b1f7-7e9acb27e98d,HOME,59.65682485701035,9.5,172.0,113.0,L,0.18,20.5,9.0,PASS,0.989,PASS,672710,"Contreras, Roansy",SB,2B,high,
1e097e60-2c4d-4ea6-a4d0-eb6d0a82adc1,HOME,59.7878219536988,15.3,179.0,112.0,L,0.24,22.52,4.0,PASS,1.121,PASS,680686,"Gray, Josiah",SB,2B,low,ball_pts 4.0 outside 5-
270dc699-99ab-4301-946d-13ff33aab605,AWAY,59.66407183614063,19.3,182.0,,,0.12,,9.0,no_set_before_lift,,no_set_before_lift,682120,"Herrin, Tim",SB,2B,not measured,no_set_before_lift
c36dc548-7621-48e5-b95b-0004e4eeae8a,AWAY,59.72822748769278,15.1,180.0,128.0,R,0.11,8.19,9.0,PASS,0.871,not_cf_view,593958,"Rodriguez, Eduardo",SB,2B,high,
43144b7a-99dd-4326-baea-10ea200d4738,AWAY,59.70497138016199,104.1,180.0,,,0.13,,9.0,no_set_before_lift,,no_set_before_lift,686747,"La Sorsa, Joe",SB,3B,not measured,no_set_before_lift
90cc3d93-0492-4c59-b079-fc3debc06819,HOME,59.68225700627987,11.0,178.0,117.0,L,0.19,11.72,6.0,PASS,1.022,PASS,672715,"Patiño, Luis",SB,2B,high,
74eb886d-5102-4a8b-a254-bf9bf0a1294a,HOME,59.68864056674853,26.0,173.0,125.0,R,0.2,10.24,9.0,PASS,0.804,PASS,663776,"Sandoval, Patrick",SB,2B,high,
628c44a7-f98e-4c75-ae80-ed35869c9141,HOME,59.68994973107885,8.5,178.0,115.0,L,0.11,20.54,9.0,PASS,1.055,PASS,676440,"Bibee, Tanner",SB,2B,high,
acfe7499-75bf-41dc-a527-b69840f94ec4,HOME,59.63762359638023,8.9,205.0,147.0,R,0.11,4.88,9.0,PASS,0.973,PASS,669022,"Gore, MacKenzie",SB,2B,high,
7a6b8400-241a-4e59-a2f3-e4db29dbdd4b,AWAY,59.64389322119607,16.9,179.0,114.0,R,0.18,17.07,9.0,PASS,1.09,no_set_before_lift,621237,"Alvarado, José",SB,2B,high,
1e523c2b-ef7a-4068-9cfc-bb472370fe23,HOME,59.69405842089012,9.0,180.0,117.0,R,0.13,11.79,9.0,PASS,1.055,PASS,607237,"Garrett, Amir",SB,3B,high,
877b59f6-3556-40c1-b250-587b17b5be76,AWAY,59.66148746881413,25.6,248.0,,,1.09,,7.0,cut_in_window,,release_not_at_hand,669923,"Kirby, George",SB,2B,not measured,cut_in_window
a2fe6bbb-a816-4a7e-b513-06125d12c912,HOME,59.75019170496477,9.3,177.0,117.0,R,0.22,12.96,9.0,PASS,1.004,PASS,650911,"Sánchez, Cristopher",SB,2B,high,
c69f6920-2756-4a25-8105-f15357802da3,HOME,59.672203609233286,5.5,176.0,102.0,R,0.19,22.47,9.0,PASS,1.24,PASS,621237,"Alvarado, José",SB,3B,high,
160d3218-3b0d-46fa-bfaf-3ac92f5e3e6c,AWAY,59.66116801637757,12.4,178.0,100.0,L,0.21,10.25,6.0,cut_in_window,,not_cf_view,571656,"Farmer, Buck",SB,2B,not measured,cut_in_window
45a27a2d-2011-483e-ad24-329b36e862d5,AWAY,59.70956654427056,17.1,181.0,,,0.17,,7.0,no_set_before_lift,,no_set_before_lift,605130,"Barlow, Scott",SB,2B,not measured,no_set_before_lift
3eae7198-c6f8-47a6-8246-94d6708b3845,HOME,59.77442271428063,13.1,177.0,117.0,L,0.16,21.56,8.0,PASS,1.004,PASS,573186,"Stroman, Marcus",SB,2B,high,
3b05d493-6c9f-4998-a79f-aef1d3920560,HOME,59.70490918710458,5.6,177.0,114.0,R,0.09,12.75,9.0,PASS,1.055,PASS,607237,"Garrett, Amir",SB,2B,high,
dec246f6-30d6-4904-9c21-8d0cc1b4809e,HOME,59.69592388769704,10.2,185.0,131.0,L,0.19,14.81,5.0,PASS,0.905,PASS,676440,"Bibee, Tanner",SB,2B,high,
2626e731-c2e8-4b02-b717-e35125ed3ccd,AWAY,59.722566734721134,34.1,,,,,,,no_release,,release_not_at_hand,621244,"Berríos, José",CS,2B,not measured,no_release
979512ba-6301-4fc4-acac-f8519a738643,HOME,59.693359699947635,16.5,196.0,139.0,R,0.11,5.99,9.0,PASS,0.955,PASS,622780,"Perdomo, Angel",SB,2B,high,
98dab87e-6d96-45eb-9077-68668a041eff,HOME,59.752424395424555,8.6,177.0,107.0,R,0.11,39.21,9.0,PASS,1.172,PASS,628711,"Urías, Julio",SB,2B,high,
0dba9220-e4e8-484a-a75a-be920d162486,HOME,59.74132834566996,8.8,176.0,112.0,L,0.15,29.12,5.0,PASS,1.071,PASS,642547,"Peralta, Freddy",SB,3B,high,
57de06f3-4702-48cc-b41b-3b24ce2b7783,AWAY,59.74326542694906,18.9,178.0,106.0,L,0.16,44.73,9.0,cut_in_window,,cut_in_window,573186,"Stroman, Marcus",SB,2B,not measured,cut_in_window
57d31f50-a4c2-4684-8912-6cab9228a239,HOME,59.673305798256216,9.1,197.0,126.0,L,0.56,14.44,6.0,PASS,1.19,PASS,687330,"Kelly, Kevin",SB,2B,low,release_to_wrist 0.56 outside -0.32
be9b7f26-67cb-40ac-96d3-26bb4e53a973,HOME,59.79121126297618,10.6,181.0,109.0,L,0.13,14.63,9.0,PASS,1.204,PASS,643410,"Leiter Jr., Mark",SB,2B,high,
ac83f821-0cf6-490e-a755-f6ca0af95376,AWAY,59.66936935265414,7.5,180.0,121.0,R,0.11,5.77,9.0,PASS,0.989,not_cf_view,663687,"Harris, Hogan",SB,3B,high,
f0b5887b-db8b-41ab-8399-562da7256dcb,HOME,59.74145337569182,15.2,180.0,118.0,L,0.16,18.48,7.0,PASS,1.038,PASS,676760,"Marinaccio, Ron",CS,2B,high,
0709b0b0-9f53-4f9a-84e9-162622553ee3,HOME,59.72345925245581,10.8,178.0,125.0,L,0.14,11.8,9.0,PASS,0.887,PASS,607259,"Martinez, Nick",SB,2B,high,
9f15def2-ca92-4ad3-bdf7-3b0b2b5f6b79,AWAY,59.6868181175232,24.5,181.0,123.0,L,0.15,14.8,9.0,PASS,0.972,cut_in_window,672851,"Adon, Joan",SB,2B,high,
9faa5a72-d4b2-41e7-9fea-9d0ff08fb97c,HOME,59.663767482626,15.6,180.0,109.0,L,0.16,24.46,9.0,PASS,1.19,PASS,669467,"Pallante, Andre",SB,3B,high,
12dc66d0-f87a-409f-8dd3-029f4f744d75,HOME,59.67546732590353,14.9,172.0,111.0,L,0.14,13.59,9.0,PASS,1.022,PASS,506433,"Darvish, Yu",SB,2B,high,
d02cad53-e6de-4b79-bc8a-c2ba97deef51,HOME,59.74702413193918,17.0,177.0,116.0,L,0.21,20.5,9.0,PASS,1.021,PASS,670990,"Ramírez, Yohan",SB,3B,high,
dac6658d-fd3a-457f-90ca-fb286fdd09b0,AWAY,,14.6,,,,,,,no_clip,,no_set_before_lift,621345,"Minter, A.J.",CS,2B,not measured,no_clip
e9cc8a1c-bfe9-4fa3-aa1e-d36f51380d0b,AWAY,,14.8,,,,,,,no_clip,,release_not_at_hand,450203,"Morton, Charlie",SB,2B,not measured,no_clip
c9a1b435-69a3-4088-9455-0ec3f7e78321,HOME,59.611085739009205,14.3,175.0,117.0,L,0.11,19.27,9.0,PASS,0.973,PASS,434378,"Verlander, Justin",SB,2B,high,
3bfa21fc-e513-4aa9-b4a5-68e43ccf7457,HOME,59.67014460210225,11.4,177.0,123.0,L,0.15,13.15,9.0,PASS,0.905,PASS,670990,"Ramírez, Yohan",SB,2B,high,
9d4ec30b-e068-41b0-a811-2962da2a5d2a,AWAY,59.777375495898006,34.7,152.0,118.0,L,0.06,8.26,9.0,PASS,0.569,no_release,669203,"Burnes, Corbin",SB,2B,low,delivery_s 0.569 outside 0.7-1.31
7f4bf429-1ca2-45fa-807e-ea7361f1768f,AWAY,59.72808614478832,53.9,179.0,,,0.15,,9.0,no_set_before_lift,,no_set_before_lift,674003,"Bradford, Cody",SB,2B,not measured,no_set_before_lift
fb243684-6d1f-499b-94db-b6d7f0d6eaac,AWAY,,13.7,,,,,,,no_clip,,cut_in_window,642585,"Bautista, Félix",CS,2B,not measured,no_clip
97aaa6ad-255d-44fa-a4a8-6a123dfd492a,HOME,59.65544728649029,12.9,175.0,115.0,L,0.14,12.38,9.0,PASS,1.006,PASS,668678,"Gallen, Zac",SB,2B,high,
5b1fc3f1-798f-4e7e-ab3c-d9921817a7a0,HOME,59.668455751838394,11.3,177.0,99.0,L,0.13,15.97,6.0,PASS,1.307,PASS,493603,"Ottavino, Adam",SB,2B,high,
99531fe6-b170-47e9-846d-d5611ab66f20,HOME,59.74395448079659,12.6,180.0,117.0,L,0.19,18.34,9.0,PASS,1.054,PASS,676760,"Marinaccio, Ron",SB,2B,high,
db20ba79-1709-419e-82c7-0247160ea60f,HOME,59.652107047570226,11.3,178.0,118.0,L,0.15,17.13,9.0,PASS,1.006,PASS,641927,"Ober, Bailey",CS,2B,high,
eb9243a2-29af-4fbd-8783-ca91bc1433bb,HOME,59.693359699947635,9.3,177.0,118.0,L,0.18,17.57,7.0,PASS,0.988,PASS,657508,"Baumann, Mike",SB,2B,high,
fce51034-224f-49bf-a7ff-4b4b41a470a3,AWAY,59.674709684379195,28.200000000000003,260.0,206.0,L,0.09,13.31,9.0,PASS,0.905,no_release,681982,"Anderson, Grant",CS,2B,high,
c8b2cf0a-f777-40e7-a413-dab1bfd53a6e,AWAY,59.647730996370875,21.6,188.0,109.0,R,0.71,26.99,7.0,release_not_at_hand,,release_not_at_hand,624133,"Suarez, Ranger",SB,2B,not measured,release_not_at_hand
5eaa7d2d-eea5-4769-ac87-5592e4769317,AWAY,59.728392294127374,22.2,180.0,126.0,L,0.15,10.28,5.0,not_cf_view,,release_not_at_hand,643493,"Pruitt, Austin",SB,2B,not measured,not_cf_view
cf2ea8eb-aa18-4a8d-8747-5767a00b1a29,AWAY,59.801400287932665,10.0,177.0,110.0,L,0.32,29.4,3.0,PASS,1.12,no_release,665625,"Peguero, Elvis",SB,3B,low,ball_pts 3.0 outside 5-
e8b78d80-9390-473a-bdb5-2b1ce3b48d08,HOME,59.72805348049063,15.3,181.0,129.0,L,0.17,6.6,9.0,PASS,0.871,PASS,676092,"Snider, Collin",SB,2B,high,
cdb33d6a-5327-458e-ad47-8b170353c7e0,HOME,59.62821451903471,14.1,230.0,202.0,R,0.08,3.87,9.0,PASS,0.47,PASS,571760,"Heaney, Andrew",SB,2B,low,lift_peak_in 3.87 outside 4.28-; delivery_s 0.47 outside 0.7-1.31
34a054ad-e2c3-4b0b-a7f5-a5787489ea0b,HOME,59.679284495515965,9.5,178.0,112.0,R,0.19,25.6,9.0,PASS,1.106,PASS,664285,"Valdez, Framber",SB,3B,high,
be590b80-2dae-430d-8b2f-e5fa9c29ea01,HOME,59.668993410024214,11.5,179.0,111.0,R,0.1,24.05,9.0,PASS,1.14,PASS,594580,"Moll, Sam",SB,2B,high,
97a80e39-e036-47fe-a5da-b6138fea75a3,HOME,59.78957176689832,11.3,178.0,106.0,R,0.11,26.62,9.0,PASS,1.204,PASS,664285,"Valdez, Framber",SB,3B,high,
5728e1b0-7a6b-4543-a5fd-ccaec87d778b,AWAY,59.700759157801635,22.0,181.0,119.0,L,0.33,24.56,5.0,PASS,1.039,release_not_at_hand,665625,"Peguero, Elvis",SB,2B,low,release_to_wrist 0.33 outside -0.32
f0e04895-02f5-4c35-b3bd-1b226c6e29c1,HOME,59.70552258626168,13.2,177.0,119.0,L,0.22,22.02,6.0,PASS,0.971,PASS,682842,"Uribe, Abner",SB,2B,high,
27d5ec7c-6c07-404a-92e1-6f619579bacc,AWAY,,10.3,,,,,,,no_clip,,release_not_at_hand,693433,"Woo, Bryan",SB,2B,not measured,no_clip
baa0c288-63e9-4bb4-93ec-8770375bd112,AWAY,59.73346072294912,9.4,256.0,198.0,L,0.13,20.17,9.0,PASS,0.971,not_cf_view,681982,"Anderson, Grant",SB,2B,high,
263d03f6-4582-4666-87ea-fafec6e26baf,HOME,59.786476868327405,12.6,177.0,124.0,L,0.25,10.42,9.0,PASS,0.886,PASS,607067,"Rea, Colin",SB,2B,high,
da5021bb-6299-4d38-9396-3916e25ff668,HOME,59.63165706135194,4.5,179.0,127.0,L,0.18,15.39,9.0,PASS,0.872,PASS,596133,"Weaver, Luke",CS,2B,high,
20382915-91f6-49f3-a243-c5bcb9619685,AWAY,59.680500251836506,24.799999999999997,174.0,113.0,L,0.1,8.61,8.0,PASS,1.022,no_release,676254,"Walker, Ryan",SB,2B,high,
824540c9-7301-4869-8126-ad4d870b8c70,HOME,59.64125254811593,11.8,179.0,121.0,L,0.13,17.63,9.0,PASS,0.972,PASS,670059,"Holderman, Colin",SB,2B,high,
aa217773-2b90-4ee8-9d94-61289015d4c4,HOME,59.67736183264185,6.4,176.0,111.0,R,0.23,23.71,8.0,PASS,1.089,PASS,664285,"Valdez, Framber",SB,2B,high,
0f68e61f-53fb-4dcd-a807-265024ff0a68,AWAY,59.742615717218285,31.5,185.0,109.0,L,0.13,10.1,9.0,cut_in_window,,cut_in_window,668909,"Williams, Gavin",SB,2B,not measured,cut_in_window
3df8ed73-f60d-44f8-841e-fd6d18f7a475,HOME,59.67288628328917,10.7,182.0,120.0,R,0.07,21.16,9.0,PASS,1.039,PASS,642232,"Yarbrough, Ryan",SB,2B,high,
fd9a35a0-5794-47b1-94f3-15e299bb6b07,HOME,59.682924823161706,13.2,181.0,122.0,L,0.16,5.37,9.0,PASS,0.989,PASS,445276,"Jansen, Kenley",CS,2B,high,
141c3308-3712-4582-8d21-1bed188ca5a0,HOME,59.70444184109868,10.1,174.0,119.0,R,0.18,14.08,6.0,PASS,0.921,PASS,666200,"Luzardo, Jesús",SB,2B,high,
be6af2ce-1422-41b1-bb5b-d7a5264579f1,HOME,59.734238989552146,8.8,181.0,119.0,R,0.17,16.59,7.0,PASS,1.038,PASS,669684,"Murphy, Chris",SB,2B,high,
4033a7a1-b3d0-4a4a-8b0a-621e0cbf7691,HOME,59.684973107460394,10.6,184.0,134.0,L,0.1,9.98,9.0,PASS,0.838,PASS,680704,"Sandlin, Nick",CS,2B,high,
8b69c6d8-e172-438b-b0c0-39fe3f12cd9d,HOME,59.79964325134945,10.9,178.0,122.0,L,0.18,28.48,9.0,PASS,0.936,PASS,669387,"Mlodzinski, Carmen",SB,3B,high,
b510fdbb-40dc-479e-91c4-4560c9919596,AWAY,59.79810353844377,31.299999999999997,188.0,127.0,L,1.18,12.05,7.0,release_not_at_hand,,release_not_at_hand,621112,"Blackburn, Paul",SB,2B,not measured,release_not_at_hand
6bffd8e4-fbf2-4140-ae71-ca266587f8b1,AWAY,59.76566048018408,21.6,,,,,,,no_release,,no_release,543294,"Hendricks, Kyle",SB,2B,not measured,no_release
3bcb04b6-8b39-4b7b-b414-167a23225e97,HOME,59.6071491490086,5.7,176.0,106.0,R,0.22,21.57,6.0,PASS,1.174,PASS,666200,"Luzardo, Jesús",SB,2B,high,
aef4eb41-71b6-4483-873f-ee6f8e8cbc5b,HOME,59.69380086319813,11.4,178.0,111.0,L,0.14,18.75,9.0,PASS,1.122,PASS,669302,"Gilbert, Logan",SB,2B,high,
f5971ec8-e800-4f47-9993-eee95be88194,AWAY,59.67100508349188,25.8,,,,,,,no_release,,no_release,666619,"Santos, Gregory",CS,2B,not measured,no_release
062501cc-15ed-493f-9414-fcf1222f481e,HOME,59.71930711847263,5.0,194.0,125.0,R,0.12,22.98,9.0,PASS,1.155,PASS,605177,"Chafin, Andrew",CS,2B,high,
82da690b-2c34-463b-8842-919fcfd9de9e,AWAY,59.75025123644765,30.3,177.0,,,0.17,,9.0,no_set_before_lift,,no_set_before_lift,593334,"Germán, Domingo",SB,2B,not measured,no_set_before_lift
86c7af18-209d-453a-9326-25dc0a94adad,AWAY,59.71400136189827,21.4,,,,,,,no_release,,release_not_at_hand,543294,"Hendricks, Kyle",SB,2B,not measured,no_release
a47cf221-1d2a-4032-910c-872985a54adb,AWAY,59.75708869515228,10.7,191.0,,,1.16,,9.0,cut_in_window,,release_not_at_hand,650556,"Abreu, Bryan",SB,2B,not measured,cut_in_window
63b1a173-26d0-4661-beb4-1efbfeb87a62,AWAY,59.691061317054384,18.8,,,,,,,no_release,,no_release,656232,"Bielak, Brandon",SB,2B,not measured,no_release
da5bc5e1-785e-45b5-bdd8-8875f107acc7,AWAY,,12.6,,,,,,,no_clip,,no_release,641540,"Dunning, Dane",SB,2B,not measured,no_clip
9e456830-5680-4b6e-bc30-600943ecf279,AWAY,59.68873123895135,22.4,249.0,,,1.35,,9.0,cut_in_window,,not_cf_view,680704,"Sandlin, Nick",CS,2B,not measured,cut_in_window
0684ddc6-ac0b-4140-9697-52b7092cbf26,AWAY,59.79083233971566,29.200000000000003,181.0,,,0.57,,9.0,no_set_before_lift,,no_set_before_lift,543859,"Tonkin, Michael",SB,2B,not measured,no_set_before_lift
a0a7631c-4b42-4414-9be7-2eac8d0f5bcb,HOME,59.73276352485743,5.4,177.0,115.0,L,0.1,11.3,9.0,PASS,1.038,PASS,650644,"Civale, Aaron",SB,2B,high,
693ee290-59dd-4a7c-8f7b-b396f6fbdb5e,AWAY,,10.4,,,,,,,no_clip,,no_release,548389,"Stripling, Ross",CS,2B,not measured,no_clip
aa77ed67-8d08-43ef-8a7b-c5bdb30297f8,AWAY,59.663625749066355,20.2,188.0,105.0,L,0.79,14.69,4.0,cut_in_window,,release_not_at_hand,650633,"King, Michael",SB,2B,not measured,cut_in_window
40e1d594-9aec-4bf2-b4c4-31b8e4a48ac6,HOME,59.800664451827245,10.6,179.0,120.0,L,0.13,21.08,5.0,PASS,0.987,PASS,656629,"Kopech, Michael",SB,2B,high,
738aa59a-ce3e-4720-8b92-b406af09cdfe,HOME,59.60943645914188,11.3,177.0,127.0,L,0.23,3.85,9.0,PASS,0.839,PASS,669467,"Pallante, Andre",SB,2B,low,lift_peak_in 3.85 outside 4.28-
dd798111-0e52-43df-9a3f-5a201c16b5b4,AWAY,59.73458529404318,9.4,,,,,,,no_release,,no_release,686654,"Adcock, Ty",SB,2B,not measured,no_release
b90a0980-4249-42f6-800b-11ef481f1bc9,HOME,59.69852246156908,5.3,175.0,120.0,R,0.09,23.6,8.0,PASS,0.921,PASS,668941,"Romero, JoJo",CS,2B,high,
4ac37e9d-24e8-43c3-8235-af5ad9780f9a,HOME,59.77163047784829,13.0,181.0,127.0,L,0.18,11.23,8.0,PASS,0.903,PASS,605463,"Scott, Tayler",SB,2B,high,
d5162ea7-ee26-4982-ab4b-a0525e8d55f3,AWAY,59.7088424486781,20.8,182.0,154.0,R,0.09,2.35,9.0,cut_in_window,,cut_in_window,650911,"Sánchez, Cristopher",SB,2B,not measured,cut_in_window
48d0f735-ad9b-4a11-8006-d2230cc8d2c8,AWAY,59.66337527382407,20.5,183.0,,,0.16,,9.0,no_set_before_lift,,cut_in_window,669194,"Nelson, Ryne",CS,2B,not measured,no_set_before_lift
a77b812d-abdb-4e63-9a9f-3ab217e5a38c,AWAY,59.658645468301245,19.1,173.0,100.0,R,0.11,26.41,9.0,PASS,1.224,no_release,642048,"Saucedo, Tayler",SB,2B,high,
8dadcca8-86e7-47dd-9e62-69755c2a47fd,HOME,59.75456578189264,19.2,175.0,115.0,L,0.18,19.35,9.0,PASS,1.004,PASS,657097,"Webb, Jacob",SB,2B,high,
ddeb9d82-4b4f-4018-b0bb-d46a35b40f70,AWAY,59.758170752349486,24.299999999999997,,,,,,,no_release,,no_release,645261,"Alcantara, Sandy",SB,2B,not measured,no_release
2ec1377d-8f05-4a1f-981a-4b42c648a752,HOME,59.639026942192,5.1,187.0,135.0,L,0.21,17.89,4.0,PASS,0.872,PASS,628317,"Maeda, Kenta",SB,2B,low,ball_pts 4.0 outside 5-
593cf4f5-6193-4bf6-a5d6-9813cb0f9c85,HOME,59.67402702387802,11.2,181.0,116.0,L,0.28,14.53,9.0,PASS,1.089,PASS,641154,"López, Pablo",SB,2B,high,
c1d86d0d-f9a2-4b11-89f6-47710280b75b,HOME,59.646115370616066,9.4,176.0,117.0,R,0.18,4.06,9.0,PASS,0.989,PASS,571760,"Heaney, Andrew",SB,3B,low,lift_peak_in 4.06 outside 4.28-
5db46bb7-7442-4db0-a831-0376368cc5f4,AWAY,,14.2,,,,,,,no_clip,,cut_in_window,666619,"Santos, Gregory",SB,2B,not measured,no_clip
b8f10ebe-5bab-4c5b-8d93-0e07bd057429,HOME,59.69834062979719,6.9,205.0,156.0,L,0.43,6.7,8.0,PASS,0.821,PASS,689690,"Jacob, Alek",SB,3B,low,release_to_wrist 0.43 outside -0.32
4671625f-0ff0-4113-a510-19098c613510,AWAY,59.76942776050318,10.8,176.0,114.0,L,0.12,28.34,9.0,PASS,1.037,cut_in_window,642547,"Peralta, Freddy",SB,2B,high,
62f0a4af-78ac-4123-8753-72bafa45b804,AWAY,59.7119775201967,19.0,178.0,112.0,L,0.13,19.03,9.0,PASS,1.105,no_set_before_lift,679525,"Marsh, Alec",SB,2B,high,
c7dadd27-6550-40e3-93cc-c89e82d38fed,AWAY,59.71657951519157,13.8,180.0,127.0,L,0.25,12.97,9.0,PASS,0.888,not_cf_view,681867,"Criswell, Cooper",CS,2B,high,
455e0d2c-cdd7-44f7-8f5b-1bb2980c6e28,HOME,59.749198967259275,12.4,181.0,114.0,L,0.31,30.26,9.0,PASS,1.121,PASS,641154,"López, Pablo",SB,3B,high,
16e87275-5e1f-459e-81e2-dccbf134a96e,HOME,59.73402830211657,10.1,203.0,128.0,R,0.11,23.65,9.0,PASS,1.256,PASS,605483,"Snell, Blake",SB,3B,high,
c88c4fe3-bb40-41ee-ae78-024aca8d4d44,AWAY,59.751339699118,24.1,178.0,100.0,L,0.27,13.23,9.0,cut_in_window,,cut_in_window,607192,"Glasnow, Tyler",SB,2B,not measured,cut_in_window
3710233e-0c7d-4241-ae86-940a756ded71,HOME,59.682899073138785,10.8,180.0,109.0,R,0.1,18.23,9.0,PASS,1.19,PASS,605177,"Chafin, Andrew",CS,2B,high,
aedfdf25-1ece-4aef-aa86-f794d3599262,HOME,59.625777264596486,5.7,204.0,151.0,L,0.31,11.5,9.0,PASS,0.889,PASS,681867,"Criswell, Cooper",SB,2B,high,
3b37cfea-815c-4307-9255-2f6ca4d5a179,AWAY,59.75602204470865,52.2,160.0,115.0,L,0.03,15.88,6.0,PASS,0.753,no_release,607192,"Glasnow, Tyler",SB,2B,high,
80f14967-4d93-4920-9adc-3633f179b1e9,AWAY,59.75822410313682,16.3,177.0,105.0,R,0.14,21.97,9.0,PASS,1.205,not_cf_view,605483,"Snell, Blake",SB,2B,high,
b8581981-018f-4ba0-b1f9-72a41f5edf24,HOME,59.681042376175014,9.7,202.0,140.0,L,0.14,14.59,9.0,PASS,1.039,PASS,592836,"Walker, Taijuan",CS,2B,high,
f5ab819d-0ee0-4169-a8fa-fe3dccc57adf,HOME,59.70527650134685,12.8,204.0,152.0,R,0.15,3.59,9.0,PASS,0.871,PASS,572020,"Paxton, James",SB,3B,low,lift_peak_in 3.59 outside 4.28-
41ce6ecd-3283-41f6-a842-1890ad29f01a,HOME,59.66278246722376,8.9,202.0,141.0,R,0.15,21.11,9.0,PASS,1.022,PASS,621381,"Strahm, Matt",SB,3B,high,
54a3583f-3905-49f7-b87d-7431c975a557,HOME,59.73788214674609,11.0,179.0,122.0,L,0.27,14.96,9.0,PASS,0.954,PASS,650960,"Duarte, Daniel",SB,2B,high,
4b194007-2459-42aa-b99b-92a98905ade6,HOME,59.80327011688326,16.3,204.0,150.0,L,0.12,11.62,9.0,PASS,0.903,PASS,592836,"Walker, Taijuan",SB,2B,high,
88fcbbc8-d8cc-4ae6-bed7-047490f105e5,HOME,59.72647841765506,9.7,178.0,116.0,L,0.18,22.38,9.0,PASS,1.038,PASS,571656,"Farmer, Buck",SB,2B,high,
c2555c4d-d76e-4b1b-b581-41033d601df6,HOME,59.67297735005323,11.5,176.0,116.0,R,0.17,17.65,9.0,PASS,1.005,PASS,671096,"Abbott, Andrew",CS,2B,high,
cd3a0eb7-d930-4a7e-b977-6987c7f3bd76,HOME,59.69304187814693,10.7,176.0,111.0,R,0.1,9.35,9.0,PASS,1.089,PASS,672282,"Detmers, Reid",CS,2B,high,
fb838d30-3496-4400-9b74-59c74a598d01,AWAY,,11.8,,,,,,,no_clip,,cut_in_window,608665,"Graveman, Kendall",SB,2B,not measured,no_clip
3429384d-a16e-40bb-bdaf-aeadf9d9ae1f,HOME,59.73044721257913,11.2,201.0,154.0,R,0.15,14.64,9.0,PASS,0.787,PASS,666142,"Ragans, Cole",CS,2B,high,
f6ec3c3b-a7c8-4a00-a9b9-0a65b85a32e9,AWAY,59.6469150192634,20.8,178.0,120.0,L,0.16,10.22,8.0,not_cf_view,,cut_in_window,676272,"Miller, Bobby",SB,2B,not measured,not_cf_view
79fa38f5-be77-4fe0-ae53-0c255eb3d2ce,HOME,59.77744329759655,14.1,181.0,114.0,L,0.13,28.1,9.0,PASS,1.121,PASS,625643,"López, Reynaldo",SB,2B,high,
3952f5b0-b8f6-4059-b7d7-ec3a5f467926,HOME,59.63532525311488,5.6,202.0,147.0,L,0.11,12.62,9.0,PASS,0.922,PASS,657746,"Ryan, Joe",SB,2B,high,
2ce7e586-fe45-4720-a13a-359a09e77e9c,HOME,59.81366459627329,16.5,203.0,133.0,R,0.24,19.54,9.0,PASS,1.17,PASS,518617,"Diekman, Jake",SB,2B,high,
7ccef05a-fdf2-476a-94a8-2bb9a5d08aa9,HOME,59.71166851776505,5.6,177.0,118.0,R,0.13,20.93,9.0,PASS,0.988,PASS,579328,"Kikuchi, Yusei",SB,3B,high,
2b44144f-5b03-4dbc-bee8-4e5b69ac9971,HOME,59.693724213612334,10.0,181.0,114.0,L,0.21,27.99,8.0,PASS,1.122,PASS,641360,"Bickford, Phil",SB,2B,high,
765aa297-cf59-491c-98cb-ef7603187f99,AWAY,59.594345954766915,9.4,,,,,,,no_release,,no_release,668970,"Hollowell, Gavin",SB,2B,not measured,no_release
4e3c3bb6-02ec-43dd-b635-af4cd2b42889,HOME,59.7025765801754,31.6,204.0,132.0,L,0.19,15.15,9.0,PASS,1.206,PASS,676710,"Crawford, Kutter",SB,2B,high,
a1b2fe2b-371b-4ac4-9df9-7945ec4b02c7,AWAY,59.72007749683582,11.3,182.0,124.0,R,0.14,6.72,7.0,PASS,0.971,no_release,571948,"Milner, Hoby",CS,2B,high,
623cdbd2-4b84-4163-ab43-83b8e364f55e,HOME,59.70704027872696,18.6,186.0,124.0,L,0.13,23.56,8.0,PASS,1.038,PASS,606160,"Montero, Rafael",SB,2B,high,
604baf49-620e-4276-ab1d-11e16e4c831b,HOME,59.710722436263005,16.1,175.0,112.0,L,0.19,17.96,8.0,PASS,1.055,PASS,663941,"Beck, Tristan",SB,3B,high,
6433c99d-9418-4410-9bdb-447c81e8fc5e,HOME,59.77262397818419,5.4,175.0,121.0,L,0.22,12.04,9.0,PASS,0.903,PASS,661383,"Ortega, Oliver",SB,2B,high,
b25d689f-67da-419e-982f-6d37afbf1003,AWAY,59.66468885195011,20.2,183.0,106.0,R,0.13,19.09,9.0,PASS,1.291,no_set_before_lift,592767,"Smyly, Drew",SB,2B,high,
d7391d19-4750-4ade-9263-50f7f640a0af,HOME,59.73065080413841,13.0,182.0,130.0,L,0.23,10.56,6.0,PASS,0.871,PASS,671345,"Foley, Jason",SB,2B,high,
41386578-621e-4389-815f-1bc96d4746a6,HOME,59.71174448056637,9.2,182.0,116.0,L,0.15,24.4,8.0,PASS,1.105,PASS,641540,"Dunning, Dane",SB,2B,high,
6a22d2d9-41f0-4a55-844d-f3bccde7c2f1,HOME,59.678744272127155,10.0,204.0,142.0,L,0.28,23.45,9.0,PASS,1.039,PASS,640448,"Finnegan, Kyle",SB,3B,high,
7ed947ad-d3a8-47b3-b2fe-75ccc30e8c5a,HOME,59.71512445258576,5.2,213.0,152.0,R,0.16,19.28,9.0,PASS,1.022,PASS,663989,"Vespi, Nick",CS,2B,high,
6e6abdd6-6deb-4a8e-a161-f527d7018b56,AWAY,59.644798254298586,19.7,203.0,176.0,L,0.33,2.83,6.0,PASS,0.453,implausible_delivery,643511,"Rogers, Tyler",SB,2B,low,release_to_wrist 0.33 outside -0.32; lift_peak_in 2.83 outside 4.28-; delivery_s 0.453 outside 0.7-1.31
6a7f5f9e-d097-4b60-95c7-285f2081a142,HOME,59.764297996672774,5.4,176.0,128.0,L,0.23,2.86,9.0,PASS,0.803,PASS,622103,"Reyes, Gerardo",SB,2B,low,lift_peak_in 2.86 outside 4.28-
1a7b9e45-c446-4096-b60c-21e2aad5cb1d,HOME,59.67695781139106,9.3,179.0,117.0,L,0.16,25.18,9.0,PASS,1.039,PASS,663773,"Hoeing, Bryan",CS,2B,high,
f484dfe2-524c-413d-bd80-8a7cc45f4008,AWAY,59.73044721257913,23.9,174.0,119.0,L,0.21,15.92,9.0,PASS,0.921,no_set_before_lift,621112,"Blackburn, Paul",SB,2B,high,
74c07ba9-200d-406a-ae0c-f3683afcdbea,AWAY,59.722324248879744,22.5,180.0,117.0,L,0.33,21.67,8.0,PASS,1.055,not_cf_view,665795,"Cabrera, Edward",SB,2B,low,release_to_wrist 0.33 outside -0.32
fc8242d9-9e75-412d-92d7-65d3c7a8beaa,HOME,59.7605593588356,9.4,183.0,124.0,R,0.11,12.92,9.0,PASS,0.987,PASS,663738,"Lynch IV, Daniel",SB,2B,high,
ffccaa09-6a87-4cb3-9f65-ce66c5449b9c,AWAY,59.76175582146071,21.9,176.0,115.0,R,0.16,23.89,9.0,PASS,1.021,cut_in_window,672335,"Pérez, Cionel",SB,3B,high,
b267cd42-935b-42bb-bf85-5159ff65d323,AWAY,59.63442217735174,21.7,181.0,110.0,L,0.09,25.52,9.0,PASS,1.191,cut_in_window,605400,"Nola, Aaron",SB,2B,high,
4d830534-6546-4b3c-ab90-a4aae3765c0c,HOME,59.71580375105064,10.7,178.0,125.0,L,0.19,3.94,9.0,PASS,0.888,PASS,608337,"Giolito, Lucas",SB,2B,low,lift_peak_in 3.94 outside 4.28-
f4834d20-29aa-477b-9786-4903b596f12e,AWAY,59.65199489901669,29.6,149.0,,,0.15,,7.0,not_cf_view,,no_release,666201,"Manoah, Alek",SB,2B,not measured,not_cf_view
4f67f428-c4c8-476c-8fd4-ba410dccbfae,AWAY,59.685032916183886,21.4,178.0,118.0,R,0.12,22.61,9.0,PASS,1.005,not_cf_view,571578,"Corbin, Patrick",SB,2B,high,
0b74ca38-7b7a-4a73-a207-3f9c6e92e770,AWAY,59.72345996209857,28.5,,,,,,,no_release,,not_cf_view,489446,"Yates, Kirby",SB,3B,not measured,no_release
1c454e67-7435-4fe6-bd77-09ff9c644827,HOME,59.59897742322974,7.4,178.0,116.0,L,0.25,23.33,9.0,PASS,1.04,PASS,682842,"Uribe, Abner",SB,2B,high,
bf6438c4-cc81-4114-990c-5ed6cc3f61a4,HOME,59.75145213446727,11.8,180.0,107.0,L,0.14,28.34,9.0,PASS,1.222,PASS,605400,"Nola, Aaron",SB,2B,high,
d0a3d132-006e-4f94-8837-0ccc65840ab9,HOME,59.7076618632552,5.5,174.0,111.0,R,0.12,17.99,9.0,PASS,1.055,PASS,669684,"Murphy, Chris",CS,2B,high,
ba32ea2d-c2ca-444f-9579-556985eb3d5a,AWAY,59.75236853977643,19.7,175.0,107.0,L,0.99,15.61,9.0,release_not_at_hand,,release_not_at_hand,593334,"Germán, Domingo",SB,2B,not measured,release_not_at_hand
ea2399ab-f59c-4df3-af46-adae70e7e2a8,HOME,59.67332393824072,5.2,180.0,120.0,L,0.54,22.37,8.0,PASS,1.005,PASS,686839,"White, Brendan",SB,3B,low,release_to_wrist 0.54 outside -0.32
c9ae3e3a-ab6a-40ab-9108-4fee97536e39,AWAY,59.660274432022135,17.4,176.0,94.0,L,0.15,16.54,7.0,cut_in_window,,cut_in_window,593576,"Neris, Héctor",SB,2B,not measured,cut_in_window
8b45ab8e-95ac-499e-8a7f-216a512aa3f6,HOME,59.757954745692444,11.0,184.0,124.0,L,0.41,13.27,6.0,PASS,1.004,PASS,613534,"Adams, Austin",SB,2B,low,release_to_wrist 0.41 outside -0.32
57f774a9-dc8a-4d03-a909-15d07c586fd9,AWAY,59.63732946338725,14.6,177.0,117.0,L,0.21,14.86,9.0,PASS,1.006,not_cf_view,608717,"Stratton, Chris",SB,2B,high,
d514f00e-6d70-4575-891f-6180264409f0,HOME,59.801896941892245,14.6,179.0,119.0,R,0.08,14.27,9.0,PASS,1.003,PASS,663738,"Lynch IV, Daniel",SB,2B,high,
d1b7d3c9-abe7-4993-bf6d-a02c43c598ca,AWAY,59.71897714771099,22.299999999999997,190.0,105.0,L,0.62,9.37,9.0,cut_in_window,,cut_in_window,489446,"Yates, Kirby",SB,2B,not measured,cut_in_window
5a76253a-4545-4c03-b0a6-7f006691c030,HOME,59.69733521859517,9.6,178.0,121.0,L,0.23,13.29,6.0,PASS,0.955,PASS,543507,"May, Trevor",SB,2B,high,
b017554e-ca94-455e-825b-b6ac5c6b77ad,HOME,59.62104861500304,9.4,177.0,113.0,R,0.13,23.33,9.0,PASS,1.073,PASS,686610,"Waldichuk, Ken",CS,2B,high,
9d20ed1b-44a0-44b4-a78d-84352a712875,HOME,59.75976913319959,5.4,178.0,124.0,L,0.14,15.48,9.0,PASS,0.904,PASS,434378,"Verlander, Justin",SB,2B,high,
c022837f-cbaf-435e-9e97-088e4eb565ad,AWAY,59.677277136055025,21.6,180.0,,,0.16,,9.0,no_set_before_lift,,no_set_before_lift,448179,"Hill, Rich",SB,3B,not measured,no_set_before_lift
09c78273-f5b8-4692-b67e-7e7d20b4a79c,HOME,59.679403398170216,9.1,180.0,114.0,L,0.18,15.19,9.0,PASS,1.106,PASS,676534,"Faucher, Calvin",SB,2B,high,
a9cad854-b21a-4168-84cf-18987ede5c13,HOME,59.66779750410663,11.6,175.0,116.0,L,0.13,18.22,9.0,PASS,0.989,PASS,656546,"Hoffman, Jeff",SB,2B,high,
b5bcf968-d755-4037-9682-c31d87d8e34d,AWAY,59.71576729381174,18.3,173.0,112.0,L,0.36,14.94,9.0,PASS,1.022,not_cf_view,506433,"Darvish, Yu",SB,2B,low,release_to_wrist 0.36 outside -0.32
b88edfb0-862e-413d-b739-7042e5ef918d,HOME,59.67496708501645,8.9,177.0,105.0,R,0.33,25.02,9.0,PASS,1.207,PASS,448179,"Hill, Rich",SB,2B,low,release_to_wrist 0.33 outside -0.32
fd319ef0-2636-4e7e-bbd4-109f60b14bda,AWAY,59.68487202381963,19.700000000000003,188.0,,,0.87,,8.0,release_not_at_hand,,no_set_before_lift,450203,"Morton, Charlie",SB,2B,not measured,release_not_at_hand
f12b06ce-b813-4870-b14a-81db9bd0aec5,AWAY,59.74061012506986,21.9,181.0,135.0,L,0.24,2.52,9.0,PASS,0.77,cut_in_window,543294,"Hendricks, Kyle",SB,2B,low,lift_peak_in 2.52 outside 4.28-
25da6a08-778f-43fe-b295-33302d9afa06,HOME,59.718266635839875,10.8,178.0,103.0,R,0.12,17.04,9.0,PASS,1.256,PASS,543272,"Hand, Brad",SB,3B,high,
51169dda-dda2-4a1f-8890-b3f968915951,HOME,59.67296023617522,5.5,175.0,121.0,L,0.19,7.71,8.0,PASS,0.905,PASS,666208,"Speas, Alex",CS,2B,high,
1cd83b8d-2314-4763-8645-9edb7298188c,HOME,59.70551596832975,10.4,181.0,107.0,R,0.15,16.21,9.0,PASS,1.239,PASS,543272,"Hand, Brad",SB,2B,high,
f0e66be4-b601-4dd2-8391-7061f864af87,HOME,59.6934035305048,11.2,184.0,126.0,L,0.44,14.52,9.0,PASS,0.972,PASS,607067,"Rea, Colin",SB,2B,low,release_to_wrist 0.44 outside -0.32
0f170a19-4fbf-4d89-bd39-7a943da049f6,HOME,59.7524616548642,11.1,182.0,117.0,L,0.33,20.81,9.0,PASS,1.088,PASS,623211,"Brazobán, Huascar",SB,2B,low,release_to_wrist 0.33 outside -0.32
efa4fd2f-3863-43fd-a127-fc22ad28fb33,HOME,59.68707611893048,9.8,183.0,121.0,L,0.14,15.38,7.0,PASS,1.039,PASS,676534,"Faucher, Calvin",SB,2B,high,
35e1ba97-754a-4325-8a98-6b324fcefbdd,HOME,59.58592279168358,11.2,179.0,122.0,R,0.11,20.09,9.0,PASS,0.957,PASS,686610,"Waldichuk, Ken",SB,2B,high,
3cfa4fde-2b00-4dee-9db1-4fd9287ab9c1,HOME,59.73017078655065,12.1,177.0,106.0,R,0.15,29.63,9.0,PASS,1.189,PASS,628711,"Urías, Julio",SB,3B,high,
1766fb11-4e5d-4c12-8d0c-444304924207,HOME,59.69242099238927,11.6,179.0,116.0,L,0.16,18.43,9.0,PASS,1.055,PASS,675911,"Strider, Spencer",SB,2B,high,
7926178c-5aa3-48f1-ada6-b79e72ee1d43,HOME,59.70127252156801,5.4,186.0,134.0,L,0.24,11.99,9.0,PASS,0.871,PASS,676206,"Tarnok, Freddy",SB,2B,high,
1daa2ba0-5345-486e-864e-3895cd42f77d,AWAY,59.64040983666247,19.6,177.0,,,0.13,,8.0,no_set_before_lift,,no_set_before_lift,502171,"Cobb, Alex",CS,2B,not measured,no_set_before_lift
b5e70ed4-93f9-410d-9a00-64c2ec6f6f2d,HOME,59.754607744197166,13.3,203.0,138.0,R,0.47,16.46,9.0,PASS,1.088,PASS,605483,"Snell, Blake",SB,2B,low,release_to_wrist 0.47 outside -0.32
aead2da0-e0e7-4786-9e0c-7ef10201bceb,HOME,59.65418513728686,9.1,203.0,132.0,R,0.13,19.92,9.0,PASS,1.19,PASS,605483,"Snell, Blake",CS,3B,high,
c7f3b233-0de9-4260-bece-648910de3ce5,HOME,59.797993333445,10.7,177.0,122.0,L,0.11,9.37,9.0,PASS,0.92,PASS,502043,"Gibson, Kyle",SB,2B,high,
43f3e928-8549-4356-8cde-b17c1104f637,AWAY,59.66116675748087,18.2,178.0,,,0.16,,9.0,cut_in_window,,not_cf_view,607481,"Bummer, Aaron",SB,2B,not measured,cut_in_window
fd0be95c-838e-495e-9b0d-50b3bc8c0830,AWAY,59.705065952400545,24.9,177.0,119.0,L,0.2,16.09,9.0,PASS,0.971,no_set_before_lift,622098,"Smith, Drew",SB,2B,high,
6a835f7e-f308-4ab4-bdb4-522e83d4956f,HOME,59.78618378456773,13.0,181.0,115.0,L,0.2,23.1,9.0,PASS,1.104,PASS,573186,"Stroman, Marcus",SB,2B,high,
0b7678b4-8938-49c0-a0c2-b38e7d8f376f,HOME,59.70369278396108,8.8,171.0,100.0,L,0.2,25.39,8.0,PASS,1.189,PASS,596001,"Junis, Jakob",SB,3B,high,
0c840425-210e-45fb-9ae8-afb1b252b66d,HOME,59.69301756315543,11.8,176.0,112.0,R,0.14,23.05,9.0,PASS,1.072,PASS,656457,"Gilbert, Tyler",CS,3B,high,
5eb3957e-e300-4d48-9256-5e515380cd88,AWAY,59.709819325022714,18.1,179.0,,,0.13,,9.0,cut_in_window,,no_release,642100,"Speier, Gabe",SB,2B,not measured,cut_in_window
4ea93f4f-96e8-4537-84d5-c025680e15d7,HOME,59.72814543276563,12.2,178.0,115.0,R,0.09,14.03,9.0,PASS,1.055,PASS,676664,"Sears, JP",SB,2B,high,
c3043579-c580-4fe9-b317-335046101661,HOME,59.6268237239638,9.5,178.0,112.0,R,0.12,25.72,9.0,PASS,1.107,PASS,624133,"Suarez, Ranger",SB,2B,high,
8a06d178-5ec3-464e-a855-3e93e7f948e5,AWAY,59.689968521708145,21.7,181.0,109.0,R,0.24,26.59,9.0,PASS,1.206,not_cf_view,624133,"Suarez, Ranger",SB,2B,high,
d0c8ea79-398c-4507-95d7-22163cdf0e79,AWAY,59.76391231028668,26.0,175.0,,,0.09,,9.0,no_set_before_lift,,cut_in_window,664285,"Valdez, Framber",SB,2B,not measured,no_set_before_lift
68c4c56a-89aa-4c8a-b52b-1edd32671f33,HOME,59.75616380949425,10.8,179.0,116.0,R,0.24,31.29,9.0,PASS,1.054,PASS,674072,"Henry, Tommy",SB,3B,high,
7398d6dd-1e40-49ca-9930-40cf83a92141,AWAY,59.72873200879339,22.0,178.0,131.0,L,0.17,2.54,5.0,PASS,0.787,no_release,676254,"Walker, Ryan",SB,2B,low,lift_peak_in 2.54 outside 4.28-
05356b95-35d1-4c36-92d8-b63974a5cfb9,HOME,59.56855048100197,8.7,179.0,118.0,L,0.09,17.26,6.0,PASS,1.024,PASS,681982,"Anderson, Grant",SB,3B,high,
7ec0c2ea-4e5b-45ff-8337-47e434f0c944,HOME,59.69413664015513,5.1,179.0,128.0,L,0.18,6.56,9.0,PASS,0.854,PASS,605280,"Holmes, Clay",SB,2B,high,
632af8af-6638-44aa-8331-10a1d01976f7,HOME,59.68872947061174,12.4,180.0,119.0,L,0.3,12.5,9.0,PASS,1.022,PASS,643410,"Leiter Jr., Mark",SB,3B,high,
8f031a21-95e8-48fb-ac91-3b06ca636299,AWAY,59.789934471299496,25.9,187.0,130.0,L,0.87,5.15,8.0,release_not_at_hand,,release_not_at_hand,673540,"Senga, Kodai",SB,2B,not measured,release_not_at_hand
49df138d-167e-4dc8-a085-79032fd1ae78,AWAY,59.67547692033349,13.1,186.0,115.0,L,1.03,17.81,8.0,release_not_at_hand,,release_not_at_hand,660787,"De los Santos, Yerry",SB,2B,not measured,release_not_at_hand
91ae940e-b743-4281-83bc-ca0b30e544bc,HOME,59.70627042201908,9.4,185.0,128.0,L,0.42,10.13,5.0,PASS,0.955,PASS,656427,"Flaherty, Jack",SB,2B,low,release_to_wrist 0.42 outside -0.32
837316e8-c393-40a7-9999-6d52c574984a,AWAY,59.659404773804575,19.6,,,,,,,no_release,,no_release,669395,"Coleman, Dylan",SB,2B,not measured,no_release
1582ad8e-4b05-44fc-8f13-d308393c535b,AWAY,59.68742996446197,20.7,229.0,,,0.85,,9.0,cut_in_window,,not_cf_view,641627,"Gott, Trevor",SB,2B,not measured,cut_in_window
cb587a40-7ff8-4562-ac85-83bcbba7ddcd,AWAY,59.744763865933294,11.9,176.0,110.0,L,0.14,19.39,8.0,PASS,1.105,release_not_at_hand,664299,"Javier, Cristian",CS,2B,high,
e3cbffd2-8c17-4f26-bb3c-b1cfaa4a00ed,AWAY,59.65061780997017,11.0,180.0,127.0,L,0.16,5.61,9.0,PASS,0.889,cut_in_window,571945,"Mikolas, Miles",SB,2B,high,
48163d9c-a41c-4a30-aa45-0b387ef04a1d,AWAY,59.63226768262382,17.2,181.0,124.0,R,0.15,23.14,6.0,PASS,0.956,release_not_at_hand,672335,"Pérez, Cionel",SB,2B,high,
09720ceb-5ee4-49e3-9e24-063052caafd2,AWAY,59.66496403030103,17.8,,,,,,,not_cf_view,,cut_in_window,641627,"Gott, Trevor",SB,2B,not measured,not_cf_view
440e6d1f-be8a-431d-847f-c0b57274ff20,HOME,59.73100122670775,12.8,238.0,172.0,L,0.13,19.74,9.0,PASS,1.105,PASS,642207,"Williams, Devin",SB,3B,high,
c083c08d-99fb-4f39-9f31-df0f8aa5d66c,AWAY,59.65314462274494,21.6,175.0,108.0,R,0.14,25.71,9.0,PASS,1.123,no_set_before_lift,682227,"Williamson, Brandon",CS,2B,high,
6b596ce0-e121-4221-9f55-4cc86b238b02,HOME,59.72338642078793,9.2,181.0,111.0,R,0.08,26.59,9.0,PASS,1.172,PASS,640455,"Manaea, Sean",SB,2B,high,
9f1f7da6-7164-4176-a610-82610b6bc837,AWAY,59.65626627527106,18.7,179.0,115.0,L,0.11,15.65,3.0,PASS,1.073,no_release,656234,"Bird, Jake",SB,2B,low,ball_pts 3.0 outside 5-
7cd606e6-ce08-46ed-982b-58778ff46a8d,AWAY,,3.8,,,,,,,no_clip,,not_cf_view,641871,"Middleton, Keynan",SB,2B,not measured,no_clip
a73edc67-0243-4ff7-b9c5-bfc3a6d2857f,HOME,59.666095022947054,9.0,170.0,107.0,L,0.21,18.98,9.0,PASS,1.056,PASS,674370,"Bido, Osvaldo",SB,2B,high,
f7f2fdb8-6d46-4f25-9651-a1427425d817,HOME,59.68800761238358,17.4,240.0,175.0,L,0.16,18.54,9.0,PASS,1.089,PASS,642207,"Williams, Devin",SB,2B,high,
f0ecb5b1-1e0d-4b96-a9ac-94ae28c9ed9e,HOME,59.68399705316102,10.0,183.0,124.0,L,0.57,17.45,9.0,PASS,0.989,PASS,554430,"Wheeler, Zack",CS,2B,low,release_to_wrist 0.57 outside -0.32
0ad95787-087a-4f0f-a54a-d2f68b74f4d0,AWAY,59.73970556859398,20.5,188.0,127.0,L,0.78,13.51,9.0,release_not_at_hand,,release_not_at_hand,663903,"Singer, Brady",SB,3B,not measured,release_not_at_hand
3fe8b619-55e2-4ebf-80dc-7ec304bc5776,AWAY,59.75864642206253,22.700000000000003,175.0,119.0,L,0.25,12.56,9.0,PASS,0.937,no_set_before_lift,621112,"Blackburn, Paul",SB,2B,high,
008b370d-2061-4354-ac12-ad9ddc157ffd,HOME,59.625565644316936,6.5,177.0,113.0,L,0.3,11.39,7.0,PASS,1.073,PASS,664126,"Fairbanks, Pete",SB,2B,high,
c34ffbb7-a431-4fda-b6ae-2944417be1c7,HOME,59.66470947032475,8.9,175.0,119.0,R,0.23,23.95,7.0,PASS,0.939,PASS,543056,"Coulombe, Danny",CS,2B,high,
5aa68f7c-c9a1-4000-bbf6-2271580e17d9,AWAY,59.70274862840856,12.8,,,,,,,no_release,,cut_in_window,641712,"Hudson, Dakota",SB,2B,not measured,no_release
f59054fd-331a-4368-a1ab-925332e309bc,HOME,59.66938055288983,5.6,192.0,128.0,L,0.13,19.79,7.0,PASS,1.073,PASS,686218,"Sheehan, Emmet",SB,2B,high,
c9448262-0235-4de5-85a7-71ef2771d6d4,AWAY,59.71083299905776,19.6,180.0,121.0,R,0.22,12.96,9.0,PASS,0.988,not_cf_view,621383,"Banks, Tanner",SB,3B,high,
c6705038-b13e-4f59-851a-16359122938b,HOME,59.75885423592137,12.7,193.0,148.0,L,0.21,6.98,9.0,PASS,0.753,PASS,663385,"Smith, Chad",CS,2B,high,
1ad6a7ad-ce9f-4f4b-8a3a-7cd96477168a,AWAY,59.573435291113945,15.9,,,,,,,no_release,,no_release,622663,"Severino, Luis",CS,2B,not measured,no_release
bd1cf1dd-79dc-4e18-a232-57b2d77158e2,AWAY,59.7828245652139,23.6,183.0,,,0.18,,9.0,no_set_before_lift,,no_set_before_lift,547184,"Kelly, Michael",SB,2B,not measured,no_set_before_lift
20e1f406-e800-4a59-8514-66faf327d521,HOME,59.70030920478871,9.5,201.0,146.0,L,0.14,12.96,6.0,PASS,0.921,PASS,622663,"Severino, Luis",SB,2B,high,
171cc1b0-efe6-44ad-b259-116590ee685e,HOME,59.707337102188696,13.3,179.0,106.0,R,0.14,21.41,9.0,PASS,1.223,PASS,656756,"Montgomery, Jordan",SB,2B,high,
21ac4e07-1a66-46ab-9533-8de1000a4bc8,HOME,59.7534175635212,5.1,200.0,146.0,L,0.22,7.32,9.0,PASS,0.904,PASS,680704,"Sandlin, Nick",CS,2B,high,
8fa7272c-bd80-48f9-bfd7-a58ccd4593fa,HOME,59.77949142820725,15.2,179.0,123.0,L,0.12,13.07,9.0,PASS,0.937,PASS,641927,"Ober, Bailey",SB,2B,high,
71e22f7b-f477-443d-af1e-714d14ec2d09,HOME,59.64348130024467,9.3,193.0,116.0,R,0.59,13.73,7.0,PASS,1.291,PASS,640462,"Puk, A.J.",SB,2B,low,release_to_wrist 0.59 outside -0.32
71fd930f-c8d6-4d69-8f63-c22b5cb7a3b8,HOME,59.723463540297566,10.7,199.0,142.0,L,0.17,7.63,9.0,PASS,0.954,PASS,680704,"Sandlin, Nick",SB,2B,high,
b99daafb-c376-4924-ba85-679ad1b90b7e,AWAY,59.72331261223644,25.0,,,,,,,no_release,,no_release,657024,"Swanson, Erik",SB,2B,not measured,no_release
903db28a-1a4a-438d-b041-00f0ccc440f2,HOME,59.65210145179863,9.4,192.0,127.0,L,0.16,25.77,9.0,PASS,1.09,PASS,665622,"Medina, Luis",SB,3B,high,
4d8bc9d8-a634-466d-817f-e7df658b67c5,AWAY,59.7358720923167,912.1,178.0,,,0.16,,9.0,no_set_before_lift,,cut_in_window,678226,"Hernández, Daysbel",SB,2B,not measured,no_set_before_lift
79f9f8ae-4e5a-4b71-9c45-ec822e1cc429,HOME,59.69072407492261,6.2,176.0,111.0,R,0.17,26.96,9.0,PASS,1.089,PASS,656457,"Gilbert, Tyler",CS,2B,high,
367ca20f-fc20-4263-b4f1-ce4f89430df1,HOME,59.634586031511,5.9,203.0,144.0,L,0.17,18.45,9.0,PASS,0.989,PASS,547184,"Kelly, Michael",SB,3B,high,
07de3b3d-44e3-460f-90e2-5ad89cd65912,HOME,59.68933748005174,5.3,186.0,121.0,L,0.35,10.21,9.0,PASS,1.089,PASS,493603,"Ottavino, Adam",SB,2B,low,release_to_wrist 0.35 outside -0.32
46ba39b8-0873-4f23-9ad0-a299992c8627,HOME,59.71364592522223,8.5,180.0,125.0,R,0.14,3.87,9.0,PASS,0.921,PASS,518397,"Alexander, Scott",SB,2B,low,lift_peak_in 3.87 outside 4.28-
a2b479d9-eb6b-4226-a0f6-1f5851293768,AWAY,59.7571570850374,27.6,230.0,,,0.88,,6.0,release_not_at_hand,,no_release,543101,"DeSclafani, Anthony",SB,3B,not measured,release_not_at_hand
512fd8e8-e2f5-4844-875a-7cf57e892603,AWAY,59.7694337350537,19.3,,,,,,,no_release,,no_release,543101,"DeSclafani, Anthony",SB,2B,not measured,no_release
69c95482-6384-4e8b-b268-65a688ccfd64,AWAY,59.69295318012778,20.0,,,,,,,no_release,,no_release,543101,"DeSclafani, Anthony",SB,3B,not measured,no_release
cb4ec1fe-b786-4f3b-8809-a4e3d5740ec1,AWAY,59.76417877793887,34.3,247.0,,,2.72,,9.0,not_cf_view,,not_cf_view,686613,"Brown, Hunter",SB,2B,not measured,not_cf_view
da2e2abe-ef3b-4cbc-9779-b8586fc75ebb,HOME,59.66704875845473,10.8,178.0,122.0,L,0.2,26.38,9.0,PASS,0.939,PASS,614179,"Ruiz, José",CS,2B,high,
034da04e-2529-4fc8-a295-b38ed35ed67f,HOME,59.7030012603967,11.6,202.0,146.0,L,0.15,18.89,9.0,PASS,0.938,PASS,605397,"Musgrove, Joe",CS,2B,high,
5d16f507-5335-432c-bcf9-aaca57ce6148,AWAY,59.68200441060808,21.0,,,,,,,no_release,,no_release,605447,"Romano, Jordan",SB,2B,not measured,no_release
63a23f43-a2f0-4505-8c59-5a5e2f9f3718,HOME,59.69563875775395,5.4,183.0,121.0,L,0.26,22.31,9.0,PASS,1.039,PASS,527054,"Teheran, Julio",SB,2B,high,
578d2550-a647-4cdd-a89b-e97637192223,AWAY,59.7011782296021,15.9,181.0,125.0,R,0.09,31.4,9.0,PASS,0.938,not_cf_view,543056,"Coulombe, Danny",SB,2B,high,
f901f7c6-e85a-4a42-ad56-255d1ed97da1,AWAY,59.68386298310469,24.5,181.0,126.0,L,0.21,20.12,9.0,PASS,0.922,no_set_before_lift,668933,"Ashcraft, Graham",SB,2B,high,
49b45cfd-ff0c-4a4a-a400-9e7446410e7e,HOME,59.68383312381175,7.4,192.0,128.0,R,0.13,29.57,9.0,PASS,1.072,PASS,622065,"Young, Alex",SB,2B,high,
aa26b5c5-42ab-45e4-9e2b-65b5c4b07f7f,AWAY,59.760535521972024,32.0,183.0,122.0,L,0.66,14.94,7.0,release_not_at_hand,,release_not_at_hand,656232,"Bielak, Brandon",SB,2B,not measured,release_not_at_hand
f5673478-95dc-456c-bf8b-a8a2f616193e,AWAY,59.74367549327506,26.799999999999997,,,,,,,no_release,,cut_in_window,628317,"Maeda, Kenta",SB,2B,not measured,no_release
2cb11d59-5fa2-4e64-b8f5-bf83bac61f6a,AWAY,59.66241196764781,23.0,178.0,122.0,L,0.14,29.24,9.0,PASS,0.939,not_cf_view,669387,"Mlodzinski, Carmen",CS,2B,high,
78f84e14-24bf-4f95-9840-1beb5d42fa06,HOME,59.67911663375185,12.7,184.0,123.0,R,0.1,22.25,9.0,PASS,1.022,PASS,571578,"Corbin, Patrick",SB,2B,high,
7f2ff9cc-f82b-43dc-999a-e72db44e3a95,HOME,59.730575746029295,5.7,202.0,147.0,R,0.06,23.39,8.0,PASS,0.921,PASS,596057,"Norris, Daniel",SB,2B,high,
150263d9-941f-4da3-9c94-0683f4e6e718,AWAY,59.628823898237535,28.5,179.0,110.0,L,0.17,16.15,8.0,PASS,1.157,no_release,506433,"Darvish, Yu",SB,2B,high,
bace00fe-ed94-4747-88dd-88775c113f43,HOME,59.68141791989053,19.5,190.0,131.0,L,0.14,18.25,9.0,PASS,0.989,PASS,571656,"Farmer, Buck",SB,2B,high,
e562223c-d4d5-4708-b81c-073d24a57838,HOME,59.69002669534656,22.6,178.0,128.0,L,0.17,13.38,9.0,PASS,0.838,PASS,548389,"Stripling, Ross",CS,2B,high,
6cd6a297-2f6f-461a-ae42-a09497e25bed,HOME,59.744437672964146,16.7,180.0,129.0,L,0.16,7.85,9.0,PASS,0.854,PASS,607067,"Rea, Colin",SB,2B,high,
8666eeff-2a6b-41eb-8488-84f437e12dcb,AWAY,59.70614378344305,11.8,183.0,122.0,L,0.86,14.75,7.0,release_not_at_hand,,release_not_at_hand,656232,"Bielak, Brandon",CS,2B,not measured,release_not_at_hand
bc5e9eae-55b0-4b29-9533-c157de06ae82,AWAY,59.7588269779524,28.200000000000003,,,,,,,no_release,,cut_in_window,663462,"Campbell, Isaiah",SB,3B,not measured,no_release
da4abb8f-4b65-4d2f-878c-51612807778a,AWAY,59.66581003184224,10.4,174.0,102.0,R,0.38,6.48,9.0,cut_in_window,,cut_in_window,622780,"Perdomo, Angel",CS,2B,not measured,cut_in_window
07172656-0406-0043-000c-f08cd117d70a,AWAY,,0.3,,,,,,,no_clip,,no_clip,593958,"Rodriguez, Eduardo",SB,3B,not measured,no_clip
a2d88922-7fd9-411d-a9e0-fdfeab67b272,AWAY,59.735079016007774,39.599999999999994,186.0,126.0,L,0.33,20.02,9.0,PASS,1.004,release_not_at_hand,656629,"Kopech, Michael",SB,2B,low,release_to_wrist 0.33 outside -0.32
d3ea99b8-bddd-40b2-bcdb-9af524ce6b13,AWAY,59.68573315926078,10.6,187.0,,,0.63,,8.0,cut_in_window,,no_set_before_lift,450203,"Morton, Charlie",SB,2B,not measured,cut_in_window
ec7a372e-53b9-4988-99b7-615efdf78e9d,HOME,59.7442526727692,5.3,179.0,128.0,L,0.17,7.25,9.0,PASS,0.854,PASS,663462,"Campbell, Isaiah",SB,2B,high,
7b4f5ab3-1b27-422f-ab8b-5762959d838c,HOME,59.68971750334861,19.5,174.0,102.0,R,0.11,23.64,9.0,PASS,1.206,PASS,448179,"Hill, Rich",SB,3B,high,
9660cd21-36ca-4241-9d53-0cafb48bf2e1,AWAY,59.812919296647095,40.5,173.0,106.0,L,0.23,24.41,9.0,not_cf_view,,not_cf_view,605135,"Bassitt, Chris",SB,2B,not measured,not_cf_view
92fb2f2d-380d-40f7-9c92-82e6fdfd8578,HOME,59.69734521603313,13.7,192.0,127.0,R,0.6,5.89,7.0,PASS,1.089,PASS,642048,"Saucedo, Tayler",CS,2B,low,release_to_wrist 0.6 outside -0.32
4349c66e-c7fa-4d90-a8b5-2dcc13d58bd2,HOME,59.719180043008464,13.7,181.0,121.0,L,0.18,22.98,9.0,PASS,1.005,PASS,656629,"Kopech, Michael",SB,2B,high,
2c10bd19-6bcf-451a-a505-df568e224430,HOME,59.69459998166378,9.6,179.0,119.0,L,0.25,25.78,9.0,PASS,1.005,PASS,656629,"Kopech, Michael",SB,2B,high,
211ba401-8449-44af-a7cb-3e573401f279,AWAY,59.67209813727284,31.6,184.0,,,0.62,,9.0,cut_in_window,,cut_in_window,450203,"Morton, Charlie",SB,2B,not measured,cut_in_window
a73cf819-0632-483d-b28f-be23270b939a,HOME,59.72803676540023,9.4,176.0,104.0,R,0.16,23.5,8.0,PASS,1.205,PASS,448179,"Hill, Rich",SB,2B,high,
e616d0d2-596e-4af3-91e2-5e18504ca388,AWAY,59.72944917266199,21.4,,,,,,,no_release,,no_release,656629,"Kopech, Michael",SB,2B,not measured,no_release
8f82bc35-1dbb-4522-9a82-43483f5b058c,HOME,59.6916294247174,11.2,178.0,125.0,L,0.3,12.75,8.0,PASS,0.888,PASS,661383,"Ortega, Oliver",SB,2B,high,
bbd5df0a-1811-4f73-9e76-b69252eb0344,HOME,59.76851777296705,13.8,197.0,136.0,L,0.22,9.67,9.0,PASS,1.021,PASS,502171,"Cobb, Alex",SB,2B,high,
ea4863f2-5dca-4dea-b630-0284a532f07c,HOME,59.686284671516816,15.5,178.0,113.0,L,0.27,24.57,9.0,PASS,1.089,PASS,434378,"Verlander, Justin",SB,2B,high,
ae056448-69b5-45c9-9f79-3f492ee14346,HOME,59.68004370598226,11.0,177.0,145.0,L,0.22,3.04,8.0,PASS,0.536,PASS,664875,"Lawrence, Justin",SB,2B,low,lift_peak_in 3.04 outside 4.28-; delivery_s 0.536 outside 0.7-1.31
81436fb6-a05f-45ab-9fb8-19ff1b649dcc,HOME,59.790852659060235,6.0,180.0,103.0,R,0.1,21.55,9.0,PASS,1.288,PASS,542947,"Bleier, Richard",SB,2B,high,
ecb47086-d7ad-4fca-a6f1-8c8fd0946c67,AWAY,59.692854283743834,20.9,180.0,127.0,L,0.11,13.12,9.0,not_cf_view,,no_release,669947,"Scholtens, Jesse",SB,2B,not measured,not_cf_view
a43f4f3b-221c-47e8-8303-3731dfef9b7f,HOME,59.72792971517642,10.7,174.0,113.0,L,0.49,29.22,7.0,PASS,1.021,PASS,663462,"Campbell, Isaiah",SB,2B,low,release_to_wrist 0.49 outside -0.32
b470ed1c-971b-4246-aacc-916aaeda5c29,AWAY,59.67088193563501,23.0,259.0,,,1.2,,9.0,release_not_at_hand,,cut_in_window,593334,"Germán, Domingo",SB,3B,not measured,release_not_at_hand
3f456d95-7e53-41f6-a8bf-9557d62b3d85,HOME,59.74554450693248,13.7,181.0,127.0,L,0.17,7.38,9.0,PASS,0.904,PASS,650644,"Civale, Aaron",SB,2B,high,
f2eba098-1dde-4889-a864-0e0129727bfd,HOME,59.69343750472856,9.8,186.0,110.0,L,0.54,36.56,5.0,PASS,1.273,PASS,664747,"Díaz, Alexis",SB,2B,low,release_to_wrist 0.54 outside -0.32
947a70c0-6380-45e4-89b5-8b9001fe0317,AWAY,59.685557294489904,10.4,192.0,114.0,L,0.64,18.61,8.0,release_not_at_hand,,release_not_at_hand,675921,"Howard, Spencer",SB,2B,not measured,release_not_at_hand
6215e525-b108-4a6c-8434-a9958c2c7910,HOME,59.66138340470177,5.0,179.0,110.0,L,0.13,21.24,9.0,PASS,1.157,PASS,663158,"Suarez, Robert",CS,3B,high,
1b313bfc-1d32-4c2f-81bd-8a3890d8396b,AWAY,59.73893097018004,12.9,,,,,,,no_release,,not_cf_view,573186,"Stroman, Marcus",SB,2B,not measured,no_release
390df550-5684-4b33-8d9f-bed0a6186e70,HOME,59.687164937080745,10.7,197.0,136.0,L,0.14,19.87,9.0,PASS,1.022,PASS,679525,"Marsh, Alec",SB,2B,high,
e6dea604-9ddf-49f5-a82f-24d2a0f366b0,HOME,59.660310483116426,9.4,178.0,111.0,L,0.16,29.06,8.0,PASS,1.123,PASS,665625,"Peguero, Elvis",CS,2B,high,
7ac3f0ec-e2bb-42eb-a399-cb0be7edd354,AWAY,59.75878875463465,11.9,176.0,123.0,L,0.18,14.8,9.0,PASS,0.887,cut_in_window,669169,"Heasley, Jonathan",SB,2B,high,
054ab5eb-84bd-4418-8e22-bb567297aafd,AWAY,59.76606110756628,21.299999999999997,,,,,,,no_release,,no_release,669467,"Pallante, Andre",SB,2B,not measured,no_release
9a80495e-0c09-41c2-b067-521a833b8137,AWAY,59.67966989902256,20.6,,,,,,,no_release,,no_release,676254,"Walker, Ryan",SB,2B,not measured,no_release
f450ae97-9a1a-4b13-ac2c-8dfcd3059412,AWAY,59.69280393943876,20.700000000000003,,,,,,,no_release,,no_release,641871,"Middleton, Keynan",CS,2B,not measured,no_release
deaf8efd-62f0-4356-9097-b8e2b199212a,AWAY,59.70923205386794,20.6,,,,,,,no_release,,no_release,573186,"Stroman, Marcus",SB,2B,not measured,no_release
96de4bf9-6020-4e1b-b70e-3502a3d99a05,HOME,59.59503402192295,9.3,200.0,144.0,L,0.15,17.52,9.0,PASS,0.94,PASS,679525,"Marsh, Alec",SB,2B,high,
68bf7e21-1926-4d1f-a913-836bff580dcf,AWAY,59.72666126753248,28.8,180.0,102.0,R,0.18,35.93,9.0,cut_in_window,,cut_in_window,607481,"Bummer, Aaron",SB,2B,not measured,cut_in_window
e172ba7d-2cfb-4401-8037-50d975f2701f,HOME,59.77261107216462,17.2,205.0,151.0,R,0.14,14.5,9.0,PASS,0.903,PASS,607481,"Bummer, Aaron",SB,2B,high,
5d136cfc-c260-4996-b72e-78cde837fc7e,AWAY,59.76306155979669,20.4,186.0,122.0,L,0.16,22.17,5.0,PASS,1.071,release_not_at_hand,680686,"Gray, Josiah",CS,2B,high,
089c6354-ba65-4523-9d82-9592af2b7edc,AWAY,59.70565176070324,24.8,183.0,140.0,L,0.14,2.54,9.0,PASS,0.72,cut_in_window,673540,"Senga, Kodai",SB,2B,low,lift_peak_in 2.54 outside 4.28-
a18c0df9-feff-4ef8-b312-ce9e406eec98,HOME,59.71130929903741,16.5,179.0,119.0,L,0.15,18.62,9.0,PASS,1.005,PASS,656302,"Cease, Dylan",SB,2B,high,
2bf3c605-3546-4cbd-8256-96c57fa6f6cc,HOME,59.75985392035708,10.5,181.0,135.0,L,0.19,3.14,9.0,PASS,0.77,PASS,673540,"Senga, Kodai",CS,2B,low,lift_peak_in 3.14 outside 4.28-
a508f67c-ace0-4bb4-b63f-58fe9eb7bdad,HOME,59.61997177411964,5.2,172.0,108.0,L,0.24,17.4,7.0,PASS,1.073,PASS,657277,"Webb, Logan",CS,2B,high,
0a14b0cf-c7bb-4362-819e-a43130efbf99,AWAY,59.70113468120433,22.200000000000003,173.0,112.0,L,0.21,23.16,9.0,PASS,1.022,cut_in_window,641540,"Dunning, Dane",SB,2B,high,
907d53e6-0869-479a-96fe-e04f29a80288,AWAY,59.65260673896504,18.9,176.0,116.0,L,0.16,14.76,9.0,not_cf_view,,not_cf_view,613534,"Adams, Austin",SB,2B,not measured,not_cf_view
da0c8ee7-569d-4091-87dc-00404f00da00,HOME,59.686771982927205,11.5,181.0,119.0,L,0.22,24.05,9.0,PASS,1.039,PASS,571670,"Floro, Dylan",SB,2B,high,
2d9c255f-2a39-4997-92dc-dbfd9e8f6d14,HOME,59.69610486299902,10.0,194.0,136.0,L,0.32,8.7,6.0,PASS,0.972,PASS,605288,"Houser, Adrian",SB,2B,high,
4699391f-96a7-4842-83c9-b789a8cb98e6,HOME,59.71586997209062,12.9,180.0,108.0,R,0.14,17.41,9.0,PASS,1.206,PASS,592767,"Smyly, Drew",SB,3B,high,
5a56c236-352b-4fd8-82fb-878a09880403,HOME,59.61741639889751,9.9,181.0,122.0,R,0.14,7.97,8.0,PASS,0.99,PASS,666129,"Garrett, Braxton",SB,2B,high,
b949f936-fd54-4321-ace1-983f89414450,AWAY,59.6989906488344,19.8,178.0,118.0,L,0.35,20.88,9.0,not_cf_view,,not_cf_view,643377,"Jax, Griffin",SB,2B,not measured,not_cf_view
af9cdca1-e597-4c1b-b7dd-b5dd15ecb34c,AWAY,59.635404399642,17.2,,,,,,,no_release,,release_not_at_hand,664299,"Javier, Cristian",SB,2B,not measured,no_release
6a3eff06-b378-4a72-958c-86004171b259,AWAY,,11.2,,,,,,,no_clip,,cut_in_window,592332,"Gausman, Kevin",CS,2B,not measured,no_clip
c2b492ff-f54e-4ff3-88f9-fd081ad44c2a,AWAY,59.67891624579405,19.8,187.0,,,0.76,,8.0,release_not_at_hand,,release_not_at_hand,661395,"Duran, Jhoan",SB,3B,not measured,release_not_at_hand
7efcb069-a04f-4d0f-95cb-e1996c0bb23d,AWAY,59.64656316114647,22.5,181.0,112.0,R,0.18,17.12,9.0,PASS,1.157,no_set_before_lift,663556,"McClanahan, Shane",SB,2B,high,
6a8ce4a5-8005-416c-adfc-d16125619ef4,HOME,59.57119473340549,8.2,199.0,127.0,L,0.11,31.7,8.0,PASS,1.209,PASS,664747,"Díaz, Alexis",SB,2B,high,
bac314e9-f2c5-46f1-b27b-f311c4209939,AWAY,59.66684048750193,20.1,,,,,,,no_release,,no_release,623149,"Sewald, Paul",SB,2B,not measured,no_release
adce945a-39ac-475b-bbe5-4976d23e946d,HOME,59.81439174491435,13.6,178.0,131.0,L,0.17,3.03,9.0,PASS,0.786,PASS,608337,"Giolito, Lucas",SB,2B,low,lift_peak_in 3.03 outside 4.28-
86608f56-f8f9-475c-be05-af039a4868f3,AWAY,59.6937786678726,16.8,,,,,,,no_release,,no_release,664299,"Javier, Cristian",SB,2B,not measured,no_release
cba67c41-5a31-40f3-8739-130c37f921e5,HOME,59.63065422139629,9.2,183.0,116.0,L,0.11,17.45,8.0,PASS,1.124,PASS,656234,"Bird, Jake",SB,2B,high,
ad37b368-b196-48cb-a3c3-cf0af357ad02,AWAY,59.727698578006745,27.8,242.0,,,1.03,,8.0,not_cf_view,,not_cf_view,527048,"Pérez, Martín",SB,3B,not measured,not_cf_view
cb220d85-05c2-4805-9b1b-ee1cbf6d3e2b,HOME,59.63210305310846,5.2,182.0,113.0,L,0.16,19.89,9.0,PASS,1.157,PASS,656234,"Bird, Jake",SB,3B,high,
522ce4a9-16e9-4294-b492-1592123df351,HOME,59.70761018494358,10.4,179.0,118.0,L,0.11,13.08,9.0,PASS,1.022,PASS,669212,"Morgan, Eli",SB,2B,high,
60bf715a-64eb-4eff-ac3d-52b894084eb8,AWAY,,12.1,,,,,,,no_clip,,not_cf_view,686613,"Brown, Hunter",SB,2B,not measured,no_clip
09529514-8923-4a47-9433-519958195e4f,AWAY,,12.2,,,,,,,no_clip,,no_release,669330,"Wells, Tyler",SB,2B,not measured,no_clip
9dbef8c5-6e7e-43cf-898c-2097586aac83,AWAY,59.6585669648704,10.4,180.0,106.0,L,0.16,12.05,9.0,cut_in_window,,cut_in_window,662253,"Muñoz, Andrés",SB,3B,not measured,cut_in_window
8197182a-54e6-44b9-b838-5c5b23dc3344,AWAY,59.66480617862215,9.6,182.0,126.0,L,0.23,18.09,9.0,PASS,0.939,no_release,623437,"Topa, Justin",SB,2B,high,
444d4484-35df-4bb7-84ab-ad772bd2fc2c,AWAY,,10.8,,,,,,,no_clip,,no_release,641329,"Baker, Bryan",SB,2B,not measured,no_clip
2a19f200-d9d7-4179-a6b0-966634c4a23b,HOME,59.64999026874057,5.1,176.0,119.0,R,0.1,6.44,8.0,PASS,0.956,PASS,669459,"Nelson, Kyle",SB,2B,high,
2061278d-b1f7-4e2d-b524-11820be50aad,HOME,59.68450355706774,13.4,244.0,184.0,L,0.5,11.5,9.0,PASS,1.005,PASS,666808,"Doval, Camilo",CS,2B,low,release_to_wrist 0.5 outside -0.32
d6718c59-3409-4b8e-8139-01c36d57a079,HOME,59.70776571810023,9.6,177.0,118.0,L,0.1,21.83,7.0,PASS,0.988,PASS,527054,"Teheran, Julio",SB,2B,high,
c053c5f0-9201-43af-b78e-eadc420e2589,HOME,59.7632209855082,13.5,185.0,125.0,L,0.15,18.35,9.0,PASS,1.004,PASS,471911,"Carrasco, Carlos",SB,2B,high,
d4cfa24c-ed75-48e4-90d5-5bdb1031ff1f,HOME,59.691382850369365,12.1,182.0,124.0,L,0.21,8.88,8.0,PASS,0.972,PASS,607067,"Rea, Colin",SB,2B,high,
b451a8df-5e17-4226-934d-b921804f4e8a,HOME,59.71884940315354,5.5,180.0,120.0,L,0.21,17.27,9.0,PASS,1.005,PASS,675627,"Grove, Michael",SB,2B,high,
9a8f6ff8-9668-4fb0-bef6-d6e657f309d9,HOME,59.67616008690044,14.6,184.0,130.0,L,0.12,13.48,9.0,PASS,0.905,PASS,628317,"Maeda, Kenta",SB,2B,high,
f0b7481c-8c08-4ebe-af45-d05dd959cc15,HOME,59.725394810088055,10.8,179.0,120.0,L,0.17,13.69,9.0,PASS,0.988,PASS,622663,"Severino, Luis",SB,2B,high,
c6915023-1637-41e6-bde0-51ec9cb1df5d,HOME,59.6521400605638,11.0,196.0,134.0,L,0.19,12.01,9.0,PASS,1.039,PASS,543294,"Hendricks, Kyle",SB,2B,high,
ada84405-87f3-4687-93f6-82811050888d,HOME,59.668508287292816,9.8,177.0,111.0,R,0.15,28.69,9.0,PASS,1.106,PASS,519293,"Smith, Will",SB,3B,high,
ee582d9a-2c32-4343-a65a-fe8a25962aee,HOME,59.68871296831326,5.8,182.0,130.0,R,0.11,3.69,9.0,PASS,0.871,PASS,519293,"Smith, Will",SB,2B,low,lift_peak_in 3.69 outside 4.28-
f9da11a0-f231-4573-9827-d2b0dedecd5f,HOME,59.71481436867974,11.5,177.0,112.0,R,0.16,23.43,8.0,PASS,1.089,PASS,594580,"Moll, Sam",SB,2B,high,
9c6e03ff-9f5a-43c6-b10c-a124c426f8fd,HOME,59.73100611420514,10.8,177.0,115.0,L,0.12,9.15,9.0,PASS,1.038,PASS,493603,"Ottavino, Adam",SB,2B,high,
12111872-f1d1-41f0-9f18-4a29fc7f04c1,HOME,59.77242203757545,15.9,182.0,131.0,L,0.15,10.0,9.0,PASS,0.853,PASS,434378,"Verlander, Justin",SB,2B,high,
698b041c-d879-487a-959f-41368db63a6b,HOME,59.751074767759974,8.9,178.0,105.0,R,0.12,26.58,9.0,PASS,1.222,PASS,605483,"Snell, Blake",SB,2B,high,
93530182-b245-46d5-be49-9ecaf743829a,AWAY,59.78973738570358,30.0,177.0,118.0,L,0.47,24.22,5.0,PASS,0.987,no_release,686839,"White, Brendan",SB,2B,low,release_to_wrist 0.47 outside -0.32
e276c867-2285-4c8d-90f0-f03bbafc6fee,AWAY,59.748284792584855,16.1,,,,,,,no_release,,no_release,656232,"Bielak, Brandon",CS,2B,not measured,no_release
f96d5203-b8bc-43b1-a64b-e6708e9cd331,HOME,59.72105969080586,8.4,179.0,117.0,L,0.27,14.64,9.0,PASS,1.038,PASS,453268,"Bard, Daniel",CS,2B,high,
22777d87-17dc-48fa-83b2-d6539c4bb345,HOME,59.683589207217615,10.5,177.0,104.0,R,0.15,25.85,9.0,PASS,1.223,PASS,605483,"Snell, Blake",SB,2B,high,
d835b561-c741-4b15-89d5-8505d5d9c988,HOME,59.65330900414064,9.1,180.0,132.0,L,0.24,11.5,9.0,PASS,0.805,PASS,668933,"Ashcraft, Graham",SB,2B,high,
e5cfd044-c2fe-4249-b639-b10502969119,AWAY,59.7253978886548,10.4,181.0,128.0,R,0.09,6.93,8.0,PASS,0.887,cut_in_window,674003,"Bradford, Cody",SB,2B,high,
4351be6b-5ea3-43dd-88f2-0dd6fa2f4296,AWAY,59.71122930576543,22.4,180.0,,,0.15,,9.0,cut_in_window,,cut_in_window,666745,"Brito, Jhony",CS,2B,not measured,cut_in_window
8883a82f-8b28-46c9-b8a3-8cb4a918fe54,AWAY,59.64714485952831,20.7,178.0,110.0,L,0.71,11.07,9.0,cut_in_window,,cut_in_window,605135,"Bassitt, Chris",SB,2B,not measured,cut_in_window
82ff82ec-44f4-4706-9bd0-a5984a046ffa,AWAY,59.67970460692972,16.8,,,,,,,no_release,,no_release,593334,"Germán, Domingo",SB,2B,not measured,no_release
099d50b1-3e53-46a9-baf1-44622ea45f2a,HOME,59.74550711871547,10.4,177.0,115.0,L,0.18,13.38,9.0,PASS,1.038,PASS,669203,"Burnes, Corbin",SB,2B,high,
a7061ccc-e0a7-40a8-bcdf-65d5923c78df,HOME,59.67881519538547,12.6,176.0,108.0,L,0.16,24.78,9.0,PASS,1.139,PASS,665795,"Cabrera, Edward",SB,2B,high,
2ada3c8b-f44e-48f2-ac19-cd9ce49f2a4c,AWAY,59.64391451577709,17.200000000000003,180.0,120.0,L,0.27,16.35,8.0,not_cf_view,,not_cf_view,663878,"Pearson, Nate",SB,2B,not measured,not_cf_view
75f8a47a-df39-40a1-8c4b-55e92991e33b,AWAY,59.70674158650484,19.200000000000003,178.0,113.0,L,0.3,18.94,9.0,not_cf_view,,cut_in_window,605135,"Bassitt, Chris",CS,3B,not measured,not_cf_view
f1881675-4fcf-47b5-874d-dfe451a7ad9e,AWAY,59.63001621069272,19.1,183.0,116.0,L,0.35,10.03,8.0,PASS,1.124,no_set_before_lift,592789,"Syndergaard, Noah",SB,2B,low,release_to_wrist 0.35 outside -0.32
1e1ba3ba-68cd-4e1d-8355-28b926cb5b1f,AWAY,59.62424832678391,22.1,179.0,115.0,L,0.13,13.19,7.0,PASS,1.073,no_release,592836,"Walker, Taijuan",SB,2B,high,
756a1d85-1536-4871-b3bd-3257d82af38f,AWAY,59.69564112411975,19.6,194.0,,,1.0,,8.0,release_not_at_hand,,release_not_at_hand,650556,"Abreu, Bryan",SB,2B,not measured,release_not_at_hand
0e96e483-14a4-44bc-91b2-344203f5ec04,AWAY,59.73265008648307,22.9,,,,,,,no_release,,no_release,608371,"Sims, Lucas",SB,2B,not measured,no_release
515dcf7f-f7bb-4ad7-b10a-c5b3871d67f7,AWAY,59.60907172274948,19.5,181.0,120.0,L,0.23,21.7,9.0,PASS,1.023,no_set_before_lift,573186,"Stroman, Marcus",SB,2B,high,
ae26da5e-29b7-447c-b160-7bb64a1ecf87,AWAY,59.73078099341437,26.6,177.0,119.0,L,0.18,10.6,9.0,PASS,0.971,cut_in_window,669203,"Burnes, Corbin",CS,2B,high,
2278c9a8-ac10-426f-8026-915feee89886,HOME,59.67239506149863,11.3,174.0,116.0,L,0.23,17.55,9.0,PASS,0.972,PASS,592426,"Jackson, Luke",SB,2B,high,
a7196a19-7610-472e-8b60-e991d60190ed,AWAY,59.82310833137921,34.0,155.0,116.0,L,0.08,24.31,9.0,PASS,0.652,cut_in_window,669923,"Kirby, George",SB,2B,low,delivery_s 0.652 outside 0.7-1.31
0f742208-1e61-4a39-b2b3-6f175f01cb76,AWAY,59.65693735198886,19.7,,,,,,,no_release,,no_release,665871,"Assad, Javier",SB,2B,not measured,no_release
1cf78dca-7ca5-405e-99ea-599af12a4bf9,AWAY,59.65868137311072,18.700000000000003,183.0,122.0,L,0.13,10.5,9.0,PASS,1.022,cut_in_window,592789,"Syndergaard, Noah",SB,2B,high,
a5373166-2111-453d-a1c0-f419be2b167a,HOME,59.70126580355549,11.0,181.0,125.0,R,0.18,4.46,9.0,PASS,0.938,PASS,571760,"Heaney, Andrew",SB,2B,high,
fdcc63e6-cde3-4f92-9cf4-3e43b486bb5d,HOME,59.60890526294003,8.5,179.0,120.0,R,0.18,11.18,9.0,PASS,0.99,PASS,650893,"Cabrera, Génesis",SB,2B,high,
6c18625d-ade5-4a11-ac9a-c0f48edddf44,HOME,59.67441209010785,5.4,184.0,113.0,R,0.13,29.81,9.0,PASS,1.19,PASS,669912,"Snead, Kirby",SB,2B,high,
36819a29-ea94-41b6-b744-0de37151610f,HOME,59.745422995398286,10.7,177.0,114.0,R,0.13,15.78,9.0,PASS,1.054,PASS,500779,"Quintana, Jose",SB,2B,high,
1e0d299e-95ec-4459-9a80-99a272bd3ebc,AWAY,59.66047073131245,19.8,180.0,130.0,L,0.29,17.88,9.0,PASS,0.838,cut_in_window,641627,"Gott, Trevor",SB,2B,high,
2af52fe5-3cb1-4165-8b56-cb654bfdd546,HOME,59.76872533960444,13.3,177.0,119.0,L,0.11,15.23,8.0,PASS,0.97,PASS,656234,"Bird, Jake",SB,2B,high,
7c089565-6017-4bfd-bf56-97a98428fac7,HOME,59.76525535812116,7.6,181.0,114.0,R,0.16,16.78,9.0,PASS,1.121,PASS,500779,"Quintana, Jose",SB,3B,high,
c795690a-4b46-4765-b9c1-5b7fc3858956,AWAY,59.70402539349504,22.0,196.0,123.0,L,0.89,18.27,8.0,release_not_at_hand,,release_not_at_hand,668909,"Williams, Gavin",CS,2B,not measured,release_not_at_hand
05ccdc1d-034a-4cb0-8d56-018b20d3aa74,AWAY,59.76589331363167,29.1,182.0,,,0.69,,9.0,not_cf_view,,not_cf_view,594902,"Lively, Ben",SB,2B,not measured,not_cf_view
5d918835-3b8e-48c6-bb13-ed8d9c2bf23c,HOME,59.675027281985855,11.1,180.0,118.0,L,0.21,10.51,9.0,PASS,1.039,PASS,493603,"Ottavino, Adam",SB,2B,high,
e9a91993-c52f-46ef-baa2-6b7908a7102c,AWAY,59.75970746996343,20.1,177.0,119.0,L,0.22,6.29,9.0,PASS,0.971,not_cf_view,502171,"Cobb, Alex",CS,2B,high,
c4c940be-07fe-420c-8638-3f32534b9508,AWAY,59.64389322119607,19.7,,,,,,,no_release,,no_release,675911,"Strider, Spencer",SB,2B,not measured,no_release
1c288d56-245c-4bc0-9e96-d4937c46b1a4,AWAY,59.67608544168742,23.1,181.0,134.0,L,0.68,2.45,9.0,release_not_at_hand,,release_not_at_hand,676254,"Walker, Ryan",CS,2B,not measured,release_not_at_hand
1618746f-8bae-4508-a76e-4c8cf7577e4e,AWAY,59.64603223604648,18.9,,,,,,,no_release,,no_release,608638,"Chargois, JT",SB,2B,not measured,no_release
fcb6945f-6977-4209-8e3a-c16915a779f1,HOME,59.75276965394275,14.0,199.0,129.0,L,0.16,22.67,9.0,PASS,1.171,PASS,657277,"Webb, Logan",SB,2B,high,
eabc5f82-d148-4311-bb7e-46ea486786d7,AWAY,59.666617465682315,21.3,186.0,122.0,R,0.13,28.32,9.0,PASS,1.073,no_set_before_lift,622065,"Young, Alex",SB,2B,high,
ea389cf3-4815-42ef-bfa7-f2e8354629a1,AWAY,59.67659137577002,8.7,191.0,123.0,L,0.91,18.07,9.0,release_not_at_hand,,no_release,676440,"Bibee, Tanner",SB,2B,not measured,release_not_at_hand
173dc7f5-bb54-4652-a7e3-d47f2169046e,HOME,59.735788491060006,13.5,177.0,116.0,R,0.09,22.45,9.0,PASS,1.021,PASS,518617,"Diekman, Jake",SB,2B,high,
c225e2aa-3b02-4ff2-b862-8444ba478e47,AWAY,59.801702989405584,10.6,177.0,,,0.27,,9.0,no_set_before_lift,,no_set_before_lift,680739,"Winder, Josh",SB,2B,not measured,no_set_before_lift
d637eea1-4e37-4cd0-9acc-26c64854c9e8,HOME,59.74455261667124,11.3,179.0,122.0,R,0.28,8.17,9.0,PASS,0.954,PASS,621366,"Borucki, Ryan",SB,2B,high,
8801f8b6-b43d-4249-8375-2c0477dd9260,HOME,59.69450026506232,5.2,199.0,139.0,R,0.36,20.67,7.0,PASS,1.005,PASS,677053,"Nardi, Andrew",SB,2B,low,release_to_wrist 0.36 outside -0.32
b2e11744-9d1f-452c-8c45-ed0510a24ab1,HOME,59.56869364434377,9.2,203.0,140.0,L,0.19,21.93,9.0,PASS,1.058,PASS,471911,"Carrasco, Carlos",SB,2B,high,
3e58cd0b-1fb6-42a6-8b40-d335dc68fdc5,HOME,59.698709071046125,5.4,174.0,109.0,L,0.16,17.08,9.0,PASS,1.089,PASS,693433,"Woo, Bryan",SB,2B,high,
9ed5066a-131a-47fe-86be-3f5cb1f0e109,HOME,59.77700697168856,13.3,175.0,122.0,L,0.52,16.41,6.0,PASS,0.887,PASS,592426,"Jackson, Luke",SB,2B,low,release_to_wrist 0.52 outside -0.32
c854de98-033c-44d1-b87a-9be183de1876,HOME,59.604414064918736,9.2,180.0,113.0,R,0.07,22.28,9.0,PASS,1.124,PASS,669461,"Liberatore, Matthew",SB,3B,high,
230bfc07-0c25-4794-9574-bad22c4a9c76,HOME,59.60574500688258,9.2,201.0,141.0,L,0.15,16.97,9.0,PASS,1.007,PASS,471911,"Carrasco, Carlos",SB,2B,high,
f4a74ce7-b84c-41a6-bc31-7890659b2ace,AWAY,59.73424356942582,20.8,,,,,,,no_release,,cut_in_window,657053,"Toussaint, Touki",SB,2B,not measured,no_release
236ea6fe-13b4-4c4e-802f-8796f5c00166,HOME,59.72232447112665,7.5,253.0,189.0,L,0.27,18.55,9.0,PASS,1.072,PASS,608665,"Graveman, Kendall",SB,2B,high,
0c7a4758-8bdb-4654-af37-977fa5b2acd5,AWAY,59.70099543291549,17.700000000000003,,,,,,,no_release,,no_release,592791,"Taillon, Jameson",SB,2B,not measured,no_release
4fdf6f56-ff34-4e63-b87e-c95fe9b266af,HOME,59.59595517614061,5.2,177.0,123.0,L,0.17,11.28,9.0,PASS,0.906,PASS,592791,"Taillon, Jameson",SB,2B,high,
8e5e9246-0779-4703-95a8-c85a3c2480a7,AWAY,59.708638260036935,26.700000000000003,172.0,121.0,L,0.13,3.67,9.0,PASS,0.854,cut_in_window,660271,"Ohtani, Shohei",CS,2B,low,lift_peak_in 3.67 outside 4.28-
4155fd61-d0b9-4ce8-b993-27b1fe3131f8,AWAY,,5.300000000000001,,,,,,,no_clip,,no_release,657376,"Schmidt, Clarke",SB,2B,not measured,no_clip
1bf780d7-455b-4d56-8c71-f3a10a3f330a,AWAY,59.720867493645365,25.8,173.0,114.0,L,0.2,12.12,8.0,PASS,0.988,release_not_at_hand,676272,"Miller, Bobby",SB,2B,high,
8078dda2-ce91-4cf1-ae88-2242e696dc43,HOME,59.722824838569714,12.1,175.0,118.0,L,0.18,9.94,9.0,PASS,0.954,PASS,607067,"Rea, Colin",SB,2B,high,
eea42539-0293-4df3-8d48-2350e825712b,AWAY,59.67276465254593,10.6,158.0,106.0,L,0.05,14.34,6.0,cut_in_window,,not_cf_view,657585,"Garrett, Reed",SB,2B,not measured,cut_in_window
785b65e6-1422-4bce-b587-f703e127cf35,AWAY,59.679162556694024,19.4,178.0,,,0.26,,8.0,cut_in_window,,no_release,518876,"Kelly, Merrill",SB,2B,not measured,cut_in_window
bb82032e-10ba-46cf-8361-4a9ff1e7f9d5,AWAY,59.67519643085492,19.799999999999997,177.0,116.0,L,0.83,5.36,8.0,release_not_at_hand,,cut_in_window,676272,"Miller, Bobby",SB,2B,not measured,release_not_at_hand
43548364-0d7d-4cbc-ba1a-7a638ad7e9af,AWAY,59.58642817241231,17.0,181.0,,,0.16,,9.0,no_set_before_lift,,no_set_before_lift,628708,"Marte, Yunior",SB,2B,not measured,no_set_before_lift
6dd0cf7d-2e60-41d5-a565-e7e22dd2fc37,AWAY,59.67993216060582,20.6,180.0,,,0.1,,9.0,cut_in_window,,cut_in_window,678606,"Ferrer, José A.",SB,2B,not measured,cut_in_window
8d28b753-1a60-46c4-bdc5-715629eeb995,HOME,59.70880816317437,9.2,175.0,111.0,R,0.12,6.04,9.0,PASS,1.072,PASS,672282,"Detmers, Reid",SB,2B,high,
451d8514-0453-4185-971d-2b068c34aa2b,HOME,59.645055972825496,5.5,196.0,132.0,L,0.16,18.89,9.0,PASS,1.073,PASS,656546,"Hoffman, Jeff",SB,3B,high,
8bddda0a-97d3-44b4-bcd2-25dea4582471,HOME,59.70760141858964,13.6,198.0,149.0,L,0.23,2.77,4.0,PASS,0.821,PASS,656546,"Hoffman, Jeff",SB,2B,low,ball_pts 4.0 outside 5-; lift_peak_in 2.77 outside 4.28-
d24de6e8-e020-401a-ba66-b6691c5c4f91,HOME,59.76558162073758,9.7,195.0,125.0,L,0.12,23.21,9.0,PASS,1.171,PASS,605400,"Nola, Aaron",SB,2B,high,
ab8a734a-efde-42e5-8679-37ade494f36a,HOME,59.78722341541381,13.4,177.0,122.0,L,0.22,19.98,7.0,PASS,0.92,PASS,605182,"Clevinger, Mike",SB,2B,high,
8dd1d557-44fb-408d-84de-b93489defee0,AWAY,59.66191581040769,18.3,179.0,116.0,L,0.17,10.49,8.0,PASS,1.056,no_set_before_lift,600921,"Machado, Andrés",SB,3B,high,
047ecf28-2b9a-4ca2-92f2-8cf51a038f9e,HOME,59.66312811062951,10.1,169.0,108.0,L,0.11,14.23,9.0,PASS,1.022,PASS,506433,"Darvish, Yu",SB,2B,high,
f8310ce9-5f97-4916-bae6-c895d977c7d6,AWAY,,7.8,,,,,,,no_clip,,not_cf_view,656061,"Abreu, Albert",SB,2B,not measured,no_clip
336385b9-eaa8-49e5-83c1-8a9aa9287d34,HOME,59.70702067358521,10.6,173.0,109.0,L,0.15,22.29,9.0,PASS,1.072,PASS,605130,"Barlow, Scott",SB,2B,high,
7eb8a67b-cc1d-4fc4-bb60-d2bbdce2eb22,AWAY,59.68754629260344,24.5,240.0,,,0.81,,7.0,release_not_at_hand,,no_release,605242,"Fulmer, Michael",SB,2B,not measured,release_not_at_hand
30bc37b3-7f28-4411-86aa-193e8e00cebe,HOME,59.62402222073652,8.7,177.0,99.0,L,0.22,22.61,9.0,PASS,1.308,PASS,592094,"Adam, Jason",SB,3B,high,
bf069c0f-cd28-49de-84e6-ee5b72ee6373,HOME,59.8467475809609,16.0,174.0,112.0,R,0.13,15.15,9.0,PASS,1.036,PASS,671096,"Abbott, Andrew",SB,3B,high,
320415c9-bab1-44be-9cda-8302c9459544,HOME,59.7805221020697,13.5,182.0,128.0,L,0.13,14.05,9.0,PASS,0.903,PASS,628317,"Maeda, Kenta",SB,2B,high,
a4191347-addd-4d73-9da4-74f3c205100f,AWAY,59.631896339139594,15.2,182.0,120.0,L,0.14,19.29,5.0,PASS,1.04,no_release,592351,"Gray, Jon",CS,2B,high,
73f763fc-825d-418a-a09a-236571aecc68,AWAY,59.721166714865056,18.9,,,,,,,no_release,,no_release,548389,"Stripling, Ross",SB,2B,not measured,no_release
3d15dd5f-68bd-48df-84e1-4a6fa581a4fd,HOME,59.69914120297915,11.6,199.0,138.0,L,0.13,23.21,9.0,PASS,1.022,PASS,669923,"Kirby, George",SB,2B,high,
aa005118-b7db-4eb9-9c8c-fa7703a6a8fa,HOME,59.7421593240028,5.7,181.0,125.0,L,0.1,17.28,9.0,PASS,0.937,PASS,670280,"Bednar, David",SB,2B,high,
e20feff8-7fc8-42db-b877-13492b4cfbbe,HOME,59.64728149672459,9.6,201.0,146.0,L,0.22,10.81,9.0,PASS,0.922,PASS,693821,"Elder, Bryce",SB,2B,high,
4e7ff2d1-9eeb-4a4f-9ce9-49c822359c57,HOME,59.728443935132134,13.9,180.0,124.0,L,0.17,7.35,9.0,PASS,0.938,PASS,669203,"Burnes, Corbin",SB,2B,high,
bf43f72b-8610-45d2-8380-cb72ca54bf44,HOME,59.757102425393185,9.9,181.0,121.0,L,0.21,23.39,9.0,PASS,1.004,PASS,656629,"Kopech, Michael",CS,2B,high,
9930a003-92fe-4914-a2a9-a3914b1f2eb7,AWAY,59.663886362590816,10.8,178.0,123.0,R,0.14,12.14,9.0,PASS,0.922,cut_in_window,542881,"Anderson, Tyler",CS,2B,high,
2781d27c-6b54-4f8c-b74c-0ee22f6bd552,HOME,59.733701153516726,5.3,178.0,117.0,R,0.1,16.39,9.0,PASS,1.021,PASS,650911,"Sánchez, Cristopher",SB,3B,high,
454ea264-babc-40e9-84b0-6320b9412823,AWAY,59.78454458810278,22.9,,,,,,,no_release,,no_release,601713,"Pivetta, Nick",SB,3B,not measured,no_release
16e71a27-d29f-4348-a66f-3ebfdd231034,AWAY,59.72629287549431,25.2,179.0,127.0,L,0.2,13.99,9.0,PASS,0.871,cut_in_window,628317,"Maeda, Kenta",SB,2B,high,
39a632b3-96cd-4816-b9db-7f68f538eb90,AWAY,59.59483619528187,17.4,,,,,,,no_release,,no_set_before_lift,671096,"Abbott, Andrew",SB,2B,not measured,no_release
ca48a32a-c53b-44b9-b667-1001f14c560f,HOME,59.75058063543956,10.7,170.0,98.0,R,0.11,23.65,9.0,PASS,1.205,PASS,605483,"Snell, Blake",SB,3B,high,
e542698b-1173-45fa-a27d-92523db7b967,HOME,59.72664434684702,11.0,174.0,101.0,R,0.22,22.39,7.0,PASS,1.222,PASS,605483,"Snell, Blake",SB,2B,high,
7c97a57b-4795-46f5-9efb-f43b396a6a55,HOME,59.67336683417086,11.2,176.0,108.0,R,0.15,19.82,9.0,PASS,1.14,PASS,641482,"Cortes, Nestor",SB,2B,high,
2774c895-d713-4f70-8c41-8207c622aab5,HOME,59.674828481782285,9.7,201.0,138.0,L,0.18,15.3,9.0,PASS,1.056,PASS,665871,"Assad, Javier",SB,2B,high,
989de9ca-2e10-492d-b637-f72cab7e3ce2,AWAY,59.78758394970714,23.1,176.0,,,0.1,,9.0,no_set_before_lift,,no_set_before_lift,605483,"Snell, Blake",SB,2B,not measured,no_set_before_lift
b67224fa-ccd1-4f63-8f7e-d04a03e50f96,HOME,59.5799184014161,10.4,181.0,109.0,L,0.19,17.02,9.0,PASS,1.208,PASS,592789,"Syndergaard, Noah",SB,3B,high,
983c0585-c315-482b-91bc-43488d0f4e4c,AWAY,59.75498457828436,21.0,182.0,,,0.18,,9.0,no_set_before_lift,,no_set_before_lift,592789,"Syndergaard, Noah",SB,2B,not measured,no_set_before_lift
31cf170f-a849-4c3f-9afd-9ff8450857a9,AWAY,59.68972875295565,20.6,179.0,126.0,L,0.13,13.46,7.0,PASS,0.888,no_set_before_lift,547184,"Kelly, Michael",CS,2B,high,
c5992593-7719-4f58-af10-6e5c67d5bd07,AWAY,59.70089451172481,19.6,180.0,107.0,R,0.12,35.81,9.0,PASS,1.223,no_set_before_lift,663559,"Falter, Bailey",SB,2B,high,
403224fa-3dc3-47ae-9883-118a36214b75,HOME,59.70754031152797,12.3,185.0,125.0,L,0.2,22.04,9.0,PASS,1.005,PASS,656629,"Kopech, Michael",SB,2B,high,
64db2106-1abc-435c-8e55-769367018f85,AWAY,59.63833227582537,17.5,180.0,,,0.23,,9.0,cut_in_window,,cut_in_window,592789,"Syndergaard, Noah",SB,3B,not measured,cut_in_window
bc1291eb-58c2-4de7-a261-2e39da90d7c8,HOME,59.724247156252545,11.9,184.0,119.0,L,0.12,11.81,9.0,PASS,1.088,PASS,592789,"Syndergaard, Noah",SB,2B,high,
8880da09-7779-498a-a72b-93effdc76be4,HOME,59.70749359199879,11.8,179.0,121.0,L,0.11,11.29,9.0,PASS,0.971,PASS,669203,"Burnes, Corbin",SB,2B,high,
93857ebd-9eb0-45cc-8815-08dbb8602fc9,AWAY,59.73959663007404,10.5,174.0,,,0.14,,9.0,no_set_before_lift,,no_set_before_lift,641656,"Hamilton, Ian",CS,2B,not measured,no_set_before_lift
7272a31b-94ac-426e-8b65-57314cfe1c44,AWAY,59.670578952559424,10.8,181.0,129.0,R,0.16,5.14,9.0,PASS,0.871,cut_in_window,657006,"Steele, Justin",SB,2B,high,
49be7dda-3ce2-41ef-8062-08a1481c0b3e,AWAY,59.77376325651169,10.7,182.0,,,0.14,,9.0,cut_in_window,,no_set_before_lift,607074,"Rodón, Carlos",SB,2B,not measured,cut_in_window
ce99ad52-0d8d-4955-8f19-19ba1a09f6f2,HOME,59.68983908586487,10.1,178.0,112.0,R,0.14,28.02,9.0,PASS,1.106,PASS,519043,"Moore, Matt",SB,2B,high,
b758cf18-13c0-4f25-8c21-24f28a53db35,HOME,59.72200200835051,13.2,181.0,122.0,L,0.19,10.65,9.0,PASS,0.988,PASS,472610,"García, Luis",SB,2B,high,
fe0c8bc8-2ecd-4eb4-bbc3-22ec1e1b2704,HOME,59.71709443530092,11.1,180.0,118.0,R,0.13,23.06,9.0,PASS,1.038,PASS,607074,"Rodón, Carlos",SB,3B,high,
479ffd52-9101-4b71-8ca3-cdc3d8bd2f55,AWAY,59.747505046833744,23.8,177.0,128.0,L,0.2,8.13,9.0,PASS,0.82,no_set_before_lift,518585,"Cruz, Fernando",SB,2B,high,
c2fbec05-698e-425a-b71c-9a6f4534e30e,HOME,59.707317073170735,11.0,182.0,108.0,R,0.13,21.63,9.0,PASS,1.239,PASS,448179,"Hill, Rich",SB,2B,high,
5d08317b-1c9d-4b7f-a0da-6950fbc9603a,AWAY,59.705745977278646,22.0,181.0,,,0.11,,7.0,cut_in_window,,no_set_before_lift,518397,"Alexander, Scott",SB,2B,not measured,cut_in_window
12b3f115-8dca-438d-8c63-f35134fd24f2,HOME,59.745153001209125,12.5,182.0,138.0,R,0.13,2.37,9.0,PASS,0.736,PASS,572971,"Keuchel, Dallas",SB,3B,low,lift_peak_in 2.37 outside 4.28-
a04f081b-fc40-443c-aa16-33c2f0e78343,HOME,59.6866073428702,12.1,179.0,113.0,L,0.23,16.3,9.0,PASS,1.106,PASS,664139,"Gibaut, Ian",SB,2B,high,
d666c895-a43f-447b-a0dc-080900680ec2,AWAY,59.73342268645752,26.200000000000003,148.0,,,0.07,,9.0,no_set_before_lift,,no_set_before_lift,670912,"Oviedo, Johan",SB,2B,not measured,no_set_before_lift
2168c448-3269-462f-9619-7833c9886418,HOME,59.679355157234134,9.4,208.0,159.0,L,0.15,8.55,9.0,PASS,0.821,PASS,669947,"Scholtens, Jesse",CS,2B,high,
78dcc914-6ee7-4176-ba43-37ff21f0b653,HOME,59.677500376751894,10.8,179.0,122.0,L,0.15,9.2,9.0,PASS,0.955,PASS,489446,"Yates, Kirby",CS,2B,high,
74ec8a23-c24d-4fcd-9972-b4ff373830d4,HOME,59.71685274582422,9.7,176.0,113.0,L,0.15,15.23,9.0,PASS,1.055,PASS,572403,"VerHagen, Drew",SB,2B,high,
6685561f-7877-43b9-bd1f-52d280f72d58,AWAY,59.625457741099666,19.700000000000003,,,,,,,no_release,,no_release,641729,"Jiménez, Joe",SB,2B,not measured,no_release
579c0977-7387-4e8f-b632-05233fdfcca6,HOME,59.66867520435053,9.0,182.0,115.0,L,0.11,22.54,9.0,PASS,1.123,PASS,450203,"Morton, Charlie",SB,2B,high,
de4971c3-2fcf-49be-a3fb-57bb84891285,HOME,59.6774081364373,9.4,183.0,117.0,L,0.12,19.65,8.0,PASS,1.106,PASS,645261,"Alcantara, Sandy",SB,2B,high,
408b5d3e-bc6b-4a9c-a6df-505067e6423a,HOME,59.698115730016426,10.5,179.0,126.0,L,0.19,22.35,7.0,PASS,0.888,PASS,571670,"Floro, Dylan",SB,3B,high,
80b43480-18dc-430a-9eea-2ace9d93bd07,HOME,59.78787271233202,13.4,181.0,120.0,L,0.13,22.44,8.0,PASS,1.02,PASS,643377,"Jax, Griffin",SB,2B,high,
dbb4eb12-f494-4254-855a-a20c5550bff4,AWAY,59.70633490024127,18.5,180.0,136.0,R,0.16,2.02,9.0,PASS,0.737,no_set_before_lift,572971,"Keuchel, Dallas",SB,3B,low,lift_peak_in 2.02 outside 4.28-
17ea114e-25e2-4a12-b8d5-2ab1c8091693,AWAY,59.70807018541488,14.2,192.0,,,0.76,,7.0,not_cf_view,,not_cf_view,596295,"Gomber, Austin",SB,2B,not measured,not_cf_view
bb573732-2147-4a3a-8e31-2addc42c9b8c,HOME,59.76938088840501,13.1,180.0,121.0,L,0.14,9.77,8.0,PASS,0.987,PASS,489446,"Yates, Kirby",SB,2B,high,
a81d4558-7046-4c89-80de-8c527256f8a7,HOME,59.65077307994092,9.4,208.0,155.0,L,0.19,15.64,9.0,PASS,0.889,PASS,669947,"Scholtens, Jesse",SB,2B,high,
0e1988e2-b00b-4921-9cb7-1e902ace7ff1,AWAY,,3.6,,,,,,,no_clip,,not_cf_view,669947,"Scholtens, Jesse",SB,2B,not measured,no_clip
26bc86eb-a09e-4109-8987-7a30d40830ad,AWAY,59.779572480800766,23.6,184.0,,,0.15,,9.0,no_set_before_lift,,no_set_before_lift,450203,"Morton, Charlie",SB,2B,not measured,no_set_before_lift
04bb33cf-2a8d-4c83-aa94-ef2d720d4cca,AWAY,59.720566730974824,7.8,178.0,130.0,L,0.15,12.17,8.0,PASS,0.804,not_cf_view,680689,"Richardson, Lyon",SB,2B,high,
e39a5531-ea2f-4d73-b9c5-b2f383c9ed69,HOME,59.7612963078902,12.0,179.0,122.0,L,0.15,9.77,9.0,PASS,0.954,PASS,691587,"Pérez, Eury",SB,2B,high,
72934ab5-7635-4f5a-be52-dae294eca37b,HOME,59.77800622234701,11.6,211.0,149.0,R,0.18,20.92,9.0,PASS,1.037,PASS,666142,"Ragans, Cole",SB,2B,high,
a1afbfb6-0827-4e9c-b12b-3e5b62e632b6,AWAY,59.690342878281264,20.2,187.0,122.0,L,1.03,29.29,9.0,release_not_at_hand,,release_not_at_hand,663567,"Lambert, Peter",SB,2B,not measured,release_not_at_hand
d38f0841-9f91-4943-bac7-ce35d3dacec8,HOME,59.787214337790104,6.3,178.0,117.0,R,0.12,22.82,9.0,PASS,1.02,PASS,595345,"Okert, Steven",SB,2B,high,
6effd972-504e-44e4-85bf-d0c8ced4cb45,AWAY,59.81129201351242,23.8,185.0,,,0.22,,7.0,camera_moved,,no_set_before_lift,621345,"Minter, A.J.",SB,2B,not measured,camera_moved
18957ab8-f73d-475d-806e-04837962eda7,AWAY,59.6443030653557,14.0,179.0,109.0,L,0.11,23.97,9.0,PASS,1.174,not_cf_view,678394,"Bello, Brayan",SB,3B,high,
b2ba53eb-5c56-47ac-9d90-aae3990c599b,HOME,59.737630738087205,10.3,176.0,116.0,L,0.17,9.55,9.0,PASS,1.004,PASS,691587,"Pérez, Eury",SB,2B,high,
3a3118ea-81a6-42bd-b3cf-bac5d8b3528a,AWAY,59.685009318169826,25.4,236.0,,,1.98,,9.0,not_cf_view,,no_set_before_lift,657277,"Webb, Logan",SB,2B,not measured,not_cf_view
b1854951-ab48-4b7b-a5fb-745c389437ec,HOME,59.66476130518454,10.0,182.0,116.0,R,0.13,19.6,9.0,PASS,1.106,PASS,607536,"Freeland, Kyle",SB,2B,high,
7cf7489c-6948-4ac4-af42-e52d3b968eb4,HOME,59.64448547778192,8.3,181.0,128.0,L,0.27,8.11,9.0,PASS,0.889,PASS,686539,"Cronin, Declan",CS,2B,high,
d712f410-f071-4d69-8fb7-190fd2ec95fa,HOME,59.64825311981378,10.5,182.0,126.0,L,0.14,12.01,8.0,PASS,0.939,PASS,687798,"Robertson, Nick",SB,3B,high,
fb38cc80-f9c0-469d-82de-205740b776f4,HOME,59.7908031992577,12.2,179.0,114.0,R,0.14,26.55,9.0,PASS,1.087,PASS,624133,"Suarez, Ranger",SB,2B,high,
5fe1203d-f2c8-4816-a3fd-63131628ffa6,AWAY,59.75223786981525,21.799999999999997,180.0,111.0,L,0.12,20.53,9.0,PASS,1.155,release_not_at_hand,612434,"Castro, Miguel",SB,2B,high,
00c4d291-1486-47aa-8330-8ab2c3c771c7,HOME,59.653919540313915,8.0,176.0,116.0,R,0.17,22.01,9.0,PASS,1.006,PASS,489119,"Miley, Wade",SB,3B,high,
0b51698d-9188-40d5-a92e-763445dd2ae5,HOME,59.72898122032081,11.2,170.0,106.0,L,0.14,15.84,5.0,PASS,1.072,PASS,518489,"Brasier, Ryan",SB,2B,high,
266d952e-d65e-4be8-b5be-c626ff20fe46,HOME,59.73816421577616,10.6,177.0,137.0,L,0.21,2.83,9.0,PASS,0.67,PASS,686294,"Willingham, Amos",SB,2B,low,lift_peak_in 2.83 outside 4.28-; delivery_s 0.67 outside 0.7-1.31
69a5b4da-3176-4e25-9c87-b15d4ae26891,HOME,59.74204239551366,10.7,182.0,116.0,R,0.12,17.2,9.0,PASS,1.105,PASS,607536,"Freeland, Kyle",CS,2B,high,
5c9fc67e-9793-49da-b4c3-4856aba3e134,AWAY,59.738241930609455,29.0,249.0,,,1.56,,8.0,not_cf_view,,not_cf_view,666974,"Cano, Yennier",SB,2B,not measured,not_cf_view
4176272e-d219-4972-bdfd-2284c9cbef0f,AWAY,59.65932366238235,18.2,181.0,133.0,L,0.16,3.03,8.0,PASS,0.805,no_set_before_lift,592094,"Adam, Jason",CS,2B,low,lift_peak_in 3.03 outside 4.28-
98657eb2-8f15-4bf8-8bc0-eefaa2d097c8,HOME,59.60839941278165,11.1,179.0,117.0,L,0.13,13.57,9.0,PASS,1.04,PASS,676710,"Crawford, Kutter",SB,2B,high,
9faf6ec8-16fd-42c8-85c7-dd67443e857b,AWAY,59.73973602459536,23.6,181.0,122.0,L,0.3,21.05,7.0,PASS,0.988,cut_in_window,659275,"Lamet, Dinelson",SB,2B,high,
f5d615fe-3992-4af8-85ef-3a849ea72510,HOME,59.686399473216966,9.3,184.0,114.0,L,0.23,36.78,9.0,PASS,1.173,PASS,661403,"Clase, Emmanuel",SB,2B,high,
29192a6a-b3ea-4690-92bb-6b9bcb11d913,HOME,59.6573751736938,5.3,178.0,124.0,R,0.17,15.72,9.0,PASS,0.905,PASS,678606,"Ferrer, José A.",SB,2B,high,
b729a293-f096-4e1d-92b8-1196bc14a973,AWAY,59.65238424691175,13.0,,,,,,,no_release,,no_release,687798,"Robertson, Nick",SB,2B,not measured,no_release
859c481c-5e29-431b-8f7f-f6b9a7cb244a,HOME,59.694033048914775,9.5,180.0,119.0,L,0.3,10.53,9.0,PASS,1.022,PASS,600921,"Machado, Andrés",SB,2B,high,
9d6245af-17d3-4f0b-8c7d-a81fcfae0978,HOME,59.67497032827864,10.9,179.0,118.0,R,0.14,6.03,9.0,PASS,1.022,PASS,666129,"Garrett, Braxton",CS,3B,high,
38c686a9-2b37-4ea6-9d23-e13d0ef6b2b8,AWAY,59.7221039039066,9.5,,,,,,,no_release,,no_set_before_lift,453286,"Scherzer, Max",SB,2B,not measured,no_release
ddd893ef-b980-4528-94ee-e0c87e49d5af,AWAY,59.66704316652753,21.7,,,,,,,no_release,,cut_in_window,659275,"Lamet, Dinelson",SB,2B,not measured,no_release
e053ddc3-031a-4dc9-a384-392f8d988afb,HOME,59.66367066196808,12.1,176.0,111.0,L,0.16,23.65,9.0,PASS,1.089,PASS,680686,"Gray, Josiah",SB,2B,high,
33a82154-847e-48c8-a533-64262b50abde,HOME,59.631023837685824,6.0,173.0,106.0,R,0.12,38.7,9.0,PASS,1.124,PASS,628711,"Urías, Julio",CS,2B,high,
c88bdc62-f6f5-4629-9084-14875144d79b,AWAY,59.66612680627414,11.2,179.0,111.0,R,0.18,15.68,9.0,PASS,1.14,no_release,677020,"Walker, Josh",SB,2B,high,
e8f50e9a-b367-4945-bf5d-93ff12e16895,AWAY,59.68495705023679,20.5,,,,,,,no_release,,not_cf_view,657053,"Toussaint, Touki",SB,2B,not measured,no_release
1249f7d5-19e6-474c-a219-c42cb73c4edd,HOME,59.63154699361172,9.5,180.0,112.0,L,0.23,24.04,9.0,PASS,1.14,PASS,606160,"Montero, Rafael",SB,2B,high,
fd93e64c-a3a2-4807-86b9-1cca11565a92,HOME,59.651952604659535,9.1,174.0,119.0,L,0.17,26.32,6.0,PASS,0.922,PASS,656464,"Ginkel, Kevin",CS,2B,high,
a061180e-5963-41f8-afe3-81db650f3f2d,HOME,59.679919805107765,9.2,181.0,130.0,R,0.14,4.24,9.0,PASS,0.855,PASS,669022,"Gore, MacKenzie",CS,2B,low,lift_peak_in 4.24 outside 4.28-
aee2c906-41d6-430f-ac0d-e3f9cf692653,AWAY,59.729037041170585,22.0,183.0,120.0,L,0.4,3.68,7.0,PASS,1.055,cut_in_window,445276,"Jansen, Kenley",CS,2B,low,release_to_wrist 0.4 outside -0.32; lift_peak_in 3.68 outside 4.28-
95eabed5-e7fc-422b-a1ab-8f4ddcb38d58,AWAY,59.65769932811978,21.4,181.0,110.0,R,0.17,22.28,8.0,PASS,1.19,cut_in_window,656756,"Montgomery, Jordan",SB,2B,high,
4b82646a-84c6-4eea-9829-06276c841521,AWAY,59.68013166839601,21.2,180.0,151.0,R,0.13,3.14,9.0,cut_in_window,,cut_in_window,656756,"Montgomery, Jordan",SB,2B,not measured,cut_in_window
09310cbd-7a4e-4005-9eee-f820a4b17728,AWAY,59.63527097398208,20.4,,,,,,,no_release,,no_release,605182,"Clevinger, Mike",CS,2B,not measured,no_release
1c184dfd-66ea-41e4-a39f-ae4068514d46,HOME,59.69237603420512,9.4,177.0,106.0,R,0.14,21.43,9.0,PASS,1.189,PASS,656756,"Montgomery, Jordan",SB,3B,high,
ee699328-0e84-4b4a-88ef-74e182394bc4,AWAY,59.68991278014841,11.3,,,,,,,no_release,,no_release,669796,"Hernandez, Jose E.",SB,2B,not measured,no_release
6d2c0fc1-d572-43ca-8a14-d16e6b003055,AWAY,59.71971879874706,17.9,185.0,142.0,L,0.27,16.43,9.0,cut_in_window,,not_cf_view,622663,"Severino, Luis",SB,3B,not measured,cut_in_window
47312551-a612-4c2d-89fd-0beb08b4c080,HOME,59.70049916805324,13.7,182.0,123.0,L,0.14,8.71,9.0,PASS,0.988,PASS,543475,"Lyles, Jordan",CS,2B,high,
e925a0cd-80cb-423f-9a64-bb0c1b177251,AWAY,59.745984429257774,21.200000000000003,,,,,,,no_release,,no_release,676106,"Hancock, Emerson",SB,2B,not measured,no_release
8e142b14-d0d9-40b0-b30b-e0008919079e,HOME,59.62231346097449,9.8,181.0,122.0,L,0.15,13.37,9.0,PASS,0.99,PASS,622663,"Severino, Luis",SB,2B,high,
00c9d484-2c8d-457c-bf0c-03e857184b06,HOME,59.64519393662422,9.8,174.0,116.0,L,0.15,18.82,9.0,PASS,0.972,PASS,606303,"Payamps, Joel",CS,2B,high,
32f08225-498a-4b3c-8a30-66ce55ea07ee,HOME,59.70034131009082,13.3,182.0,137.0,L,0.16,2.31,9.0,PASS,0.754,PASS,543294,"Hendricks, Kyle",SB,2B,low,lift_peak_in 2.31 outside 4.28-
cf5fb377-448d-474d-a370-81c8006305de,AWAY,59.76317981332593,23.3,176.0,106.0,L,0.18,27.24,9.0,cut_in_window,,cut_in_window,676106,"Hancock, Emerson",SB,2B,not measured,cut_in_window
5559ca2d-3d8c-490b-9802-7497fb85fe92,HOME,59.74302316065145,10.8,173.0,112.0,L,0.17,19.49,9.0,PASS,1.021,PASS,676106,"Hancock, Emerson",SB,3B,high,
14a05394-4874-490a-91b7-6c5ed6a7918d,AWAY,59.63745397769394,23.5,191.0,116.0,L,0.62,29.15,6.0,release_not_at_hand,,release_not_at_hand,687330,"Kelly, Kevin",SB,3B,not measured,release_not_at_hand
3ad8374e-24d7-4ad8-878f-e56ef19aa612,HOME,59.68330589744641,9.7,176.0,114.0,L,0.38,13.4,9.0,PASS,1.039,PASS,506433,"Darvish, Yu",SB,2B,low,release_to_wrist 0.38 outside -0.32
035159aa-e131-471b-84db-8c092f8e60b8,HOME,59.6631796686625,9.1,182.0,125.0,L,0.18,22.82,9.0,PASS,0.955,PASS,686839,"White, Brendan",SB,3B,high,
f051417d-32c9-4dc3-ab0f-f3381238a961,AWAY,59.72411498190484,23.1,182.0,116.0,L,0.2,13.15,8.0,PASS,1.105,not_cf_view,543294,"Hendricks, Kyle",SB,2B,high,
523e1bd6-b3b2-43ef-8c02-0ab1749071e9,AWAY,59.66673943098304,18.6,179.0,133.0,R,0.19,25.12,6.0,cut_in_window,,not_cf_view,669461,"Liberatore, Matthew",SB,3B,not measured,cut_in_window
b4799c11-5d0d-496e-a432-9d2d03dfeea6,AWAY,59.76943592594845,22.1,179.0,,,0.19,,9.0,no_set_before_lift,,cut_in_window,663559,"Falter, Bailey",SB,2B,not measured,no_set_before_lift
203c8b67-7e98-47f8-ad14-e34f5217f621,AWAY,59.71082718300544,17.6,,,,,,,no_release,,cut_in_window,664208,"Maton, Phil",CS,2B,not measured,no_release
203d988c-09be-417d-9ff3-0b10b7a37006,HOME,59.78321850945894,13.6,205.0,143.0,R,0.13,23.63,9.0,PASS,1.037,PASS,571578,"Corbin, Patrick",SB,2B,high,
773013b4-befc-4f8c-879d-0e1197b97f62,AWAY,59.70405594705854,20.700000000000003,180.0,,,0.13,,8.0,no_set_before_lift,,cut_in_window,679525,"Marsh, Alec",CS,2B,not measured,no_set_before_lift
cc5c03b3-7e84-48d0-a06e-8c7b3af5e89d,AWAY,59.6203573525377,18.200000000000003,178.0,,,0.19,,9.0,no_set_before_lift,,cut_in_window,592789,"Syndergaard, Noah",SB,3B,not measured,no_set_before_lift
38e8ac35-30cd-401c-8823-672c7d9972d4,HOME,59.7728977402717,11.6,177.0,114.0,L,0.19,23.25,8.0,PASS,1.054,PASS,666201,"Manoah, Alek",SB,3B,high,
0d20fa14-1c60-4a1e-a926-37c653550c0f,AWAY,59.66814488448759,15.7,,,,,,,no_release,,no_release,670059,"Holderman, Colin",SB,2B,not measured,no_release
5f3c0262-bad0-45fb-a4a6-9ef039390b39,AWAY,59.681697612732094,20.4,178.0,118.0,L,0.24,19.02,2.0,PASS,1.005,release_not_at_hand,666201,"Manoah, Alek",SB,2B,low,ball_pts 2.0 outside 5-
b53a6a64-58aa-4a46-b36d-1746c14451f9,HOME,59.70173599924965,8.7,174.0,104.0,R,0.14,23.8,9.0,PASS,1.172,PASS,669461,"Liberatore, Matthew",SB,2B,high,
b08cfa62-85de-4acf-8a35-dafc289ad38a,HOME,59.657933076306875,9.6,202.0,139.0,L,0.12,23.55,9.0,PASS,1.056,PASS,605400,"Nola, Aaron",SB,2B,high,
8fca5f34-7952-4790-869d-b66ca5e341f7,HOME,59.68426567850987,10.1,179.0,116.0,L,0.34,25.26,9.0,PASS,1.056,PASS,675540,"Curry, Xzavion",SB,2B,low,release_to_wrist 0.34 outside -0.32
8471cc68-e0ee-43ca-a1e1-ff559fc5404a,HOME,59.682839270798134,9.8,176.0,126.0,L,0.13,9.93,9.0,PASS,0.838,PASS,621112,"Blackburn, Paul",CS,2B,high,
b6c5f396-685b-4278-ac2a-2e5f11e852b2,HOME,59.69835865304087,9.5,192.0,140.0,L,0.15,17.7,6.0,PASS,0.871,PASS,543518,"McGough, Scott",SB,2B,high,
0aef5ddb-e1aa-4d7c-b343-3724ae64e9df,AWAY,59.76904461564281,22.8,181.0,124.0,L,0.14,16.75,4.0,PASS,0.954,cut_in_window,450203,"Morton, Charlie",SB,2B,low,ball_pts 4.0 outside 5-
c88a6b07-95c2-4bf3-aac1-987901126cd8,HOME,59.64222113290436,10.5,173.0,120.0,L,0.55,19.75,6.0,PASS,0.889,PASS,656629,"Kopech, Michael",SB,2B,low,release_to_wrist 0.55 outside -0.32
044ad73c-42a5-4115-95db-f4cf4a4683e3,HOME,59.72257250945776,10.1,183.0,133.0,L,0.12,10.06,9.0,PASS,0.837,PASS,621112,"Blackburn, Paul",CS,2B,high,
0c884b97-1214-497b-9600-b649917b6a78,AWAY,59.75971614134833,26.2,171.0,100.0,L,0.21,11.63,7.0,cut_in_window,,no_set_before_lift,669194,"Nelson, Ryne",SB,2B,not measured,cut_in_window
4986f30c-04d0-454f-97fb-a57fa203c59a,AWAY,59.66405574581925,17.6,179.0,121.0,L,0.19,17.88,9.0,PASS,0.972,cut_in_window,675540,"Curry, Xzavion",SB,2B,high,
a25dd790-77aa-4bba-8330-2da750aa8d84,HOME,59.68352862048214,11.1,184.0,117.0,R,0.16,18.45,9.0,PASS,1.123,PASS,676395,"Garcia, Robert",SB,2B,high,
9187ec1c-3420-45fa-8a80-55652e016a05,HOME,59.77943450029203,10.5,177.0,114.0,L,0.25,24.78,9.0,PASS,1.054,PASS,621244,"Berríos, José",SB,2B,high,
f24283c0-9a77-4957-a74b-a0b405caface,HOME,59.68488467255899,9.1,204.0,152.0,L,0.18,2.41,9.0,PASS,0.871,PASS,669467,"Pallante, Andre",SB,2B,low,lift_peak_in 2.41 outside 4.28-
5525227e-238c-4956-a45a-151631255bcb,HOME,59.79073243647235,12.6,199.0,128.0,R,0.13,25.1,9.0,PASS,1.187,PASS,596295,"Gomber, Austin",CS,2B,high,
2eb77f94-3e69-4d78-8b16-608d58476097,HOME,59.70335940283239,9.7,205.0,151.0,L,0.37,2.05,9.0,PASS,0.904,PASS,669467,"Pallante, Andre",SB,3B,low,release_to_wrist 0.37 outside -0.32; lift_peak_in 2.05 outside 4.28-
86fd19c5-72c0-4aeb-b59a-8a370323a214,HOME,59.743503450270765,10.9,182.0,106.0,L,0.11,20.54,8.0,PASS,1.272,PASS,676265,"Abbott, Cory",SB,2B,high,
3e385fce-0a1a-42aa-a5dc-7f3da3922db2,HOME,59.696983627658945,9.4,181.0,128.0,R,0.17,12.65,9.0,PASS,0.888,PASS,669373,"Skubal, Tarik",SB,2B,high,
a96ceb6d-d906-48eb-8cdf-8718ceb6660e,HOME,59.79283266593291,12.4,183.0,129.0,R,0.49,13.51,9.0,PASS,0.903,PASS,669373,"Skubal, Tarik",SB,2B,low,release_to_wrist 0.49 outside -0.32
e8aa9267-24e7-45cf-84c7-81bdbee06026,AWAY,59.720010915294566,18.6,174.0,,,0.16,,9.0,cut_in_window,,not_cf_view,666818,"Frías, Luis",SB,2B,not measured,cut_in_window
6ccaa12f-39d2-42eb-8dbc-d4fea47e3f1f,HOME,59.68177090304905,9.1,203.0,145.0,L,0.51,17.17,9.0,PASS,0.972,PASS,622075,"Almonte, Yency",CS,2B,low,release_to_wrist 0.51 outside -0.32
7158654b-71db-4d7a-85c6-f9b93465f6e6,AWAY,59.70990001408252,26.5,245.0,,,,,8.0,cut_in_window,,no_release,656629,"Kopech, Michael",SB,2B,not measured,cut_in_window
93400c98-8876-4c3d-a285-490fcf8a49fd,AWAY,59.74024337217289,22.4,,,,,,,no_release,,no_release,665622,"Medina, Luis",SB,2B,not measured,no_release
38a42408-e5bd-42a2-a85b-ab5ea193e0ef,AWAY,59.68389640054526,17.2,,,,,,,no_release,,no_release,661403,"Clase, Emmanuel",SB,2B,not measured,no_release
52bba0c6-37ec-486f-ac82-2e624a707f04,HOME,59.6805708945714,10.1,181.0,115.0,L,0.18,23.89,9.0,PASS,1.106,PASS,675911,"Strider, Spencer",SB,2B,high,
3e08895a-1ddf-4416-be91-61a2bc16e384,HOME,59.71034403312548,14.5,184.0,128.0,L,0.24,5.74,8.0,PASS,0.938,PASS,669212,"Morgan, Eli",SB,2B,high,
64c14146-5b40-43ed-9017-cebd2306fab3,AWAY,,11.0,,,,,,,no_clip,,no_release,641627,"Gott, Trevor",SB,2B,not measured,no_clip
a081808f-7008-46a8-864f-810e1e42fa3c,AWAY,59.561883349115064,20.4,259.0,,,,,9.0,cut_in_window,,no_release,660593,"Reyes, Denyi",SB,2B,not measured,cut_in_window
07e99543-2011-490a-8217-3cdcbc956adc,HOME,59.705731051868334,12.2,174.0,104.0,L,0.5,19.64,8.0,PASS,1.172,PASS,642585,"Bautista, Félix",CS,2B,low,release_to_wrist 0.5 outside -0.32
38618e12-8000-4a14-b0fc-f185410b50d1,AWAY,59.69835865304087,23.2,180.0,125.0,L,0.22,13.45,6.0,PASS,0.921,cut_in_window,621016,"Cuas, Jose",CS,2B,high,
63dffee7-c8b3-4636-a75c-31d46165227f,AWAY,59.74019031326847,21.4,191.0,115.0,R,1.01,19.45,8.0,release_not_at_hand,,release_not_at_hand,448179,"Hill, Rich",SB,3B,not measured,release_not_at_hand
ec86805c-6095-4e80-a68f-a78c6375b46d,HOME,59.6687437598412,9.3,179.0,118.0,L,0.14,19.51,8.0,PASS,1.022,PASS,660593,"Reyes, Denyi",SB,2B,high,
e3d6d0d8-5455-47bc-b1fd-fdfc6fee426a,HOME,59.78284486879435,10.8,176.0,113.0,L,0.23,19.87,9.0,PASS,1.054,PASS,664062,"Gonsolin, Tony",SB,2B,high,
ccaad330-afab-4d00-b6c6-aa7258ef3212,AWAY,,9.8,,,,,,,no_clip,,cut_in_window,500779,"Quintana, Jose",SB,2B,not measured,no_clip
49b55657-289e-42d4-b6dc-cf98b9079186,HOME,59.776549564722345,13.6,174.0,105.0,L,0.25,25.67,5.0,PASS,1.154,PASS,662253,"Muñoz, Andrés",SB,3B,high,
fec5bb87-7ba6-4565-b802-58676c1f8ed7,AWAY,59.65766688670796,25.5,245.0,,,1.01,,9.0,release_not_at_hand,,release_not_at_hand,669923,"Kirby, George",SB,2B,not measured,release_not_at_hand
bc181056-a1b5-46b4-a66f-653c8ba910d8,AWAY,59.71842441820021,19.9,181.0,120.0,L,0.72,16.99,9.0,release_not_at_hand,,release_not_at_hand,663986,"Stephan, Trevor",SB,2B,not measured,release_not_at_hand
0f75755f-d0c5-4afd-99bd-4940bb45b7e7,AWAY,59.72535741158766,20.3,175.0,95.0,L,0.17,11.76,9.0,cut_in_window,,no_release,691587,"Pérez, Eury",SB,2B,not measured,cut_in_window
9dd6d18f-bd73-48fd-9dc6-2b2291c2ff3b,HOME,59.721179407049654,10.7,178.0,116.0,L,0.27,18.06,8.0,PASS,1.038,PASS,623211,"Brazobán, Huascar",SB,2B,high,
c9f0f53b-0e99-46e9-b950-feee34cf64bc,HOME,59.74539021716717,13.3,197.0,131.0,L,0.19,21.71,6.0,PASS,1.105,PASS,657277,"Webb, Logan",SB,2B,high,
8cdf80cd-3d1e-449d-93fc-6e9eb9cce57e,AWAY,59.726351812935505,18.799999999999997,175.0,,,0.41,,9.0,no_set_before_lift,,cut_in_window,623211,"Brazobán, Huascar",SB,2B,not measured,no_set_before_lift
580b2ab8-abf3-4b78-951e-f1bff747b268,HOME,59.7423213754199,12.8,180.0,118.0,L,0.15,23.21,9.0,PASS,1.038,PASS,694297,"Pfaadt, Brandon",SB,3B,high,
ab6e79aa-878b-42d9-8b30-2d3378b332a5,HOME,59.74962837871542,9.5,177.0,106.0,R,0.13,30.69,9.0,PASS,1.188,PASS,677865,"Bruihl, Justin",SB,3B,high,
cfcc40ad-e845-44b3-9044-421890be63e7,HOME,59.68676837096896,9.6,176.0,102.0,R,0.11,25.17,9.0,PASS,1.24,PASS,677865,"Bruihl, Justin",SB,2B,high,
cd3e661a-8970-4a8b-ab36-57ec4f73ac0a,AWAY,59.701492537313435,17.299999999999997,,,,,,,no_release,,no_release,623211,"Brazobán, Huascar",SB,3B,not measured,no_release
ad7117a4-8046-47f7-a25c-8b88c5fa56cd,AWAY,59.69130328172545,23.9,180.0,116.0,L,0.26,12.38,7.0,PASS,1.072,cut_in_window,666808,"Doval, Camilo",CS,2B,high,
0acc1410-e620-4c99-ae11-e103cb4a3806,AWAY,59.66963926000936,22.0,179.0,115.0,L,0.31,31.65,8.0,PASS,1.073,no_set_before_lift,621107,"Eflin, Zach",SB,2B,high,
a9895105-83a9-4f33-9a5a-1f1b75a0f1bc,AWAY,59.79236982213797,26.9,180.0,114.0,L,0.13,25.46,8.0,PASS,1.104,no_release,606160,"Montero, Rafael",SB,2B,high,
2a5c2b4a-804a-4a3d-bf3c-ed45234f3625,HOME,59.68234523885598,11.5,178.0,119.0,L,0.15,28.07,6.0,PASS,0.989,PASS,641672,"Hatch, Thomas",CS,2B,high,
c0dd2f96-97e7-4dfc-85b4-63de682ec500,AWAY,59.663693413530474,21.2,177.0,119.0,L,0.18,10.16,9.0,PASS,0.972,no_release,691587,"Pérez, Eury",SB,2B,high,
319f6a4f-49db-410a-ba60-e6ccb6333c10,AWAY,59.737732085906714,22.1,177.0,,,0.18,,9.0,no_set_before_lift,,no_set_before_lift,547943,"Ryu, Hyun Jin",CS,2B,not measured,no_set_before_lift
995b727d-86b7-4b3c-8151-a5070307576d,HOME,59.603877412218935,8.8,179.0,121.0,L,0.21,10.14,9.0,PASS,0.973,PASS,592791,"Taillon, Jameson",SB,2B,high,
748ed789-a2ed-4876-a1bc-12774af4ee40,HOME,59.6755570290261,9.5,176.0,130.0,R,0.15,3.36,9.0,PASS,0.771,PASS,607481,"Bummer, Aaron",SB,2B,low,lift_peak_in 3.36 outside 4.28-
e1a7a339-b572-4e3c-9743-73c660b22f40,HOME,59.7572783134128,10.2,178.0,113.0,R,0.17,29.12,5.0,PASS,1.088,PASS,519043,"Moore, Matt",SB,2B,high,
dd2b5f64-c971-4144-aba8-c8ff366214d5,AWAY,,11.0,,,,,,,no_clip,,release_not_at_hand,593958,"Rodriguez, Eduardo",SB,2B,not measured,no_clip
7caab878-62f1-4be3-9d87-3a3103724ca0,AWAY,59.65265246850035,18.8,182.0,,,0.1,,8.0,no_set_before_lift,,cut_in_window,656605,"Keller, Mitch",SB,2B,not measured,no_set_before_lift
5b9208c8-a274-4ab3-a59f-f6336afd698a,AWAY,59.703741371679335,21.6,181.0,111.0,L,0.44,23.86,9.0,PASS,1.172,cut_in_window,656605,"Keller, Mitch",SB,3B,low,release_to_wrist 0.44 outside -0.32
023a466a-2ac1-47f5-8aa0-60113b766bb4,HOME,59.72850678733032,11.1,181.0,117.0,R,0.56,12.49,9.0,PASS,1.072,PASS,593958,"Rodriguez, Eduardo",SB,3B,low,release_to_wrist 0.56 outside -0.32
1ac08c8a-0619-4077-b9ea-3f258b32970e,HOME,59.65455077253978,9.9,178.0,132.0,L,0.22,2.97,9.0,PASS,0.771,PASS,673540,"Senga, Kodai",SB,2B,low,lift_peak_in 2.97 outside 4.28-
604a1e71-987a-4255-999e-c91698d3e0c9,AWAY,59.72222761192582,22.5,177.0,120.0,R,0.19,6.92,9.0,PASS,0.954,cut_in_window,622780,"Perdomo, Angel",SB,2B,high,
bd8f6e55-fd15-4daa-a076-9d318f02ed4b,AWAY,59.726837551785216,26.1,179.0,119.0,L,0.14,19.24,7.0,PASS,1.005,cut_in_window,656578,"Jackson, Andre",SB,2B,high,
f0b292ae-61b0-4606-8e60-e20f0ca6cf91,AWAY,59.78324100342769,19.4,178.0,118.0,L,0.24,9.46,7.0,PASS,1.004,no_release,682990,"Priester, Quinn",SB,2B,high,
5e929dfe-4ea7-4415-8161-1fb7852ec00d,HOME,59.74477303756192,10.5,175.0,113.0,R,0.13,6.97,8.0,PASS,1.038,PASS,666129,"Garrett, Braxton",SB,2B,high,
75a5f071-7b4e-461c-86c4-238b603ca65b,HOME,59.774093996710754,14.3,183.0,126.0,L,0.33,14.6,7.0,PASS,0.954,PASS,657376,"Schmidt, Clarke",SB,2B,low,release_to_wrist 0.33 outside -0.32
2c2d4d70-87f4-4578-9273-ef8f86221077,HOME,59.68902983722688,9.1,177.0,106.0,R,0.18,25.8,9.0,PASS,1.189,PASS,664285,"Valdez, Framber",SB,3B,high,
fcdd0d1c-f923-453e-a510-714618d67a06,AWAY,59.69404463018697,22.9,,,,,,,no_release,,release_not_at_hand,676254,"Walker, Ryan",SB,3B,not measured,no_release
664f26d6-d243-43dc-8aed-036c1e46db16,HOME,59.69759030894593,12.0,180.0,109.0,R,0.11,23.17,9.0,PASS,1.189,PASS,676664,"Sears, JP",SB,2B,high,
2955a9cf-ea46-4157-a95c-7214c3fbefd9,AWAY,59.73955796466672,25.700000000000003,186.0,101.0,L,1.13,21.22,9.0,release_not_at_hand,,release_not_at_hand,642585,"Bautista, Félix",SB,2B,not measured,release_not_at_hand
17316b7f-1043-4bb2-b861-21a1a7ed4ccb,HOME,59.62710473516004,9.5,182.0,111.0,R,0.08,19.78,9.0,PASS,1.191,PASS,676664,"Sears, JP",SB,2B,high,
86c64ccc-1bf1-444b-81f4-ed2421e7bb1b,HOME,59.742288168684105,10.7,178.0,135.0,R,0.16,6.34,9.0,PASS,0.72,PASS,663776,"Sandoval, Patrick",SB,2B,high,
016e4fb9-dff5-4a6b-b149-6cd3976c7e15,HOME,59.63617702498657,9.2,203.0,141.0,L,0.18,17.14,9.0,PASS,1.04,PASS,672578,"Hernández, Carlos",SB,3B,high,
e95e76c6-f51d-47cf-abaf-65521029fce7,AWAY,59.68114215512909,23.1,214.0,,,1.29,,6.0,release_not_at_hand,,release_not_at_hand,682990,"Priester, Quinn",SB,3B,not measured,release_not_at_hand
331c7d2b-5958-4768-8b48-5652bfebd962,HOME,59.66093058312721,11.2,203.0,145.0,L,0.2,17.75,5.0,PASS,0.972,PASS,669302,"Gilbert, Logan",CS,2B,high,
f76e5df2-6cfe-404c-b4d3-f88db12b76fc,AWAY,59.65325581664202,18.9,179.0,,,0.37,,9.0,not_cf_view,,release_not_at_hand,676130,"Buttó, José",SB,2B,not measured,not_cf_view
1f1fea4a-cfb9-4dde-963e-8214af9f76f4,HOME,59.7480237026359,12.4,181.0,117.0,L,0.31,22.94,9.0,PASS,1.071,PASS,676130,"Buttó, José",SB,3B,high,
94f36a47-4c43-4ed6-89b4-b542de771402,HOME,59.68470359115558,9.7,183.0,126.0,L,0.12,10.99,9.0,PASS,0.955,PASS,641927,"Ober, Bailey",CS,2B,high,
65cdf3b2-b8f8-4b93-8061-162ce08fa206,AWAY,59.73978212022407,28.6,182.0,,,0.65,,9.0,release_not_at_hand,,cut_in_window,682010,"Ramsey, Lane",SB,2B,not measured,release_not_at_hand
1077814c-d8c2-4cb2-ae7c-e386c4ac0e20,HOME,59.682580377965024,13.6,205.0,140.0,L,0.16,11.94,9.0,PASS,1.089,PASS,640470,"Alzolay, Adbert",SB,2B,high,
115cae87-bf86-475e-9ff8-67ea66bec6ce,AWAY,59.67440066963236,18.1,,,,,,,not_cf_view,,cut_in_window,554430,"Wheeler, Zack",CS,2B,not measured,not_cf_view
664a4568-e75a-4923-b8ba-86ac17f74ed3,AWAY,59.747469618496325,28.1,181.0,129.0,R,0.14,10.48,9.0,PASS,0.87,cut_in_window,621383,"Banks, Tanner",SB,2B,high,
dccc7d12-5e32-4437-9d5b-825c2f92a17f,HOME,59.682857392706886,10.0,177.0,119.0,L,0.18,20.2,9.0,PASS,0.972,PASS,669395,"Coleman, Dylan",SB,3B,high,
53269e3a-e50c-4794-9b74-c10aacabf518,AWAY,59.67824384409872,14.9,,,,,,,not_cf_view,,cut_in_window,607481,"Bummer, Aaron",CS,2B,not measured,not_cf_view
228a267a-5e43-4e01-9cc1-acbb04c99637,HOME,59.63693894533537,14.6,154.0,117.0,L,0.09,16.47,6.0,PASS,0.62,PASS,664299,"Javier, Cristian",SB,2B,low,delivery_s 0.62 outside 0.7-1.31
d3685d57-3bb7-44a9-9230-06c788a559cf,HOME,59.58487331187903,9.8,206.0,133.0,L,0.15,23.46,9.0,PASS,1.225,PASS,601713,"Pivetta, Nick",SB,2B,high,
acba87e8-03ec-4c1c-9f09-03809efdd9ad,AWAY,59.69450075083292,21.5,,,,,,,no_release,,cut_in_window,554340,"García, Yimi",SB,2B,not measured,no_release
95ac30a0-afa8-4baf-b944-388e1fb764e3,AWAY,59.67120441615229,23.5,179.0,112.0,L,0.14,47.32,9.0,cut_in_window,,no_set_before_lift,656412,"Faedo, Alex",SB,2B,not measured,cut_in_window
dba794c9-3928-477a-98b7-b0e52a1a7090,HOME,59.694914477653136,10.1,200.0,142.0,L,0.22,22.2,9.0,PASS,0.972,PASS,668933,"Ashcraft, Graham",SB,2B,high,
4bac76e3-ca27-4c23-8ee0-73a07d6fe08b,AWAY,59.73615029687603,21.299999999999997,180.0,126.0,L,0.26,21.4,9.0,PASS,0.904,not_cf_view,668933,"Ashcraft, Graham",SB,2B,high,
b77687ed-d1dd-4105-988c-2aaf001bc0f3,HOME,59.69799836123142,9.2,177.0,120.0,L,0.22,7.99,9.0,PASS,0.955,PASS,543475,"Lyles, Jordan",CS,2B,high,
31eb7d93-a2c4-4442-9ec2-9cf083bfdaf6,HOME,59.67631505740892,12.2,175.0,103.0,L,0.13,19.73,9.0,PASS,1.207,PASS,641755,"Kinley, Tyler",SB,2B,high,
7f734d01-f9b5-4b5a-b8c2-1c839561a97f,AWAY,59.66984400965348,8.8,175.0,122.0,L,0.23,15.71,9.0,PASS,0.888,no_release,676106,"Hancock, Emerson",CS,2B,high,
a7d89176-eab9-4ded-a26d-81fda037b21d,HOME,59.71426824546029,12.1,176.0,117.0,L,0.14,7.81,9.0,PASS,0.988,PASS,676254,"Walker, Ryan",CS,3B,high,
40b1ab95-39ca-4f75-8ff0-109e268acfb5,AWAY,59.76537137363874,22.2,,,,,,,no_release,,no_release,680739,"Winder, Josh",SB,2B,not measured,no_release
ae22fdc4-a411-44c8-8a10-011d08e0d678,AWAY,59.78760092179266,26.0,205.0,,,0.5,,9.0,no_set_before_lift,,no_set_before_lift,669461,"Liberatore, Matthew",SB,3B,not measured,no_set_before_lift
176eb3c5-d399-4df5-ad88-572e4e6b3495,AWAY,59.625258456261456,19.3,179.0,124.0,L,0.13,14.57,6.0,PASS,0.922,no_release,681857,"Olson, Reese",SB,3B,high,
eed15c02-d062-4665-ab36-3e4015a77724,AWAY,59.67835328838,18.0,181.0,119.0,L,0.12,24.12,9.0,PASS,1.039,no_release,596271,"Lawrence, Casey",SB,2B,high,
52998654-19ae-4c20-8b98-46f7dd4ba0ab,AWAY,59.75268465098693,10.4,180.0,107.0,R,0.11,31.19,9.0,PASS,1.222,cut_in_window,621366,"Borucki, Ryan",CS,2B,high,
af354eaf-f473-4e38-bb23-ce909a54a09a,AWAY,59.675805336937934,24.6,172.0,116.0,R,0.22,24.19,6.0,PASS,0.938,cut_in_window,672335,"Pérez, Cionel",CS,2B,high,
6e5d3dc8-36bc-4f6d-a53c-14114e9d5c78,AWAY,59.68336730242578,19.7,,,,,,,no_release,,no_release,605400,"Nola, Aaron",SB,2B,not measured,no_release
a1def339-9bef-4dd4-89f1-ad469b2ad980,AWAY,59.65829383186403,17.200000000000003,,,,,,,no_release,,no_release,679525,"Marsh, Alec",SB,2B,not measured,no_release
9991bf03-f3e3-4c3d-b86e-0a0d0c7c0e35,HOME,59.641881260057325,5.7,176.0,115.0,L,0.2,21.22,9.0,PASS,1.023,PASS,679525,"Marsh, Alec",SB,3B,high,
4af717d5-97e2-4db8-b4e0-17d072896c7f,AWAY,59.77242608417493,12.9,176.0,119.0,L,0.18,13.94,5.0,PASS,0.954,release_not_at_hand,677944,"Cecconi, Slade",CS,2B,high,
045893d6-266c-4e5d-aa60-10ae59855ff3,HOME,59.70882732354567,4.9,199.0,134.0,L,0.17,17.27,8.0,PASS,1.089,PASS,641755,"Kinley, Tyler",CS,3B,high,
3eb66b21-251f-4d76-9acf-ff838594260b,HOME,59.68626450707818,9.6,173.0,118.0,L,0.26,11.38,9.0,PASS,0.921,PASS,680739,"Winder, Josh",CS,2B,high,
d0004b3c-27e0-424a-937f-457c273453c7,HOME,59.69729957509569,9.5,176.0,123.0,L,0.11,12.63,9.0,PASS,0.888,PASS,679525,"Marsh, Alec",SB,3B,high,
4ec7b7af-c030-4d0d-b8d7-09f0d53c7532,HOME,59.70896069997755,9.7,201.0,142.0,L,0.18,12.34,7.0,PASS,0.988,PASS,641755,"Kinley, Tyler",SB,2B,high,
9056f88c-00f7-43cf-9529-7635b80645c7,HOME,59.71744430713737,9.9,209.0,163.0,R,0.15,4.24,9.0,PASS,0.77,PASS,572020,"Paxton, James",SB,2B,low,lift_peak_in 4.24 outside 4.28-
949b9104-b965-40be-9823-8bec5c82776c,HOME,59.700681565801496,9.8,177.0,128.0,L,0.17,3.23,9.0,PASS,0.821,PASS,592789,"Syndergaard, Noah",SB,2B,low,lift_peak_in 3.23 outside 4.28-
50c18748-b183-4d61-9be9-121a2818fee6,HOME,59.77637972709335,12.1,181.0,125.0,L,0.16,7.33,6.0,PASS,0.937,PASS,592789,"Syndergaard, Noah",SB,2B,high,
65167d21-0e17-493c-8db9-5642591c75d8,HOME,59.66044239712798,8.6,180.0,120.0,L,0.2,17.73,9.0,PASS,1.006,PASS,669395,"Coleman, Dylan",SB,2B,high,
a0e5caa7-0186-4012-b3c3-09e6abed56a7,AWAY,59.75373235307384,22.9,181.0,105.0,R,0.16,29.84,7.0,PASS,1.272,no_set_before_lift,656529,"Hentges, Sam",SB,3B,high,
81158280-623a-409e-8fb7-11f2b48a9c63,AWAY,59.708115843951255,10.8,189.0,,,0.13,,9.0,no_set_before_lift,,cut_in_window,642100,"Speier, Gabe",SB,2B,not measured,no_set_before_lift
a3cb232c-c4ca-407f-b2b7-711d0f1c3ede,AWAY,59.72507220037471,10.3,207.0,,,0.57,,9.0,no_set_before_lift,,no_set_before_lift,623465,"Phillips, Evan",SB,2B,not measured,no_set_before_lift
d43f25df-434b-4de2-885f-1b7090752466,HOME,59.68177172653678,10.8,179.0,115.0,L,0.2,22.7,9.0,PASS,1.072,PASS,661440,"Llovera, Mauricio",SB,3B,high,
0f1cef80-e2a6-4d4e-8eb2-8f9160f2f19f,HOME,59.796275480050525,17.4,183.0,122.0,L,0.51,15.53,8.0,PASS,1.02,PASS,458681,"Lynn, Lance",SB,2B,low,release_to_wrist 0.51 outside -0.32
b1d35e5b-82ad-4717-9a19-4131bb8730b5,HOME,59.77034802666599,12.0,177.0,116.0,L,0.17,14.32,8.0,PASS,1.021,PASS,666721,"Castillo, Max",SB,2B,high,
72309b2b-31be-4e9e-8e43-2b7e0e8396c2,AWAY,59.763648285423976,10.7,,,,,,,no_release,,no_release,458681,"Lynn, Lance",SB,2B,not measured,no_release
a7c63969-3289-4d50-ba61-4f4c44d2dda3,HOME,59.70696011606336,10.7,177.0,118.0,L,0.2,21.4,9.0,PASS,0.988,PASS,661440,"Llovera, Mauricio",SB,2B,high,
45079a6e-6e9b-4e21-a932-03496072ae7f,HOME,59.61259515037932,5.7,200.0,140.0,L,0.22,18.66,9.0,PASS,1.006,PASS,664028,"Kennedy, Brett",SB,2B,high,
824ed724-8452-460e-9592-464f74ce545a,AWAY,59.78745635719565,24.799999999999997,179.0,136.0,L,0.14,3.6,5.0,PASS,0.719,release_not_at_hand,641585,"France, J.P.",SB,2B,low,lift_peak_in 3.6 outside 4.28-
95cffd46-49c7-4e08-9801-f178cd366771,HOME,59.67776984447273,5.4,183.0,120.0,L,0.13,19.35,9.0,PASS,1.056,PASS,542585,"Cisnero, José",CS,2B,high,
c332b157-e256-4df3-942b-42a03e31e206,HOME,59.661842296574314,11.7,199.0,144.0,L,0.11,12.6,4.0,PASS,0.922,PASS,608717,"Stratton, Chris",SB,2B,low,ball_pts 4.0 outside 5-
4c88986d-aec1-4ff8-b1f4-ee7b2c90cf4b,HOME,59.67544543985684,9.9,176.0,117.0,L,0.18,21.58,8.0,PASS,0.989,PASS,656629,"Kopech, Michael",SB,2B,high,
408d2ac5-5064-45f0-bf39-08771cb4914b,HOME,59.665871121718375,8.8,173.0,115.0,L,0.1,15.81,9.0,PASS,0.972,PASS,694297,"Pfaadt, Brandon",CS,2B,high,
f42ff922-3f02-4528-b41c-e28d72af7e9e,AWAY,59.65682485701035,19.3,201.0,129.0,L,0.78,25.35,8.0,release_not_at_hand,,release_not_at_hand,665625,"Peguero, Elvis",SB,2B,not measured,release_not_at_hand
6fb293cf-4a40-4437-9b4a-064ca9e71d5f,AWAY,59.81776448494123,24.7,174.0,,,0.13,,9.0,cut_in_window,,cut_in_window,666205,"Muller, Kyle",SB,2B,not measured,cut_in_window
0f7e7e60-2bd1-474a-9100-3c2332cc3ef1,AWAY,59.64326049824057,20.9,,,,,,,no_release,,release_not_at_hand,605540,"Woodruff, Brandon",SB,2B,not measured,no_release
1076e250-dc87-42e1-a828-ebb52f75836e,HOME,59.66823917808466,9.8,178.0,121.0,L,0.18,14.67,9.0,PASS,0.955,PASS,672851,"Adon, Joan",SB,2B,high,
1bb6abfe-fc59-407e-97ce-4953331db323,HOME,59.66821934343828,11.5,176.0,120.0,L,0.21,10.1,9.0,PASS,0.939,PASS,664126,"Fairbanks, Pete",SB,2B,high,
ece416e7-5095-47a0-96f4-2e99d403a7cc,HOME,59.70728223868146,9.8,196.0,123.0,L,0.18,40.16,9.0,PASS,1.223,PASS,664353,"Urquidy, José",SB,2B,high,
7e792ea4-a16a-4a03-848b-9a8a3320c157,AWAY,59.625721938888184,19.0,180.0,131.0,L,0.12,6.13,6.0,PASS,0.822,no_release,592791,"Taillon, Jameson",SB,2B,high,
e9c2a4fe-5634-4e29-8792-3d51e2d38b50,HOME,59.778028539187815,12.5,183.0,120.0,L,0.17,12.45,9.0,PASS,1.054,PASS,680704,"Sandlin, Nick",SB,2B,high,
1f3e3840-6037-420b-9511-1c6bbc95d560,HOME,59.682899073138785,5.2,173.0,116.0,L,0.14,22.53,5.0,PASS,0.955,PASS,660813,"Graterol, Brusdar",SB,3B,high,
21bd06f1-7361-4386-8caf-24c39d948906,HOME,59.758170752349486,11.1,177.0,115.0,R,0.14,23.72,9.0,PASS,1.038,PASS,664285,"Valdez, Framber",SB,2B,high,
b4b393b3-032c-49da-bfef-2f20eec5f6de,AWAY,59.75454362551137,26.9,194.0,131.0,L,0.19,16.24,8.0,PASS,1.054,release_not_at_hand,607192,"Glasnow, Tyler",SB,2B,high,
7a7cc725-42de-4a08-975f-35ecc3b67afb,AWAY,59.74133274015698,10.4,172.0,123.0,R,0.16,8.96,8.0,PASS,0.82,cut_in_window,608344,"Irvin, Cole",CS,2B,high,
0c798067-ac39-4f25-a89d-bb100f5c11ee,HOME,59.77631778521079,13.6,176.0,120.0,L,0.14,16.08,9.0,PASS,0.937,PASS,675916,"Karinchak, James",SB,2B,high,
5a548387-f9e5-4b4a-aefc-7742a6053cc2,AWAY,59.668430720272056,20.799999999999997,177.0,125.0,L,0.16,4.12,9.0,PASS,0.871,no_release,571945,"Mikolas, Miles",CS,2B,low,lift_peak_in 4.12 outside 4.28-
89cea1c4-2bac-46ec-a60a-88acf79b4851,AWAY,59.75142817196441,28.4,196.0,134.0,L,0.26,17.54,9.0,PASS,1.038,no_set_before_lift,607192,"Glasnow, Tyler",SB,2B,high,
8a52fda4-0b03-4e8c-a78a-67c13a392c38,AWAY,59.69798184127581,10.4,192.0,,,1.0,,4.0,release_not_at_hand,,release_not_at_hand,605447,"Romano, Jordan",SB,3B,not measured,release_not_at_hand
c0e17fc9-52c0-4bd6-bd71-f8cc84d30349,AWAY,59.74628015488281,22.9,,,,,,,no_release,,no_release,543037,"Cole, Gerrit",SB,2B,not measured,no_release
1165f9a4-567f-4c35-aedb-28b2c0461221,AWAY,59.69046956745667,20.700000000000003,179.0,105.0,L,0.19,16.86,9.0,cut_in_window,,cut_in_window,605130,"Barlow, Scott",SB,2B,not measured,cut_in_window
e1fc3339-948a-4603-a4df-c1073b6bd31d,AWAY,59.6159824289736,16.8,177.0,125.0,R,0.15,6.77,9.0,PASS,0.872,no_release,657006,"Steele, Justin",SB,2B,high,
775a2ff2-c075-4917-b773-c40b5ae1c169,AWAY,59.628609463281165,8.4,,,,,,,no_release,,no_release,663903,"Singer, Brady",SB,2B,not measured,no_release
88ebcf1d-26f1-4f81-8eea-e1bcb1885e9e,HOME,59.711359927980645,11.4,174.0,114.0,L,0.19,15.18,9.0,PASS,1.005,PASS,506433,"Darvish, Yu",CS,2B,high,
b0ac2b70-d13e-4e6c-836a-6f4e1b485466,HOME,59.63582390203822,9.0,180.0,121.0,L,0.18,13.51,7.0,PASS,0.989,PASS,663903,"Singer, Brady",SB,3B,high,
29fa8679-db9f-4656-8f76-196ab025f2be,HOME,59.77785568710245,11.7,175.0,126.0,L,0.23,14.58,9.0,PASS,0.82,PASS,571882,"Law, Derek",SB,2B,high,
de35564a-f1e8-42f9-8eda-b04dba1703f0,AWAY,59.64102852641648,30.6,179.0,117.0,L,0.25,4.32,9.0,cut_in_window,,cut_in_window,543294,"Hendricks, Kyle",SB,2B,not measured,cut_in_window
89efc0ef-4c65-4942-aeaf-f57b7eba0023,AWAY,59.76162613713094,25.0,,,,,,,no_release,,no_release,666808,"Doval, Camilo",SB,3B,not measured,no_release
9606d862-b214-4c21-b305-18e0e85f055c,HOME,59.761106107324125,12.5,202.0,146.0,L,0.13,13.02,7.0,PASS,0.937,PASS,623167,"Flexen, Chris",SB,3B,high,
ee17c44c-7fe8-4362-9ee4-fdc00bb1d6f8,AWAY,,10.8,,,,,,,no_clip,,cut_in_window,623437,"Topa, Justin",CS,2B,not measured,no_clip
86a03bbe-e7af-4882-8c70-e6d70b284a5c,HOME,59.74806865319481,12.6,176.0,115.0,L,0.15,21.05,8.0,PASS,1.021,PASS,471911,"Carrasco, Carlos",SB,2B,high,
e7f55070-39ee-441f-b085-6874c76f61f7,HOME,59.67365197797935,9.3,176.0,116.0,L,0.09,22.5,8.0,PASS,1.005,PASS,686613,"Brown, Hunter",SB,2B,high,
49386e73-1a9e-48e6-844a-6ee1217d02b2,HOME,59.73482618016031,12.2,180.0,108.0,L,0.25,23.28,9.0,PASS,1.205,PASS,601713,"Pivetta, Nick",SB,2B,high,
280752f2-1aa6-4078-8954-061c60c920a9,HOME,59.66644483637275,5.1,180.0,114.0,L,0.15,11.26,9.0,PASS,1.106,PASS,656322,"Coonrod, Sam",SB,2B,high,
9575aa59-88a6-4316-b175-d0f30b7d025d,HOME,59.77000357287762,12.4,178.0,125.0,L,0.24,13.58,9.0,PASS,0.887,PASS,657376,"Schmidt, Clarke",SB,2B,high,
d00fa271-3e3d-494b-8d1b-bce0599b54e5,AWAY,59.65237971643124,21.1,178.0,121.0,L,0.25,9.54,8.0,PASS,0.956,cut_in_window,543294,"Hendricks, Kyle",SB,2B,high,
1c478832-7224-4a37-9da7-fa81ce5c33aa,AWAY,59.74833278010803,23.700000000000003,178.0,105.0,L,0.21,12.43,9.0,cut_in_window,,cut_in_window,660853,"De Los Santos, Enyel",SB,2B,not measured,cut_in_window
4c7010e3-6415-47ec-a9bf-ad1d00eac249,HOME,59.72540263396211,10.4,181.0,131.0,L,0.15,7.11,9.0,PASS,0.837,PASS,605280,"Holmes, Clay",SB,2B,high,
e7c2519c-ae68-4f61-a465-e3d9789ad5b6,AWAY,,11.3,,,,,,,no_clip,,cut_in_window,676106,"Hancock, Emerson",SB,2B,not measured,no_clip
53a39865-3283-40dd-b04e-f00b08074739,AWAY,59.76114943197803,22.9,187.0,121.0,L,1.0,11.68,6.0,release_not_at_hand,,release_not_at_hand,621112,"Blackburn, Paul",SB,2B,not measured,release_not_at_hand
cdfaf750-0cc5-417e-91f7-7bf97f7fa3d3,AWAY,59.74731863162044,9.7,174.0,112.0,R,0.15,36.13,7.0,PASS,1.038,cut_in_window,677960,"Weathers, Ryan",SB,3B,high,
7d398483-631d-4d85-90c9-cb263c8bf4be,HOME,59.61375256152843,9.7,174.0,115.0,R,0.13,19.9,9.0,PASS,0.99,PASS,656353,"Davidson, Tucker",SB,3B,high,
4c9a2a4a-2471-4233-aab4-b03d603fa354,HOME,59.68314205362286,10.4,176.0,114.0,L,0.14,13.46,9.0,PASS,1.039,PASS,666204,"Jiménez, Dany",CS,2B,high,
0a507343-7317-4206-b2af-c82eed379838,AWAY,59.71825676542457,23.0,177.0,118.0,R,0.14,21.79,9.0,PASS,0.988,cut_in_window,579328,"Kikuchi, Yusei",SB,3B,high,
94bc3daa-6944-4d7f-b163-b40cae270e0a,HOME,59.70129966628007,12.7,181.0,128.0,R,0.1,17.81,8.0,PASS,0.888,PASS,579328,"Kikuchi, Yusei",SB,2B,high,
6e64ad1e-0d0f-4bfb-a4eb-69612791a8e4,AWAY,59.72336090524624,10.2,,,,,,,no_release,,no_release,666974,"Cano, Yennier",SB,2B,not measured,no_release
1b1ab055-4563-47c4-adc9-1cb23ada539c,AWAY,59.67395016386371,20.0,173.0,,,0.18,,9.0,no_set_before_lift,,no_set_before_lift,592789,"Syndergaard, Noah",SB,2B,not measured,no_set_before_lift
4a32eda5-a4bc-4ed7-bb61-1fca89829186,HOME,59.671881156053445,4.9,185.0,122.0,L,0.34,22.28,9.0,PASS,1.056,PASS,669424,"Lambert, Jimmy",CS,2B,low,release_to_wrist 0.34 outside -0.32
9ee70a20-7d30-4d0d-899a-a56184976101,HOME,59.75999614451638,14.1,178.0,130.0,L,0.1,5.27,8.0,PASS,0.803,PASS,656731,"Megill, Tylor",SB,2B,high,
13ec0903-b554-44f5-bfdc-cf484e407978,HOME,59.6897576708158,9.3,174.0,114.0,R,0.14,6.77,9.0,PASS,1.005,PASS,663687,"Harris, Hogan",SB,2B,high,
b956a2df-97f4-46e1-8a98-6cb771f0f69a,HOME,59.70104420505619,14.7,179.0,116.0,L,0.17,12.25,9.0,PASS,1.055,PASS,592789,"Syndergaard, Noah",SB,2B,high,
2a672d51-9e37-4543-b520-95b738c16e37,HOME,59.78717161358546,6.0,176.0,117.0,L,0.08,12.81,6.0,PASS,0.987,PASS,693821,"Elder, Bryce",SB,2B,high,
5f44feab-23c3-4f77-8995-fcb5d276f044,HOME,59.70513874863505,10.6,177.0,125.0,L,0.14,13.22,9.0,PASS,0.871,PASS,667755,"Soriano, José",CS,2B,high,
18cc1316-4b0c-4345-bc1a-1a85c2459814,HOME,59.73816887683769,12.4,179.0,117.0,L,0.14,15.92,9.0,PASS,1.038,PASS,676272,"Miller, Bobby",SB,2B,high,
a51de36e-1fd6-4e4f-9849-9ef4d6c1817d,HOME,59.696110738288645,4.8,174.0,122.0,L,0.16,4.76,9.0,PASS,0.871,PASS,608337,"Giolito, Lucas",SB,2B,high,
3529d816-690c-4bdb-b1e6-918f671b5b39,HOME,59.610268985562605,8.3,172.0,120.0,L,0.2,7.77,9.0,PASS,0.872,PASS,425844,"Greinke, Zack",SB,2B,high,
d5083ffe-e8e9-4727-ab8f-dcc2172ed446,AWAY,59.73010093374683,21.5,170.0,,,0.27,,2.0,cut_in_window,,cut_in_window,666200,"Luzardo, Jesús",CS,2B,not measured,cut_in_window
14283470-3cda-4d8e-b5e8-e7a19d235813,AWAY,59.696715636991094,19.9,177.0,,,0.15,,9.0,no_set_before_lift,,no_set_before_lift,592789,"Syndergaard, Noah",SB,2B,not measured,no_set_before_lift
cc575cd9-b9ae-447b-8cd2-1add3fb0247c,HOME,59.64388623657681,9.2,178.0,123.0,L,0.14,4.12,6.0,PASS,0.922,PASS,676272,"Miller, Bobby",SB,2B,low,lift_peak_in 4.12 outside 4.28-
4487f1a8-1a06-4a0f-aa93-805330e84cc3,HOME,59.73629142621301,10.2,172.0,123.0,L,0.16,4.24,9.0,PASS,0.82,PASS,608337,"Giolito, Lucas",SB,2B,low,lift_peak_in 4.24 outside 4.28-
e15335d9-f115-4a3c-b7ba-95bab3c3f258,HOME,59.70062893341696,5.2,179.0,112.0,L,0.15,19.82,9.0,PASS,1.122,PASS,641793,"Littell, Zack",SB,2B,high,
fa521852-ec33-46c2-bf9d-17606a3fde66,HOME,59.679074271060045,11.1,176.0,126.0,L,0.14,11.39,6.0,PASS,0.838,PASS,621016,"Cuas, Jose",SB,2B,high,
56486e82-aa33-4449-abcc-e252ce4c2888,HOME,59.69687964338782,12.1,178.0,111.0,R,0.17,15.72,6.0,PASS,1.122,PASS,621345,"Minter, A.J.",SB,2B,high,
b9ff1664-f8e9-4954-9cbd-e214c9c976d8,HOME,59.61773946219831,9.1,181.0,115.0,L,0.16,19.97,9.0,PASS,1.107,PASS,656638,"Lange, Alex",SB,2B,high,
ba7ccc5f-9301-41c0-b878-56640c129c05,HOME,59.771021088276925,10.4,179.0,123.0,L,0.45,4.78,9.0,PASS,0.937,PASS,608337,"Giolito, Lucas",SB,2B,low,release_to_wrist 0.45 outside -0.32
ec15be92-a961-4153-b42f-c62eae617aad,HOME,59.69049373618276,9.3,175.0,120.0,L,0.19,14.31,9.0,PASS,0.921,PASS,664747,"Díaz, Alexis",CS,2B,high,
21d9ea52-5b28-46b4-9d8c-4e911d5109a3,HOME,59.707857980594945,12.9,184.0,122.0,L,0.18,19.78,8.0,PASS,1.038,PASS,680686,"Gray, Josiah",CS,2B,high,
c42abf7a-7c05-4159-87e1-59c913b97128,AWAY,59.63005978595537,19.8,177.0,117.0,L,0.15,22.18,9.0,PASS,1.006,cut_in_window,661309,"Martinez, Adrián",SB,2B,high,
cdbf5cad-8ce0-4c2c-ad9d-c8a5b695f4f8,AWAY,59.66382112746782,20.9,177.0,118.0,L,0.24,22.18,9.0,PASS,0.989,no_release,656629,"Kopech, Michael",SB,2B,high,
b0485f64-d3a3-401a-9c36-8fbac737949e,HOME,59.72533657127157,9.9,180.0,119.0,R,0.13,19.19,6.0,PASS,1.021,PASS,500779,"Quintana, Jose",CS,2B,high,
aa6901fe-ddd2-4a0d-bfb1-23df60027fb5,HOME,59.713861829375226,12.1,178.0,114.0,L,0.13,22.27,9.0,PASS,1.072,PASS,661309,"Martinez, Adrián",CS,3B,high,
44271aae-2444-492a-9432-1f6ff9efa7de,HOME,59.74722793709135,11.0,177.0,118.0,L,0.24,3.64,9.0,PASS,0.987,PASS,669467,"Pallante, Andre",SB,2B,low,lift_peak_in 3.64 outside 4.28-
ca244c37-5b85-4567-87b6-220ad02ed4f2,HOME,59.681697612732094,12.1,180.0,125.0,R,0.14,10.26,9.0,PASS,0.922,PASS,669373,"Skubal, Tarik",SB,3B,high,
9e773855-0c75-47a9-8edc-d869816e9bde,AWAY,59.79601877781436,28.8,179.0,117.0,L,0.25,23.23,7.0,PASS,1.037,no_set_before_lift,623437,"Topa, Justin",SB,3B,high,
b738466f-4705-496d-bea2-3896d02098d4,HOME,59.60634365487699,6.5,175.0,119.0,L,0.14,19.46,9.0,PASS,0.939,PASS,689225,"Brieske, Beau",SB,2B,high,
2aa7b56a-a6a3-4461-b418-252b22c19947,AWAY,59.69767562664578,19.6,180.0,121.0,L,0.16,22.36,9.0,PASS,0.988,cut_in_window,607625,"Lugo, Seth",SB,3B,high,
ea930e71-85a8-4b5c-93c4-8c5e1cab2407,HOME,59.80826174909848,15.0,179.0,116.0,R,0.11,9.76,9.0,PASS,1.053,PASS,672282,"Detmers, Reid",SB,2B,high,
6bb0ebc0-5513-469d-beaa-d7b19bce8c40,HOME,59.761736173878425,5.4,178.0,126.0,R,0.2,5.6,6.0,PASS,0.87,PASS,607481,"Bummer, Aaron",SB,2B,high,
96370ea4-40c0-450c-91fa-d0c05081ba2b,HOME,59.65319729133776,11.3,178.0,120.0,R,0.07,14.13,6.0,PASS,0.972,PASS,607481,"Bummer, Aaron",SB,2B,high,
9c92365b-8c94-44f6-b163-4122500ef3d0,HOME,59.78400617125225,5.5,178.0,115.0,R,0.1,18.42,9.0,PASS,1.054,PASS,676395,"Garcia, Robert",SB,2B,high,
b9675c12-7cc6-4f20-b257-6cf38d46472b,AWAY,59.77478792026003,29.6,177.0,121.0,R,0.14,4.98,9.0,PASS,0.937,release_not_at_hand,669022,"Gore, MacKenzie",SB,2B,high,
0538d45d-d435-4847-b6b7-1d4f99a08ee8,HOME,59.64775183369851,9.7,173.0,111.0,R,0.12,8.08,9.0,PASS,1.039,PASS,672282,"Detmers, Reid",SB,2B,high,
2b7c94b1-efa9-4b05-9fc3-f64fa0e92d82,AWAY,59.690993593769626,23.5,196.0,131.0,L,0.55,19.46,9.0,PASS,1.089,no_release,661395,"Duran, Jhoan",SB,2B,low,release_to_wrist 0.55 outside -0.32
c48355d7-49c2-4cf2-8131-dd1ec670a3ff,HOME,59.68453532398568,5.1,191.0,127.0,L,0.19,19.16,9.0,PASS,1.072,PASS,596001,"Junis, Jakob",SB,2B,high,
c5d2af4e-2d44-4796-afcf-29e886695288,HOME,59.69442141418927,5.1,179.0,114.0,R,0.12,19.96,9.0,PASS,1.089,PASS,666205,"Muller, Kyle",SB,2B,high,
14722393-2c87-4259-be2a-76c1251276ca,AWAY,59.67868812779862,20.3,170.0,138.0,L,0.1,13.07,7.0,PASS,0.536,no_release,628317,"Maeda, Kenta",SB,2B,low,delivery_s 0.536 outside 0.7-1.31
6fc8b950-1238-4f15-b573-d71cf4a2fc37,HOME,59.65874590130753,10.2,190.0,137.0,L,0.24,14.57,9.0,PASS,0.888,PASS,592426,"Jackson, Luke",SB,2B,high,
d894ce72-ca91-4b67-9ea7-2254ed43f103,HOME,59.68336991547191,11.9,178.0,123.0,R,0.09,14.52,7.0,PASS,0.922,PASS,607481,"Bummer, Aaron",SB,3B,high,
3daadefb-4fc3-456a-a722-378f741e9c13,HOME,59.632976225090026,9.5,189.0,129.0,L,0.17,18.54,9.0,PASS,1.006,PASS,656546,"Hoffman, Jeff",SB,2B,high,
9ece9837-4b1e-4ea2-8ccf-20f4ea28847e,HOME,59.630986489464775,9.4,171.0,104.0,R,0.11,9.52,9.0,PASS,1.124,PASS,672282,"Detmers, Reid",SB,2B,high,
b06c369c-e572-4e6d-acfb-3064542fad77,HOME,59.67622036838193,10.3,182.0,108.0,R,0.12,24.99,7.0,PASS,1.24,PASS,624647,"González, Victor",SB,3B,high,
9bd8aa93-4506-4f7f-8aae-44288213787b,HOME,59.731603358419285,5.1,178.0,106.0,R,0.32,25.06,9.0,PASS,1.205,PASS,624647,"González, Victor",SB,2B,high,
5c19759a-95e4-457e-97ca-921ad112fbb8,HOME,59.7600829919979,11.5,177.0,110.0,R,0.1,9.65,9.0,PASS,1.121,PASS,672282,"Detmers, Reid",SB,2B,high,
f62c2965-cecf-4547-bcc4-1e00bca17ce5,HOME,59.72805348049063,5.4,182.0,131.0,R,0.12,15.55,9.0,PASS,0.854,PASS,670046,"Rosenberg, Kenny",SB,2B,high,
41dd2d7a-bce5-47fc-812a-5f4e62acba52,HOME,59.61366442179033,5.2,193.0,132.0,L,0.41,9.07,6.0,PASS,1.023,PASS,664875,"Lawrence, Justin",SB,3B,low,release_to_wrist 0.41 outside -0.32
c94b07bf-ce10-4a9c-b9e5-e1ca5f127e47,HOME,59.628975265017665,10.2,185.0,127.0,R,0.2,4.43,9.0,PASS,0.973,PASS,571760,"Heaney, Andrew",CS,2B,high,
45b5a5e1-d51c-4c57-8023-fccf4640a5c5,AWAY,59.658422388259225,22.3,179.0,121.0,R,0.18,27.9,9.0,PASS,0.972,cut_in_window,642239,"Zastryzny, Rob",CS,2B,high,
e38e4b92-0d19-4758-9463-0b063e28e680,HOME,59.78071428678287,14.7,175.0,105.0,L,0.43,19.65,9.0,PASS,1.171,PASS,612434,"Castro, Miguel",SB,2B,low,release_to_wrist 0.43 outside -0.32
ef8c768c-013c-4cbd-b17a-c363ee867bbe,HOME,59.70155898534062,10.8,180.0,123.0,L,0.28,10.55,9.0,PASS,0.955,PASS,680739,"Winder, Josh",SB,2B,high,
2c972dd7-19a6-4150-86df-1f63a11a1b6f,AWAY,59.71241447440635,10.0,180.0,116.0,L,0.21,16.22,9.0,PASS,1.072,cut_in_window,641154,"López, Pablo",SB,2B,high,
12e0d513-c3e6-4c4d-a3b4-93f2ba943e17,HOME,59.666168854545,11.6,181.0,135.0,L,0.1,4.01,7.0,PASS,0.771,PASS,641585,"France, J.P.",SB,2B,low,lift_peak_in 4.01 outside 4.28-
1fa703f5-e978-45fc-96ae-1655bf137eff,AWAY,59.729896132349296,25.3,183.0,127.0,L,0.86,4.1,9.0,release_not_at_hand,,release_not_at_hand,571945,"Mikolas, Miles",SB,2B,not measured,release_not_at_hand
b58bf484-be5d-48a3-ad88-0550a277b8a7,HOME,59.66779750410663,17.3,179.0,110.0,R,0.18,12.51,9.0,PASS,1.156,PASS,621383,"Banks, Tanner",SB,2B,high,
3e0cf495-dee7-40dc-a124-10d4c45d3492,HOME,59.74474905991071,26.1,173.0,109.0,L,0.31,18.15,9.0,PASS,1.071,PASS,657277,"Webb, Logan",SB,2B,high,
512abb56-024a-4fec-9a18-59c1fbd0fba4,HOME,59.595490737705184,16.0,179.0,116.0,L,0.17,14.9,9.0,PASS,1.057,PASS,656638,"Lange, Alex",SB,2B,high,
35cdc16f-b193-4da5-9bda-2873f44bc9f8,HOME,59.697667494544675,20.1,175.0,110.0,L,0.31,17.43,9.0,PASS,1.089,PASS,657277,"Webb, Logan",SB,2B,high,
1bc5ed26-d9b2-4dbb-8689-97f9f5660d12,HOME,59.7282161815006,12.0,177.0,120.0,R,0.14,19.75,9.0,PASS,0.954,PASS,608718,"Suter, Brent",SB,2B,high,
b63aeca4-a5ea-4c24-9a2a-ba5939e738af,AWAY,,11.9,,,,,,,no_clip,,cut_in_window,663903,"Singer, Brady",SB,2B,not measured,no_clip
24bfd147-3eb4-4f94-af7d-d4a102b751b4,HOME,59.65814567110901,10.5,180.0,122.0,L,0.19,29.31,9.0,PASS,0.972,PASS,686839,"White, Brendan",SB,2B,high,
bcc8236c-25b8-4061-b958-d9f133e3455f,AWAY,59.67854311318261,21.6,183.0,112.0,L,0.78,19.5,9.0,release_not_at_hand,,release_not_at_hand,543037,"Cole, Gerrit",SB,2B,not measured,release_not_at_hand
b7840ed9-4ac2-40c2-9165-c28c118d250a,AWAY,59.698943939473544,20.5,188.0,123.0,R,0.59,5.34,8.0,PASS,1.089,release_not_at_hand,666129,"Garrett, Braxton",SB,3B,low,release_to_wrist 0.59 outside -0.32
43cf2483-9828-4b14-a0df-650ff445c6cc,HOME,59.73593475354103,5.1,180.0,125.0,R,0.23,12.56,7.0,PASS,0.921,PASS,592473,"Kolarek, Adam",SB,2B,high,
dbe90d86-41a0-423f-8d22-e09249db7b65,AWAY,,11.7,,,,,,,no_clip,,cut_in_window,676710,"Crawford, Kutter",SB,2B,not measured,no_clip
dacf7226-1a74-4993-b1c7-f32eb5834d3a,HOME,59.77550678505612,13.9,198.0,132.0,L,0.26,19.4,9.0,PASS,1.104,PASS,605540,"Woodruff, Brandon",SB,2B,high,
b2f256ee-466d-40be-b683-4380a6178234,AWAY,59.818687039505534,31.5,139.0,,,0.04,,6.0,no_set_before_lift,,release_not_at_hand,668881,"Greene, Hunter",SB,2B,not measured,no_set_before_lift
b4e96771-82cd-4588-a183-b8ce226db2c8,HOME,59.674330515378834,10.3,179.0,116.0,L,0.2,26.16,9.0,PASS,1.056,PASS,686613,"Brown, Hunter",SB,2B,high,
c2929e5e-f0b1-4cda-8ed9-10f4985cc2ae,AWAY,59.70307416787648,9.2,179.0,111.0,R,0.07,4.98,8.0,PASS,1.139,cut_in_window,571901,"Loup, Aaron",SB,3B,high,
f361ae7f-c6b4-490e-b77c-2943d2b45a81,AWAY,59.843057097171965,7.9,,,,,,,no_release,,no_set_before_lift,681217,"Silseth, Chase",SB,3B,not measured,no_release
efef4669-648b-4aff-bd09-edd8eb6b480c,AWAY,59.6803735138453,18.2,,,,,,,no_release,,no_set_before_lift,623149,"Sewald, Paul",SB,2B,not measured,no_release
88c2db1e-adf0-4b4e-97e5-de2089ef8cd3,AWAY,,5.4,,,,,,,no_clip,,no_release,661395,"Duran, Jhoan",CS,2B,not measured,no_clip
9ce85ba4-8756-4855-a71c-db4571fef1fe,HOME,59.7524769703995,11.4,177.0,112.0,L,0.22,24.89,9.0,PASS,1.088,PASS,663752,"Morris, Cody",SB,2B,high,
58eddc14-7b3b-44be-858d-e2d0944e3740,AWAY,59.74085093533243,26.7,181.0,,,0.18,,9.0,no_set_before_lift,,cut_in_window,628711,"Urías, Julio",SB,2B,not measured,no_set_before_lift
4b8312fc-d042-4e96-b4c8-3c0fc2b5c58b,HOME,59.74946175848312,12.3,184.0,136.0,L,0.13,6.11,7.0,PASS,0.803,PASS,676254,"Walker, Ryan",SB,2B,high,
43c4134e-4b9c-41ff-8c8d-ab0c1fd3b9c6,HOME,59.70528316221249,9.7,188.0,132.0,L,0.16,26.09,7.0,PASS,0.938,PASS,656464,"Ginkel, Kevin",SB,3B,high,
3f28f926-00f2-4e44-9c7a-c6800b5e3d31,HOME,59.668028785303584,11.1,179.0,110.0,L,0.17,24.01,9.0,PASS,1.156,PASS,686613,"Brown, Hunter",SB,2B,high,
a8de35ba-0ae4-42fb-be41-ceb9a0ce4ffa,HOME,59.51278451628985,9.1,186.0,124.0,L,0.19,20.62,9.0,PASS,1.042,PASS,669302,"Gilbert, Logan",SB,2B,high,
1640c828-0c13-4d71-8993-0d24d13f0c8c,HOME,59.74428516079039,5.1,181.0,133.0,R,0.16,3.88,9.0,PASS,0.803,PASS,572020,"Paxton, James",SB,2B,low,lift_peak_in 3.88 outside 4.28-
48df3331-18a8-4d09-9f18-9807d6c812b8,HOME,59.719577635450925,12.6,182.0,120.0,L,0.2,18.09,6.0,PASS,1.038,PASS,657746,"Ryan, Joe",CS,3B,high,
d67182d2-55f2-4b8a-84fd-74e2465690ed,HOME,59.645123990317025,9.6,183.0,130.0,R,0.18,25.46,9.0,PASS,0.889,PASS,696136,"Wicks, Jordan",SB,3B,high,
d056777a-8bc4-4e7b-9ec2-c220c04b0cfb,AWAY,59.68286165668702,20.0,181.0,125.0,L,0.48,3.82,9.0,PASS,0.938,no_release,691587,"Pérez, Eury",CS,2B,low,release_to_wrist 0.48 outside -0.32; lift_peak_in 3.82 outside 4.28-
63c052c7-8022-44dd-ac63-f2f0f52fb880,AWAY,59.77473192781459,23.0,,,,,,,no_release,,no_release,641360,"Bickford, Phil",SB,2B,not measured,no_release
b76828b7-478a-4e06-a032-d5144a0b5536,HOME,59.63668803669474,5.2,176.0,104.0,L,0.18,31.81,9.0,PASS,1.207,PASS,641360,"Bickford, Phil",SB,3B,high,
1d243122-48c5-4d10-9503-3e7c1945c738,AWAY,59.80156752593666,26.700000000000003,182.0,121.0,L,0.15,14.16,9.0,PASS,1.02,cut_in_window,623167,"Flexen, Chris",SB,2B,high,
f6f2ce37-d6b6-4300-9c21-3ea3a3d4bd53,HOME,59.76950427070988,6.9,179.0,112.0,L,0.15,24.99,9.0,PASS,1.121,PASS,658648,"Avila, Pedro",SB,3B,high,
a9ac9574-35a9-4009-bb5f-a29ba7d53745,AWAY,59.720663135966355,25.2,179.0,110.0,R,0.09,27.66,9.0,PASS,1.155,no_set_before_lift,594580,"Moll, Sam",SB,3B,high,
d4463b2e-9dd8-4d07-89fd-493c2bc7f869,AWAY,59.69369528558094,21.2,199.0,,,0.13,,7.0,no_set_before_lift,,no_set_before_lift,640455,"Manaea, Sean",SB,3B,not measured,no_set_before_lift
1eb77f26-9bc0-41bf-b4f0-6ff3b781a43b,AWAY,59.67144670828134,19.1,,,,,,,not_cf_view,,release_not_at_hand,669684,"Murphy, Chris",SB,2B,not measured,not_cf_view
f9b10ba8-7eac-41a2-b9d6-d4c2b4c7c398,HOME,59.80757562624599,14.9,183.0,115.0,R,0.58,26.33,7.0,PASS,1.137,PASS,607074,"Rodón, Carlos",SB,2B,low,release_to_wrist 0.58 outside -0.32
24366c36-b776-45ee-b35a-b108640c918e,HOME,59.72204598451928,9.8,178.0,111.0,L,0.13,15.13,9.0,PASS,1.122,PASS,656061,"Abreu, Albert",SB,2B,high,
802d913b-0e92-4d4d-a3ea-a75679f7aab8,AWAY,59.75944203552542,30.1,184.0,121.0,L,1.01,10.48,6.0,release_not_at_hand,,release_not_at_hand,607259,"Martinez, Nick",SB,2B,not measured,release_not_at_hand
40963f0c-f974-4063-b528-4a169fde2bed,HOME,59.66403229972585,14.6,197.0,135.0,L,0.22,19.65,8.0,PASS,1.039,PASS,665871,"Assad, Javier",SB,2B,high,
f080fed7-588c-4fc1-abea-5f5595165061,HOME,59.61679648040098,9.8,193.0,125.0,R,0.21,21.11,8.0,PASS,1.141,PASS,663559,"Falter, Bailey",SB,3B,high,
645742be-b5bf-43f2-8068-6ad63d4171d2,AWAY,59.717231798241066,21.799999999999997,,,,,,,no_release,,no_release,679525,"Marsh, Alec",SB,2B,not measured,no_release
9a617d5d-008b-4788-b671-1a93468f9455,HOME,59.74533670489876,14.0,182.0,126.0,L,0.21,14.35,7.0,PASS,0.937,PASS,656427,"Flaherty, Jack",SB,2B,high,
7226e0d7-8a94-497a-8d3a-8684d3529504,HOME,59.673707229061606,5.4,178.0,108.0,L,0.18,10.55,9.0,PASS,1.173,PASS,656061,"Abreu, Albert",SB,3B,high,
f005ed5e-ee06-4fab-826e-1b7f4db6d3ca,AWAY,59.679447516017646,19.7,178.0,,,0.14,,9.0,no_set_before_lift,,cut_in_window,663559,"Falter, Bailey",SB,2B,not measured,no_set_before_lift
54bc505d-b897-4a36-a616-b53caca6a154,AWAY,59.70170394187051,17.5,,,,,,,no_release,,no_release,665871,"Assad, Javier",SB,2B,not measured,no_release
ee07c1d1-a791-47fd-bd40-55cf4d5d7fd4,AWAY,59.70751968617497,19.9,256.0,,,,,9.0,cut_in_window,,no_release,605182,"Clevinger, Mike",SB,2B,not measured,cut_in_window
428db99d-fbbd-4689-8f83-a95925e458ea,AWAY,59.68625884754488,16.3,,,,,,,no_release,,no_release,605182,"Clevinger, Mike",SB,3B,not measured,no_release
6be7d66d-4caa-4d6a-8d8d-0a1a7425122e,AWAY,59.69541614680955,18.8,191.0,122.0,L,1.24,18.17,7.0,release_not_at_hand,,release_not_at_hand,664139,"Gibaut, Ian",SB,2B,not measured,release_not_at_hand
254906ee-6e47-46be-ac2c-b7c0b58982f7,AWAY,59.75762390099073,11.7,181.0,116.0,L,0.52,21.16,9.0,PASS,1.088,cut_in_window,656382,"Doyle, Tommy",SB,2B,low,release_to_wrist 0.52 outside -0.32
5dcd80be-d0d1-40b6-9b22-bd17af2e355b,HOME,59.75590617719135,5.2,183.0,120.0,L,0.52,18.4,9.0,PASS,1.054,PASS,607457,"Barraclough, Kyle",SB,2B,low,release_to_wrist 0.52 outside -0.32
8ddd1e6c-a868-4111-9fa7-08464988abf4,HOME,59.678934837359265,9.0,183.0,127.0,L,0.25,15.52,9.0,PASS,0.938,PASS,675916,"Karinchak, James",SB,3B,high,
b70928c2-45cf-4309-a964-b913ed6ae4a8,AWAY,59.76191623692708,19.3,179.0,153.0,L,0.21,2.66,9.0,cut_in_window,,no_release,656629,"Kopech, Michael",SB,2B,not measured,cut_in_window
63c8bd7c-0e3c-4c90-9f21-9be17d167bd1,AWAY,59.75178300668277,19.4,151.0,113.0,L,0.11,20.14,8.0,PASS,0.636,no_release,680686,"Gray, Josiah",SB,2B,low,delivery_s 0.636 outside 0.7-1.31
3902820d-52eb-45fd-a35d-3565af9a6209,HOME,59.80113468819665,9.8,178.0,111.0,L,0.2,25.77,9.0,PASS,1.12,PASS,592332,"Gausman, Kevin",SB,3B,high,
7a856bd6-8a28-48ee-9d85-4b79a9991bf4,AWAY,59.76776370162653,22.4,151.0,109.0,L,0.29,30.64,9.0,PASS,0.703,no_release,592332,"Gausman, Kevin",SB,2B,high,
3546377e-1eb9-41cb-83f4-6743fc3df418,HOME,59.714278515457686,9.1,171.0,106.0,L,0.21,15.31,8.0,PASS,1.089,PASS,693433,"Woo, Bryan",SB,2B,high,
0491b943-b43a-4228-8fc7-4bfd160da9d3,AWAY,59.74613550189677,11.2,173.0,119.0,L,0.06,14.79,8.0,PASS,0.904,no_release,607179,"Weems, Jordan",SB,2B,high,
efc13fef-8b6b-419b-8e30-9cbbef876668,HOME,59.701273333431246,9.4,200.0,148.0,L,0.15,4.66,9.0,PASS,0.871,PASS,608337,"Giolito, Lucas",SB,2B,high,
9a7c49ca-16e7-4931-bbdf-619f85741b9c,HOME,59.62544719085393,9.0,191.0,122.0,R,0.54,12.16,8.0,PASS,1.157,PASS,605483,"Snell, Blake",SB,2B,low,release_to_wrist 0.54 outside -0.32
5e026c6d-e3a3-4397-831a-92a530112ba6,AWAY,59.704008854811875,17.5,,,,,,,no_release,,no_release,592332,"Gausman, Kevin",SB,2B,not measured,no_release
70cd0d58-6ebe-4d41-834a-afad4ba8d5dc,HOME,59.67165052717728,8.4,203.0,135.0,L,0.17,30.14,9.0,PASS,1.14,PASS,608678,"Leone, Dominic",SB,2B,high,
db545cba-a8e9-4e93-a239-7c0549d41bbc,AWAY,59.69582470997019,14.8,,,,,,,no_release,,no_release,656629,"Kopech, Michael",SB,2B,not measured,no_release
c3a5d09b-62e1-46e5-a026-bab4fedd36db,AWAY,59.68301686597847,17.8,179.0,116.0,L,0.37,19.1,6.0,PASS,1.056,cut_in_window,592351,"Gray, Jon",SB,2B,low,release_to_wrist 0.37 outside -0.32
e3df3476-c6f3-4c88-b1e9-e32c6e57394b,AWAY,59.64406738733228,17.7,177.0,118.0,L,0.14,20.16,9.0,PASS,0.989,cut_in_window,656629,"Kopech, Michael",SB,2B,high,
65440f0d-07d4-4c76-869e-5fd69cdf4789,AWAY,59.74267316408136,21.7,179.0,124.0,L,0.12,16.29,9.0,PASS,0.921,cut_in_window,621244,"Berríos, José",SB,2B,high,
e30ed77c-7c85-4734-b0e4-ef86c584399e,HOME,59.659229482915826,10.0,177.0,123.0,R,0.11,7.5,8.0,PASS,0.905,PASS,682175,"Jacques, Joe",CS,2B,high,
c1cf75cd-7e84-40c7-92f5-d4d4dbe9c75a,AWAY,59.66087892416762,16.9,179.0,,,0.17,,9.0,no_set_before_lift,,no_set_before_lift,622098,"Smith, Drew",SB,2B,not measured,no_set_before_lift
583205a1-dd85-4d66-be6f-48c03292a551,AWAY,59.64863903865551,17.3,,,,,,,no_release,,not_cf_view,665152,"Kremer, Dean",SB,2B,not measured,no_release
c56df5b2-a753-478d-a44b-f81510763cbc,AWAY,59.62571234258108,7.4,,,,,,,not_cf_view,,no_set_before_lift,641941,"Pagán, Emilio",SB,2B,not measured,not_cf_view
28456f34-c2d9-43e5-8580-0e54202ebc86,AWAY,59.64616541704879,15.2,,,,,,,no_release,,no_release,641941,"Pagán, Emilio",SB,2B,not measured,no_release
eda3d076-676e-4822-a6d6-d2d5cc54b8e7,HOME,59.674295193019915,8.9,180.0,121.0,L,0.15,17.11,7.0,PASS,0.989,PASS,678394,"Bello, Brayan",SB,2B,high,
39098130-7e91-4bac-a0c9-463085d3554c,AWAY,59.68048918765692,9.8,174.0,113.0,L,0.2,16.22,9.0,PASS,1.022,cut_in_window,543766,"Shaw, Bryan",SB,3B,high,
76e72ed2-cb02-4176-9e0f-6fd53d1cfb58,AWAY,59.71082718300544,19.799999999999997,183.0,,,0.54,,9.0,no_set_before_lift,,cut_in_window,666168,"Thompson, Mason",SB,2B,not measured,no_set_before_lift
06c16036-1357-4213-ab25-03a7c4d86df9,AWAY,59.71986392130369,10.5,181.0,133.0,L,0.14,10.41,9.0,PASS,0.804,cut_in_window,670102,"Francis, Bowden",SB,2B,high,
7bb425f4-fef8-4d3a-93b3-9594f79bb4ef,HOME,59.6856555474501,10.0,179.0,120.0,L,0.16,19.4,7.0,PASS,0.989,PASS,657240,"Merryweather, Julian",CS,2B,high,
2bfc4056-dc94-4523-908e-0153378296b2,AWAY,59.732933190012766,15.8,,,,,,,no_release,,no_release,645261,"Alcantara, Sandy",CS,2B,not measured,no_release
608c1a29-2d08-4b6b-9dd8-dd1fe3835347,HOME,59.807760768956925,10.2,179.0,127.0,L,0.19,13.13,9.0,PASS,0.869,PASS,682847,"Ortiz, Luis",SB,2B,high,
4bf4f403-2fd8-4924-a0e3-d38d6bb94cae,AWAY,59.74626803155804,20.6,,,,,,,no_release,,no_release,518876,"Kelly, Merrill",SB,2B,not measured,no_release
470af0fc-e52e-4828-a027-0b6d7562f92f,AWAY,59.67427789979694,15.9,,,,,,,no_release,,no_release,518876,"Kelly, Merrill",CS,2B,not measured,no_release
34460252-3cf7-44ba-b3e2-cec36f8d7c06,HOME,59.707381796619835,9.8,175.0,124.0,R,0.13,12.64,9.0,PASS,0.854,PASS,607481,"Bummer, Aaron",SB,2B,high,
59e41b15-3deb-4f26-bdf7-f1e177a82524,HOME,59.75324490558921,9.2,183.0,128.0,L,0.08,15.39,9.0,PASS,0.92,PASS,547179,"Lorenzen, Michael",CS,3B,high,
c7c9811d-2296-4537-9ee1-16766e737e3f,AWAY,59.69636951449736,14.9,179.0,101.0,L,0.18,10.04,9.0,cut_in_window,,no_release,502085,"Robertson, David",SB,3B,not measured,cut_in_window
88b29b01-1652-48a7-9aac-43b6be394be3,AWAY,59.715331400949744,16.9,,,,,,,no_release,,no_release,502085,"Robertson, David",SB,2B,not measured,no_release
4e368d2c-a184-49ce-8e4e-80d5a6ff6f87,AWAY,59.66010379115002,10.2,183.0,127.0,R,0.14,4.91,9.0,PASS,0.939,cut_in_window,666214,"Wentz, Joey",SB,2B,high,
b6f97d2f-20b8-49a0-8e7b-a39cdaeac77e,HOME,59.65515884795445,10.6,179.0,118.0,L,0.16,22.23,9.0,PASS,1.023,PASS,641540,"Dunning, Dane",CS,2B,high,
e8f18121-b043-48ee-bfef-eb15233fb627,HOME,59.72870885510671,9.7,181.0,111.0,R,0.12,21.76,9.0,PASS,1.172,PASS,666214,"Wentz, Joey",SB,3B,high,
fff197e4-3b11-4e93-b65f-a912d3b8261f,AWAY,59.66973670445078,20.3,180.0,115.0,L,0.17,13.95,9.0,PASS,1.089,cut_in_window,643410,"Leiter Jr., Mark",SB,2B,high,
3db0f27c-a09a-44d0-87d4-4f97a28d07aa,HOME,59.69933038394751,6.6,175.0,123.0,L,0.12,16.23,9.0,PASS,0.871,PASS,686752,"Pepiot, Ryan",SB,2B,high,
6cac06b8-4bf3-4817-98da-79acdb6ffbd1,AWAY,59.698884650106294,14.9,180.0,117.0,L,0.21,12.4,9.0,PASS,1.055,cut_in_window,543294,"Hendricks, Kyle",SB,2B,high,
36e7104a-561f-41b5-bfbb-809966f7b673,AWAY,59.68117490588016,19.5,183.0,115.0,R,0.13,24.51,9.0,PASS,1.139,cut_in_window,519293,"Smith, Will",SB,2B,high,
c0b5c5b3-3924-46da-9ead-f629b9e6a4f0,AWAY,59.77147076971876,10.6,181.0,129.0,L,0.28,12.36,9.0,not_cf_view,,cut_in_window,682243,"Miller, Bryce",SB,2B,not measured,not_cf_view
e5503f3d-56cc-4458-a636-fcfa7b9f4c84,HOME,59.76249726007968,8.5,193.0,116.0,R,0.1,28.78,8.0,PASS,1.288,PASS,448179,"Hill, Rich",SB,3B,high,
ce2e0bfa-96d5-4361-ad8d-bb17d12b9163,HOME,59.65767314757083,10.4,183.0,122.0,L,0.36,18.69,4.0,PASS,1.023,PASS,623437,"Topa, Justin",SB,3B,low,release_to_wrist 0.36 outside -0.32; ball_pts 4.0 outside 5-
e789fdee-2b7e-4e27-abe7-575ad2ce9064,HOME,59.71276532486811,6.4,174.0,103.0,L,0.27,15.5,9.0,PASS,1.189,PASS,666204,"Jiménez, Dany",SB,3B,high,
2b5de6ad-016d-4604-bc26-c09cc6bfec49,AWAY,59.74587817357927,15.3,178.0,116.0,L,0.18,18.71,7.0,PASS,1.038,no_release,670241,"Vines, Darius",SB,2B,high,
38d8e4e0-b381-47dd-a718-6572f452f625,HOME,59.62795401751791,8.2,176.0,108.0,R,0.08,20.6,9.0,PASS,1.14,PASS,573009,"Mantiply, Joe",SB,2B,high,
4b03ddf4-cdfc-46c7-864f-601df34b7c12,AWAY,59.69466041071608,17.3,,,,,,,no_release,,no_release,592426,"Jackson, Luke",SB,2B,not measured,no_release
137016fc-a5e6-4892-ac6a-6ba475a5e3cc,HOME,59.71458100616981,8.8,179.0,117.0,L,0.19,26.06,9.0,PASS,1.038,PASS,686839,"White, Brendan",SB,2B,high,
bbdce3ef-af77-4e25-92be-144878895a46,HOME,59.633581925081224,8.0,181.0,123.0,L,0.24,15.57,9.0,PASS,0.973,PASS,656061,"Abreu, Albert",SB,3B,high,
35bb7a8b-a7fb-413c-a349-074b4dddae94,HOME,59.75862826060782,9.7,198.0,135.0,L,0.11,21.88,9.0,PASS,1.054,PASS,660813,"Graterol, Brusdar",SB,2B,high,
a39671d1-3e1a-49ce-93c5-0efa352bc372,HOME,59.71065026993254,8.6,181.0,127.0,L,0.22,15.44,8.0,PASS,0.904,PASS,657376,"Schmidt, Clarke",SB,2B,high,
9efdf661-dce6-41e9-80e5-5bf11e5362d8,AWAY,59.65337302526665,9.8,176.0,115.0,L,0.17,22.81,8.0,PASS,1.023,release_not_at_hand,666159,"Manning, Matt",CS,2B,high,
412c3c9f-ae96-4507-bfc1-5d1f8ce5ff2b,HOME,59.72080212006761,9.9,179.0,115.0,L,0.11,12.37,7.0,PASS,1.072,PASS,669270,"Kuhnel, Joel",SB,2B,high,
b1f75f56-c29b-4a3c-8255-2d0566ee181c,AWAY,59.78954081632653,20.3,185.0,107.0,L,0.15,17.58,9.0,cut_in_window,,cut_in_window,657053,"Toussaint, Touki",SB,2B,not measured,cut_in_window
98576e06-cf87-4c95-bca2-719e3bb946c9,AWAY,59.75708215714816,10.0,179.0,115.0,R,0.17,11.91,9.0,PASS,1.071,cut_in_window,593958,"Rodriguez, Eduardo",CS,2B,high,
f9e436e7-0245-46ee-8962-b616e2f68178,AWAY,59.71030829528214,16.0,,,,,,,no_release,,no_release,607179,"Weems, Jordan",SB,2B,not measured,no_release
afbdb56b-f851-4514-8a81-b7abbf4488e9,AWAY,,10.3,,,,,,,no_clip,,cut_in_window,607192,"Glasnow, Tyler",SB,2B,not measured,no_clip
5eff7371-09ea-42b9-8f92-392e9159607e,HOME,59.656875487392774,5.1,175.0,110.0,L,0.13,22.8,8.0,PASS,1.09,PASS,657248,"Otto Jr., Glenn",SB,2B,high,
00acc194-3e32-441c-b594-e0f63c0d6fbe,HOME,59.67357269990773,5.4,172.0,113.0,L,0.24,13.26,9.0,PASS,0.989,PASS,664139,"Gibaut, Ian",CS,2B,high,
8e7800e4-bd23-4004-9dba-29e414878630,HOME,59.70495496182973,5.2,177.0,118.0,L,0.22,19.01,9.0,PASS,0.988,PASS,608371,"Sims, Lucas",SB,2B,high,
4c48dd22-6123-4c6b-9d1c-4fbf5b8e345d,HOME,59.69068734200125,9.0,182.0,117.0,L,0.14,25.25,8.0,PASS,1.089,PASS,662253,"Muñoz, Andrés",SB,2B,high,
77ec9709-69a4-4c8f-8aaa-62721d385c0e,HOME,59.679348727043305,8.9,177.0,124.0,L,0.12,5.58,9.0,PASS,0.888,PASS,622103,"Reyes, Gerardo",SB,3B,high,
f2cead3a-30f6-4673-b3c3-b436520f57ad,AWAY,,8.0,,,,,,,no_clip,,release_not_at_hand,662253,"Muñoz, Andrés",SB,2B,not measured,no_clip
109c4eeb-8081-4847-9648-4af15a81e787,HOME,59.67003313922036,9.2,177.0,124.0,L,0.27,18.6,9.0,PASS,0.888,PASS,668933,"Ashcraft, Graham",CS,2B,high,
3f815808-55fa-40e8-bdfb-b6f5a624b089,HOME,59.75044311154919,5.1,173.0,116.0,L,0.13,14.39,9.0,PASS,0.954,PASS,623167,"Flexen, Chris",SB,2B,high,
98a5617f-6fcb-4b11-a0bd-2424eae2eade,HOME,59.60817559243903,4.9,178.0,107.0,R,0.06,26.3,9.0,PASS,1.191,PASS,594580,"Moll, Sam",SB,2B,high,
af8db1b9-75e7-49ed-9f3c-52258523c27d,HOME,59.713651140092686,8.5,178.0,117.0,L,0.14,16.35,8.0,PASS,1.022,PASS,453286,"Scherzer, Max",SB,2B,high,
c1c49548-938c-4e06-b65f-33a6ca8fc75c,HOME,59.65983021288771,8.0,179.0,111.0,L,0.19,24.93,7.0,PASS,1.14,PASS,657248,"Otto Jr., Glenn",SB,3B,high,
fda66613-0d86-48ca-aeaf-8d9ca6861b2e,HOME,59.74720818188391,5.3,178.0,118.0,R,0.12,17.79,9.0,PASS,1.004,PASS,687888,"Walter, Brandon",CS,2B,high,
1729983f-5ade-468f-8904-e579d9946043,AWAY,59.695480809117846,9.1,178.0,,,0.14,,9.0,no_set_before_lift,,cut_in_window,682010,"Ramsey, Lane",SB,2B,not measured,no_set_before_lift
3aa63d69-bace-4fdf-9839-cdf6d28fab1c,HOME,59.73282295469103,9.2,182.0,128.0,L,0.24,19.8,9.0,PASS,0.904,PASS,682010,"Ramsey, Lane",SB,2B,high,
e45d2ef7-1735-4948-a35e-83e9587afdf0,HOME,59.627553651623,4.8,175.0,126.0,R,0.22,14.35,9.0,PASS,0.822,PASS,696136,"Wicks, Jordan",SB,2B,high,
2c089021-eb72-49b3-90d6-19b274832b4f,HOME,59.692709168679535,9.5,178.0,113.0,L,0.2,19.44,9.0,PASS,1.089,PASS,572403,"VerHagen, Drew",SB,2B,high,
e2e6ce1b-8e80-49ce-9644-1d7f0b9ef685,HOME,59.67441209010785,7.6,178.0,116.0,L,0.36,17.95,9.0,PASS,1.039,PASS,623149,"Sewald, Paul",SB,2B,low,release_to_wrist 0.36 outside -0.32
f75fde82-dafe-4eb4-89ad-a06caba98bc8,AWAY,59.70703746948307,15.2,173.0,108.0,R,0.11,26.9,9.0,PASS,1.089,cut_in_window,594580,"Moll, Sam",SB,2B,high,
9c501921-8d0c-4e91-aa5b-7db7efda1f49,HOME,59.78216052516306,11.9,176.0,108.0,L,0.25,14.62,9.0,PASS,1.137,PASS,640470,"Alzolay, Adbert",SB,2B,high,
23e05f4a-5f51-4e79-95c8-d63a8b370ce3,AWAY,59.693953420305384,15.9,174.0,107.0,L,0.26,14.94,9.0,PASS,1.122,no_set_before_lift,643410,"Leiter Jr., Mark",SB,3B,high,
37aeb00a-1f39-46bf-b693-bcf5cd383bc3,AWAY,59.69363343856087,20.0,178.0,,,0.18,,9.0,no_set_before_lift,,no_set_before_lift,606965,"Devenski, Chris",SB,3B,not measured,no_set_before_lift
f834c70a-89f7-4d72-b75e-6a9aa2968f37,HOME,59.5700795037366,13.6,175.0,122.0,L,0.22,10.8,9.0,PASS,0.89,PASS,621112,"Blackburn, Paul",SB,2B,high,
1a6887f1-0341-48d1-927a-ed430579e77d,AWAY,,10.1,,,,,,,no_clip,,no_set_before_lift,607067,"Rea, Colin",SB,2B,not measured,no_clip
59f691ee-8150-456a-9e36-5b851aed3f6d,HOME,59.68314397319216,5.6,183.0,129.0,L,0.3,16.62,9.0,PASS,0.905,PASS,605182,"Clevinger, Mike",SB,2B,high,
56754d97-262a-4a57-bdaf-e5ce255e4b61,AWAY,,8.3,,,,,,,no_clip,,cut_in_window,605400,"Nola, Aaron",SB,2B,not measured,no_clip
f715ef19-eaf2-4f4b-8f70-285c8ffcca26,AWAY,59.67198490720705,17.1,180.0,117.0,L,0.27,26.17,9.0,PASS,1.056,not_cf_view,656887,"Reid-Foley, Sean",SB,2B,high,
86ae846d-9188-4388-8649-8fb5950db82f,HOME,59.60221429665449,7.3,177.0,111.0,R,0.12,20.96,9.0,PASS,1.107,PASS,671096,"Abbott, Andrew",SB,2B,high,
699fe8c9-3efb-4ac0-83a9-13d805712681,HOME,59.643174766430704,9.8,177.0,113.0,L,0.25,33.89,8.0,PASS,1.073,PASS,665871,"Assad, Javier",CS,2B,high,
e8143b80-7314-4f0d-a819-9c2c5ef17092,HOME,59.62557224917187,9.3,176.0,120.0,L,0.26,12.12,9.0,PASS,0.939,PASS,607067,"Rea, Colin",SB,3B,high,
9486bec9-5618-4647-af03-d0ad430151f3,HOME,59.63077359932407,8.5,182.0,117.0,L,0.29,29.9,8.0,PASS,1.09,PASS,656887,"Reid-Foley, Sean",SB,3B,high,
8ec8115b-0c05-4087-a836-f7d9b1943982,HOME,59.63159867590926,8.1,180.0,118.0,L,0.16,13.15,7.0,PASS,1.04,PASS,554340,"García, Yimi",SB,2B,high,
afe0b817-b20e-4dae-9fbc-4b60399f7384,AWAY,59.61247475669279,15.9,190.0,118.0,L,0.81,17.73,8.0,release_not_at_hand,,release_not_at_hand,664208,"Maton, Phil",SB,3B,not measured,release_not_at_hand
8c6967a5-314f-40c8-9106-7be65bc8b8a0,HOME,59.771467388008105,4.8,178.0,122.0,L,0.15,8.64,9.0,PASS,0.937,PASS,607359,"Patton, Spencer",SB,2B,high,
48814f86-63c7-44c9-9cc1-b9e308897cff,HOME,59.70076406329035,9.1,176.0,107.0,R,0.13,17.01,9.0,PASS,1.156,PASS,621345,"Minter, A.J.",SB,2B,high,
79c1df53-0a22-4823-a5f5-e24ebb8703bb,HOME,59.66413010926906,7.7,179.0,112.0,L,0.19,22.28,9.0,PASS,1.123,PASS,607359,"Patton, Spencer",CS,3B,high,
12554e43-5ea1-427b-8228-3d23975ca05d,AWAY,59.762829331150854,10.1,173.0,111.0,R,0.14,22.19,9.0,PASS,1.037,cut_in_window,690986,"Harrison, Kyle",CS,2B,high,
ffc492dd-c0b0-4a24-9ff4-3642de3c0feb,HOME,59.630226885073554,8.1,178.0,107.0,R,0.09,28.18,6.0,PASS,1.191,PASS,518617,"Diekman, Jake",CS,3B,high,
ff3aa36b-444e-4754-a74d-ae9130199415,HOME,59.69663887017723,8.6,176.0,102.0,R,0.09,28.79,9.0,PASS,1.24,PASS,518617,"Diekman, Jake",SB,2B,high,
1d008409-bfd6-417e-a36f-c1b7f16ac6fb,AWAY,59.623497487863304,17.1,181.0,,,0.19,,7.0,cut_in_window,,cut_in_window,579328,"Kikuchi, Yusei",SB,2B,not measured,cut_in_window
b6ebcde6-afd8-4f68-84ea-b2510e488653,HOME,59.68973534755486,7.6,177.0,108.0,R,0.14,26.54,9.0,PASS,1.156,PASS,656529,"Hentges, Sam",SB,2B,high,
59da005f-a74a-4bfd-bdef-0a26639d82e3,HOME,59.73971330741106,5.1,182.0,115.0,L,0.4,26.18,3.0,PASS,1.122,PASS,656887,"Reid-Foley, Sean",SB,2B,low,release_to_wrist 0.4 outside -0.32; ball_pts 3.0 outside 5-
c4884d56-197b-43c8-962e-bcdfc2650e01,HOME,59.7362512145316,5.6,181.0,124.0,R,0.15,14.43,9.0,PASS,0.954,PASS,573204,"Thielbar, Caleb",SB,2B,high,
fbed5b1c-230c-4dab-8e54-3387f88a12b0,HOME,59.709439415836314,11.0,179.0,117.0,L,0.15,23.07,6.0,PASS,1.038,PASS,622491,"Castillo, Luis",SB,2B,high,
86b3c827-6837-436d-b1e1-67705a0e59d4,AWAY,59.80592555987331,18.5,,,,,,,no_release,,no_release,645261,"Alcantara, Sandy",SB,2B,not measured,no_release
ab36f608-b488-4f2e-b4e0-845b81d35f1e,HOME,59.71179693582267,9.4,173.0,112.0,L,0.21,17.01,9.0,PASS,1.022,PASS,675540,"Curry, Xzavion",SB,2B,high,
d9099e63-a230-40ac-ae5b-c9d6855a17c7,AWAY,59.74592423366258,17.0,178.0,111.0,L,0.25,29.26,9.0,PASS,1.121,not_cf_view,592332,"Gausman, Kevin",SB,2B,high,
cec1c8e4-2065-42f5-8756-00db9b9ffa42,HOME,59.74767624681201,5.1,179.0,120.0,L,0.14,22.11,9.0,PASS,0.987,PASS,640448,"Finnegan, Kyle",SB,2B,high,
4a7842a3-8f01-4a0f-b12f-9e439409b200,AWAY,59.6621531142981,14.8,,,,,,,no_release,,no_release,669467,"Pallante, Andre",SB,3B,not measured,no_release
3c0a05c8-01e1-46b4-8bba-30c1f9f918eb,AWAY,59.78631687324335,24.0,179.0,108.0,R,0.54,18.3,8.0,PASS,1.188,release_not_at_hand,621363,"Poche, Colin",SB,2B,low,release_to_wrist 0.54 outside -0.32
a2a4f627-55a1-4c2c-8890-67932471df13,HOME,59.67249675151181,8.9,174.0,124.0,L,0.14,4.85,9.0,PASS,0.838,PASS,592791,"Taillon, Jameson",CS,2B,high,
1c9ed3c8-b9c0-43dc-94e7-792a868bcbda,AWAY,59.632124526471955,17.9,179.0,114.0,L,0.17,13.34,8.0,cut_in_window,,no_set_before_lift,656629,"Kopech, Michael",SB,2B,not measured,cut_in_window
154d987b-e742-48df-84d1-9e07e697b69c,AWAY,59.81176065047619,22.0,183.0,126.0,L,0.17,7.89,9.0,PASS,0.953,cut_in_window,502171,"Cobb, Alex",SB,2B,high,
cf5ef4fc-dab8-47d5-b540-28e8d7b02898,HOME,59.64311113984613,5.1,179.0,123.0,L,0.24,4.74,9.0,PASS,0.939,PASS,670912,"Oviedo, Johan",SB,2B,high,
6db7c4ce-192a-483d-bb8f-f34456b6f613,HOME,59.690425006419254,10.0,179.0,110.0,R,0.11,23.04,9.0,PASS,1.156,PASS,605177,"Chafin, Andrew",SB,2B,high,
e9d868ee-a75f-489a-a8f2-50a542088393,AWAY,59.72989937030513,18.1,176.0,116.0,L,0.2,25.38,9.0,PASS,1.005,cut_in_window,669923,"Kirby, George",SB,2B,high,
08ad5ea4-9ffa-4279-8234-821947144fd2,HOME,59.6748675366597,4.9,181.0,128.0,L,0.22,14.94,9.0,PASS,0.888,PASS,650633,"King, Michael",CS,2B,high,
c2eb3295-390a-417a-8d20-2fba0c04f812,HOME,59.74525288008077,9.1,179.0,120.0,L,0.15,3.44,9.0,PASS,0.988,PASS,445276,"Jansen, Kenley",SB,2B,low,lift_peak_in 3.44 outside 4.28-
7250140e-2f84-47fe-90cd-ed70e582d60e,HOME,59.67147316452373,8.9,186.0,119.0,R,0.56,21.03,9.0,PASS,1.123,PASS,519242,"Sale, Chris",SB,2B,low,release_to_wrist 0.56 outside -0.32
ecdcb558-4a4d-4b43-8920-b971077907e0,HOME,59.65693222174918,8.4,178.0,123.0,L,0.2,15.45,9.0,PASS,0.922,PASS,663986,"Stephan, Trevor",SB,2B,high,
940b57c6-df93-4086-9a4e-a4f03412a37f,AWAY,59.7080553803785,23.3,180.0,125.0,L,0.28,12.35,8.0,PASS,0.921,cut_in_window,450203,"Morton, Charlie",SB,2B,high,
d3240e9f-a2b5-4100-a416-14a0f8728b1d,HOME,59.75351674343334,10.3,181.0,111.0,L,0.21,28.49,7.0,PASS,1.171,PASS,592332,"Gausman, Kevin",SB,2B,high,
0cba4282-225c-472b-9f77-6bf460087e59,HOME,59.74083192699119,5.1,175.0,119.0,L,0.12,11.93,9.0,PASS,0.937,PASS,661309,"Martinez, Adrián",SB,2B,high,
5861ebda-c65d-4ace-802e-ce50c8f9cca4,AWAY,59.81339155377565,25.1,182.0,,,0.14,,9.0,no_set_before_lift,,no_set_before_lift,676775,"Winn, Keaton",SB,2B,not measured,no_set_before_lift
6e055749-7817-47bb-be1d-7d5b2e307f68,AWAY,59.71461467434788,12.9,181.0,,,0.17,,9.0,no_set_before_lift,,release_not_at_hand,661440,"Llovera, Mauricio",SB,2B,not measured,no_set_before_lift
6c58abcc-0810-4836-9a9f-1fdae052d9e0,HOME,59.63932408766034,8.8,178.0,115.0,R,0.14,13.16,9.0,PASS,1.056,PASS,669796,"Hernandez, Jose E.",SB,3B,high,
378a66d4-4821-4ecb-9711-34673c8588af,HOME,59.74062787895968,5.4,180.0,115.0,R,0.2,13.71,9.0,PASS,1.088,PASS,621383,"Banks, Tanner",SB,2B,high,
827eb907-6f01-42fd-908b-3e8538677b6a,HOME,59.63890506697729,10.8,181.0,114.0,R,0.15,27.75,9.0,PASS,1.123,PASS,668868,"Thompson, Zack",CS,2B,high,
8f741621-09be-4c28-86c7-891514629d8f,HOME,59.67803570563572,9.5,177.0,113.0,L,0.14,23.12,7.0,PASS,1.072,PASS,502624,"Anderson, Chase",CS,2B,high,
f03e08f4-e56c-4d07-b8ea-c29c5679c312,HOME,59.6227676951857,8.4,179.0,113.0,L,0.36,22.9,9.0,PASS,1.107,PASS,518886,"Kimbrel, Craig",SB,2B,low,release_to_wrist 0.36 outside -0.32
e19a23c2-f5e6-43b8-9404-527f41e00aa5,AWAY,59.723606162257475,16.4,,,,,,,no_release,,no_release,518886,"Kimbrel, Craig",SB,3B,not measured,no_release
ba569011-0402-4eba-9590-3995a73a8abe,AWAY,59.6833771150098,17.4,181.0,,,0.17,,8.0,no_set_before_lift,,no_set_before_lift,605447,"Romano, Jordan",SB,3B,not measured,no_set_before_lift
a36fe7c9-3a15-45a9-badd-07e331723dd7,HOME,59.708493247932864,6.6,178.0,109.0,L,0.49,19.66,8.0,PASS,1.156,PASS,678394,"Bello, Brayan",SB,3B,low,release_to_wrist 0.49 outside -0.32
851fdf65-7fe3-47f4-beeb-33617d48d760,HOME,59.72232447112665,5.3,179.0,120.0,L,0.12,4.26,9.0,PASS,0.988,PASS,552640,"Kittredge, Andrew",SB,2B,low,lift_peak_in 4.26 outside 4.28-
d8292e39-c55a-444a-a52d-89e82fd15149,AWAY,59.64260849385008,16.8,190.0,127.0,L,0.93,3.68,9.0,not_cf_view,,cut_in_window,678394,"Bello, Brayan",CS,2B,not measured,not_cf_view
294d8421-8301-4570-b428-4c21dc87a40d,AWAY,59.68059419291302,16.799999999999997,178.0,,,0.17,,8.0,cut_in_window,,no_set_before_lift,605447,"Romano, Jordan",SB,2B,not measured,cut_in_window
ebda6d39-4ace-4aac-a719-44508d1ed4d8,AWAY,59.724847176596455,20.0,181.0,,,0.81,,9.0,cut_in_window,,no_set_before_lift,621244,"Berríos, José",SB,2B,not measured,cut_in_window
cc747992-6fd9-4205-9461-a63c705c4a4b,HOME,59.59906086328337,7.9,174.0,115.0,L,0.12,21.9,9.0,PASS,0.99,PASS,663362,"Waldron, Matt",SB,3B,high,
169d5cb9-4c03-4d2d-bf08-016d93f70e0f,HOME,59.65948089820663,7.9,195.0,144.0,L,0.17,5.56,7.0,PASS,0.855,PASS,657248,"Otto Jr., Glenn",CS,2B,high,
2c192dc2-1b29-4dc6-b327-659df7af67e2,AWAY,59.6833412095956,19.1,,,,,,,no_release,,no_release,669947,"Scholtens, Jesse",CS,2B,not measured,no_release
9bd1cf61-3ecd-4f01-baa4-60512a5fd140,HOME,59.78896272069379,10.4,176.0,111.0,L,0.32,25.18,9.0,PASS,1.087,PASS,694297,"Pfaadt, Brandon",SB,2B,high,
7cfd04e8-f981-4b28-be7f-6645fde54d9e,HOME,59.816116134510224,12.3,175.0,103.0,L,0.12,34.39,8.0,PASS,1.204,PASS,694297,"Pfaadt, Brandon",SB,3B,high,
ac65b1af-37be-49ee-a7a9-7302785e0ffa,HOME,59.669649002064695,8.0,172.0,104.0,L,0.33,28.93,9.0,PASS,1.14,PASS,694297,"Pfaadt, Brandon",SB,2B,low,release_to_wrist 0.33 outside -0.32
dc0b985a-48fc-462e-833d-82007c0db81a,HOME,59.68798398957606,7.9,179.0,129.0,L,0.2,12.51,9.0,PASS,0.838,PASS,682243,"Miller, Bryce",CS,2B,high,
c7745687-c527-49f6-8429-307d3e5fe9d0,HOME,59.69775664090611,8.1,184.0,129.0,L,0.15,23.15,9.0,PASS,0.921,PASS,662253,"Muñoz, Andrés",SB,2B,high,
af14e14b-d2fc-47e6-845b-54c22f5dc4b0,HOME,59.72625466611365,5.6,184.0,126.0,L,0.18,10.38,9.0,PASS,0.971,PASS,541640,"Ramírez, Erasmo",CS,2B,high,
4103e444-342c-428c-8866-542e36c22338,HOME,59.69604959608051,8.6,181.0,128.0,L,0.29,14.89,9.0,PASS,0.888,PASS,682243,"Miller, Bryce",CS,2B,high,
48b2f358-4ae0-4042-b777-19c1134208b0,HOME,59.774273467301114,10.2,178.0,143.0,R,0.15,6.82,8.0,PASS,0.586,PASS,477132,"Kershaw, Clayton",SB,2B,low,delivery_s 0.586 outside 0.7-1.31
0bd6a20c-3396-434e-8613-097d6afecab8,HOME,59.61328490068989,8.4,180.0,116.0,L,0.11,17.71,6.0,PASS,1.074,PASS,489446,"Yates, Kirby",SB,2B,high,
1c78b0d6-c020-4726-bff2-d2940d9da8b7,HOME,59.664907787261214,9.3,171.0,110.0,R,0.14,9.99,9.0,PASS,1.022,PASS,672282,"Detmers, Reid",SB,2B,high,
0caa3130-b356-48a8-acd0-7a13120f56c3,AWAY,59.75926248324838,10.5,196.0,123.0,R,0.76,10.63,9.0,release_not_at_hand,,release_not_at_hand,682175,"Jacques, Joe",SB,2B,not measured,release_not_at_hand
c21f95d8-f330-49f1-9e4e-11841d11bebd,AWAY,59.694646078315905,11.9,179.0,112.0,L,0.2,36.5,9.0,PASS,1.122,release_not_at_hand,605540,"Woodruff, Brandon",CS,2B,high,
ad74d5c2-e463-4473-b72c-97d44c964b02,HOME,59.785189872019615,11.7,184.0,112.0,L,0.17,38.75,7.0,PASS,1.204,PASS,664747,"Díaz, Alexis",SB,2B,high,
231b4045-3e9c-4d3e-a2b0-16a5f6f4e255,AWAY,59.67037110978017,24.4,177.0,119.0,L,0.25,25.21,9.0,PASS,0.972,cut_in_window,543243,"Gray, Sonny",CS,2B,high,
903cb44c-80f0-4cef-9fd0-18d35e932619,HOME,59.699859469402966,9.5,180.0,115.0,L,0.19,15.57,8.0,PASS,1.089,PASS,657053,"Toussaint, Touki",SB,2B,high,
b269ae8b-1cb5-4cb5-9cfc-37582e88c613,AWAY,59.75479368042854,22.700000000000003,176.0,,,0.14,,9.0,no_set_before_lift,,no_set_before_lift,547943,"Ryu, Hyun Jin",SB,3B,not measured,no_set_before_lift
e998250a-f2d4-4061-adfa-819f6006c9ae,AWAY,59.756342355974866,17.299999999999997,179.0,,,0.18,,7.0,no_set_before_lift,,cut_in_window,547943,"Ryu, Hyun Jin",SB,2B,not measured,no_set_before_lift
604c15e2-83a1-4e81-9be4-73a73731e8e2,HOME,59.67945604662457,8.6,174.0,134.0,R,0.1,5.29,9.0,PASS,0.67,PASS,663776,"Sandoval, Patrick",SB,2B,low,delivery_s 0.67 outside 0.7-1.31
eaa03b9f-eb1e-4ab5-b975-ceb78770a9e0,AWAY,59.73198970218176,9.8,182.0,,,0.19,,9.0,not_cf_view,,no_set_before_lift,672851,"Adon, Joan",SB,2B,not measured,not_cf_view
87869dd5-16f5-440e-b714-546907a5c712,AWAY,59.64953168926891,12.9,,,,,,,no_release,,no_release,601713,"Pivetta, Nick",SB,2B,not measured,no_release
4460952c-3271-47dc-b829-4ffac32ff87e,AWAY,59.666343432744256,14.9,177.0,122.0,L,0.19,17.34,9.0,PASS,0.922,not_cf_view,607259,"Martinez, Nick",SB,2B,high,
9a4ac3ff-e573-44b3-85d1-1b34bd900dda,AWAY,59.65631447497014,16.9,202.0,129.0,R,0.79,15.56,9.0,release_not_at_hand,,not_cf_view,696136,"Wicks, Jordan",CS,2B,not measured,release_not_at_hand
e4b40b3a-35cb-4d43-b2c4-697c4741deff,HOME,59.646159250760526,8.0,180.0,126.0,L,0.22,13.28,9.0,PASS,0.905,PASS,657746,"Ryan, Joe",SB,2B,high,
6c135aba-4ccb-4c49-b2c5-1ecdc061f51c,AWAY,59.67684287070017,17.1,179.0,121.0,L,0.12,15.51,9.0,PASS,0.972,cut_in_window,657746,"Ryan, Joe",SB,2B,high,
1662b5ee-c2ee-4129-be75-81dc2b893943,HOME,59.65543841604526,15.6,177.0,121.0,L,0.16,12.39,9.0,PASS,0.939,PASS,672851,"Adon, Joan",SB,2B,high,
f89e6896-7295-46cb-bcc3-d3f67a11eaca,AWAY,59.71037492561,28.7,181.0,117.0,L,0.19,19.17,7.0,PASS,1.072,release_not_at_hand,670241,"Vines, Darius",CS,3B,high,
75a3b8a6-73f9-4a17-9dd9-3a5d4bf71892,AWAY,59.78201266109292,10.6,177.0,,,0.19,,9.0,no_set_before_lift,,no_set_before_lift,547943,"Ryu, Hyun Jin",SB,2B,not measured,no_set_before_lift
85742e82-b0b9-40eb-b81e-73c1164161ff,HOME,59.719821929950534,10.6,180.0,143.0,L,0.21,6.95,9.0,PASS,0.62,PASS,669302,"Gilbert, Logan",SB,2B,low,delivery_s 0.62 outside 0.7-1.31
6d0b4709-895f-48ca-8c2f-152cad7dc0da,AWAY,59.71474554636772,21.5,171.0,115.0,L,0.09,21.99,8.0,PASS,0.938,not_cf_view,676130,"Buttó, José",SB,2B,high,
cdda5add-154c-4ddf-af05-7394136bd7ed,HOME,59.791777756409694,11.0,180.0,113.0,L,0.13,25.55,9.0,PASS,1.121,PASS,434378,"Verlander, Justin",SB,2B,high,
8ace6eeb-eb56-4ce7-9ab3-55bc341f704b,HOME,59.743663937635105,10.9,180.0,117.0,L,0.21,25.25,9.0,PASS,1.055,PASS,669302,"Gilbert, Logan",SB,3B,high,
4664177a-eb8a-471c-b939-3d97fe661d77,HOME,59.68975585096788,10.3,181.0,115.0,L,0.26,24.75,9.0,PASS,1.106,PASS,607192,"Glasnow, Tyler",SB,2B,high,
681f5538-4b2b-4d96-8db0-cf29a857b8ea,HOME,59.775745161182165,6.9,181.0,125.0,L,0.13,4.42,9.0,PASS,0.937,PASS,656638,"Lange, Alex",CS,2B,high,
02698fb0-f7d4-4ae0-b03e-c8b3de9694fa,AWAY,59.70244454720862,9.9,179.0,,,0.13,,9.0,no_set_before_lift,,cut_in_window,675989,"Bolton, Cody",SB,2B,not measured,no_set_before_lift
5ebc21c2-0f10-42c0-b060-f3cb648f4d60,HOME,59.65389332656024,12.1,179.0,124.0,L,0.15,15.02,9.0,PASS,0.922,PASS,668909,"Williams, Gavin",SB,2B,high,
571d5cf8-4d2b-4032-8964-52574a7ed875,HOME,59.70763163044956,12.4,184.0,116.0,L,0.45,22.65,9.0,PASS,1.139,PASS,675911,"Strider, Spencer",SB,3B,low,release_to_wrist 0.45 outside -0.32
89f24f2f-2fd4-46fc-8c04-8e6341d4c5dc,HOME,59.73025048169557,9.7,182.0,117.0,L,0.11,24.13,9.0,PASS,1.088,PASS,675911,"Strider, Spencer",SB,3B,high,
a9fbd9bf-ba16-48e1-8848-5294c23c1718,AWAY,59.68771164297046,19.5,185.0,105.0,L,0.64,20.99,8.0,cut_in_window,,release_not_at_hand,662253,"Muñoz, Andrés",CS,2B,not measured,cut_in_window
ca6f77ef-d7cb-41b6-a7c2-e38231b12eb0,AWAY,59.65501466031733,8.0,,,,,,,no_release,,no_release,624522,"Thompson, Keegan",SB,2B,not measured,no_release
8c47797c-c2a7-4ffd-bf0b-f163adf055d5,HOME,59.715744243270045,9.8,177.0,110.0,L,0.1,43.71,9.0,PASS,1.122,PASS,622491,"Castillo, Luis",SB,2B,high,
d677e865-12e2-4cd1-bd5a-965c5c0f5cec,AWAY,59.762493705825925,18.9,190.0,,,0.76,,7.0,release_not_at_hand,,release_not_at_hand,622491,"Castillo, Luis",CS,2B,not measured,release_not_at_hand
801ecde4-c6aa-4688-ba73-048fd14c5e0c,HOME,59.6463186571896,5.0,174.0,111.0,R,0.08,17.18,9.0,PASS,1.056,PASS,646242,"Díaz, Jhonathan",SB,2B,high,
bac07fdb-c879-4f2e-9955-5533e93ee989,HOME,59.71767799247587,4.9,181.0,118.0,L,0.21,21.03,8.0,PASS,1.055,PASS,665871,"Assad, Javier",SB,2B,high,
bae7669c-61c4-4dc2-94e9-a76ac70deac6,HOME,59.66903877979483,9.8,181.0,118.0,L,0.09,25.55,5.0,PASS,1.056,PASS,662253,"Muñoz, Andrés",SB,2B,high,
e0c65d46-4420-4dbd-952e-8f1266eec407,HOME,59.76178867451417,9.5,180.0,117.0,R,0.13,21.19,9.0,PASS,1.054,PASS,607074,"Rodón, Carlos",SB,2B,high,
3e6ea0c6-fff3-4a75-a7f2-5e85170b51d1,AWAY,59.68650374461755,9.4,,,,,,,no_release,,no_release,669713,"Wesneski, Hayden",SB,2B,not measured,no_release
b6f71825-0d4c-4bca-9247-82efaaef4af8,HOME,59.71604898794487,5.5,197.0,130.0,R,0.15,31.77,9.0,PASS,1.122,PASS,656970,"Smeltzer, Devin",CS,2B,high,
34e296e6-6123-42ab-bbed-199f155c4dab,HOME,59.660721857212,5.3,180.0,124.0,R,0.2,23.13,8.0,PASS,0.939,PASS,608331,"Fried, Max",CS,2B,high,
b8ce35f6-aa20-4635-81c8-bb6c2b59d115,AWAY,59.780803719694454,22.1,178.0,126.0,L,0.2,8.39,9.0,PASS,0.87,not_cf_view,592791,"Taillon, Jameson",SB,2B,high,
4043d6f3-5fef-44c7-b936-92b1f931e497,AWAY,59.77581834346226,19.7,,,,,,,no_release,,no_release,669923,"Kirby, George",SB,3B,not measured,no_release
c4ecfcdb-8cc5-4e0b-90c9-39b5358842c6,HOME,59.67953006177663,8.8,182.0,124.0,L,0.13,11.14,8.0,PASS,0.972,PASS,606965,"Devenski, Chris",SB,2B,high,
aab56cea-cecd-4ffd-a0e4-b5ffb29a8735,HOME,59.777923664632105,12.9,178.0,123.0,L,0.21,9.97,9.0,PASS,0.92,PASS,592791,"Taillon, Jameson",SB,2B,high,
2c3899ed-69e4-4010-ab56-82ad5362ca5b,HOME,59.61890193209405,8.4,185.0,122.0,L,0.19,12.94,9.0,PASS,1.057,PASS,691587,"Pérez, Eury",SB,2B,high,
ac208939-a1fa-47fa-8dcf-9ae681f9ccb6,HOME,59.71604411675096,8.8,181.0,124.0,L,0.14,20.94,9.0,PASS,0.955,PASS,666745,"Brito, Jhony",SB,2B,high,
976809bf-5ea8-406b-9b0c-9505440c023c,HOME,59.67680263566769,5.4,181.0,133.0,L,0.21,3.66,9.0,PASS,0.804,PASS,686294,"Willingham, Amos",CS,2B,low,lift_peak_in 3.66 outside 4.28-
30755682-2bf8-4416-937c-b5a447b46cfc,HOME,59.649499540698855,9.2,179.0,119.0,L,0.16,14.61,9.0,PASS,1.006,PASS,600917,"Leclerc, José",CS,3B,high,
1c6a6bd1-8e9f-4db6-abaf-ad73b234959e,AWAY,59.77547636438972,20.0,,,,,,,no_release,,no_release,668678,"Gallen, Zac",CS,2B,not measured,no_release
47a0cf2b-06d6-468f-9998-5ff992b28a9e,AWAY,59.62275997513247,17.4,181.0,115.0,L,0.71,19.87,9.0,release_not_at_hand,,release_not_at_hand,686218,"Sheehan, Emmet",SB,3B,not measured,release_not_at_hand
93f16da1-3f0a-409d-94e3-bee4bbf9d5bb,AWAY,59.79970838769089,22.700000000000003,,,,,,,no_release,,no_release,656887,"Reid-Foley, Sean",SB,3B,not measured,no_release
6f25d869-c659-4d47-b5b2-5b5f3d5bf074,AWAY,59.71043026190089,17.9,181.0,147.0,L,0.14,2.77,9.0,cut_in_window,,cut_in_window,640470,"Alzolay, Adbert",SB,2B,not measured,cut_in_window
24a0396d-7fe3-4a2e-bf13-56faff7cf891,AWAY,59.774695378956245,18.6,,,,,,,no_release,,no_release,668678,"Gallen, Zac",CS,2B,not measured,no_release
8da950be-44e6-4cfb-bc06-c0d8dcae1d2d,AWAY,,7.5,,,,,,,no_clip,,not_cf_view,686613,"Brown, Hunter",SB,2B,not measured,no_clip
4093081c-85a8-4bcb-9370-c8dd2c02a211,AWAY,,8.700000000000001,,,,,,,no_clip,,cut_in_window,664353,"Urquidy, José",SB,3B,not measured,no_clip
b3c2b462-937e-4302-b744-7d33f8c8b809,HOME,59.70929805377511,5.1,176.0,111.0,L,0.1,33.07,9.0,PASS,1.089,PASS,664353,"Urquidy, José",SB,2B,high,
c477553a-4ed7-4c72-923d-a9b6f23cb3aa,HOME,59.69957205323489,5.5,173.0,109.0,R,0.13,14.97,7.0,PASS,1.072,PASS,573124,"Rogers, Taylor",SB,2B,high,
00724f88-c31e-4e89-b6f3-078091ac243a,HOME,59.71296850342435,11.4,184.0,125.0,L,0.21,10.82,7.0,PASS,0.988,PASS,691587,"Pérez, Eury",SB,2B,high,
e24d9282-aab2-4eb3-8862-4ebaff6ef94e,HOME,59.7037594606336,5.1,175.0,103.0,L,0.2,20.0,9.0,PASS,1.206,PASS,518585,"Cruz, Fernando",SB,2B,high,
3f0b8d14-1fdd-44ca-bc77-fcd024bdad70,HOME,59.62842237557814,4.7,180.0,116.0,L,0.21,15.35,9.0,PASS,1.073,PASS,691587,"Pérez, Eury",SB,2B,high,
58168e82-8288-4556-9c35-e781fc9a0197,AWAY,59.68713516582938,17.5,,,,,,,not_cf_view,,no_release,650644,"Civale, Aaron",SB,2B,not measured,not_cf_view
fd2b97d6-42b4-42a0-9057-c3d7749a301f,AWAY,59.71429008895898,16.6,,,,,,,no_release,,no_release,518876,"Kelly, Merrill",SB,2B,not measured,no_release
0659e71c-550c-4209-a864-22f3828adb4a,AWAY,59.70310603566462,10.1,186.0,115.0,L,0.95,11.97,9.0,release_not_at_hand,,release_not_at_hand,660261,"Fujinami, Shintaro",SB,3B,not measured,release_not_at_hand
b0c748f1-7e13-4cdc-a3a1-d5663848da33,AWAY,59.71651305882484,19.5,180.0,110.0,L,0.69,18.46,9.0,release_not_at_hand,,cut_in_window,664299,"Javier, Cristian",SB,3B,not measured,release_not_at_hand
f2f98691-f5dc-4307-986f-aa20c2dd5883,HOME,59.74679529438666,5.6,179.0,120.0,L,0.15,39.64,9.0,PASS,0.988,PASS,681882,"Selby, Colin",SB,2B,high,
1bedfadc-bbf1-4513-8694-2f02b864309c,AWAY,59.718328550337574,20.8,,,,,,,no_release,,cut_in_window,670912,"Oviedo, Johan",CS,2B,not measured,no_release
6ee0a24f-b894-4d77-a12d-734896a5703e,AWAY,59.70906856524585,21.9,263.0,,,,,6.0,cut_in_window,,cut_in_window,657006,"Steele, Justin",SB,2B,not measured,cut_in_window
3cddd2b4-b3e1-4443-9173-2fa9330ff6ea,HOME,59.640892404464125,5.2,187.0,115.0,R,0.13,23.19,9.0,PASS,1.207,PASS,640454,"Krook, Matt",SB,3B,high,
dca8f1a9-4792-4984-926c-2dac2f896dcb,HOME,59.68700218100271,8.9,182.0,120.0,L,0.19,26.96,8.0,PASS,1.039,PASS,640448,"Finnegan, Kyle",SB,2B,high,
0dfd3d63-0272-4c33-af6c-5afa6c6262be,HOME,59.69807868252516,9.5,178.0,116.0,R,0.17,20.31,9.0,PASS,1.039,PASS,656849,"Peterson, David",CS,2B,high,
d668bb98-7bf7-4d6d-940f-dac289daac94,AWAY,59.71086163538864,14.0,,,,,,,not_cf_view,,no_release,628317,"Maeda, Kenta",SB,2B,not measured,not_cf_view
715c1fc4-aabb-4f25-9cff-17f1819c5bd2,HOME,59.74315824222352,12.6,184.0,118.0,L,0.34,16.44,8.0,PASS,1.105,PASS,543859,"Tonkin, Michael",SB,2B,low,release_to_wrist 0.34 outside -0.32
ead1a8fb-d1a1-455a-9b4d-828d35e98ee8,AWAY,59.80533646296851,10.7,180.0,,,0.12,,9.0,cut_in_window,,cut_in_window,646241,"De Jesus, Enmanuel",SB,2B,not measured,cut_in_window
2e8bb483-d8db-4cf3-ad80-acc21b10d359,AWAY,59.67849463263259,17.799999999999997,177.0,123.0,L,0.22,13.0,9.0,PASS,0.905,cut_in_window,622098,"Smith, Drew",CS,2B,high,
8ea05cda-f67f-46eb-90e8-ff8b1ed41a94,HOME,59.70407545210695,5.2,174.0,109.0,R,0.22,31.34,9.0,PASS,1.089,PASS,668868,"Thompson, Zack",SB,2B,high,
fbcf4d13-2486-471c-8bbe-1bffb3aafa33,HOME,59.66176542869133,7.4,175.0,114.0,L,0.27,24.02,9.0,PASS,1.022,PASS,640448,"Finnegan, Kyle",SB,3B,high,
9443a30b-d1f9-43c0-9be0-9f8e754522c4,AWAY,59.75965278333128,20.9,182.0,129.0,L,0.16,6.92,5.0,PASS,0.887,no_release,518876,"Kelly, Merrill",SB,2B,high,
301f6b86-7f3e-406a-9919-fdaf629447d0,HOME,59.70234776342091,8.9,184.0,123.0,L,0.12,16.36,8.0,PASS,1.022,PASS,608717,"Stratton, Chris",SB,2B,high,
3ee066d2-761e-412d-8e19-09e3e5035a9d,HOME,59.74529009956552,9.8,179.0,115.0,L,0.42,12.91,7.0,PASS,1.071,PASS,489446,"Yates, Kirby",SB,2B,low,release_to_wrist 0.42 outside -0.32
8665f9f2-5ff5-4f92-b629-99a20247d0a9,AWAY,59.63800311121233,17.3,,,,,,,no_release,,not_cf_view,668970,"Hollowell, Gavin",SB,2B,not measured,no_release
e516a381-90e7-4fd8-9211-1400eadb4bbe,AWAY,59.76964767273358,9.6,,,,,,,no_release,,no_release,694037,"Palencia, Daniel",CS,3B,not measured,no_release
d6d59014-0b3b-41d0-874c-48428d623794,HOME,59.76365542472846,10.3,180.0,116.0,L,0.57,28.11,9.0,PASS,1.071,PASS,640448,"Finnegan, Kyle",SB,2B,low,release_to_wrist 0.57 outside -0.32
64d1529a-79ef-420a-a970-aecf08c4966a,HOME,59.663713614174654,7.0,197.0,118.0,R,0.51,24.46,6.0,PASS,1.324,PASS,573009,"Mantiply, Joe",SB,2B,low,release_to_wrist 0.51 outside -0.32; delivery_s 1.324 outside 0.7-1.31
f443ece7-2be8-4d66-a8e8-3a3067fb147a,AWAY,59.7228665362351,10.1,,,,,,,no_release,,no_release,554340,"García, Yimi",SB,2B,not measured,no_release
f8eebf98-db04-4929-abed-c6f4e9acb41a,HOME,59.70058064051566,8.9,179.0,118.0,L,0.26,12.24,8.0,PASS,1.022,PASS,643410,"Leiter Jr., Mark",CS,2B,high,
f3a10891-92f0-4fb4-9695-4e966a229053,HOME,59.69589978324703,6.3,178.0,116.0,L,0.18,23.45,9.0,PASS,1.039,PASS,663773,"Hoeing, Bryan",SB,2B,high,
96116a41-70a8-47de-9753-01b1c397c12b,HOME,59.74901482915516,10.6,182.0,125.0,L,0.32,11.54,8.0,PASS,0.954,PASS,694297,"Pfaadt, Brandon",SB,2B,high,
984a0735-198d-4662-8040-1996e37a6f26,AWAY,59.74521108424772,9.1,,,,,,,no_release,,no_release,593833,"Suero, Wander",SB,3B,not measured,no_release
29aa85be-63da-4286-9860-94c2e4661b96,AWAY,59.82554469460757,9.1,,,,,,,no_release,,no_release,694297,"Pfaadt, Brandon",SB,2B,not measured,no_release
776c59d7-b52d-4c29-bb8c-b6c3dc89fdf9,HOME,59.63923655612946,10.0,177.0,108.0,L,0.17,30.81,9.0,PASS,1.157,PASS,641360,"Bickford, Phil",SB,2B,high,
3ca9b6e8-6e04-42d7-82e8-00c5691a0297,HOME,59.75224678163711,8.5,174.0,113.0,L,0.12,21.32,9.0,PASS,1.021,PASS,663773,"Hoeing, Bryan",SB,2B,high,
46f9399c-2f5a-4dab-a9c0-7b72f32c85a1,AWAY,59.672089703702554,17.7,,,,,,,no_release,,no_release,543294,"Hendricks, Kyle",SB,3B,not measured,no_release
68ff2b60-489f-4adc-9f61-28465fc37178,AWAY,59.81114178865521,25.4,196.0,134.0,L,0.81,5.57,6.0,release_not_at_hand,,cut_in_window,663362,"Waldron, Matt",SB,2B,not measured,release_not_at_hand
7f62dbb4-1390-45cb-9d09-d3c4b4263bf9,AWAY,59.7934025125451,21.4,177.0,116.0,R,1.08,35.13,9.0,release_not_at_hand,,release_not_at_hand,670046,"Rosenberg, Kenny",SB,3B,not measured,release_not_at_hand
294a0fc5-dbdb-4500-8081-488b22d1ec20,HOME,59.776980848257594,10.7,177.0,118.0,L,0.13,16.95,6.0,PASS,0.987,PASS,663362,"Waldron, Matt",SB,2B,high,
17937cce-4565-497a-9426-4e5674678d44,HOME,59.76842202160606,9.0,182.0,116.0,L,0.14,22.16,9.0,PASS,1.104,PASS,663362,"Waldron, Matt",SB,2B,high,
597b2764-3a1a-4309-b111-c813853454c5,HOME,59.71230635221713,8.4,177.0,114.0,R,0.14,20.15,8.0,PASS,1.055,PASS,621381,"Strahm, Matt",SB,3B,high,
9d059c28-29fe-455c-a55d-4eb0f3b53fa0,AWAY,59.678980320646104,16.9,177.0,127.0,L,0.24,2.97,9.0,PASS,0.838,no_set_before_lift,669467,"Pallante, Andre",SB,2B,low,lift_peak_in 2.97 outside 4.28-
6c2d8d56-6aec-4be9-9fc9-de4deca34cd9,HOME,59.73733674057402,9.1,180.0,115.0,L,0.16,21.79,7.0,PASS,1.088,PASS,663362,"Waldron, Matt",SB,3B,high,
d9038ca1-b3f9-4468-97ce-24a148ce1de2,HOME,59.67187674538438,8.8,173.0,119.0,R,0.19,4.55,5.0,PASS,0.905,PASS,571760,"Heaney, Andrew",CS,2B,high,
f8c20fe3-803c-4d17-9beb-75e40c34ab04,HOME,59.72250883091975,8.0,173.0,113.0,R,0.17,4.56,8.0,PASS,1.005,PASS,571760,"Heaney, Andrew",SB,2B,high,
7a530d0c-172d-4e66-9f6f-b30eb8f1f48e,AWAY,59.73632800890795,15.2,,,,,,,no_release,,not_cf_view,593833,"Suero, Wander",SB,2B,not measured,no_release
312a822c-e196-4cf1-a90c-4225370b99e1,AWAY,59.67736183264185,16.8,179.0,106.0,L,0.25,20.68,9.0,cut_in_window,,cut_in_window,669203,"Burnes, Corbin",SB,2B,not measured,cut_in_window
ac207d45-9aa8-4875-bc57-92ad56a53d9b,AWAY,59.71228880340693,8.5,206.0,125.0,L,1.25,30.15,6.0,release_not_at_hand,,no_release,661403,"Clase, Emmanuel",SB,2B,not measured,release_not_at_hand
f5cab47d-0c8a-4f50-992c-be2e1e4f0c9c,AWAY,59.71581030037772,18.9,184.0,117.0,L,0.71,25.08,6.0,release_not_at_hand,,cut_in_window,656578,"Jackson, Andre",SB,2B,not measured,release_not_at_hand
dcce4490-8203-4a60-b117-5a512c4ff40a,HOME,59.75125411424752,10.3,180.0,123.0,L,0.22,11.65,9.0,PASS,0.954,PASS,680739,"Winder, Josh",SB,2B,high,
00f6098d-453c-4ede-9524-287988a12016,AWAY,59.68788636739159,10.5,,,,,,,no_release,,no_release,605154,"Brebbia, John",SB,2B,not measured,no_release
23d18741-49bc-43c9-bf45-381fc6a02eac,HOME,59.763634824270014,10.1,182.0,123.0,R,0.2,30.3,9.0,PASS,0.987,PASS,571578,"Corbin, Patrick",SB,3B,high,
3a982517-ad35-443e-af81-a30a1d30bd22,HOME,59.68345663002152,4.7,176.0,115.0,L,0.12,25.2,7.0,PASS,1.022,PASS,665152,"Kremer, Dean",SB,3B,high,
ebe1b00d-496c-49b5-b3cf-85f331bba6a7,HOME,59.667166941188974,10.6,176.0,114.0,L,0.15,20.36,7.0,PASS,1.039,PASS,668909,"Williams, Gavin",SB,2B,high,
7483c82e-ffda-452f-9b88-0019d955e4e0,HOME,59.60624484679479,8.5,176.0,107.0,L,0.24,26.27,7.0,PASS,1.158,PASS,605540,"Woodruff, Brandon",SB,2B,high,
891f82e8-ddb4-4054-a511-2b168874e601,AWAY,59.69710824364948,17.1,,,,,,,no_release,,no_release,641755,"Kinley, Tyler",SB,3B,not measured,no_release
6541bae2-d010-4c46-92a3-aa034aaa7b5c,AWAY,59.72075524535125,20.4,,,,,,,no_release,,release_not_at_hand,592836,"Walker, Taijuan",CS,2B,not measured,no_release
8c9a4fed-4c5b-4029-834f-12228f13f261,AWAY,59.70631563940503,20.1,178.0,117.0,R,0.15,27.91,9.0,PASS,1.022,cut_in_window,571578,"Corbin, Patrick",SB,2B,high,
b59f1a2a-b885-4e93-83b8-5aaa675d1943,HOME,59.69774007143936,8.4,184.0,123.0,L,0.41,17.4,9.0,PASS,1.022,PASS,623149,"Sewald, Paul",SB,3B,low,release_to_wrist 0.41 outside -0.32
3a512597-f1d0-41d9-9b25-10ff5cf99fd3,AWAY,59.65889684172176,11.3,175.0,145.0,L,0.2,2.98,9.0,cut_in_window,,cut_in_window,694813,"Stone, Gavin",SB,2B,not measured,cut_in_window
3d957d81-a799-4587-85db-efcf6e4229d3,HOME,59.650804519000346,8.3,171.0,113.0,L,0.22,16.24,9.0,PASS,0.972,PASS,571946,"Miller, Shelby",SB,2B,high,
f0b327ba-64d3-4de6-8c2d-4a70ef941488,AWAY,59.7838812692118,20.3,,,,,,,no_release,,no_release,592836,"Walker, Taijuan",SB,2B,not measured,no_release
39beff12-9d02-4682-ac6b-bdd57a8b187c,AWAY,59.72322247954574,10.9,189.0,133.0,L,0.15,15.77,9.0,PASS,0.938,no_release,592426,"Jackson, Luke",SB,2B,high,
ad31bb57-ed96-420c-9859-a45eab136814,HOME,59.636330257334066,8.2,181.0,118.0,R,0.12,16.39,9.0,PASS,1.056,PASS,621345,"Minter, A.J.",SB,2B,high,
af8f0311-06cb-42b5-9d99-4e24d65cb058,HOME,59.766941285412955,5.2,178.0,119.0,L,0.12,20.43,9.0,PASS,0.987,PASS,663804,"Kowar, Jackson",SB,3B,high,
9a67ee7d-69de-480a-a7e0-77b0a1022624,HOME,59.66113726759299,8.7,178.0,114.0,L,0.33,20.67,9.0,PASS,1.073,PASS,543859,"Tonkin, Michael",SB,2B,low,release_to_wrist 0.33 outside -0.32
8c9aedd3-69d0-4cc3-b19e-5adec3f1accb,AWAY,59.74051483860917,16.9,,,,,,,no_release,,no_release,656302,"Cease, Dylan",SB,2B,not measured,no_release
2307798d-6cf8-4dae-be22-226f4f0a5e4a,HOME,59.76531644846827,9.8,174.0,120.0,L,0.21,11.8,9.0,PASS,0.904,PASS,623167,"Flexen, Chris",SB,2B,high,
7582e7fe-df34-404f-bb0e-d95ff7a5f3a5,AWAY,59.766739259165874,18.799999999999997,211.0,,,1.05,,7.0,release_not_at_hand,,release_not_at_hand,571656,"Farmer, Buck",SB,2B,not measured,release_not_at_hand
5debef1a-83cf-4593-b1e5-1c75249221fe,AWAY,59.73339332920862,18.4,178.0,106.0,R,0.22,25.14,9.0,PASS,1.205,cut_in_window,676395,"Garcia, Robert",SB,3B,high,
51258149-2158-418d-a3f3-86a51214abf8,AWAY,59.7391643492902,11.9,162.0,98.0,R,0.38,14.75,6.0,cut_in_window,,release_not_at_hand,663559,"Falter, Bailey",CS,2B,not measured,cut_in_window
a65939f3-b17a-4e47-9bcb-497113c5e471,HOME,59.69510564322011,8.8,179.0,116.0,R,0.1,18.22,8.0,PASS,1.055,PASS,666214,"Wentz, Joey",SB,2B,high,
24abd44e-d24a-4415-9ae5-90cc08695ca6,AWAY,59.690986233842594,18.0,184.0,123.0,L,0.49,14.9,9.0,PASS,1.022,cut_in_window,672851,"Adon, Joan",SB,2B,low,release_to_wrist 0.49 outside -0.32
5b9312ea-5c71-411c-93e5-bdc94b832eee,HOME,59.54073872559324,5.2,177.0,116.0,L,0.34,22.21,9.0,PASS,1.025,PASS,676130,"Buttó, José",SB,2B,low,release_to_wrist 0.34 outside -0.32
df0dea11-f56d-4f3e-a05f-5e0872d33624,AWAY,59.66158063863733,15.7,179.0,95.0,L,0.3,34.64,9.0,cut_in_window,,cut_in_window,664747,"Díaz, Alexis",SB,2B,not measured,cut_in_window
a9cb2c29-f982-4fd9-a61b-3f4167235e54,HOME,59.68509215973628,6.5,179.0,122.0,L,0.13,16.81,9.0,PASS,0.955,PASS,641745,"Keller, Brad",CS,2B,high,
8e4f199b-b99f-49fe-9301-4a37cf9bf3e3,HOME,59.73322631773407,5.0,189.0,119.0,L,0.53,6.89,8.0,PASS,1.172,PASS,502083,"McAllister, Zach",SB,2B,low,release_to_wrist 0.53 outside -0.32
34290f8c-50a5-46d3-9ea9-ba8bdb544c69,HOME,59.79375487449089,11.1,183.0,127.0,L,0.29,20.89,9.0,PASS,0.937,PASS,656629,"Kopech, Michael",SB,2B,high,
9ed0db1e-c429-47d9-8a4d-51f9da181c30,HOME,59.68831898857761,8.5,183.0,124.0,L,0.24,22.99,9.0,PASS,0.988,PASS,656629,"Kopech, Michael",SB,2B,high,
c22a7940-cc49-4192-be83-b4dd8af5e9e0,HOME,59.681091079086976,8.5,181.0,121.0,L,0.25,23.77,9.0,PASS,1.005,PASS,656629,"Kopech, Michael",SB,3B,high,
c4c17917-cfaa-4daf-983f-173effea4c5d,HOME,59.76196685765454,5.4,181.0,118.0,L,0.14,11.3,9.0,PASS,1.054,PASS,455119,"Martin, Chris",SB,2B,high,
f6d268a8-d1a4-46c9-bc80-5e822c1271e9,HOME,59.69170300012604,9.1,181.0,136.0,L,0.26,4.41,8.0,PASS,0.754,PASS,661403,"Clase, Emmanuel",SB,2B,high,
fc48050d-dcf9-4ad7-9875-40c3f761cec3,AWAY,59.76881501255868,21.1,185.0,111.0,L,0.83,32.97,9.0,release_not_at_hand,,cut_in_window,664747,"Díaz, Alexis",SB,2B,not measured,release_not_at_hand
678f72e3-3c2c-4b2c-a0a5-d3ab52108e76,HOME,59.617454665893845,7.8,177.0,103.0,R,0.17,36.8,9.0,PASS,1.241,PASS,664192,"Lucchesi, Joey",SB,2B,high,
58e60078-701b-44a5-83a8-cda54f906e61,HOME,59.669600175672706,8.3,177.0,122.0,L,0.14,18.18,9.0,PASS,0.922,PASS,605182,"Clevinger, Mike",SB,2B,high,
bbd5e22a-bae8-4f32-82b5-5df3c0edf6d3,HOME,59.72322440985465,9.2,172.0,101.0,R,0.15,20.3,8.0,PASS,1.189,PASS,605483,"Snell, Blake",SB,2B,high,
34255455-3cd2-4f03-ba74-fb6d1c50e33a,AWAY,59.72327053787809,6.8,176.0,125.0,L,0.18,11.5,8.0,PASS,0.854,not_cf_view,622766,"Díaz, Miguel",SB,2B,high,
068f6e04-c271-4ad4-849a-31feae06baca,AWAY,59.66128553035555,16.299999999999997,238.0,,,0.6,,9.0,release_not_at_hand,,no_release,605182,"Clevinger, Mike",SB,3B,not measured,release_not_at_hand
7061f676-dbef-47eb-858e-c49dcf527a05,HOME,59.65853339438739,5.0,173.0,102.0,R,0.11,22.84,9.0,PASS,1.19,PASS,605483,"Snell, Blake",SB,2B,high,
a14d1dfa-9d33-462b-a52c-82263b6e4362,HOME,59.60322464482963,7.7,176.0,115.0,R,0.18,24.44,9.0,PASS,1.023,PASS,690986,"Harrison, Kyle",SB,2B,high,
acd4e0b2-8f35-461e-9f6b-c6edf6041694,AWAY,59.689641885501445,10.1,179.0,114.0,L,0.43,25.73,8.0,PASS,1.089,cut_in_window,687330,"Kelly, Kevin",CS,2B,low,release_to_wrist 0.43 outside -0.32
2ac855dc-9d15-45ad-8dbb-6088029dd8b0,HOME,59.798673548968395,12.4,180.0,120.0,L,0.12,14.7,6.0,PASS,1.003,PASS,671131,"Rutledge, Jackson",SB,2B,high,
940b190b-ab6d-4f7a-9f81-454a59180f63,AWAY,59.63359672509153,11.7,179.0,,,0.62,,5.0,cut_in_window,,no_release,621389,"Blach, Ty",CS,2B,not measured,cut_in_window
2a0df81a-e2df-441a-b905-d3590058b7b7,HOME,59.69852919610042,9.5,178.0,108.0,R,0.2,18.3,9.0,PASS,1.173,PASS,621363,"Poche, Colin",SB,2B,high,
6172d68a-0e84-48dd-acc1-604b91cd035a,HOME,59.765109221895344,5.3,178.0,120.0,L,0.21,27.02,9.0,PASS,0.97,PASS,683175,"Phillips, Connor",SB,2B,high,
b40890db-aff0-45af-9a02-0265d53c102a,AWAY,59.64996613280311,12.1,176.0,125.0,R,0.13,10.98,9.0,PASS,0.855,cut_in_window,680723,"Rom, Drew",SB,2B,high,
d382c1cc-6083-4db0-9ccd-c77ba80b86c8,HOME,59.75445642275182,10.3,183.0,119.0,R,0.06,17.83,9.0,PASS,1.071,PASS,650911,"Sánchez, Cristopher",SB,2B,high,
5f141cbf-dc81-4488-9bee-6e5be28d77c1,AWAY,59.76266130601128,22.1,178.0,125.0,L,0.21,14.83,8.0,PASS,0.887,release_not_at_hand,681857,"Olson, Reese",SB,2B,high,
674381a1-0a84-4708-9be4-43db0f963094,HOME,59.72069787684971,7.9,181.0,115.0,L,0.14,21.21,9.0,PASS,1.105,PASS,571882,"Law, Derek",SB,2B,high,
74885987-fd9c-4352-9bef-913edbf5b3d3,AWAY,59.70617092582136,17.5,,,,,,,no_release,,no_release,595345,"Okert, Steven",SB,2B,not measured,no_release
f529fdf3-2900-45ac-bb14-d14d6cae690b,HOME,59.72277713386051,5.1,179.0,121.0,L,0.13,15.66,9.0,PASS,0.971,PASS,594902,"Lively, Ben",SB,2B,high,
ecc5c643-0ff3-4c9b-b912-7da68515909a,HOME,59.67242069469262,8.5,182.0,120.0,L,0.21,24.98,8.0,PASS,1.039,PASS,592351,"Gray, Jon",SB,2B,high,
1f5b747b-462c-4785-a15f-b41f74e709a2,HOME,59.62051497257277,7.8,181.0,122.0,L,0.13,21.16,7.0,PASS,0.99,PASS,640451,"Harvey, Hunter",SB,2B,high,
7b5b9c75-17cf-4faf-82a8-35809f96f104,AWAY,,7.8,,,,,,,no_clip,,cut_in_window,572403,"VerHagen, Drew",SB,2B,not measured,no_clip
6d38ff72-75d5-404f-8f5f-d1f07dff1ce6,HOME,59.7789424523896,10.9,176.0,108.0,R,0.14,20.55,9.0,PASS,1.138,PASS,642100,"Speier, Gabe",SB,2B,high,
d712dd7c-bbf4-4ff8-a29c-193b2d7ebaff,HOME,59.70657192304917,5.2,178.0,119.0,L,0.16,21.01,9.0,PASS,0.988,PASS,596271,"Lawrence, Casey",SB,2B,high,
ade49b5a-5004-4c0b-8841-1a45cf75c00c,AWAY,59.69197656394583,20.5,175.0,111.0,L,0.11,14.96,8.0,PASS,1.072,cut_in_window,657277,"Webb, Logan",SB,2B,high,
c4bec40f-68cf-4bbf-bf9a-435ac6ae4feb,HOME,59.69677202553915,9.3,198.0,142.0,L,0.26,12.73,9.0,PASS,0.938,PASS,661309,"Martinez, Adrián",SB,2B,high,
22f3e2ac-5822-47ea-a6a3-9db9a85acf67,HOME,59.64643623119128,7.8,177.0,106.0,L,0.16,26.99,9.0,PASS,1.19,PASS,605400,"Nola, Aaron",SB,3B,high,
938189d4-98e2-472b-9663-6eaee982c3b7,HOME,59.72857767652569,9.5,198.0,137.0,L,0.17,21.96,9.0,PASS,1.021,PASS,661309,"Martinez, Adrián",SB,2B,high,
32455b22-ace0-40de-be80-4d9f872d5f0e,HOME,59.72758686714872,7.5,196.0,135.0,R,0.27,18.59,9.0,PASS,1.021,PASS,660906,"Pérez, Francisco",SB,3B,high,
094c20df-663f-47c0-baca-fa8cfae1fd0b,HOME,59.70539920934347,9.0,192.0,123.0,L,0.25,25.18,9.0,PASS,1.156,PASS,663158,"Suarez, Robert",SB,2B,high,
d02b17c4-6b50-49c5-b4d8-2bc0dab5924e,AWAY,59.67474983676754,16.1,175.0,99.0,L,0.21,25.33,9.0,cut_in_window,,cut_in_window,543037,"Cole, Gerrit",CS,2B,not measured,cut_in_window
69f61749-732f-4f9a-873e-3f906f764c85,AWAY,59.69820464808899,18.700000000000003,187.0,,,0.72,,9.0,release_not_at_hand,,no_set_before_lift,668881,"Greene, Hunter",SB,2B,not measured,release_not_at_hand
b89cff85-b094-4390-82df-60ad0f6c86b1,HOME,59.73510326231888,4.8,195.0,145.0,L,0.11,21.82,8.0,PASS,0.837,PASS,607625,"Lugo, Seth",SB,2B,high,
befa4ea4-1540-4c59-9b16-802d97278c1c,AWAY,59.607095783655296,9.7,177.0,110.0,R,0.12,18.65,9.0,PASS,1.124,cut_in_window,656794,"Newcomb, Sean",SB,3B,high,
8a6892e1-935d-4048-9cf2-9a76674169c2,AWAY,59.70136311609032,15.5,,,,,,,not_cf_view,,release_not_at_hand,621383,"Banks, Tanner",SB,2B,not measured,not_cf_view
fee34d29-6805-44f5-b6fd-372022a11ef6,AWAY,,10.7,,,,,,,no_clip,,not_cf_view,668868,"Thompson, Zack",CS,2B,not measured,no_clip
2bd79c97-6c8e-48ed-9b3d-55f80250c2da,HOME,59.64115451476883,7.6,179.0,111.0,L,0.18,15.44,9.0,PASS,1.14,PASS,593576,"Neris, Héctor",SB,3B,high,
cb57f2a7-e974-44cf-b455-34e9c0196f48,AWAY,59.74065800123053,12.0,178.0,113.0,R,0.18,21.73,8.0,PASS,1.088,no_set_before_lift,685314,"Saalfrank, Andrew",SB,3B,high,
239e1201-f4ea-4a2a-909a-1a9fab430afb,AWAY,59.71938548974336,19.5,259.0,,,,,9.0,cut_in_window,,cut_in_window,607192,"Glasnow, Tyler",SB,2B,not measured,cut_in_window
23811327-33d3-47e5-af9c-85a818516efa,AWAY,59.79154221975744,10.0,,,,,,,no_release,,no_release,605130,"Barlow, Scott",SB,2B,not measured,no_release
fa567084-7a7f-42fa-9909-3873bd90ccf0,AWAY,59.78515385779232,23.700000000000003,,,,,,,no_release,,cut_in_window,621345,"Minter, A.J.",SB,2B,not measured,no_release
94039c2d-e8e9-4d0e-8ee7-6673a7865d6e,HOME,59.7203463667303,9.5,181.0,141.0,L,0.2,2.4,9.0,PASS,0.67,PASS,641585,"France, J.P.",SB,2B,low,lift_peak_in 2.4 outside 4.28-; delivery_s 0.67 outside 0.7-1.31
0b19d5cf-1cf9-4c7d-9c25-9285e24729f2,AWAY,59.61490765889747,14.3,182.0,,,0.76,,6.0,release_not_at_hand,,release_not_at_hand,621345,"Minter, A.J.",SB,3B,not measured,release_not_at_hand
2ae3c6a7-f234-4e6a-a069-4f3e4f29100b,HOME,59.657706918537016,8.3,180.0,116.0,L,0.26,27.22,9.0,PASS,1.073,PASS,665625,"Peguero, Elvis",SB,2B,high,
a91b190a-fbef-4318-b034-d2b92b928b8d,AWAY,59.65464638538656,18.7,175.0,98.0,L,0.21,24.97,5.0,PASS,1.291,cut_in_window,623451,"Stephens, Jackson",SB,3B,high,
1c104a46-7a89-4a35-8782-031d562f4b3b,HOME,59.77117751055215,4.9,199.0,145.0,L,0.17,13.98,9.0,PASS,0.903,PASS,667755,"Soriano, José",SB,2B,high,
a502ffaf-5839-4335-bcc1-28b2ba871664,HOME,59.68230184362123,8.4,200.0,139.0,L,0.15,22.36,7.0,PASS,1.022,PASS,657240,"Merryweather, Julian",CS,2B,high,
169ebcb9-480a-41de-a0c6-793906094177,AWAY,59.75706454912146,9.5,189.0,115.0,L,0.92,12.06,9.0,release_not_at_hand,,release_not_at_hand,543294,"Hendricks, Kyle",SB,2B,not measured,release_not_at_hand
8bee9ea9-9db1-4712-8616-fb8d6405545e,AWAY,59.75432571654999,20.200000000000003,201.0,142.0,L,0.46,21.25,9.0,PASS,0.987,release_not_at_hand,641627,"Gott, Trevor",SB,2B,low,release_to_wrist 0.46 outside -0.32
9e83686b-badc-4ffa-b83f-06889660fe40,HOME,59.68452465539292,9.0,178.0,115.0,L,0.2,24.07,9.0,PASS,1.056,PASS,641540,"Dunning, Dane",SB,2B,high,
a36f39c9-b4af-4171-b95e-0ab3906c0f65,HOME,59.711707685001535,8.5,201.0,135.0,R,0.1,25.08,9.0,PASS,1.105,PASS,548384,"Raley, Brooks",SB,2B,high,
2d82b63b-5606-4b18-93d9-7dd532edbadb,HOME,59.64608373889887,7.9,195.0,132.0,L,0.41,5.72,9.0,PASS,1.056,PASS,657044,"Thompson, Ryan",CS,2B,low,release_to_wrist 0.41 outside -0.32
fda930b3-a314-43a1-bf2b-f84d5354d4ea,AWAY,59.74206900779755,8.9,,,,,,,no_release,,no_release,663855,"Hicks, Jordan",SB,2B,not measured,no_release
5a28120e-cdf8-4341-b5c8-b99ab8db128b,AWAY,59.75431782402353,8.7,,,,,,,no_release,,no_release,623451,"Stephens, Jackson",SB,2B,not measured,no_release
a46fed02-618a-4a8a-9ed3-77e429407277,HOME,59.65846181901863,8.3,179.0,116.0,L,0.12,24.79,9.0,PASS,1.056,PASS,641540,"Dunning, Dane",SB,2B,high,
fee885db-da11-4640-be41-425efbe2dd49,HOME,59.70548638229908,7.9,177.0,132.0,L,0.21,2.95,9.0,PASS,0.754,PASS,641585,"France, J.P.",SB,2B,low,lift_peak_in 2.95 outside 4.28-
8703e648-cae7-45ac-9cf7-c22d4ef6bf5a,HOME,59.680804918057305,5.5,179.0,122.0,L,0.25,9.01,9.0,PASS,0.955,PASS,606930,"Barnes, Jacob",SB,2B,high,
6e244c5e-a6f0-4915-8f9a-afaa7032451a,HOME,59.73271120139175,5.1,178.0,112.0,L,0.18,24.85,9.0,PASS,1.105,PASS,641540,"Dunning, Dane",CS,2B,high,
c93b330c-1644-454f-b505-e94fa3220c57,AWAY,59.69229538984032,11.1,193.0,,,1.2,,9.0,release_not_at_hand,,release_not_at_hand,608032,"Estévez, Carlos",SB,2B,not measured,release_not_at_hand
e5b6f8bc-6cb5-4536-a4d0-d8bd2f8779a6,AWAY,59.654893015463415,17.0,208.0,127.0,L,0.57,3.99,9.0,PASS,1.358,no_set_before_lift,571945,"Mikolas, Miles",SB,2B,low,release_to_wrist 0.57 outside -0.32; lift_peak_in 3.99 outside 4.28-; delivery_s 1.358 outside 0.7-1.31
6e8cbf50-333d-47d7-9de8-d940a1b7d82b,HOME,59.653949868747006,8.3,174.0,139.0,R,0.16,6.53,9.0,PASS,0.587,PASS,477132,"Kershaw, Clayton",CS,3B,low,delivery_s 0.587 outside 0.7-1.31
1d035868-b0a9-4b51-87cb-ade05f110e1e,HOME,59.65847683550688,9.4,178.0,107.0,R,0.18,19.67,9.0,PASS,1.19,PASS,518397,"Alexander, Scott",SB,2B,high,
40d84099-e5ed-478d-8c53-6839b1def7a8,AWAY,59.65717334396779,15.4,179.0,95.0,R,0.15,63.91,9.0,cut_in_window,,no_release,669796,"Hernandez, Jose E.",SB,2B,not measured,cut_in_window
d08c1019-0114-4dc4-8c1e-a17f9fd150f2,HOME,59.767906110169605,12.2,144.0,104.0,L,0.11,17.84,6.0,PASS,0.669,PASS,660261,"Fujinami, Shintaro",SB,3B,low,delivery_s 0.669 outside 0.7-1.31
41f5dc8e-dc10-44a4-affa-0941640e3a62,AWAY,59.78031947639568,20.4,177.0,117.0,R,0.17,23.86,9.0,PASS,1.004,cut_in_window,571578,"Corbin, Patrick",SB,2B,high,
a8004f8f-a0d4-426c-b071-018e814635e4,HOME,59.6980489985436,6.6,176.0,116.0,R,0.11,21.44,9.0,PASS,1.005,PASS,571578,"Corbin, Patrick",SB,2B,high,
24c30872-3d7d-415a-89a8-1b6704b34f7a,AWAY,59.70019714083791,17.700000000000003,,,,,,,no_release,,no_release,605540,"Woodruff, Brandon",SB,2B,not measured,no_release
a786387e-55d7-4ff0-9aaa-b8ea6948bd52,HOME,59.69313307883915,8.0,181.0,123.0,L,0.15,23.88,9.0,PASS,0.972,PASS,543243,"Gray, Sonny",CS,2B,high,
f0547d9c-b439-4eb5-bbd3-83edec16e8f6,AWAY,59.79487533119916,10.1,,,,,,,no_release,,no_release,656353,"Davidson, Tucker",SB,2B,not measured,no_release
b1911f01-9bea-4494-a873-3d35e88eae47,HOME,59.63635657541196,8.4,177.0,123.0,L,0.18,27.26,9.0,PASS,0.905,PASS,671212,"Boyle, Joe",SB,2B,high,
233e75ab-0c45-4b6f-bae4-eebb6a39887c,HOME,59.713680557327685,10.2,180.0,117.0,L,0.13,32.76,8.0,PASS,1.055,PASS,640448,"Finnegan, Kyle",SB,3B,high,
57ce47ef-40cf-4f03-8eb0-3ccd9b73311b,HOME,59.741602067183464,8.2,177.0,114.0,L,0.3,12.88,9.0,PASS,1.055,PASS,543475,"Lyles, Jordan",SB,2B,high,
f0d430f0-3c4f-46ef-860d-060b9ce6c0a4,HOME,59.665943041323786,4.9,175.0,119.0,L,0.18,8.81,9.0,PASS,0.939,PASS,660825,"Bazardo, Eduard",SB,2B,high,
652f269c-acb8-4d50-ae1b-740ac0763a71,AWAY,59.66507078294605,14.6,,,,,,,not_cf_view,,not_cf_view,672715,"Patiño, Luis",CS,2B,not measured,not_cf_view
512bb467-3c3e-42de-8c20-53ac18ecba3b,HOME,59.722022330938664,9.3,174.0,118.0,L,0.13,20.85,6.0,PASS,0.938,PASS,502202,"Boxberger, Brad",SB,2B,high,
3d987519-2487-41f1-92fc-0e62b9e7cb87,HOME,59.680648248388046,8.6,179.0,118.0,L,0.15,25.02,9.0,PASS,1.022,PASS,640448,"Finnegan, Kyle",SB,2B,high,
0d34e294-0a90-4a1b-9b8e-cb18fee51f6d,AWAY,59.74594109940935,19.5,,,,,,,no_release,,no_release,623167,"Flexen, Chris",SB,2B,not measured,no_release
14d18fa4-6bfe-4fe2-a1b9-614af30d02b9,AWAY,59.81034378107827,23.1,182.0,110.0,R,0.2,24.49,9.0,PASS,1.204,no_set_before_lift,656756,"Montgomery, Jordan",SB,2B,high,
bb2d0d2c-8fb1-46a8-8bd8-37e862e77407,HOME,59.713265403588345,10.3,179.0,124.0,L,0.11,11.08,9.0,PASS,0.921,PASS,663903,"Singer, Brady",CS,2B,high,
9a6e5af5-4efa-4b53-8a39-81ac325ec193,HOME,59.662059630721984,7.6,176.0,123.0,L,0.17,11.86,7.0,PASS,0.888,PASS,663903,"Singer, Brady",SB,2B,high,
e189c360-7a4c-4c70-b9ea-19271824f290,AWAY,59.748462556520835,19.2,,,,,,,no_release,,no_release,656353,"Davidson, Tucker",SB,2B,not measured,no_release
788c3539-91fe-4a2c-be35-f7b15f9bc517,HOME,59.68886067773583,8.5,172.0,109.0,L,0.3,19.87,7.0,PASS,1.055,PASS,665795,"Cabrera, Edward",SB,2B,high,
e18c160a-9d3c-41aa-ad3d-2d93d8f3bb0d,HOME,59.55809743252139,7.8,181.0,126.0,L,0.13,18.27,9.0,PASS,0.923,PASS,605182,"Clevinger, Mike",SB,2B,high,
a5f7dad4-5004-4dc1-9e24-15246e8925c0,HOME,59.79825208759969,10.4,177.0,123.0,R,0.12,16.52,6.0,PASS,0.903,PASS,656353,"Davidson, Tucker",SB,2B,high,
6c761a32-d3cf-4808-a7d8-c5e6f1b5ee77,AWAY,59.753870960092954,17.4,,,,,,,no_release,,no_release,640462,"Puk, A.J.",SB,2B,not measured,no_release
32a98c44-febe-4835-a6c6-7d9a9cf42cee,AWAY,59.71471906474207,15.9,194.0,137.0,L,0.17,19.65,6.0,PASS,0.955,no_release,615698,"Quantrill, Cal",SB,2B,high,
c5880e75-501d-41d4-95ec-5c06023103b0,AWAY,59.67849463263259,17.1,,,,,,,no_release,,no_release,663804,"Kowar, Jackson",SB,2B,not measured,no_release
a5d82eee-f9df-48cb-a7de-1fa6f6d3aa25,AWAY,59.663916485993944,18.0,,,,,,,no_release,,no_release,542585,"Cisnero, José",SB,2B,not measured,no_release
6cf62cfa-9c13-4dc1-b4f6-2bdf3244e018,AWAY,59.63893805309735,16.3,177.0,109.0,L,0.28,17.65,9.0,PASS,1.14,cut_in_window,663423,"Thornton, Trent",SB,2B,high,
641549bb-35c8-4fe0-82ba-e67675069e63,HOME,59.6439816342395,4.9,171.0,107.0,L,0.14,23.57,9.0,PASS,1.073,PASS,663423,"Thornton, Trent",SB,3B,high,
e76e68e7-defc-4459-94cc-789fd21c1476,HOME,59.69375598296136,7.6,174.0,105.0,R,0.3,18.06,9.0,PASS,1.156,PASS,676664,"Sears, JP",SB,2B,high,
9d634b48-67cc-4bb6-98aa-06b0defd738f,HOME,59.77720208015259,10.9,178.0,118.0,L,0.17,13.04,6.0,PASS,1.004,PASS,660261,"Fujinami, Shintaro",SB,2B,high,
2298c9c8-eb18-4379-9d3d-174b40001498,AWAY,59.77647104638031,17.799999999999997,182.0,121.0,L,0.33,10.99,2.0,PASS,1.02,release_not_at_hand,425794,"Wainwright, Adam",SB,3B,low,release_to_wrist 0.33 outside -0.32; ball_pts 2.0 outside 5-
25f428be-e540-468e-9848-9b15c5714c6c,AWAY,59.670748047984596,16.2,174.0,114.0,L,0.22,8.88,9.0,PASS,1.006,no_set_before_lift,656638,"Lange, Alex",SB,2B,high,
90826dc9-429d-4ee4-8f65-93f9be1171f1,HOME,59.755363946260275,5.0,199.0,139.0,L,0.2,18.68,9.0,PASS,1.004,PASS,671131,"Rutledge, Jackson",CS,2B,high,
00689c3c-76f0-4329-9cb0-52815416705e,AWAY,59.6359524858174,15.7,181.0,98.0,L,0.12,2.18,9.0,cut_in_window,,cut_in_window,547179,"Lorenzen, Michael",SB,2B,not measured,cut_in_window
cb30e13e-d766-46f4-ae52-6c4a834725d3,AWAY,59.676381810084614,15.5,174.0,151.0,L,0.25,2.07,9.0,implausible_delivery,,implausible_delivery,664875,"Lawrence, Justin",SB,3B,not measured,implausible_delivery
cc329cba-e007-4a49-8794-18beb9ba3fdf,HOME,59.717043850816246,9.0,182.0,125.0,L,0.24,19.68,9.0,PASS,0.955,PASS,656730,"Megill, Trevor",SB,2B,high,
a46cb389-5e61-441d-b5e1-f93d5ba76977,HOME,59.74082696998523,9.2,177.0,116.0,R,0.17,7.62,7.0,PASS,1.021,PASS,666129,"Garrett, Braxton",SB,3B,high,
1b839626-35b9-4c6f-83a4-0575938cce40,HOME,59.67433368022883,8.9,180.0,112.0,L,0.14,31.06,6.0,PASS,1.14,PASS,664353,"Urquidy, José",SB,2B,high,
4ef2e8b9-4787-481d-b65b-9f6b62a1a3f5,AWAY,59.75610765702743,20.3,212.0,,,0.61,,9.0,cut_in_window,,cut_in_window,605483,"Snell, Blake",SB,2B,not measured,cut_in_window
8b9b515f-3bb7-4213-9bcb-fba194465e08,HOME,59.67835328838,5.3,179.0,109.0,R,0.19,31.76,6.0,PASS,1.173,PASS,664192,"Lucchesi, Joey",SB,3B,high,
cfef6983-d0d9-4cf3-b4d7-3976464dbda9,HOME,59.69332554003805,8.5,183.0,118.0,L,0.12,21.99,7.0,PASS,1.089,PASS,686613,"Brown, Hunter",SB,2B,high,
13da745e-82d0-48bb-b1e1-65bc0ea9cd8d,HOME,59.69667634720878,8.4,189.0,126.0,L,0.52,14.72,9.0,PASS,1.055,PASS,668970,"Hollowell, Gavin",SB,3B,low,release_to_wrist 0.52 outside -0.32
b9ab2b68-734f-4596-b3fc-550f5e867731,HOME,59.7171519733249,8.0,176.0,113.0,L,0.28,17.12,9.0,PASS,1.055,PASS,621112,"Blackburn, Paul",SB,2B,high,
f033dbb1-4196-4803-a8a0-76810bd75a03,HOME,59.65053223538863,8.8,175.0,119.0,L,0.13,15.76,9.0,PASS,0.939,PASS,628317,"Maeda, Kenta",SB,3B,high,
58389877-1893-4c14-8e53-9191fdc4aef8,HOME,59.80844974088834,11.7,172.0,110.0,L,0.12,11.99,9.0,PASS,1.037,PASS,502171,"Cobb, Alex",SB,3B,high,
2f888e60-a259-4fff-9d6a-b44f08cf2090,HOME,59.71836292563462,9.0,187.0,115.0,R,0.15,24.37,8.0,PASS,1.206,PASS,605483,"Snell, Blake",SB,3B,high,
49a134ae-e85d-483f-8d3c-eba7eb3eac9b,HOME,59.73150393281684,9.0,180.0,115.0,L,0.24,22.36,9.0,PASS,1.088,PASS,686613,"Brown, Hunter",SB,2B,high,
5e545088-e0c3-4a7c-bc52-c5f68b9c5e3b,HOME,59.68739480599085,9.9,180.0,120.0,L,0.19,21.36,9.0,PASS,1.005,PASS,596271,"Lawrence, Casey",SB,2B,high,
c4ba9ebb-14b2-46c8-b3bc-211fc48ac629,AWAY,59.700495834655,17.0,176.0,107.0,R,0.15,20.04,9.0,PASS,1.156,release_not_at_hand,605483,"Snell, Blake",SB,2B,high,
36a695f4-bf19-48fc-b008-c630ccf6b5f4,HOME,59.72355234482811,8.3,182.0,123.0,R,0.15,15.98,9.0,PASS,0.988,PASS,671106,"Allen, Logan",CS,2B,high,
a717de80-8659-477c-a9c3-2ba8080120bc,AWAY,59.6850075933773,19.4,174.0,104.0,L,0.31,7.63,2.0,cut_in_window,,cut_in_window,622491,"Castillo, Luis",CS,2B,not measured,cut_in_window
878273f6-821f-4291-91e1-001a8bf092ba,HOME,59.76554978045551,5.1,174.0,112.0,R,0.16,22.01,9.0,PASS,1.037,PASS,687922,"Lucas, Easton",SB,2B,high,
fb95eb09-63c8-40c6-a1b4-5189a829754b,HOME,59.6729211868539,8.6,181.0,128.0,L,0.23,3.03,9.0,PASS,0.888,PASS,669467,"Pallante, Andre",SB,2B,low,lift_peak_in 3.03 outside 4.28-
15848359-90b8-4702-ab5d-66b1a195b2fa,HOME,59.71096717880558,9.8,175.0,113.0,L,0.17,23.83,9.0,PASS,1.038,PASS,622491,"Castillo, Luis",CS,2B,high,
501621a0-63e6-4ae6-bb46-b050e1c8d59a,HOME,59.62988064361622,8.7,172.0,108.0,L,0.16,15.35,9.0,PASS,1.073,PASS,518489,"Brasier, Ryan",SB,2B,high,
ff53b129-525a-4014-b099-c3a18279773a,AWAY,59.75283298888997,19.3,185.0,,,1.0,,8.0,release_not_at_hand,,release_not_at_hand,669923,"Kirby, George",SB,2B,not measured,release_not_at_hand
31e9b910-c37e-49c5-bc94-6c25f65b1107,AWAY,59.72130059721301,19.1,172.0,109.0,R,0.14,26.28,9.0,PASS,1.055,no_set_before_lift,594580,"Moll, Sam",SB,3B,high,
1139e4a9-564f-4272-9a75-37adcf21ed18,HOME,59.715096660042825,6.6,177.0,133.0,L,0.11,3.79,8.0,PASS,0.737,PASS,680694,"Bradish, Kyle",CS,2B,low,lift_peak_in 3.79 outside 4.28-
53f78be9-8535-4794-be5e-40a5bcd0ffe0,HOME,59.69378137414387,9.4,180.0,108.0,L,0.22,21.04,5.0,PASS,1.206,PASS,664299,"Javier, Cristian",SB,2B,high,
aaaa0cd9-afb7-4ea6-b658-acbf6aab0047,AWAY,59.6969895280699,17.4,181.0,124.0,L,0.13,16.69,9.0,PASS,0.955,cut_in_window,661309,"Martinez, Adrián",CS,2B,high,
1d5a8c54-43ad-4918-8805-e70d401712f0,HOME,59.75036679495631,10.1,179.0,114.0,L,0.13,23.24,7.0,PASS,1.088,PASS,605400,"Nola, Aaron",SB,2B,high,
57ff5a30-2a90-48f8-aa09-ff5aa926ae2b,AWAY,59.67962680956879,15.7,188.0,119.0,L,0.83,3.66,6.0,cut_in_window,,release_not_at_hand,608337,"Giolito, Lucas",CS,2B,not measured,cut_in_window
03943396-2810-41fc-bbde-5f9462311024,AWAY,59.61758572226236,15.4,178.0,123.0,L,0.26,14.9,9.0,PASS,0.923,release_not_at_hand,675916,"Karinchak, James",SB,2B,high,
494e5f86-8252-4dec-ac57-4b133a8a112a,HOME,59.714379849805155,4.9,178.0,103.0,R,0.16,16.67,9.0,PASS,1.256,PASS,621345,"Minter, A.J.",SB,3B,high,
f91d4642-37c9-4fa2-aa1d-ff362c2b9dfc,AWAY,59.64388623657681,16.3,193.0,124.0,L,1.18,15.93,9.0,release_not_at_hand,,release_not_at_hand,675916,"Karinchak, James",SB,3B,not measured,release_not_at_hand
ba4a9112-084d-48b1-8296-00070c6522e8,HOME,59.82024815942363,10.9,182.0,132.0,L,0.12,3.16,8.0,PASS,0.836,PASS,673540,"Senga, Kodai",SB,2B,low,lift_peak_in 3.16 outside 4.28-
9b4531b7-cae3-4c13-902d-6b4e9f962d88,HOME,59.68961400716275,11.9,180.0,129.0,L,0.31,13.72,9.0,PASS,0.854,PASS,650633,"King, Michael",SB,2B,high,
da394727-6488-496a-9532-ac78d2047509,HOME,59.72136156537345,8.8,178.0,120.0,R,0.13,15.44,9.0,PASS,0.971,PASS,660906,"Pérez, Francisco",SB,2B,high,
03f4017f-c47d-4232-aa86-5bf5c8f92fd8,AWAY,59.582116378341944,14.5,174.0,,,0.16,,9.0,no_set_before_lift,,no_set_before_lift,657277,"Webb, Logan",SB,2B,not measured,no_set_before_lift
2b9a58db-b61c-4c65-a298-7384bf9a1283,AWAY,59.63096309630963,18.1,178.0,110.0,L,0.13,25.06,9.0,PASS,1.14,no_set_before_lift,657277,"Webb, Logan",SB,2B,high,
905738d5-7272-454e-8e36-9fd01a2e2dee,HOME,59.6371668305297,10.3,176.0,104.0,L,0.2,15.67,9.0,PASS,1.207,PASS,472610,"García, Luis",SB,3B,high,
87c91ecc-e3f1-4a79-be17-70066b228dbb,AWAY,59.7854351818186,21.2,,,,,,,no_release,,no_release,502624,"Anderson, Chase",SB,2B,not measured,no_release
43c0ce32-9851-4754-a3b4-4c4de90902c2,HOME,59.76342453001039,5.1,179.0,118.0,L,0.1,20.46,9.0,PASS,1.021,PASS,445926,"Chavez, Jesse",SB,2B,high,
819d0eb5-dd3e-4116-9fda-6996df01d1f3,HOME,59.703999160281306,8.4,181.0,122.0,L,0.35,11.59,9.0,PASS,0.988,PASS,606930,"Barnes, Jacob",CS,2B,low,release_to_wrist 0.35 outside -0.32
eadd8f74-4de3-40e5-ab5d-413bd2329321,HOME,59.79910548666485,11.8,175.0,121.0,L,0.13,14.57,9.0,PASS,0.903,PASS,664747,"Díaz, Alexis",SB,2B,high,
0c9032b1-70e1-4023-b6d2-781e456402fd,AWAY,59.815699122750665,17.6,,,,,,,no_release,,not_cf_view,657277,"Webb, Logan",SB,2B,not measured,no_release
9a7a3226-1d75-47f4-a961-72b62d3607ac,HOME,59.66761162484188,8.1,215.0,159.0,R,0.13,25.84,9.0,PASS,0.939,PASS,672335,"Pérez, Cionel",SB,2B,high,
fe4194c9-aaff-4172-98f4-1ade20ea512f,AWAY,59.69661131909474,17.299999999999997,171.0,,,0.17,,9.0,cut_in_window,,cut_in_window,518397,"Alexander, Scott",SB,2B,not measured,cut_in_window
8112b3df-e6a4-4e8b-b6fa-7c2076feb44d,AWAY,59.6783642756898,9.6,,,,,,,no_release,,no_release,665896,"Marte, José",SB,2B,not measured,no_release
ae782262-a4d9-4483-98b5-9ea22aa68241,AWAY,59.68027912592515,20.299999999999997,180.0,113.0,L,0.19,32.65,7.0,PASS,1.123,release_not_at_hand,665896,"Marte, José",SB,3B,high,
3f8f8dad-cb06-4d77-afc8-b0838b8225c5,HOME,59.69514307965185,8.9,182.0,121.0,L,0.26,10.36,9.0,PASS,1.022,PASS,600921,"Machado, Andrés",SB,2B,high,
1d17362f-eaff-4c35-baa2-d74a43c25466,HOME,59.76755075320833,9.9,173.0,106.0,L,0.24,20.62,9.0,PASS,1.121,PASS,695243,"Miller, Mason",CS,2B,high,
b7943b78-b45b-46cd-9c42-f3992c8ee361,AWAY,,4.0,,,,,,,no_clip,,no_release,518886,"Kimbrel, Craig",SB,2B,not measured,no_clip
f3874bda-2063-4051-a501-a8f0fc615eb5,HOME,59.71112724925361,8.6,177.0,116.0,R,0.12,25.85,9.0,PASS,1.022,PASS,624133,"Suarez, Ranger",SB,2B,high,
430d60f9-0698-463d-b666-fb224b95c610,HOME,59.613813248056985,5.3,206.0,153.0,L,0.2,3.87,7.0,PASS,0.889,PASS,680570,"Rodriguez, Grayson",SB,2B,low,lift_peak_in 3.87 outside 4.28-
e4c95e93-16ea-47f1-8ac7-8c237477bf3b,AWAY,59.748448903261526,17.8,177.0,,,0.24,,9.0,cut_in_window,,not_cf_view,543294,"Hendricks, Kyle",SB,3B,not measured,cut_in_window
f0c977c3-a424-4077-a112-3b588ac375b2,AWAY,59.73858580089453,16.6,183.0,113.0,L,0.13,27.12,9.0,PASS,1.172,cut_in_window,676477,"Whitlock, Garrett",SB,2B,high,
3d88205c-d8f4-49f2-9d0f-aa75cae51ec6,HOME,59.72297417721178,9.2,179.0,114.0,L,0.22,24.88,8.0,PASS,1.088,PASS,607192,"Glasnow, Tyler",SB,2B,high,
02aa0a58-ec44-477f-8d86-eef17a6cb13e,HOME,59.680159334543966,10.0,180.0,113.0,L,0.18,29.34,9.0,PASS,1.123,PASS,641360,"Bickford, Phil",SB,2B,high,
37e82d85-6a82-4a90-9476-39a1b69bd4c6,AWAY,59.76279477594721,16.2,177.0,112.0,L,0.24,31.99,6.0,PASS,1.088,no_release,676477,"Whitlock, Garrett",SB,3B,high,
256788a4-809e-4506-9eae-c886c9c1ef17,HOME,59.77000165441112,8.3,180.0,115.0,L,0.19,23.17,9.0,PASS,1.088,PASS,607192,"Glasnow, Tyler",SB,2B,high,
0cf325f3-18bf-4db8-a441-971814a08b1c,HOME,59.545349870052966,7.8,178.0,116.0,L,0.16,19.32,9.0,PASS,1.041,PASS,663562,"Davis, Noah",SB,2B,high,
1cdc85b8-6631-4ed2-82ad-070067ef9259,HOME,59.65042805796858,5.3,190.0,136.0,L,0.25,18.08,9.0,PASS,0.905,PASS,622259,"Wingenter, Trey",SB,2B,high,
14518592-d8b7-4c97-b234-2154693ab786,HOME,59.7362512145316,9.2,190.0,136.0,L,0.18,18.76,9.0,PASS,0.904,PASS,622259,"Wingenter, Trey",SB,3B,high,
214fdc49-2475-4ca5-aecc-3b3796a80011,HOME,59.691524220983865,8.4,190.0,129.0,L,0.17,15.45,9.0,PASS,1.022,PASS,687830,"Gipson-Long, Sawyer",CS,2B,high,
e94abf5b-a83c-4191-ae3d-9dd72125f5e2,HOME,59.78110005155252,12.1,176.0,119.0,L,0.17,17.01,9.0,PASS,0.953,PASS,682847,"Ortiz, Luis",SB,3B,high,
292dcd3e-f59b-4c44-8334-1908d44fc60d,AWAY,,5.2,,,,,,,no_clip,,no_set_before_lift,622098,"Smith, Drew",CS,2B,not measured,no_clip
cfe0818b-5445-4709-8acf-d783dc1b6313,HOME,59.75364197106542,10.5,183.0,129.0,L,0.16,17.35,9.0,PASS,0.904,PASS,675916,"Karinchak, James",SB,2B,high,
7ef383e0-517b-483b-b8c1-226e16536279,AWAY,59.7072379669235,10.4,174.0,,,0.12,,9.0,cut_in_window,,cut_in_window,663362,"Waldron, Matt",SB,2B,not measured,cut_in_window
8763d6c2-6415-4b86-8e69-7f9f2e7751e4,AWAY,59.64850267963426,16.799999999999997,176.0,111.0,L,0.13,22.47,8.0,PASS,1.09,no_set_before_lift,605135,"Bassitt, Chris",SB,2B,high,
853f1df6-461a-465a-a4ce-a02a4feae494,HOME,59.73627664384296,10.1,182.0,123.0,L,0.12,15.25,7.0,PASS,0.988,PASS,641360,"Bickford, Phil",SB,2B,high,
f7754a4c-98c4-4f28-bd75-531a59ee3b08,HOME,59.70726109624683,9.1,177.0,120.0,L,0.17,14.83,9.0,PASS,0.955,PASS,664139,"Gibaut, Ian",SB,2B,high,
1c7e4d9c-e295-4212-970c-4fdc3fd74968,HOME,59.74755668104301,8.7,177.0,130.0,L,0.16,7.66,9.0,PASS,0.787,PASS,682847,"Ortiz, Luis",SB,2B,high,
57e96267-d34b-4fab-91c7-619b38e38622,HOME,59.672863750002534,5.5,176.0,116.0,L,0.15,21.43,9.0,PASS,1.005,PASS,656578,"Jackson, Andre",SB,2B,high,
3f725430-5644-4312-b8d7-576a8fb49b8e,HOME,59.64625055637539,6.8,199.0,115.0,L,0.15,25.96,9.0,PASS,1.408,PASS,592094,"Adam, Jason",CS,3B,low,delivery_s 1.408 outside 0.7-1.31
b8bbc3ef-3472-418f-8a95-a3b9dc670ac7,AWAY,59.62958104256359,7.0,,,,,,,no_release,,no_release,670241,"Vines, Darius",SB,2B,not measured,no_release
83c6f7c1-ecdf-4f6f-b670-cd88b6a077e3,AWAY,59.63722651538664,15.5,,,,,,,no_release,,no_release,663773,"Hoeing, Bryan",SB,2B,not measured,no_release
aeb4d957-8940-4f64-9153-6f08efb4e3a2,HOME,59.62127891841962,7.3,180.0,112.0,L,0.27,21.63,9.0,PASS,1.141,PASS,663562,"Davis, Noah",SB,2B,high,
ae14c768-91e3-44e7-8f1b-40121cb02a23,AWAY,59.65887905227609,18.700000000000003,179.0,107.0,L,0.11,8.91,9.0,cut_in_window,,no_set_before_lift,450203,"Morton, Charlie",SB,2B,not measured,cut_in_window
43356345-bd65-478c-810b-4119145ce3c1,AWAY,59.7522770181954,18.1,181.0,116.0,R,0.14,23.31,9.0,PASS,1.088,cut_in_window,664285,"Valdez, Framber",SB,2B,high,
d57c72ac-8fd5-4fb1-8454-321f271aa6a5,HOME,59.73458139606491,9.0,175.0,104.0,R,0.16,27.42,9.0,PASS,1.189,PASS,663559,"Falter, Bailey",SB,3B,high,
0acc52b7-ae7b-4101-95a0-035498aadb08,HOME,59.797460215399454,10.3,175.0,109.0,R,0.15,22.51,9.0,PASS,1.104,PASS,663559,"Falter, Bailey",SB,2B,high,
335d5cad-8184-44b2-a675-2c1cffd92283,HOME,59.65490201963734,8.7,181.0,124.0,L,0.18,27.67,9.0,PASS,0.955,PASS,615698,"Quantrill, Cal",SB,2B,high,
a946b8c6-df9a-4c55-9f44-c642024bdb53,AWAY,59.75849538299997,19.200000000000003,,,,,,,no_release,,no_release,669467,"Pallante, Andre",SB,2B,not measured,no_release
dcc58209-4cd9-44dc-8fcb-9cf8308e7071,AWAY,59.68340600936996,17.3,182.0,112.0,L,0.1,8.86,2.0,cut_in_window,,release_not_at_hand,623437,"Topa, Justin",CS,2B,not measured,cut_in_window
46c5f95b-ea22-47c6-bc66-4469c02555b2,AWAY,59.67918832459809,10.4,181.0,,,0.11,,7.0,cut_in_window,,cut_in_window,676092,"Snider, Collin",SB,2B,not measured,cut_in_window
711d143c-e09d-4dbc-8bd9-f062f1b0e7d9,AWAY,59.801640095575834,10.6,182.0,136.0,L,0.15,4.71,7.0,PASS,0.769,cut_in_window,641585,"France, J.P.",SB,2B,high,
8e745590-5f9b-44dd-95a5-4bf5fec38b42,AWAY,59.701174187080746,17.1,179.0,,,0.11,,4.0,no_set_before_lift,,release_not_at_hand,672578,"Hernández, Carlos",SB,2B,not measured,no_set_before_lift
0b7464ef-ac9e-41f3-899e-e7f87b3e3669,AWAY,59.81258722668971,21.0,189.0,121.0,L,0.88,11.7,9.0,release_not_at_hand,,cut_in_window,543475,"Lyles, Jordan",SB,2B,not measured,release_not_at_hand
ae475db2-6a77-47a0-b540-b289e821a25e,HOME,59.637648040255414,5.0,198.0,133.0,L,0.12,22.66,9.0,PASS,1.09,PASS,669302,"Gilbert, Logan",SB,2B,high,
8abe2ef3-9746-4dcd-ad8e-7291c4e8255f,HOME,59.72018890588541,5.4,175.0,127.0,L,0.18,3.79,9.0,PASS,0.804,PASS,571863,"Koch, Matt",SB,2B,low,lift_peak_in 3.79 outside 4.28-
8abda09e-8f1f-4cee-8f7d-04c671a3fdc2,AWAY,59.72420460688716,19.5,189.0,127.0,L,0.23,13.19,9.0,PASS,1.038,cut_in_window,657585,"Garrett, Reed",CS,2B,high,
1327e049-f238-4f84-87dc-f11a56610667,AWAY,59.76015568639983,19.700000000000003,176.0,110.0,L,0.11,19.33,9.0,PASS,1.104,no_release,605130,"Barlow, Scott",SB,3B,high,
3de4a2f6-a0b0-4986-9ba2-f994f4c56e89,HOME,59.68056876783658,5.2,177.0,125.0,L,0.27,26.06,8.0,PASS,0.871,PASS,671212,"Boyle, Joe",SB,2B,high,
b9c60c11-f76b-4256-b29c-392c6677728f,HOME,59.73803764233878,9.6,180.0,118.0,L,0.18,16.26,7.0,PASS,1.038,PASS,665871,"Assad, Javier",SB,2B,high,
43ef4655-316e-4582-ba68-a45c17d3c21a,HOME,59.70709210448055,9.8,175.0,121.0,L,0.22,15.85,9.0,PASS,0.904,PASS,571882,"Law, Derek",CS,3B,high,
6888a153-aedb-4436-9629-1314183df1c7,HOME,59.75835248888571,9.7,176.0,117.0,R,0.19,12.45,9.0,PASS,0.987,PASS,669796,"Hernandez, Jose E.",SB,2B,high,
6d50f657-39ab-4865-b6c7-89deff0c0ee0,HOME,59.72048802084042,5.5,178.0,115.0,L,0.13,14.91,9.0,PASS,1.055,PASS,519151,"Pressly, Ryan",SB,2B,high,
8fc9cb1a-1edc-489c-91f5-a58c453d39e3,HOME,59.710749016539445,8.8,178.0,121.0,L,0.15,10.25,9.0,PASS,0.955,PASS,672851,"Adon, Joan",SB,2B,high,
c3a86718-760b-4ea6-9872-471923346f5c,HOME,59.687583207597406,8.0,178.0,118.0,L,0.21,20.85,9.0,PASS,1.005,PASS,665795,"Cabrera, Edward",SB,2B,high,
c4786069-bd86-4392-b048-b7f985a0cae0,HOME,59.6824278194992,8.1,180.0,106.0,L,0.12,19.67,9.0,PASS,1.24,PASS,676710,"Crawford, Kutter",SB,2B,high,
46299b39-330f-4714-b82c-ac62a8d17e12,HOME,59.73893614519227,10.4,181.0,112.0,L,0.16,19.87,7.0,PASS,1.155,PASS,543135,"Eovaldi, Nathan",SB,2B,high,
7ec10237-0fc5-4310-8bce-3ed2ab5c6eea,AWAY,59.65886760814316,10.8,178.0,100.0,L,0.24,12.73,9.0,cut_in_window,,cut_in_window,502043,"Gibson, Kyle",CS,2B,not measured,cut_in_window
15ab3b28-08e4-4609-84bd-0963edd605c1,HOME,59.603836843694765,8.3,178.0,127.0,L,0.15,8.0,9.0,PASS,0.856,PASS,680704,"Sandlin, Nick",SB,2B,high,
a8a6b3a6-b525-4ae6-8b99-5d7f8074ab89,AWAY,59.7459847300011,21.200000000000003,180.0,119.0,L,0.11,32.32,9.0,PASS,1.021,cut_in_window,605182,"Clevinger, Mike",SB,2B,high,
cb5676f1-112e-41ab-bc9a-b19eac8aca9a,HOME,59.694915843851646,11.5,211.0,155.0,L,0.59,9.81,8.0,PASS,0.938,PASS,621016,"Cuas, Jose",CS,2B,low,release_to_wrist 0.59 outside -0.32
d89b0787-7265-4b0e-92ed-a6a05bd44ab4,HOME,59.63383208084297,7.6,197.0,137.0,L,0.15,15.65,8.0,PASS,1.006,PASS,657746,"Ryan, Joe",CS,3B,high,
2244829a-c0ea-4dc2-9d33-07fd9160bf65,HOME,59.65199361964024,9.0,178.0,131.0,R,0.09,9.31,8.0,PASS,0.788,PASS,593958,"Rodriguez, Eduardo",SB,3B,high,
7ffcd7ce-1e1f-4c7b-94e5-d67f8af98dcf,HOME,59.63185951193869,8.5,180.0,124.0,R,0.17,15.09,9.0,PASS,0.939,PASS,593958,"Rodriguez, Eduardo",SB,2B,high,
75c09230-8bd6-44a9-8934-bf4c8f2f41ac,HOME,59.7501749929642,9.2,179.0,110.0,L,0.21,21.49,7.0,PASS,1.155,PASS,642547,"Peralta, Freddy",SB,2B,high,
ffb17fcd-4982-4cd8-9bf2-e6cd6b1580a4,AWAY,59.72429853333872,9.8,,,,,,,no_release,,no_release,656266,"Bukauskas, J.B.",SB,2B,not measured,no_release
535d2894-e244-4416-9e06-cf9727fc1180,HOME,59.62845544284008,7.6,180.0,109.0,R,0.25,32.33,9.0,PASS,1.191,PASS,621363,"Poche, Colin",SB,2B,high,
a5e0be8d-0c43-4c8c-9915-6a507e31fae1,AWAY,59.66900148389446,16.5,186.0,104.0,L,0.4,10.27,9.0,cut_in_window,,cut_in_window,676130,"Buttó, José",SB,2B,not measured,cut_in_window
8b9d1ac3-736d-4e25-a377-516e7beed232,HOME,59.65463511633553,5.3,184.0,111.0,R,0.09,20.02,9.0,PASS,1.224,PASS,641743,"Kay, Anthony",SB,2B,high,
8c0dd3d6-a22a-4d59-bfd7-6ccf51de11fe,HOME,59.59020401883589,7.6,183.0,134.0,R,0.08,11.3,9.0,PASS,0.822,PASS,593958,"Rodriguez, Eduardo",CS,3B,high,
795c73b2-a5a3-4d46-b6b4-c116bdf2d5f3,AWAY,,8.399999999999999,,,,,,,no_clip,,cut_in_window,458681,"Lynn, Lance",CS,2B,not measured,no_clip
a5cb6653-46a0-43f2-8952-016a5c47c800,HOME,59.67301622740696,9.2,172.0,119.0,L,0.12,12.75,9.0,PASS,0.888,PASS,622491,"Castillo, Luis",CS,2B,high,
fab47b88-b85c-471c-bcaf-95919828d620,HOME,59.65501466031733,8.9,179.0,129.0,R,0.09,4.72,9.0,PASS,0.838,PASS,598286,"Ramirez, Nick",SB,2B,high,
02a9f479-bb42-495a-a60f-2ba23cdb73dd,HOME,59.70267591674926,7.4,180.0,129.0,L,0.31,15.88,5.0,PASS,0.854,PASS,669711,"Weissert, Greg",SB,2B,high,
d134a7c3-e41a-4a8d-8b17-2e896606ad49,HOME,59.71574118821451,5.5,178.0,116.0,L,0.15,21.0,9.0,PASS,1.038,PASS,670990,"Ramírez, Yohan",SB,2B,high,
113e945a-0be2-4683-99ea-13b8b913ee4c,HOME,59.70386439775967,10.0,178.0,116.0,L,0.27,26.96,9.0,PASS,1.038,PASS,502624,"Anderson, Chase",SB,2B,high,
58c318bb-5598-4daa-8a7d-2ef568cccaca,HOME,59.701728270268774,10.5,171.0,104.0,L,0.15,18.8,7.0,PASS,1.122,PASS,664299,"Javier, Cristian",SB,2B,high,
5346a4a6-c12e-4a46-a75d-5024b3c6bf72,AWAY,59.6824482151861,20.0,176.0,117.0,R,0.5,17.34,9.0,not_cf_view,,cut_in_window,622072,"Wood, Alex",SB,3B,not measured,not_cf_view
a4f5068e-5921-491d-9fed-501a48a1761b,HOME,59.67338303965326,5.5,184.0,119.0,R,0.1,15.85,8.0,PASS,1.089,PASS,543272,"Hand, Brad",SB,2B,high,
e969ab9e-df76-4cda-8e8d-798c0ad7ef47,AWAY,59.72615751960781,17.4,176.0,116.0,L,0.21,21.98,9.0,PASS,1.005,cut_in_window,669923,"Kirby, George",CS,2B,high,
e1b8f178-98b1-4ee3-9ada-987749d8bec2,AWAY,59.704430967554174,12.5,180.0,,,0.2,,9.0,no_set_before_lift,,no_set_before_lift,664294,"Moreta, Dauri",SB,2B,not measured,no_set_before_lift
79a1798b-be69-42aa-96f3-377a04381a03,AWAY,59.74652510381442,18.2,,,,,,,not_cf_view,,cut_in_window,666745,"Brito, Jhony",SB,2B,not measured,not_cf_view
3a789643-fc43-462c-9503-0770eae3d97c,AWAY,59.65704012094852,13.7,,,,,,,no_release,,no_release,693821,"Elder, Bryce",SB,2B,not measured,no_release
3e126bf9-245c-4df2-85ff-29a0b4a1d582,HOME,59.74639808609654,9.9,197.0,143.0,L,0.24,13.01,9.0,PASS,0.904,PASS,675540,"Curry, Xzavion",CS,2B,high,
4370ca6b-7232-4e1e-9693-912b97cb65ee,HOME,59.70687304966936,8.3,179.0,125.0,L,0.2,15.68,9.0,PASS,0.904,PASS,681857,"Olson, Reese",CS,2B,high,
8dca5bc1-fad4-46b0-a723-e00dbd854294,HOME,59.70224929174879,9.5,201.0,137.0,L,0.21,21.39,6.0,PASS,1.072,PASS,668881,"Greene, Hunter",SB,2B,high,
3747db03-5526-4080-9e38-59443728cb59,HOME,59.723398041383085,9.6,197.0,141.0,L,0.23,4.09,9.0,PASS,0.938,PASS,608337,"Giolito, Lucas",SB,2B,low,lift_peak_in 4.09 outside 4.28-
8aa31e19-3287-4fdb-8ab9-d012df4053a7,HOME,59.68119664576566,9.5,178.0,122.0,L,0.14,16.79,9.0,PASS,0.938,PASS,681857,"Olson, Reese",CS,3B,high,
f5caba71-eddd-4b4d-814d-c350431b76d9,HOME,59.72756484606183,8.8,198.0,139.0,L,0.17,15.61,9.0,PASS,0.988,PASS,675540,"Curry, Xzavion",SB,2B,high,
262a42ba-20dc-484f-912c-063eac8252b4,AWAY,59.65954287532481,17.299999999999997,176.0,,,0.52,,9.0,no_set_before_lift,,no_set_before_lift,670912,"Oviedo, Johan",SB,3B,not measured,no_set_before_lift
9a78b69b-a6c5-46fc-a041-7ea9e99acd11,AWAY,59.72608766164165,16.7,181.0,125.0,L,0.2,6.87,9.0,PASS,0.938,not_cf_view,680570,"Rodriguez, Grayson",SB,2B,high,
0c229976-1f53-4279-9e62-f12f0ecba881,AWAY,59.7064752635431,17.9,172.0,104.0,R,0.21,26.27,9.0,PASS,1.139,no_release,664285,"Valdez, Framber",SB,3B,high,
13701ff7-f011-4a54-bf28-76ad2851a84e,HOME,59.676854700537646,9.3,173.0,112.0,L,0.14,23.02,8.0,PASS,1.022,PASS,656382,"Doyle, Tommy",CS,2B,high,
6da666d5-fe82-4fc5-b617-0f4f43aab17a,HOME,59.703831387604794,7.8,179.0,123.0,L,0.23,4.42,9.0,PASS,0.938,PASS,670912,"Oviedo, Johan",CS,2B,high,
09d91ca3-271e-477c-bb6d-457ae84532ac,AWAY,59.65635673982374,16.799999999999997,177.0,117.0,L,0.17,17.26,6.0,not_cf_view,,not_cf_view,650960,"Duarte, Daniel",CS,2B,not measured,not_cf_view
61b51e24-33f5-476a-bad2-720f71a52ce7,HOME,59.74464932896864,6.2,171.0,109.0,L,0.17,21.86,6.0,PASS,1.038,PASS,683232,"Mears, Nick",SB,2B,high,
4b89fd0b-1a31-42f2-9d6a-18da572f6752,AWAY,59.65511640214413,13.3,181.0,117.0,L,0.1,12.22,7.0,PASS,1.073,cut_in_window,489446,"Yates, Kirby",SB,2B,high,
f786e9f4-d1d8-461c-98e0-e68b93ae12ba,AWAY,59.684853682066674,10.3,,,,,,,no_release,,no_release,683155,"Estes, Joey",SB,2B,not measured,no_release
fe43ca8b-47f4-43a7-a9d9-23a6a5ebcb07,HOME,59.65879356661899,5.9,183.0,139.0,R,0.14,4.16,9.0,PASS,0.738,PASS,572971,"Keuchel, Dallas",CS,2B,low,lift_peak_in 4.16 outside 4.28-
927d53ab-0bf9-49ab-adb2-343183247019,HOME,59.702307166690986,8.9,179.0,113.0,L,0.22,20.94,9.0,PASS,1.105,PASS,669456,"Bieber, Shane",SB,2B,high,
245a760e-832b-4cc0-9dcc-22e6550335a0,AWAY,59.79876862354516,27.0,183.0,118.0,L,0.18,28.62,9.0,PASS,1.087,cut_in_window,657240,"Merryweather, Julian",SB,2B,high,
378db28b-38dd-4b7b-911e-bbf5bd39ebf4,AWAY,59.70562943660196,17.700000000000003,182.0,117.0,L,0.17,14.84,9.0,PASS,1.089,not_cf_view,694037,"Palencia, Daniel",SB,2B,high,
8da9623c-4158-405b-8d17-4e11272c7e46,HOME,59.73945844688545,9.0,178.0,115.0,R,0.18,22.15,9.0,PASS,1.055,PASS,664285,"Valdez, Framber",SB,2B,high,
4b8c9959-f49f-4003-a80b-bfd758c7d8f8,HOME,59.66730954676953,9.5,180.0,122.0,R,0.1,21.62,9.0,PASS,0.972,PASS,571578,"Corbin, Patrick",SB,3B,high,
6602f52b-8bf8-420e-8a1e-4062be8972d7,AWAY,59.70470553476679,18.1,170.0,113.0,L,0.19,10.93,9.0,PASS,0.955,no_release,663158,"Suarez, Robert",SB,2B,high,
dec1d18e-cbab-41f9-a754-42925172468b,HOME,59.771842338957576,9.5,177.0,116.0,R,0.15,18.37,9.0,PASS,1.021,PASS,671096,"Abbott, Andrew",SB,2B,high,
681a4f95-a09c-440a-b51f-c7df5c5783ad,AWAY,59.80073999310283,13.1,181.0,,,0.13,,9.0,no_set_before_lift,,no_set_before_lift,625643,"López, Reynaldo",SB,2B,not measured,no_set_before_lift
2058c399-3e1e-47fe-8cf8-5c1e624aa102,HOME,59.63828757354483,7.6,178.0,113.0,L,0.14,22.57,9.0,PASS,1.09,PASS,669456,"Bieber, Shane",SB,2B,high,
869ff53a-a87f-490c-ae61-0d845c10ed89,HOME,59.69127867530827,8.1,184.0,118.0,L,0.18,24.27,9.0,PASS,1.106,PASS,657240,"Merryweather, Julian",CS,2B,high,
47dcf035-3920-4693-a7ee-31e917eb8889,HOME,59.629475355666195,8.9,178.0,109.0,L,0.22,27.74,9.0,PASS,1.157,PASS,622554,"Domínguez, Seranthony",SB,2B,high,
8991eb40-9d63-4f71-b0ff-066d2099dc72,AWAY,59.6534071847585,16.0,179.0,118.0,L,0.18,9.31,9.0,PASS,1.023,cut_in_window,493603,"Ottavino, Adam",SB,2B,high,
9228d6b6-ce66-4ecb-a7a6-a2e0a45e67cd,HOME,59.68116485391505,7.7,177.0,113.0,R,0.12,21.84,9.0,PASS,1.072,PASS,671096,"Abbott, Andrew",CS,3B,high,
e22619d6-2c48-4a22-a83c-b87ce55b6eac,AWAY,59.73957968411775,16.9,185.0,114.0,R,0.16,32.33,9.0,PASS,1.188,no_set_before_lift,664192,"Lucchesi, Joey",SB,2B,high,
4c9ac84c-84f9-4102-9033-c8a5ad8d364a,AWAY,59.74445305944706,11.4,181.0,,,0.1,,9.0,no_set_before_lift,,no_set_before_lift,671096,"Abbott, Andrew",SB,3B,not measured,no_set_before_lift
c4c6fe30-a94e-40a3-99d3-147337d88b87,HOME,59.73059711022477,9.7,201.0,138.0,L,0.16,22.74,9.0,PASS,1.055,PASS,641360,"Bickford, Phil",SB,2B,high,
b28d17be-3857-45ed-8021-ed014369bd07,HOME,59.76271485714674,10.4,161.0,99.0,R,0.16,24.49,9.0,PASS,1.037,PASS,571578,"Corbin, Patrick",SB,2B,high,
ed75bd72-7d90-47e4-a344-f690367989ff,AWAY,59.75521497146737,18.9,179.0,112.0,L,0.12,10.11,4.0,cut_in_window,,cut_in_window,665871,"Assad, Javier",CS,2B,not measured,cut_in_window
bb4486bc-c2e4-4485-a694-8a05b597719d,HOME,59.73843691337581,8.8,177.0,118.0,L,0.14,19.62,9.0,PASS,0.988,PASS,700363,"Smith-Shawver, AJ",SB,2B,high,
38de8a91-6723-4ed9-8ad9-68ec83a09a80,HOME,59.79338862820999,10.9,179.0,122.0,R,0.17,15.04,9.0,PASS,0.953,PASS,666200,"Luzardo, Jesús",SB,2B,high,
b3901800-489e-4288-ba78-d5c6bad6174b,AWAY,59.6814591996932,16.7,177.0,121.0,L,0.24,9.33,9.0,PASS,0.938,not_cf_view,657053,"Toussaint, Touki",SB,2B,high,
76be92cd-3c63-4c4d-bcb0-28b3e8cd8863,AWAY,59.693236687140605,8.0,182.0,124.0,L,0.15,17.75,9.0,PASS,0.972,not_cf_view,687830,"Gipson-Long, Sawyer",SB,2B,high,
8b9b3ab2-e97c-4ed4-a548-8e2a2bbee4de,HOME,59.566631176081266,8.0,182.0,113.0,R,0.45,20.37,6.0,PASS,1.158,PASS,642232,"Yarbrough, Ryan",SB,3B,low,release_to_wrist 0.45 outside -0.32
971491b4-45af-4fb4-b84d-e0693e871b67,HOME,59.63548111543098,6.5,178.0,126.0,L,0.41,20.1,7.0,PASS,0.872,PASS,669711,"Weissert, Greg",SB,2B,low,release_to_wrist 0.41 outside -0.32
b6a66bec-98d7-4a9c-ae0d-2a673418e515,HOME,59.733261093561794,5.4,179.0,125.0,L,0.14,27.35,9.0,PASS,0.904,PASS,669387,"Mlodzinski, Carmen",SB,3B,high,
9f302ae1-81fb-4c15-baf3-6eb33125c0b8,AWAY,59.65996757397493,11.6,176.0,108.0,R,0.1,25.1,5.0,PASS,1.14,release_not_at_hand,642232,"Yarbrough, Ryan",SB,3B,high,
b19a5261-50c8-4890-8594-e206379ae45f,HOME,59.748505404556,6.2,180.0,123.0,R,0.23,23.63,9.0,PASS,0.954,PASS,672335,"Pérez, Cionel",SB,2B,high,
446a328d-048e-4aa0-9075-2d2376ab88e0,HOME,59.72883972400659,8.9,176.0,101.0,R,0.11,24.05,9.0,PASS,1.256,PASS,656756,"Montgomery, Jordan",SB,2B,high,
510458e5-1713-4d96-904f-ca6f223d78cf,HOME,59.66798972508774,5.3,178.0,109.0,L,0.2,5.16,8.0,PASS,1.156,PASS,657044,"Thompson, Ryan",SB,2B,high,
b81da01b-6035-42c7-a4ac-e6ff865e03f9,AWAY,59.61054444297258,14.7,188.0,111.0,R,0.62,15.21,9.0,release_not_at_hand,,release_not_at_hand,543272,"Hand, Brad",SB,2B,not measured,release_not_at_hand
3ddd26fd-2041-4e8c-b3b6-0ccc10b1cb67,AWAY,59.74775507628007,17.6,181.0,120.0,L,0.14,33.68,9.0,PASS,1.021,cut_in_window,605347,"López, Jorge",SB,2B,high,
7f0e5d83-b1cb-4e6e-9c81-4c87e59949fd,AWAY,59.76178867451417,12.6,,,,,,,no_release,,no_release,642216,"Winans, Allan",SB,2B,not measured,no_release
b22a64eb-0654-4f96-bd39-445837b33583,AWAY,59.741417744092736,19.7,177.0,120.0,L,0.12,24.9,6.0,PASS,0.954,cut_in_window,592866,"Williams, Trevor",SB,2B,high,
2929d135-8292-4625-8727-a4d336f7e14f,AWAY,59.60331002752019,16.0,,,,,,,no_release,,release_not_at_hand,657746,"Ryan, Joe",SB,2B,not measured,no_release
08653c8b-98cb-4cc1-af13-2f3d0758cdbc,AWAY,59.71077035261631,19.8,189.0,126.0,L,1.1,20.33,9.0,release_not_at_hand,,cut_in_window,592866,"Williams, Trevor",SB,2B,not measured,release_not_at_hand
87e8b5da-4e18-4e62-8c2c-abb9b346aa58,HOME,59.742517342168505,10.2,196.0,140.0,R,0.16,22.1,8.0,PASS,0.937,PASS,686747,"La Sorsa, Joe",SB,2B,high,
6ac0158e-0ce6-467f-944c-c0e7bced4655,AWAY,59.63900678708335,10.2,183.0,,,0.1,,9.0,cut_in_window,,no_set_before_lift,607755,"Vasquez, Andrew",CS,2B,not measured,cut_in_window
a5cd8d04-e716-4e48-b28a-01996b59dc61,HOME,59.69235478686768,7.6,183.0,115.0,R,0.18,23.04,9.0,PASS,1.139,PASS,666214,"Wentz, Joey",SB,2B,high,
08f77034-b564-41f7-8f07-35aeea330b3f,HOME,59.69343407133656,5.6,180.0,123.0,R,0.22,15.59,7.0,PASS,0.955,PASS,681892,"Funderburk, Kody",SB,2B,high,
0dd5815a-aa91-4efe-a511-9044a472d807,AWAY,59.74922157704283,15.9,177.0,115.0,L,0.12,23.64,9.0,PASS,1.038,no_release,596271,"Lawrence, Casey",SB,2B,high,
cddb2ef7-8337-48f3-9f41-d44d6c449cd1,AWAY,59.67649446027768,17.0,174.0,,,0.11,,9.0,no_set_before_lift,,no_set_before_lift,593576,"Neris, Héctor",SB,3B,not measured,no_set_before_lift
bf122c17-7631-4b5a-b2fa-ff54f0c724c2,AWAY,59.677542346189426,19.6,191.0,,,1.17,,6.0,release_not_at_hand,,no_set_before_lift,664353,"Urquidy, José",SB,2B,not measured,release_not_at_hand
1c0e9bb3-6a49-4569-a7a0-147601f82554,HOME,59.736075158843654,8.6,172.0,103.0,L,0.14,29.85,9.0,PASS,1.155,PASS,664353,"Urquidy, José",SB,3B,high,
3863c3b2-1ef9-4d65-8fe0-bf2fe50a4e22,HOME,59.61655082334282,7.4,181.0,116.0,R,0.15,21.11,9.0,PASS,1.09,PASS,666214,"Wentz, Joey",SB,3B,high,
c7f6ebf2-bbf0-42f1-861e-547fb2b0a200,HOME,59.69835913264292,5.2,179.0,131.0,L,0.12,2.9,9.0,PASS,0.804,PASS,670174,"Winckowski, Josh",SB,2B,low,lift_peak_in 2.9 outside 4.28-
1d19634a-cf9b-486f-b6fa-608db9d8496c,HOME,59.72464529245739,8.2,207.0,143.0,L,0.12,26.72,9.0,PASS,1.072,PASS,650556,"Abreu, Bryan",CS,2B,high,
71efdae9-9e62-4cc5-9294-85fc1b031cd9,HOME,59.70073360483338,9.5,176.0,120.0,L,0.23,6.49,9.0,PASS,0.938,PASS,656638,"Lange, Alex",SB,2B,high,
cdb107eb-10eb-435b-90f4-132ac23c08c5,HOME,59.731307038502216,9.0,181.0,124.0,L,0.15,26.18,4.0,PASS,0.954,PASS,605182,"Clevinger, Mike",SB,3B,low,ball_pts 4.0 outside 5-
1b30300b-fc16-48cc-ba88-c7187c85365f,AWAY,59.660428986894146,10.1,180.0,,,0.46,,9.0,no_set_before_lift,,no_set_before_lift,671111,"Peralta, Sammy",SB,3B,not measured,no_set_before_lift
a572ae9f-99f7-4eaf-9ce4-a3e4baddf160,AWAY,59.7629536536289,19.1,182.0,124.0,L,0.68,13.43,9.0,release_not_at_hand,,release_not_at_hand,672851,"Adon, Joan",SB,2B,not measured,release_not_at_hand
87a3b670-e855-4123-9231-b52d0084697f,HOME,59.70028515380104,4.9,203.0,142.0,L,0.11,15.13,9.0,PASS,1.022,PASS,518876,"Kelly, Merrill",SB,2B,high,
734aba4b-5db9-4fec-9a4b-ca0ee8a1b707,HOME,59.74472707522404,8.6,177.0,123.0,L,0.15,14.53,9.0,PASS,0.904,PASS,657376,"Schmidt, Clarke",CS,2B,high,
53c36846-4a56-466e-a850-3bdf920ce4d3,HOME,59.76719063916568,9.0,201.0,152.0,L,0.14,10.44,9.0,PASS,0.82,PASS,434378,"Verlander, Justin",SB,2B,high,
24329ab0-69f0-4397-9f32-f2b14ef6bb19,HOME,59.633907671054146,9.1,181.0,120.0,L,0.22,21.41,7.0,PASS,1.023,PASS,675911,"Strider, Spencer",SB,2B,high,
adf5f6ac-332e-4153-a345-3e2d074fc5a3,HOME,59.76783143787934,10.4,181.0,116.0,L,0.26,22.47,8.0,PASS,1.088,PASS,675911,"Strider, Spencer",SB,2B,high,
ddbbf8a5-8732-4c7c-af3b-502ca98dc6e6,HOME,59.7413037123648,9.7,182.0,118.0,L,0.21,23.46,7.0,PASS,1.071,PASS,675911,"Strider, Spencer",SB,2B,high,
caf41c74-a96c-430b-96e8-70a6d2af66cf,AWAY,59.68233825000984,11.3,181.0,117.0,L,0.11,22.51,8.0,PASS,1.072,no_set_before_lift,656814,"Ortiz, Luis",CS,2B,high,
3831df65-f930-468c-bbe1-6f6fc9621b25,HOME,59.696959207077875,10.6,176.0,119.0,L,0.27,9.56,5.0,PASS,0.955,PASS,666808,"Doval, Camilo",CS,2B,high,
8cc6a961-c1cd-4d5e-ab52-ad4e39d5491e,AWAY,59.690607356212695,13.2,175.0,120.0,L,0.23,15.49,9.0,PASS,0.921,not_cf_view,675916,"Karinchak, James",SB,2B,high,
c3681085-0e43-4e62-9e6d-11f4787c6fe7,HOME,59.78488615728454,5.4,180.0,129.0,L,0.26,11.71,9.0,PASS,0.853,PASS,593423,"Montas, Frankie",CS,2B,high,
06674414-f46e-491c-96c8-2e98f797fed6,HOME,59.666678392544505,8.4,177.0,122.0,L,0.24,15.09,9.0,PASS,0.922,PASS,675916,"Karinchak, James",SB,2B,high,
579a1ade-cb07-4666-b263-a18251cca9e9,HOME,59.760277859753465,5.7,183.0,128.0,L,0.5,14.4,9.0,PASS,0.92,PASS,663978,"Paddack, Chris",SB,2B,low,release_to_wrist 0.5 outside -0.32
06b811b3-7f91-4bde-9c9b-f015218e8042,HOME,59.62522359458848,8.7,177.0,117.0,L,0.22,25.44,9.0,PASS,1.006,PASS,683175,"Phillips, Connor",SB,2B,high,
0a14ed62-37af-415e-ade7-d775e3984c6b,HOME,59.729179012997136,10.0,178.0,118.0,L,0.19,21.54,9.0,PASS,1.005,PASS,641729,"Jiménez, Joe",SB,2B,high,
e62dde52-e56a-4326-a5b3-e643d3f12db1,AWAY,59.719247338075576,19.1,178.0,111.0,R,0.29,20.1,8.0,PASS,1.122,no_set_before_lift,689266,"Dodd, Dylan",SB,2B,high,
04bb83f2-1197-4a74-a963-5f80c492489e,HOME,59.69566500806174,5.3,179.0,117.0,L,0.17,5.69,9.0,PASS,1.039,PASS,657024,"Swanson, Erik",SB,2B,high,
6b5ff0e7-f54f-4ac3-9d2e-60622a4060c4,HOME,59.66486851055357,5.5,180.0,116.0,L,0.17,17.95,9.0,PASS,1.073,PASS,656793,"Nelson, Nick",SB,3B,high,
473d8c40-c0ba-4a7f-805c-d84052a70b3a,AWAY,59.64493972475445,9.3,,,,,,,no_release,,no_release,641149,"Parsons, Wes",SB,2B,not measured,no_release
e5d2b341-07f0-4068-8437-5b919f25c601,AWAY,59.794539319062,20.5,179.0,120.0,R,0.66,26.91,8.0,release_not_at_hand,,release_not_at_hand,543056,"Coulombe, Danny",SB,3B,not measured,release_not_at_hand
4d1a2915-15ff-47b6-b481-b64ceb7d34a4,AWAY,59.752633255812626,11.5,199.0,,,0.77,,8.0,release_not_at_hand,,release_not_at_hand,656669,"Luplow, Jordan",SB,3B,not measured,release_not_at_hand
851a9bb7-337c-4130-8804-ffe36861210e,AWAY,59.74254233744926,22.2,259.0,,,,,9.0,cut_in_window,,no_release,686539,"Cronin, Declan",SB,2B,not measured,cut_in_window
669a4485-135a-4928-bb76-94b681a05bd9,HOME,59.64393075753534,4.8,179.0,121.0,L,0.16,26.38,9.0,PASS,0.972,PASS,608334,"Fulmer, Carson",SB,3B,high,
fd52cc8c-7373-433c-817b-99a804b4a160,AWAY,59.67915438941116,20.1,189.0,,,0.83,,9.0,release_not_at_hand,,cut_in_window,656578,"Jackson, Andre",CS,2B,not measured,release_not_at_hand
72a5e4b1-ecab-4242-9e96-6a0d00b3e6d9,AWAY,59.61819319841435,15.2,175.0,117.0,R,0.25,28.94,9.0,PASS,0.973,not_cf_view,543056,"Coulombe, Danny",SB,2B,high,
0c88cead-8927-4503-9aac-4af357e79c69,AWAY,59.74420861255417,21.0,178.0,122.0,L,0.28,25.36,9.0,PASS,0.937,cut_in_window,666745,"Brito, Jhony",SB,2B,high,
a1d409a8-35f4-4f6f-9bc8-61ebd0c78730,AWAY,59.530188198167906,14.1,176.0,118.0,R,0.18,28.51,9.0,PASS,0.974,no_set_before_lift,672335,"Pérez, Cionel",SB,3B,high,
a584f600-83a2-4e82-98ef-adafa785bb91,AWAY,59.69421940671256,16.5,,,,,,,no_release,,no_release,570632,"Ureña, José",CS,2B,not measured,no_release
3c29276f-160e-4481-84d0-a977514c7bba,HOME,59.65285353291263,8.4,178.0,114.0,R,0.18,12.72,9.0,PASS,1.073,PASS,593958,"Rodriguez, Eduardo",SB,2B,high,
09e4431b-050e-4095-862e-05f1503aba8c,AWAY,59.706953006384104,18.6,176.0,,,0.2,,9.0,no_set_before_lift,,no_set_before_lift,571945,"Mikolas, Miles",CS,2B,not measured,no_set_before_lift
6319efee-33bc-4e19-bd56-ed2d52630c92,HOME,59.66309205638051,8.1,181.0,121.0,R,0.36,27.17,9.0,PASS,1.006,PASS,690986,"Harrison, Kyle",SB,2B,low,release_to_wrist 0.36 outside -0.32
e903da49-6555-4618-b1b2-e2a8a49ddcfa,AWAY,59.676542469679035,14.8,178.0,122.0,L,0.26,34.62,7.0,PASS,0.938,no_release,660896,"Alcala, Jorge",SB,2B,high,
67ab2200-6fe8-4c5e-aa3b-3d6b0eb4baf3,AWAY,59.70771651155297,16.2,,,,,,,no_release,,no_release,668881,"Greene, Hunter",SB,2B,not measured,no_release
ee95aaed-bfe6-413d-97b4-4d1bbe5d779e,AWAY,59.67934194842,16.8,182.0,118.0,L,0.67,22.05,9.0,release_not_at_hand,,release_not_at_hand,668881,"Greene, Hunter",CS,2B,not measured,release_not_at_hand
72f56ea5-fd45-4f68-966f-051c7d8203e2,AWAY,59.67372836482013,11.3,180.0,,,0.15,,9.0,cut_in_window,,no_set_before_lift,592767,"Smyly, Drew",SB,3B,not measured,cut_in_window
c20ebe38-e4f3-45ed-8420-4de023870995,AWAY,59.748601041982525,17.1,,,,,,,no_release,,release_not_at_hand,650633,"King, Michael",SB,2B,not measured,no_release
6f6f5b53-90fe-4f68-b6ef-507e2421ff20,HOME,59.590092394739216,7.1,179.0,119.0,L,0.12,18.91,9.0,PASS,1.007,PASS,663986,"Stephan, Trevor",SB,2B,high,
