play_id,feed,fps,seconds,release_frame,lift_frame,lead_foot,release_to_wrist,lift_peak_in,ball_pts,qa,delivery_s,home_qa,pitcher_id,pitcher_name,result,base,confidence,why
004f404e-4a3d-40ca-b2b0-1ce762fedcfd,AWAY,59.67765026787127,42.8,182.0,118.0,L,0.17,15.79,2.0,PASS,1.072,release_not_at_hand,506433,"Darvish, Yu",SB,2B,low,ball_pts 2.0 outside 5-
1eaa4a4a-ec5d-48e7-b324-f7e7d1b18224,HOME,59.79115203233775,15.5,197.0,143.0,L,0.16,14.33,9.0,PASS,0.903,PASS,669165,"Hurt, Kyle",SB,2B,high,
8bc1df02-95de-43e4-b122-1dd759c05c23,AWAY,59.73225446322077,22.0,,,,,,,no_release,,no_release,607192,"Glasnow, Tyler",SB,2B,not measured,no_release
236489b8-145d-415f-ba82-c4fe9b29c604,HOME,59.72933305189992,13.2,172.0,117.0,L,0.22,9.55,9.0,PASS,0.921,PASS,663432,"Rainey, Tanner",SB,3B,high,
9ebb572c-5466-48ba-99e2-f3b53ee3e504,AWAY,59.68418958449488,21.5,183.0,123.0,L,0.8,9.47,9.0,release_not_at_hand,,release_not_at_hand,608723,"Voth, Austin",SB,2B,not measured,release_not_at_hand
6caf07cb-aa1e-42fc-839c-1a1467884348,AWAY,59.761574066096166,20.5,182.0,117.0,L,0.72,22.92,8.0,not_cf_view,,release_not_at_hand,656605,"Keller, Mitch",SB,2B,not measured,not_cf_view
b3d4aa03-2beb-45d0-8c5e-065145c0549e,AWAY,59.60475209471618,17.7,188.0,125.0,L,0.75,13.93,9.0,release_not_at_hand,,cut_in_window,621244,"Berríos, José",SB,2B,not measured,release_not_at_hand
520b1451-e57c-499f-af72-0f57952754cc,AWAY,59.69553721449327,18.9,178.0,122.0,L,0.14,15.82,7.0,PASS,0.938,release_not_at_hand,621244,"Berríos, José",CS,2B,high,
10c43787-d1f2-4621-b028-608dd74f7b8b,HOME,59.741863040383144,9.1,175.0,114.0,L,0.24,19.19,7.0,PASS,1.021,PASS,680686,"Gray, Josiah",SB,2B,high,
56ff78e1-8361-4fc4-b183-397f33c5211e,AWAY,59.638282446807864,17.1,179.0,115.0,R,0.12,19.68,8.0,PASS,1.073,not_cf_view,676979,"Crochet, Garrett",SB,2B,high,
d21c5fbb-d373-42c1-a6fb-ef1659bad0a4,AWAY,59.69406009578668,22.700000000000003,175.0,114.0,R,0.15,18.96,8.0,PASS,1.022,no_release,666205,"Muller, Kyle",CS,2B,high,
54f59e51-1684-46f9-85e3-087481f0cec7,AWAY,59.76544541632988,26.299999999999997,176.0,122.0,L,0.22,14.49,7.0,not_cf_view,,cut_in_window,542585,"Cisnero, José",SB,2B,not measured,not_cf_view
b8708dfa-f245-4620-8308-6372218bca1d,HOME,59.7351968476905,10.8,202.0,146.0,L,0.15,15.45,9.0,PASS,0.937,PASS,554430,"Wheeler, Zack",CS,2B,high,
fe4c974b-4982-4612-8655-923e2cbf2d12,HOME,59.64404434335883,14.3,254.0,190.0,L,0.15,25.75,9.0,PASS,1.073,PASS,615698,"Quantrill, Cal",CS,3B,high,
cfd648fa-3e4e-4608-ba1c-3fe4f3ae3ae1,HOME,59.78340568545009,13.5,198.0,142.0,L,0.13,22.32,9.0,PASS,0.937,PASS,675911,"Strider, Spencer",SB,2B,high,
9747c4ec-6f39-499d-bbf7-4a1e9e0e585b,HOME,59.648076349537725,11.4,188.0,128.0,L,0.12,20.73,9.0,PASS,1.006,PASS,615698,"Quantrill, Cal",SB,2B,high,
997fd255-b53f-4123-875d-a02973210b8c,AWAY,59.679876653451934,27.6,154.0,115.0,L,0.03,21.12,6.0,PASS,0.653,no_release,669923,"Kirby, George",SB,2B,low,delivery_s 0.653 outside 0.7-1.31
d68dea5e-8dfd-41c7-87b2-5192bca99ea2,HOME,59.80961592554394,12.6,172.0,119.0,L,0.14,15.41,9.0,PASS,0.886,PASS,548389,"Stripling, Ross",SB,2B,high,
0912b762-49ee-4bc8-a7c7-7ff1e28dfe5d,HOME,59.680025403704086,11.6,179.0,117.0,L,0.13,17.17,9.0,PASS,1.039,PASS,641149,"Parsons, Wes",SB,2B,high,
d7170071-cae8-432f-80e5-30a7a03f2ece,AWAY,59.6879092046695,17.6,,,,,,,not_cf_view,,not_cf_view,613534,"Adams, Austin",CS,2B,not measured,not_cf_view
df3ae466-f970-4f32-97b2-5a08c183d297,HOME,59.75038081325751,14.7,193.0,142.0,L,0.12,23.09,5.0,PASS,0.854,PASS,675911,"Strider, Spencer",SB,2B,high,
081913df-9691-4537-bb7d-a0868b512414,AWAY,59.6704645771885,29.799999999999997,180.0,119.0,L,0.14,18.7,9.0,PASS,1.022,cut_in_window,641149,"Parsons, Wes",SB,3B,high,
f08ded36-aac3-48ca-9b66-de3443cf918d,HOME,59.659471779058855,9.8,197.0,146.0,L,0.33,13.91,9.0,PASS,0.855,PASS,554430,"Wheeler, Zack",SB,2B,low,release_to_wrist 0.33 outside -0.32
3e706a7e-e283-47df-90f2-1005e3a9a271,HOME,59.778590760971305,14.5,223.0,159.0,L,0.09,17.69,9.0,PASS,1.071,PASS,601713,"Pivetta, Nick",SB,2B,high,
acf4c402-6583-4fb2-adda-3fed404dc705,AWAY,,8.799999999999999,,,,,,,no_clip,,not_cf_view,607074,"Rodón, Carlos",SB,2B,not measured,no_clip
4f122de0-61e1-463c-8f5a-ca9f25136b2e,AWAY,59.67602354862694,12.5,,,,,,,not_cf_view,,not_cf_view,687765,"Spence, Mitch",CS,2B,not measured,not_cf_view
6b4e8c44-ffd8-43f0-8e9a-252037a71ec2,HOME,59.658620118212454,14.4,190.0,118.0,R,0.57,17.61,5.0,PASS,1.207,PASS,500779,"Quintana, Jose",SB,2B,low,release_to_wrist 0.57 outside -0.32
77bd597e-6d73-40bd-928d-2c9538752e53,HOME,59.773094369916144,15.2,202.0,137.0,R,0.14,25.42,8.0,PASS,1.087,PASS,607074,"Rodón, Carlos",SB,3B,high,
9080be5e-e336-45b3-9cdb-e365f8313ca8,AWAY,59.752020650839995,22.4,182.0,120.0,R,0.11,18.62,9.0,PASS,1.038,cut_in_window,596295,"Gomber, Austin",SB,2B,high,
c5606b09-e182-4c26-abaa-acfe1f246e99,HOME,59.80685563771107,23.2,231.0,161.0,R,0.14,25.11,9.0,PASS,1.17,PASS,676664,"Sears, JP",SB,2B,high,
d34de315-560e-4bce-ab02-95294d4c9b5e,HOME,59.72333114089852,18.7,205.0,146.0,L,0.29,24.99,8.0,PASS,0.988,PASS,607625,"Lugo, Seth",CS,2B,high,
e0b80bc6-c0f4-456a-a441-e9f6614ea380,AWAY,59.72980216711974,27.700000000000003,189.0,,,1.23,,5.0,not_cf_view,,not_cf_view,668881,"Greene, Hunter",SB,2B,not measured,not_cf_view
562a5aec-83b2-47bd-bcc4-32424e42cd00,HOME,59.823954806024275,23.6,175.0,111.0,L,0.17,20.98,9.0,PASS,1.07,PASS,668881,"Greene, Hunter",SB,2B,high,
1c023be1-5770-4a10-a086-a62610171c35,HOME,59.59323332784345,15.6,175.0,117.0,L,0.14,19.97,9.0,PASS,0.973,PASS,664747,"Díaz, Alexis",SB,2B,high,
19c7571d-b562-4207-b702-4e551352c6e1,HOME,59.728835628364,18.8,176.0,117.0,R,0.11,21.46,9.0,PASS,0.988,PASS,571578,"Corbin, Patrick",CS,2B,high,
2c57c79b-4f7a-412e-ac68-5be024d97763,AWAY,59.69318769857389,31.5,182.0,121.0,L,0.23,16.41,8.0,PASS,1.022,not_cf_view,676962,"Brown, Ben",SB,2B,high,
5835cafe-96eb-45a0-b3c0-25bff0114b8b,HOME,59.66634043074379,22.0,238.0,164.0,R,0.12,29.79,9.0,PASS,1.24,PASS,608331,"Fried, Max",SB,3B,high,
78c3373c-f9f2-419c-a9b7-6f5da3b6ddcb,HOME,59.69586323274559,21.5,235.0,180.0,L,0.12,20.45,9.0,PASS,0.921,PASS,676440,"Bibee, Tanner",SB,2B,high,
8d272a98-62f9-4169-968b-d971fa18fc34,AWAY,59.72918245681512,33.7,224.0,,,0.29,,7.0,cut_in_window,,no_release,647336,"Soroka, Michael",SB,3B,not measured,cut_in_window
d5491245-092b-4ff9-a2d3-96cbc4cd1d27,HOME,59.64288177849604,20.6,236.0,166.0,R,0.25,22.3,9.0,PASS,1.174,PASS,676664,"Sears, JP",SB,3B,high,
1c998bca-f305-4948-83d7-088a8351fde2,HOME,59.63038198078275,19.8,232.0,161.0,L,0.23,33.73,9.0,PASS,1.191,PASS,621242,"Díaz, Edwin",SB,2B,high,
79309b24-d4d8-4977-afbb-0ea2184e3497,HOME,59.731976458806365,18.0,175.0,117.0,L,0.23,25.61,9.0,PASS,0.971,PASS,640451,"Harvey, Hunter",SB,2B,high,
77c7aca9-fea1-461d-a174-261108e116cc,HOME,59.67243958947363,17.0,180.0,116.0,R,0.17,15.84,9.0,PASS,1.073,PASS,650893,"Cabrera, Génesis",SB,2B,high,
8a90b00f-52d0-4d49-98af-dbea30ee3199,HOME,59.81936127089906,24.1,230.0,171.0,L,0.14,14.52,9.0,PASS,0.986,PASS,622663,"Severino, Luis",SB,2B,high,
269dada9-24b6-498f-9f5b-ad3e42232425,AWAY,59.685385994019576,34.1,176.0,102.0,L,0.28,41.68,9.0,cut_in_window,,cut_in_window,643377,"Jax, Griffin",CS,2B,not measured,cut_in_window
f4e10f79-a101-40c2-b4d2-f69d466264b7,HOME,59.68619530649464,9.5,175.0,114.0,R,0.11,24.84,9.0,PASS,1.022,PASS,571578,"Corbin, Patrick",SB,2B,high,
529eae5b-dced-41bf-8d6f-9c85d365a2f7,HOME,59.76608109980144,17.9,235.0,174.0,R,0.11,12.5,9.0,PASS,1.021,PASS,676664,"Sears, JP",SB,2B,high,
309f8ad0-09c6-4de6-ba12-f9f6eba1eaea,AWAY,59.65931177650809,18.8,177.0,107.0,L,0.28,31.35,9.0,PASS,1.173,cut_in_window,621242,"Díaz, Edwin",SB,3B,high,
d4cb08a9-755f-4589-9fcc-0f2e8460d401,HOME,59.62254763977717,8.5,196.0,133.0,R,0.17,30.03,9.0,PASS,1.057,PASS,674072,"Henry, Tommy",SB,2B,high,
a9bd0ca7-8312-490b-aab0-fa108c64c6f7,AWAY,59.662524285707,16.9,177.0,118.0,R,0.18,16.1,8.0,PASS,0.989,not_cf_view,650893,"Cabrera, Génesis",SB,3B,high,
23d1bfd1-eb50-403a-bb85-d187a51bbbc1,AWAY,59.71876346554944,21.799999999999997,224.0,,,0.02,,7.0,no_set_before_lift,,release_not_at_hand,519008,"McFarland, T.J.",SB,3B,not measured,no_set_before_lift
5e874b59-892b-44ae-87ab-bd11492dfadd,AWAY,59.64761895633099,20.6,178.0,115.0,L,0.18,10.36,5.0,PASS,1.056,no_release,493603,"Ottavino, Adam",SB,2B,high,
144cb4bf-a2d7-44bd-baf3-89a30d97fb8a,HOME,59.72479750170782,7.8,176.0,114.0,L,0.19,25.32,9.0,PASS,1.038,PASS,668881,"Greene, Hunter",SB,2B,high,
97bad096-74ef-41b8-b55b-6f0ed2555d5b,AWAY,59.66021237347343,18.3,,,,,,,no_release,,no_release,657097,"Webb, Jacob",CS,2B,not measured,no_release
0f2d35dd-0c47-40a1-8084-befb1d6cce80,AWAY,59.58059336160158,18.3,173.0,119.0,L,0.26,6.51,9.0,PASS,0.906,no_release,661269,"Gutierrez, Vladimir",SB,2B,high,
662c2784-d4f0-4e65-87c1-0e7bd8173962,HOME,59.65676056688127,12.9,224.0,159.0,L,0.09,27.3,9.0,PASS,1.09,PASS,471911,"Carrasco, Carlos",CS,2B,high,
4fbce435-2bdb-4203-b3f3-db5975d1dbf3,HOME,59.70517844367049,9.6,179.0,117.0,L,0.13,17.89,9.0,PASS,1.038,PASS,657376,"Schmidt, Clarke",CS,2B,high,
4cfa8cdc-b725-4fb5-839f-4a21c6dd27cc,HOME,59.81204029597408,12.4,196.0,132.0,L,0.14,29.88,6.0,PASS,1.07,PASS,592332,"Gausman, Kevin",SB,2B,high,
03b6fcfd-695c-4cf4-a2e7-a7cb6bebe619,HOME,59.73532818841985,13.0,176.0,115.0,L,0.18,15.53,8.0,PASS,1.021,PASS,607259,"Martinez, Nick",SB,3B,high,
e067c999-d529-46fb-b067-cf1dadec6c02,HOME,59.75854783274515,10.9,173.0,112.0,L,0.28,16.93,9.0,PASS,1.021,PASS,607259,"Martinez, Nick",SB,2B,high,
66b306c9-7533-479c-9155-3530e7c4c18b,HOME,59.680383030274925,10.7,181.0,125.0,L,0.18,12.21,8.0,PASS,0.938,PASS,656427,"Flaherty, Jack",SB,2B,high,
73e4f68f-149d-48db-a045-9eca37a5e50c,HOME,59.72381494639091,10.2,176.0,128.0,L,0.14,5.74,9.0,PASS,0.804,PASS,571670,"Floro, Dylan",SB,2B,high,
295a7a74-614d-4e56-ae8b-f77ec23aa2c4,HOME,59.72783809856119,12.7,176.0,113.0,L,0.23,19.2,9.0,PASS,1.055,PASS,656731,"Megill, Tylor",SB,2B,high,
d0de6a90-e326-44c0-a139-f3b6c9944848,AWAY,59.61236558656694,17.700000000000003,175.0,108.0,L,0.12,47.01,5.0,PASS,1.124,no_set_before_lift,471911,"Carrasco, Carlos",SB,2B,high,
19a14b60-d2d9-4ea6-9c6a-4385bb5485ca,AWAY,59.66801809017979,20.799999999999997,,,,,,,no_release,,no_release,676092,"Snider, Collin",CS,2B,not measured,no_release
fffad3e9-44bb-43bf-8048-a6280c97e112,HOME,59.75113751814832,11.2,180.0,120.0,L,0.22,18.09,9.0,PASS,1.004,PASS,656731,"Megill, Tylor",SB,2B,high,
4ca1180d-3a35-44bd-afdb-2a56836fc27c,HOME,59.667677658813645,10.1,193.0,114.0,R,0.57,19.38,8.0,PASS,1.324,PASS,667463,"King, John",SB,2B,low,release_to_wrist 0.57 outside -0.32; delivery_s 1.324 outside 0.7-1.31
cbd17adb-6f0f-4c96-b2b8-6ff4230012c6,AWAY,59.80415939129453,30.0,175.0,114.0,L,0.24,7.1,9.0,PASS,1.02,cut_in_window,663372,"Feltner, Ryan",SB,2B,high,
3894bc02-c560-4805-951b-5bd90ff93be7,HOME,59.708026396995194,11.0,183.0,123.0,R,0.19,19.21,9.0,PASS,1.005,PASS,623352,"Hader, Josh",SB,2B,high,
a8307a19-70f7-423a-a331-a9acbde13c34,HOME,59.71982293241201,10.4,178.0,119.0,L,0.24,20.38,9.0,PASS,0.988,PASS,656731,"Megill, Tylor",SB,2B,high,
459826ad-5e45-4e55-b8de-d2ddb69f301a,AWAY,59.69642269014894,20.6,182.0,115.0,L,0.14,24.84,9.0,PASS,1.122,cut_in_window,518886,"Kimbrel, Craig",SB,2B,high,
994834ab-3561-4511-802c-0be4e8c6ee95,HOME,59.726012985147406,10.9,179.0,112.0,L,0.11,22.92,8.0,PASS,1.122,PASS,518886,"Kimbrel, Craig",SB,3B,high,
9af01594-b3f4-4cf6-a665-f44dd309283a,AWAY,59.68908618219762,16.799999999999997,,,,,,,not_cf_view,,cut_in_window,680704,"Sandlin, Nick",SB,2B,not measured,not_cf_view
c8600515-eae4-4075-8aa9-685295a79211,AWAY,59.73217578748582,18.2,,,,,,,not_cf_view,,cut_in_window,666745,"Brito, Jhony",SB,2B,not measured,not_cf_view
a64d7e15-37f4-427e-8c08-f0e4c4cbe7ea,HOME,59.71840963428673,9.2,176.0,125.0,L,0.23,27.46,9.0,PASS,0.854,PASS,671212,"Boyle, Joe",SB,2B,high,
a26aba2a-4707-4f98-b0ba-6dd87958cfb1,HOME,59.66245235290263,10.7,177.0,120.0,L,0.19,17.95,9.0,PASS,0.955,PASS,672710,"Contreras, Roansy",SB,2B,high,
5452d762-ad92-453a-a969-00d31645bef2,AWAY,59.75009924706801,19.6,184.0,114.0,L,0.78,22.84,7.0,release_not_at_hand,,release_not_at_hand,641540,"Dunning, Dane",SB,2B,not measured,release_not_at_hand
62103a69-8e22-4ad6-9621-960bc3946bc8,HOME,59.74722328609728,10.0,179.0,113.0,L,0.15,22.34,6.0,PASS,1.105,PASS,641540,"Dunning, Dane",CS,3B,high,
5a99ab61-9ffb-410d-b0dd-54b98c8ebfb6,HOME,59.77813771174982,11.4,181.0,121.0,R,0.15,10.76,9.0,PASS,1.004,PASS,594835,"Gonzales, Marco",SB,2B,high,
a31318a7-a03d-4b5e-9a20-bc5121b7b24e,AWAY,59.715820457256605,21.9,,,,,,,no_release,,cut_in_window,666974,"Cano, Yennier",SB,2B,not measured,no_release
fe409e8f-9735-4026-9a5c-cda5d7bb88ef,HOME,59.78700878121691,13.1,174.0,122.0,L,0.25,24.4,9.0,PASS,0.87,PASS,671212,"Boyle, Joe",SB,2B,high,
267cb9b5-5301-4a9e-88f7-136926adcc5c,AWAY,59.63582746202992,18.6,,,,,,,no_release,,no_release,572143,"Smith, Burch",SB,3B,not measured,no_release
9bd9b0cb-aa6a-4532-9f87-fe55e43dc16b,HOME,59.637228561631645,8.7,179.0,119.0,R,0.14,16.87,9.0,PASS,1.006,PASS,650911,"Sánchez, Cristopher",SB,3B,high,
e6c3c6d7-9948-45c2-a380-068aae8427f0,HOME,59.66591320231752,11.3,178.0,117.0,R,0.11,18.22,9.0,PASS,1.022,PASS,671096,"Abbott, Andrew",SB,2B,high,
0cbe3cc0-6acf-4f7e-b9f9-e58c3d7d39b9,AWAY,59.68229500320307,17.299999999999997,,,,,,,no_release,,no_release,669622,"Bender, Anthony",SB,2B,not measured,no_release
ff897915-8353-4b8c-b640-f963a44a041d,HOME,59.72558682833419,10.6,183.0,112.0,L,0.13,28.44,9.0,PASS,1.189,PASS,641401,"Brogdon, Connor",SB,3B,high,
0ba80280-6f19-485c-b733-e8ad1da096dd,HOME,59.64917632279882,9.9,177.0,115.0,R,0.17,14.91,9.0,PASS,1.039,PASS,621237,"Alvarado, José",SB,2B,high,
8dbff547-789e-47c5-a994-d9659ee250d7,HOME,59.652885962783486,9.3,177.0,118.0,L,0.14,15.07,8.0,PASS,0.989,PASS,450203,"Morton, Charlie",CS,2B,high,
f6ed23f6-4272-4b34-984c-afe206e38448,AWAY,59.75333011483955,23.5,181.0,124.0,L,0.18,13.41,9.0,PASS,0.954,cut_in_window,643338,"Green, Chad",CS,2B,high,
3200ceb1-1ef8-468b-97be-c3aaa30ca944,AWAY,59.72676720291082,19.9,181.0,121.0,L,0.17,27.4,6.0,PASS,1.005,cut_in_window,660896,"Alcala, Jorge",SB,2B,high,
055479d5-e984-4a00-98bb-eac4ff88b75d,HOME,59.62992637053742,10.0,178.0,116.0,L,0.12,15.15,9.0,PASS,1.04,PASS,657277,"Webb, Logan",SB,2B,high,
28871bc6-d5af-4160-a00f-8a7b75aa8ca3,HOME,59.746279478142064,10.8,173.0,114.0,L,0.26,24.99,9.0,PASS,0.988,PASS,660896,"Alcala, Jorge",SB,2B,high,
43768b19-5de8-42d4-b3f1-e87c6b9ef4ad,AWAY,59.80179513428393,22.2,179.0,122.0,R,0.14,4.19,7.0,PASS,0.953,cut_in_window,571760,"Heaney, Andrew",SB,2B,low,lift_peak_in 4.19 outside 4.28-
84caed22-356e-4e9b-b01c-8b0e5535dfff,AWAY,59.70009553236146,20.9,181.0,125.0,L,0.81,4.89,9.0,release_not_at_hand,,no_release,571945,"Mikolas, Miles",SB,2B,not measured,release_not_at_hand
bf9a2c6b-3035-4416-bf8f-45ba4218ffc9,HOME,59.732095198556266,9.5,181.0,116.0,L,0.22,28.34,6.0,PASS,1.088,PASS,660896,"Alcala, Jorge",SB,3B,high,
82e3eaee-4f06-4470-aa0c-40a104b53e71,HOME,59.67526708826138,9.2,176.0,122.0,R,0.06,11.65,9.0,PASS,0.905,PASS,519008,"McFarland, T.J.",SB,2B,high,
87639d58-738c-463b-86a4-73d00f0f535b,HOME,59.69592179047294,10.1,177.0,110.0,L,0.15,15.28,9.0,PASS,1.122,PASS,543351,"Jackson, Jay",CS,2B,high,
f197c8c4-e524-4d3e-838f-6346a8d480b1,HOME,59.74726625868977,12.7,178.0,113.0,L,0.23,17.18,9.0,PASS,1.088,PASS,657277,"Webb, Logan",SB,2B,high,
0c5aa3d0-6c8d-415b-b905-29d1750285d1,AWAY,59.65722871304873,18.200000000000003,,,,,,,no_release,,no_release,669203,"Burnes, Corbin",SB,2B,not measured,no_release
905dd72a-71df-4f22-8c10-b2bb8abdc921,AWAY,59.79173215444191,23.9,179.0,118.0,L,0.26,26.53,9.0,PASS,1.02,cut_in_window,615698,"Quantrill, Cal",SB,2B,high,
ae9f08bf-6b8b-46fc-83a0-3cef9b959ca0,HOME,59.7809281972958,11.3,208.0,144.0,L,0.15,16.89,6.0,PASS,1.071,PASS,664299,"Javier, Cristian",SB,2B,high,
c0472820-dfc7-4274-a8b3-b64b917470aa,AWAY,59.65061780997017,18.9,176.0,115.0,R,0.11,20.3,9.0,PASS,1.023,release_not_at_hand,690986,"Harrison, Kyle",CS,2B,high,
27ffaed9-44ce-4b59-854a-8511e7d00c49,AWAY,59.69953593246113,17.9,,,,,,,no_release,,no_release,669203,"Burnes, Corbin",SB,2B,not measured,no_release
a76e80a6-f44e-47da-a8fd-090ca7a23ab8,HOME,59.73313144695751,11.6,176.0,119.0,L,0.18,17.24,7.0,PASS,0.954,PASS,656605,"Keller, Mitch",SB,2B,high,
d0be8f63-0e10-4bbc-8be1-2259621e7150,HOME,59.777705762308074,13.0,166.0,125.0,L,0.03,20.63,8.0,PASS,0.686,PASS,669923,"Kirby, George",SB,2B,low,delivery_s 0.686 outside 0.7-1.31
68849c18-d7ae-4235-be08-4a5d42fc7048,AWAY,59.65768994840091,19.2,191.0,121.0,R,0.68,27.89,8.0,release_not_at_hand,,release_not_at_hand,668868,"Thompson, Zack",SB,2B,not measured,release_not_at_hand
981cad22-97de-40b3-ae91-981b501ca860,AWAY,59.73829836171288,23.9,182.0,111.0,L,0.18,19.37,5.0,PASS,1.189,no_release,669203,"Burnes, Corbin",SB,2B,high,
b4215223-9445-48b7-b140-a5149a3cf044,AWAY,59.68865109025892,20.0,178.0,113.0,L,0.19,21.75,6.0,PASS,1.089,release_not_at_hand,543135,"Eovaldi, Nathan",SB,2B,high,
8e7708ba-6bb9-4b33-ab27-9cc691ae9b00,HOME,59.64462688090352,9.1,183.0,126.0,L,0.22,20.83,9.0,PASS,0.956,PASS,605397,"Musgrove, Joe",CS,2B,high,
0ffb1ae6-1e75-4e5e-8254-7c1d93f34371,HOME,59.57963259226568,10.2,181.0,118.0,R,0.15,27.68,9.0,PASS,1.057,PASS,668868,"Thompson, Zack",SB,2B,high,
d2b439af-3226-4cd7-9ebd-b2b17c4d44d7,AWAY,59.61651331204392,15.3,184.0,,,0.1,,9.0,cut_in_window,,not_cf_view,668868,"Thompson, Zack",SB,2B,not measured,cut_in_window
cac1b754-205e-4714-96b3-f7e8bc92d013,HOME,59.74776298175157,11.3,185.0,124.0,L,0.26,21.33,9.0,PASS,1.021,PASS,676130,"Buttó, José",SB,2B,high,
43ae4b05-6de4-460a-98c5-2458bda2d460,HOME,59.62985666401471,10.7,179.0,115.0,L,0.26,17.91,5.0,PASS,1.073,PASS,663554,"Mize, Casey",SB,2B,high,
ce3b0637-b2ad-496a-b75a-1cda941b7f89,HOME,59.68620201997706,9.6,179.0,118.0,L,0.24,21.6,8.0,PASS,1.022,PASS,676130,"Buttó, José",SB,2B,high,
96621af5-747e-4c7c-9608-b1bc6f9a531f,AWAY,59.75789865033102,20.1,188.0,120.0,L,0.93,13.56,9.0,release_not_at_hand,,release_not_at_hand,647336,"Soroka, Michael",CS,2B,not measured,release_not_at_hand
08b48822-d41c-4e8e-9945-49169c32e29f,HOME,59.670113929725304,9.8,207.0,153.0,L,0.14,14.36,9.0,PASS,0.905,PASS,458681,"Lynn, Lance",SB,2B,high,
821d1e20-baf0-4b3c-9597-64d9c1b80970,HOME,59.74809052273147,11.0,204.0,142.0,R,0.13,21.1,9.0,PASS,1.038,PASS,669461,"Liberatore, Matthew",SB,2B,high,
4d62a5e7-8b05-486f-96a9-ca3daaffc742,AWAY,59.69668399133924,15.4,179.0,120.0,L,0.12,15.67,4.0,PASS,0.988,not_cf_view,671345,"Foley, Jason",SB,2B,low,ball_pts 4.0 outside 5-
fbd12bda-81ac-4beb-9661-726e7aeab8ca,AWAY,59.66558644164839,19.799999999999997,,,,,,,no_release,,no_release,681911,"Vesia, Alex",CS,2B,not measured,no_release
867d14c7-a697-46cb-bd7f-2e6a317bdf30,HOME,59.71184647945124,9.7,178.0,139.0,L,0.14,3.26,9.0,PASS,0.653,PASS,670167,"Schreiber, John",SB,2B,low,lift_peak_in 3.26 outside 4.28-; delivery_s 0.653 outside 0.7-1.31
60e07e95-6509-4b82-b086-5cbd72305690,HOME,59.6529653960976,9.3,179.0,121.0,L,0.12,7.19,8.0,PASS,0.972,PASS,621097,"Waguespack, Jacob",SB,2B,high,
099eb089-ee50-489b-8949-6c10f7e7ae33,AWAY,59.715682952608766,21.9,175.0,116.0,L,0.25,15.66,8.0,PASS,0.988,cut_in_window,608717,"Stratton, Chris",CS,2B,high,
d6eac2a5-0760-4689-a0c9-60a146b891fd,AWAY,59.64806014784353,14.7,,,,,,,no_release,,no_release,598264,"Barnes, Matt",SB,2B,not measured,no_release
cb2e4cbf-7f9f-40c5-8097-3eebfef51fb8,AWAY,59.78517305503899,25.3,190.0,119.0,L,0.9,19.69,7.0,release_not_at_hand,,release_not_at_hand,663567,"Lambert, Peter",SB,2B,not measured,release_not_at_hand
2645ddc9-b1e2-4239-ac64-39b987103476,AWAY,,10.9,,,,,,,no_clip,,cut_in_window,518585,"Cruz, Fernando",SB,2B,not measured,no_clip
a26b2379-9077-4b41-9f78-df0bb8b712a6,AWAY,59.719488338313326,22.700000000000003,187.0,122.0,L,1.04,19.59,9.0,release_not_at_hand,,no_release,656629,"Kopech, Michael",SB,2B,not measured,release_not_at_hand
53af3548-af92-4745-a88c-fec2a4e11d76,AWAY,59.79901224484845,27.5,180.0,111.0,R,0.24,18.73,5.0,PASS,1.154,no_release,596295,"Gomber, Austin",SB,2B,high,
c6f2944e-e815-428d-8ddf-9c48ba46cc3f,HOME,59.64955011077439,12.4,182.0,118.0,L,0.11,30.58,9.0,PASS,1.073,PASS,669302,"Gilbert, Logan",SB,2B,high,
4211bfa5-efb1-4b6d-a3aa-119fdae6c2fe,AWAY,59.73869542664777,19.9,179.0,122.0,R,0.14,17.71,8.0,PASS,0.954,cut_in_window,579328,"Kikuchi, Yusei",CS,2B,high,
d84e1745-8e73-44e8-904a-d175590557c8,AWAY,59.739077773710015,19.4,181.0,113.0,L,0.23,21.09,8.0,PASS,1.138,cut_in_window,657240,"Merryweather, Julian",SB,2B,high,
ac1e98bc-65ae-48c5-8561-7cb194cf7de5,HOME,59.66613176142284,9.6,176.0,108.0,R,0.08,24.08,9.0,PASS,1.14,PASS,660761,"Suarez, José",SB,2B,high,
9304838f-a57f-426e-b555-c3a593ce089a,HOME,59.65958497899186,10.2,177.0,126.0,L,0.16,17.38,5.0,PASS,0.855,PASS,669711,"Weissert, Greg",SB,2B,high,
16479793-d4ef-458d-9e01-ca73145f5756,AWAY,59.70096799913897,26.2,,,,,,,no_release,,no_release,660896,"Alcala, Jorge",CS,2B,not measured,no_release
58786a16-4da5-46ba-a665-886a5df56e5d,AWAY,59.66810098781296,18.9,,,,,,,no_release,,no_release,656945,"Scott, Tanner",CS,2B,not measured,no_release
aba88d91-76b0-460d-b53e-f33fd2c7f7cc,HOME,59.67856229767135,10.7,178.0,115.0,R,0.1,21.69,9.0,PASS,1.056,PASS,676395,"Garcia, Robert",SB,2B,high,
a4e51b7c-607d-42dd-a57c-b94ff7ffcea8,HOME,59.61551541102473,8.6,182.0,109.0,R,0.13,22.69,9.0,PASS,1.225,PASS,666214,"Wentz, Joey",SB,2B,high,
6e7b2eab-2eb4-476e-839a-a05d664873d4,AWAY,59.71079754459091,20.9,,,,,,,no_release,,cut_in_window,547973,"Chapman, Aroldis",SB,2B,not measured,no_release
5775500d-0714-4a3e-9b0c-ee50eb49265e,HOME,59.7758405977584,13.0,180.0,118.0,L,0.22,6.43,9.0,PASS,1.037,PASS,663372,"Feltner, Ryan",SB,2B,high,
6da4d31a-6740-4a01-8ccc-41db56ba7ac6,HOME,59.6575447606023,8.5,174.0,106.0,L,0.14,29.87,9.0,PASS,1.14,PASS,676477,"Whitlock, Garrett",CS,2B,high,
1d4a826f-4abd-4ed3-bbde-5a78c14bedde,AWAY,59.666810419851686,16.5,,,,,,,no_release,,not_cf_view,669330,"Wells, Tyler",SB,2B,not measured,no_release
1b006df8-a413-4b17-998b-7c03534b2d6c,HOME,59.66900032159909,9.7,181.0,120.0,L,0.13,15.14,9.0,PASS,1.022,PASS,650556,"Abreu, Bryan",SB,2B,high,
5548b679-2e82-4c92-98ce-d1362574b7f7,HOME,59.77048135160982,11.0,179.0,118.0,R,0.14,28.94,8.0,PASS,1.021,PASS,624133,"Suarez, Ranger",CS,2B,high,
82a3d6dc-4201-4533-b878-1d881c1540c9,HOME,59.6136501383,8.0,180.0,123.0,L,0.16,20.23,9.0,PASS,0.956,PASS,628317,"Maeda, Kenta",CS,2B,high,
081ebde8-f84f-450d-831e-ff44dd268686,HOME,59.75786763746193,13.2,182.0,123.0,R,0.2,14.46,7.0,PASS,0.987,PASS,656222,"Beeks, Jalen",SB,2B,high,
aca7b69b-4b21-4b79-8260-7dbf62c9faf0,AWAY,59.69847605648035,19.5,174.0,112.0,L,0.2,23.98,8.0,PASS,1.039,cut_in_window,676477,"Whitlock, Garrett",SB,2B,high,
cbdb30e5-5b43-451f-97f5-3bb8c247bac0,HOME,59.756074572564984,9.6,177.0,121.0,L,0.15,12.36,9.0,PASS,0.937,PASS,607259,"Martinez, Nick",SB,2B,high,
bf8eee8a-2473-4185-90f3-6a052acf5a3c,HOME,59.79081779790475,11.3,180.0,117.0,L,0.19,7.6,7.0,PASS,1.054,PASS,663372,"Feltner, Ryan",SB,3B,high,
048f588c-ae76-4d2b-bf59-5c5328cca643,HOME,59.70395848509654,9.7,171.0,113.0,L,0.26,17.28,9.0,PASS,0.971,PASS,607259,"Martinez, Nick",SB,2B,high,
fa91cb34-1b7a-42a5-b4a8-d0d3ba2c7ea6,HOME,59.69244722081544,11.0,179.0,119.0,L,0.16,26.86,8.0,PASS,1.005,PASS,669060,"Wilson, Bryse",CS,2B,high,
40227e80-618d-4963-90d7-2497e27f414d,AWAY,59.64685643721353,19.9,190.0,116.0,L,1.13,21.6,6.0,release_not_at_hand,,release_not_at_hand,621112,"Blackburn, Paul",SB,2B,not measured,release_not_at_hand
e87f452f-8129-4d42-8b09-eb7af96a9d98,HOME,59.718693522617144,10.1,180.0,125.0,R,0.27,18.02,9.0,PASS,0.921,PASS,669084,"Hall, DL",SB,2B,high,
08204089-2f21-4f8a-9f03-312034f11414,HOME,59.64363126772184,10.5,180.0,99.0,R,0.11,27.44,9.0,PASS,1.358,PASS,641835,"Mayza, Tim",SB,2B,low,delivery_s 1.358 outside 0.7-1.31
57407501-b734-4ec6-abc8-6cea11ca13b6,AWAY,59.70694004615962,19.1,,,,,,,no_release,,no_release,571670,"Floro, Dylan",SB,2B,not measured,no_release
bd2cd23d-31f5-4bb2-8e40-f1d1fe467948,HOME,59.71532966134046,9.8,182.0,118.0,R,0.12,26.48,9.0,PASS,1.072,PASS,624133,"Suarez, Ranger",SB,2B,high,
4f7cdf66-0997-4b58-b063-c07d79b3118d,AWAY,59.67110572367121,18.4,,,,,,,no_release,,no_release,592332,"Gausman, Kevin",SB,2B,not measured,no_release
1d0ef546-dcf3-4c0b-8f99-510e695ad95d,AWAY,59.72557464720923,23.5,,,,,,,no_release,,not_cf_view,471911,"Carrasco, Carlos",SB,2B,not measured,no_release
8b8729f5-cad4-4d69-8ae0-18ef1c8b6c6a,AWAY,59.68429965602935,20.2,182.0,,,0.13,,9.0,cut_in_window,,no_set_before_lift,606965,"Devenski, Chris",SB,2B,not measured,cut_in_window
f640e991-dcbd-4c05-8d65-109d152b78e2,AWAY,59.79871467130534,21.0,190.0,116.0,L,0.72,18.44,9.0,release_not_at_hand,,release_not_at_hand,676092,"Snider, Collin",SB,2B,not measured,release_not_at_hand
37a39728-3b03-4707-a32a-fb3efe78c0b8,HOME,59.72786745823769,11.5,176.0,119.0,R,0.13,12.57,9.0,PASS,0.954,PASS,621381,"Strahm, Matt",SB,2B,high,
3cb28e49-0d2e-4852-a084-5ae9d5636f2c,HOME,59.70316007778868,10.4,177.0,112.0,R,0.13,14.17,9.0,PASS,1.089,PASS,669022,"Gore, MacKenzie",CS,2B,high,
173900e7-bbe0-46bb-af55-af89af000041,AWAY,59.68837117838263,16.5,164.0,107.0,R,0.13,22.34,5.0,PASS,0.955,not_cf_view,672582,"Zerpa, Angel",CS,2B,high,
2b764b9a-1b35-4bbd-bdf7-582fee7d9519,HOME,59.70270620169885,11.1,183.0,124.0,L,0.39,21.55,9.0,PASS,0.988,PASS,605347,"López, Jorge",SB,2B,low,release_to_wrist 0.39 outside -0.32
b45dd9a2-3b96-4ff8-97c5-35f9c2f27b09,AWAY,59.660310483116426,24.9,179.0,120.0,L,0.28,22.02,9.0,PASS,0.989,cut_in_window,686752,"Pepiot, Ryan",CS,2B,high,
ae7ed9eb-2880-4c91-a72b-1d501d7add1d,HOME,59.774141700317045,13.9,176.0,115.0,L,0.23,27.81,9.0,PASS,1.021,PASS,605347,"López, Jorge",SB,3B,high,
f391834a-2a3e-456c-b05f-fdea5f0cd906,AWAY,,12.6,,,,,,,no_clip,,release_not_at_hand,641540,"Dunning, Dane",SB,2B,not measured,no_clip
88454523-bc94-483e-abb2-249e18cb883a,HOME,59.765882923309526,13.0,185.0,120.0,R,0.38,16.93,5.0,PASS,1.088,PASS,650911,"Sánchez, Cristopher",SB,2B,low,release_to_wrist 0.38 outside -0.32
01d5a13c-18f6-4e7c-8d90-757cba82135e,HOME,59.775366457262514,14.4,178.0,112.0,R,0.15,12.3,9.0,PASS,1.104,PASS,669022,"Gore, MacKenzie",SB,2B,high,
8a707dbd-0608-4c6b-b89b-77be7ee1ca4e,HOME,59.769402493286584,10.6,178.0,113.0,R,0.22,13.52,9.0,PASS,1.088,PASS,650893,"Cabrera, Génesis",SB,2B,high,
1e03d3aa-a931-4d0f-9db9-76aaa66b0aba,AWAY,59.71643424207855,23.1,178.0,118.0,L,0.12,22.07,9.0,PASS,1.005,cut_in_window,676106,"Hancock, Emerson",SB,2B,high,
fc75af93-50af-400d-ac7f-96f1b1d40439,HOME,59.645857791290894,9.7,178.0,116.0,L,0.23,27.74,9.0,PASS,1.039,PASS,608678,"Leone, Dominic",SB,2B,high,
df78dccd-4590-4333-ac89-62e6b7c49b37,HOME,59.73986766459703,10.9,179.0,125.0,R,0.21,11.12,9.0,PASS,0.904,PASS,650893,"Cabrera, Génesis",SB,3B,high,
35b89e37-fb99-4f89-b29e-0f69852ae902,AWAY,59.64951962148329,30.0,,,,,,,no_release,,cut_in_window,665620,"García, Deivi",SB,2B,not measured,no_release
5a3a7e0e-144d-447c-a270-34a22001fc49,HOME,59.75871985077591,20.3,178.0,125.0,R,0.11,3.01,9.0,PASS,0.887,PASS,640455,"Manaea, Sean",SB,3B,low,lift_peak_in 3.01 outside 4.28-
2230ccc7-66c8-48ce-83cf-bc2168b7aab4,AWAY,59.739844412381565,54.8,,,,,,,no_release,,no_release,666808,"Doval, Camilo",SB,2B,not measured,no_release
176bd86d-bc8b-49c2-aed6-b279e1e82eb8,HOME,59.63983631109443,12.3,227.0,173.0,L,0.25,18.1,9.0,PASS,0.905,PASS,656266,"Bukauskas, J.B.",SB,2B,high,
8c5bd409-4f5a-476c-89e6-8f8f07adb235,HOME,59.69156033206342,15.8,229.0,157.0,R,0.12,22.61,9.0,PASS,1.206,PASS,676879,"Ashby, Aaron",SB,3B,high,
1af09fef-bde9-4814-bfd5-64e1e5c349ed,HOME,59.75933777265574,14.1,231.0,151.0,R,0.13,27.86,9.0,PASS,1.339,PASS,676879,"Ashby, Aaron",SB,3B,low,delivery_s 1.339 outside 0.7-1.31
bf4bae71-997d-45be-beff-68bdafc1030f,HOME,59.69242123313689,9.3,175.0,114.0,L,0.22,6.28,9.0,PASS,1.022,PASS,621097,"Waguespack, Jacob",SB,2B,high,
37bafbd8-2302-4c60-adb8-86b18f212e63,HOME,59.689531533896606,11.6,174.0,119.0,L,0.22,21.26,9.0,PASS,0.921,PASS,621107,"Eflin, Zach",SB,2B,high,
11f9e1da-2228-4bc5-a9b9-09040c71eaf1,HOME,59.791117668661855,17.3,186.0,121.0,R,0.13,25.0,8.0,PASS,1.087,PASS,669062,"Miller, Erik",SB,2B,high,
45e1c549-1197-4ae2-866b-a8aae9036b8f,HOME,59.73101001530023,10.1,171.0,109.0,R,0.17,16.88,9.0,PASS,1.038,PASS,607536,"Freeland, Kyle",SB,2B,high,
cd3bffb3-a41a-407d-9266-2d98a7c95145,AWAY,59.8232912013744,24.6,,,,,,,no_release,,no_release,622491,"Castillo, Luis",SB,2B,not measured,no_release
1495254c-64a0-4503-907c-ca98238c6c74,HOME,59.75305399874798,12.3,178.0,124.0,L,0.18,14.58,7.0,PASS,0.904,PASS,676969,"de Geus, Brett",SB,2B,high,
e63daa50-b4d0-4f20-a52a-125f2681424d,AWAY,59.73184215542988,22.0,185.0,119.0,L,0.64,26.52,6.0,release_not_at_hand,,release_not_at_hand,656605,"Keller, Mitch",SB,2B,not measured,release_not_at_hand
20087677-89f6-4fe2-ac3c-9aef9b091ec3,AWAY,59.72046041262688,22.299999999999997,202.0,,,0.17,,7.0,cut_in_window,,implausible_delivery,605347,"López, Jorge",SB,2B,not measured,cut_in_window
903c3307-2e57-4452-810b-a19ca7b0fff6,HOME,59.70840083314047,12.1,176.0,108.0,L,0.19,29.17,9.0,PASS,1.139,PASS,665871,"Assad, Javier",CS,2B,high,
0e8996fb-74f1-4141-960b-d01b3b72b503,HOME,59.6937786678726,10.3,198.0,136.0,L,0.51,12.51,6.0,PASS,1.039,PASS,450203,"Morton, Charlie",CS,2B,low,release_to_wrist 0.51 outside -0.32
d6224453-8372-4426-9ddc-c5c1a0251059,HOME,59.72099195968161,12.7,184.0,126.0,L,0.12,17.25,9.0,PASS,0.971,PASS,606149,"Gallegos, Giovanny",SB,2B,high,
83af170f-9f2b-496f-a882-23806e427f8e,HOME,59.67410304666099,9.9,172.0,126.0,R,0.12,10.75,9.0,PASS,0.771,PASS,542881,"Anderson, Tyler",CS,2B,high,
cab0e9f2-1280-436b-a73e-a12b0cc07ed1,AWAY,59.70908312238546,24.0,185.0,128.0,L,0.28,15.92,5.0,PASS,0.955,release_not_at_hand,605513,"Turnbull, Spencer",SB,2B,high,
49130636-245c-489a-9d8e-941c87e56f24,AWAY,59.66594719053708,40.4,181.0,103.0,R,0.12,53.67,9.0,cut_in_window,,cut_in_window,681892,"Funderburk, Kody",SB,2B,not measured,cut_in_window
f7926b5d-67f8-4b80-abb8-091733dee65a,AWAY,59.65342098867567,24.3,175.0,,,0.1,,9.0,not_cf_view,,not_cf_view,690986,"Harrison, Kyle",CS,2B,not measured,not_cf_view
1cca03c7-827d-4899-85ad-a14033494aae,HOME,59.750941061207655,10.3,174.0,121.0,L,0.14,6.76,9.0,PASS,0.887,PASS,605452,"Ross, Joe",SB,2B,high,
4d9bf48a-7b34-4544-a5db-7b19cad3d7f4,HOME,59.72934524415766,11.7,179.0,114.0,L,0.15,14.43,6.0,PASS,1.088,PASS,605288,"Houser, Adrian",SB,3B,high,
1f5c7009-156a-4aea-9e73-9050880b816f,HOME,59.680091220738035,19.2,175.0,119.0,L,0.17,14.58,9.0,PASS,0.938,PASS,519326,"Strickland, Hunter",SB,2B,high,
45cceb06-fd9c-4382-a2f5-dd33ca93d71f,AWAY,59.75539760933037,28.3,177.0,116.0,L,0.17,8.87,9.0,PASS,1.021,not_cf_view,605288,"Houser, Adrian",SB,2B,high,
a9b59e57-8b5c-4417-91aa-020c6db6d969,HOME,59.72803676540023,16.3,180.0,117.0,L,0.26,16.71,9.0,PASS,1.055,PASS,664299,"Javier, Cristian",SB,2B,high,
07ec9a17-d578-4119-ac4a-6af7beb6e622,HOME,59.7832956382129,13.3,177.0,122.0,L,0.19,15.26,9.0,PASS,0.92,PASS,669923,"Kirby, George",SB,2B,high,
9d5ee310-6340-4ce0-9166-8b6f9d895e26,HOME,59.71437753698927,12.6,194.0,140.0,L,0.2,21.36,9.0,PASS,0.904,PASS,543243,"Gray, Sonny",SB,2B,high,
092312a3-11e3-48ad-b9ae-fd5afe0c8edd,HOME,59.75957596683488,10.7,177.0,121.0,L,0.14,11.07,9.0,PASS,0.937,PASS,593423,"Montas, Frankie",SB,2B,high,
4bc4d7cb-8333-4366-88ae-d760296abcaa,HOME,59.704586680487175,11.5,180.0,118.0,L,0.19,20.2,9.0,PASS,1.038,PASS,647336,"Soroka, Michael",SB,2B,high,
12245156-65b0-454d-9f13-bfb91e85e7d1,HOME,59.73433371508959,14.5,182.0,122.0,L,0.18,7.3,8.0,PASS,1.004,PASS,605288,"Houser, Adrian",SB,2B,high,
696e3917-687e-4704-a810-183cb13cd812,AWAY,59.68812591144809,26.5,,,,,,,no_release,,cut_in_window,519151,"Pressly, Ryan",SB,2B,not measured,no_release
b1a04efb-cfec-441c-97e1-7235d5960656,HOME,59.725483979191935,14.0,177.0,119.0,L,0.18,8.98,8.0,PASS,0.971,PASS,518876,"Kelly, Merrill",CS,2B,high,
7613e5f3-1c32-4944-a114-eee396e1ab42,AWAY,59.664075642373035,30.7,174.0,111.0,R,0.1,22.11,9.0,PASS,1.056,not_cf_view,690986,"Harrison, Kyle",SB,3B,high,
a11ad8c9-5ab7-45fc-9d2c-c4eab8b5ce96,AWAY,59.68641873902146,19.1,173.0,112.0,R,0.13,19.27,8.0,PASS,1.022,not_cf_view,690986,"Harrison, Kyle",SB,2B,high,
9c80deb4-f273-439f-81da-efc4e5ed6993,HOME,59.651165428029245,8.2,178.0,108.0,R,0.12,22.0,9.0,PASS,1.173,PASS,607074,"Rodón, Carlos",SB,2B,high,
585c0881-3d25-44d4-9a35-d8436ebad552,HOME,59.654383334648465,8.1,187.0,130.0,R,0.3,4.46,6.0,PASS,0.956,PASS,657612,"Hill, Tim",SB,3B,high,
f34e695e-4336-4b2b-a75a-4d57277c66db,HOME,59.76011009111966,19.2,180.0,110.0,R,0.17,19.85,9.0,PASS,1.171,PASS,640462,"Puk, A.J.",SB,2B,high,
d2bf5620-97bf-41d7-8abc-958a460e68a4,AWAY,59.66220345172966,14.9,174.0,115.0,L,0.13,10.64,9.0,PASS,0.989,not_cf_view,650644,"Civale, Aaron",SB,2B,high,
02d7af6e-34e2-47cd-a55d-84e94b34458c,HOME,59.70712085978254,8.1,180.0,110.0,R,0.15,21.97,9.0,PASS,1.172,PASS,607074,"Rodón, Carlos",SB,3B,high,
2f6262ca-1431-47da-b7be-b30bc6d5a4a8,HOME,59.66544731327912,10.6,181.0,117.0,R,0.16,23.08,9.0,PASS,1.073,PASS,666142,"Ragans, Cole",SB,2B,high,
633c8d8a-643b-4135-a612-110119e34e6c,AWAY,59.59367176021576,25.3,182.0,,,0.63,,9.0,cut_in_window,,release_not_at_hand,678394,"Bello, Brayan",SB,2B,not measured,cut_in_window
c0a6d031-31b8-443c-88ff-4aea2e9b2279,HOME,59.793195268630896,8.5,174.0,116.0,L,0.23,19.54,9.0,PASS,0.97,PASS,676962,"Brown, Ben",SB,2B,high,
dbe6d4eb-e73b-4b4f-8120-6da919f17510,AWAY,59.68484105589259,16.0,,,,,,,no_release,,no_release,592094,"Adam, Jason",SB,2B,not measured,no_release
4b053021-4e04-4f08-9dc5-b6d0131525cf,HOME,59.793860665356185,8.3,182.0,125.0,R,0.15,18.94,9.0,PASS,0.953,PASS,579328,"Kikuchi, Yusei",SB,2B,high,
e8d1cbb1-b173-439e-9dfd-627230c6593c,AWAY,59.6409165330592,14.9,177.0,116.0,R,0.18,31.28,9.0,PASS,1.023,cut_in_window,571578,"Corbin, Patrick",SB,3B,high,
1065b80a-d066-4e25-9605-9db93b830b17,HOME,59.65604900682512,7.4,184.0,123.0,L,0.13,21.86,9.0,PASS,1.023,PASS,573186,"Stroman, Marcus",SB,2B,high,
8275208f-2231-41b6-885e-a90c6d655c8d,HOME,59.76026203916649,11.1,177.0,116.0,R,0.1,22.63,9.0,PASS,1.021,PASS,571578,"Corbin, Patrick",SB,2B,high,
1f26733e-cff4-4f95-b9f7-d0852c46185b,HOME,59.66299203366021,11.5,176.0,118.0,R,0.19,27.79,9.0,PASS,0.972,PASS,571578,"Corbin, Patrick",CS,2B,high,
8bf85cd4-d857-4ae7-bfb0-b277756eaa50,AWAY,59.71394362727088,22.0,176.0,,,0.15,,9.0,cut_in_window,,no_set_before_lift,668881,"Greene, Hunter",SB,2B,not measured,cut_in_window
2b4c6fa1-8f85-47a8-ade8-450584e10048,HOME,59.69955912110099,9.2,183.0,119.0,L,0.34,25.2,8.0,PASS,1.072,PASS,608678,"Leone, Dominic",SB,2B,low,release_to_wrist 0.34 outside -0.32
6c8969dd-d9a2-4d28-bb4f-b7d21b460c1f,HOME,59.63755982984363,10.6,178.0,105.0,R,0.22,26.85,9.0,PASS,1.224,PASS,596295,"Gomber, Austin",SB,2B,high,
ecb07d8b-4767-440c-9530-112254de5db3,HOME,59.70112697358149,11.1,180.0,120.0,L,0.22,14.82,9.0,PASS,1.005,PASS,681293,"Arrighetti, Spencer",SB,2B,high,
154c9654-2e3a-42f1-a81a-c648a02d0170,AWAY,59.748965168731374,15.2,179.0,120.0,L,0.18,20.99,4.0,PASS,0.987,release_not_at_hand,573186,"Stroman, Marcus",SB,2B,low,ball_pts 4.0 outside 5-
e9f1c3d6-6342-4043-a292-521055eb885c,HOME,59.73071272346483,10.5,179.0,118.0,L,0.16,18.61,9.0,PASS,1.021,PASS,663855,"Hicks, Jordan",SB,2B,high,
ea21ccc4-d416-47e5-97ea-dfb6f73bf1d8,HOME,59.6707659683149,7.6,176.0,117.0,L,0.26,16.19,9.0,PASS,0.989,PASS,676710,"Crawford, Kutter",SB,2B,high,
f8e63c6b-dd48-486d-96bd-8ed8a2bd6343,HOME,59.66463314347598,10.7,180.0,113.0,L,0.28,22.62,5.0,PASS,1.123,PASS,675627,"Grove, Michael",SB,2B,high,
58e65cd6-aad8-4885-a12a-a9a28014b1ca,AWAY,59.791948424360136,16.1,,,,,,,no_release,,no_release,543294,"Hendricks, Kyle",SB,2B,not measured,no_release
b07bcba1-2b65-4715-b0c9-f9a787a47910,AWAY,59.707231737372695,17.7,176.0,,,0.22,,9.0,no_set_before_lift,,no_set_before_lift,668881,"Greene, Hunter",SB,2B,not measured,no_set_before_lift
0fcaa743-8d0e-4194-b718-ced28cd4a1d3,AWAY,59.73086517506064,19.9,,,,,,,no_release,,no_release,543294,"Hendricks, Kyle",SB,3B,not measured,no_release
a8740077-797f-41fd-af84-24230c363752,HOME,59.71416818163723,10.5,175.0,103.0,R,0.19,22.21,9.0,PASS,1.206,PASS,656786,"Mushinski, Parker",SB,2B,high,
a12dbadf-321a-439d-a4a6-a12c1842b608,HOME,59.72851720215821,9.2,178.0,112.0,R,0.23,20.92,9.0,PASS,1.105,PASS,656786,"Mushinski, Parker",SB,3B,high,
aa27851a-8628-45fe-bc3e-704ae4635882,AWAY,59.809260773561384,21.7,,,,,,,no_release,,release_not_at_hand,606160,"Montero, Rafael",SB,2B,not measured,no_release
185f6f3b-4a99-4bef-9dbe-b025dd5e058e,HOME,59.76784619003039,9.2,195.0,129.0,L,0.15,21.79,5.0,PASS,1.104,PASS,592351,"Gray, Jon",SB,2B,high,
34a94777-9dda-48cd-aa64-241ba0d519c4,AWAY,59.679329215604696,18.0,178.0,122.0,R,0.22,9.64,7.0,PASS,0.938,cut_in_window,669276,"Lee, Dylan",SB,2B,high,
a3bde390-afa2-486d-bb70-312dcc3b1ef5,HOME,59.74205962096085,7.9,193.0,136.0,R,0.17,10.65,9.0,PASS,0.954,PASS,676664,"Sears, JP",SB,2B,high,
7a490e67-efb7-4843-8f58-840d920b6de2,AWAY,59.77728141922836,15.5,,,,,,,no_release,,no_release,676477,"Whitlock, Garrett",SB,2B,not measured,no_release
455862e6-63b7-48e2-adff-a2b4f44f6107,AWAY,59.70362806850959,29.9,188.0,127.0,L,0.93,6.22,9.0,release_not_at_hand,,release_not_at_hand,680570,"Rodriguez, Grayson",SB,2B,not measured,release_not_at_hand
8dd7f6d0-6c22-4b6d-afbb-b1ef83e28a05,AWAY,59.739337357994614,32.3,202.0,,,1.15,,8.0,release_not_at_hand,,cut_in_window,571927,"Matz, Steven",SB,2B,not measured,release_not_at_hand
6320e603-439e-480b-b27b-ef2d913442d9,HOME,59.65091320528678,7.9,186.0,116.0,L,0.54,9.98,9.0,PASS,1.173,PASS,676254,"Walker, Ryan",SB,2B,low,release_to_wrist 0.54 outside -0.32
5697b04d-3fae-49a7-b11f-cf0880fff654,AWAY,59.789468598450306,19.1,179.0,119.0,L,0.3,4.58,7.0,PASS,1.004,no_release,621097,"Waguespack, Jacob",SB,2B,high,
c66cb0a7-6db6-43c3-99c7-2179ec39ef92,HOME,59.74017416896366,10.9,195.0,142.0,L,0.21,11.98,9.0,PASS,0.887,PASS,621112,"Blackburn, Paul",CS,2B,high,
f54e6a5c-b5c3-40d5-89d6-2347980c5b0a,AWAY,59.68377286884472,15.9,248.0,,,1.8,,9.0,release_not_at_hand,,no_release,664126,"Fairbanks, Pete",SB,2B,not measured,release_not_at_hand
1597c0fb-0956-458d-a040-03b11461d5fb,HOME,59.690572005145334,9.2,192.0,133.0,L,0.17,23.54,9.0,PASS,0.988,PASS,640451,"Harvey, Hunter",SB,2B,high,
8481791b-066b-4b4b-8367-3baa8a8d4f06,AWAY,59.640480477123845,28.2,,,,,,,no_release,,no_set_before_lift,592332,"Gausman, Kevin",SB,2B,not measured,no_release
b44cebf2-6d66-4e08-b7d8-bbe1ebcd7958,AWAY,59.669826957501826,17.2,179.0,115.0,L,0.12,12.3,9.0,PASS,1.073,no_set_before_lift,669270,"Kuhnel, Joel",SB,2B,high,
31ee6ca9-e3b5-4b4b-90a1-8998e791b460,HOME,59.72137425764556,9.6,182.0,137.0,L,0.16,4.62,8.0,PASS,0.753,PASS,641585,"France, J.P.",SB,2B,high,
7a5a3096-56a3-42d8-9a09-41faf47fe082,HOME,59.75217891263931,9.1,182.0,135.0,L,0.37,5.19,9.0,PASS,0.787,PASS,608379,"Wacha, Michael",SB,2B,low,release_to_wrist 0.37 outside -0.32
0a89fd71-7838-4f31-96ea-aa67ff0a8515,HOME,59.71624487778762,9.0,181.0,117.0,L,0.47,11.3,7.0,PASS,1.072,PASS,676775,"Winn, Keaton",CS,2B,low,release_to_wrist 0.47 outside -0.32
3adaebaa-81f3-434d-a007-77a618191607,AWAY,59.68809011316968,24.3,179.0,,,0.21,,9.0,cut_in_window,,cut_in_window,663372,"Feltner, Ryan",SB,2B,not measured,cut_in_window
17e8e281-6cab-45f9-8f5c-4330461fda09,HOME,59.637265105183765,18.3,180.0,115.0,R,0.11,19.3,9.0,PASS,1.09,PASS,694363,"Shuster, Jared",SB,2B,high,
2cb4265e-741c-4121-95de-ec39aca27e0e,HOME,59.76745303173187,6.1,179.0,130.0,L,0.14,13.21,7.0,PASS,0.82,PASS,656288,"Canning, Griffin",SB,2B,high,
f55a762f-b6d6-4626-9242-ffdd86ab6d38,AWAY,59.75985392035708,8.2,180.0,122.0,R,0.18,18.44,9.0,PASS,0.971,not_cf_view,621381,"Strahm, Matt",SB,2B,high,
0d2781a7-49d3-45a8-9bb4-ebb342cdf4a0,HOME,59.655136496633745,5.5,176.0,127.0,L,0.15,4.91,9.0,PASS,0.821,PASS,663474,"McKenzie, Triston",SB,2B,high,
5aea73fe-85b4-4ec3-a5b8-5f50c85be774,AWAY,59.73280808426822,13.2,187.0,125.0,L,1.05,19.08,7.0,release_not_at_hand,,release_not_at_hand,656288,"Canning, Griffin",CS,2B,not measured,release_not_at_hand
db3fbbec-28ef-4eb4-9378-2cabb1e1501e,HOME,59.68862890359966,5.9,196.0,128.0,R,0.08,17.63,9.0,PASS,1.139,PASS,669022,"Gore, MacKenzie",SB,2B,high,
b1679c58-133a-45eb-8663-089bed799733,HOME,59.732436609346706,5.7,181.0,122.0,L,0.2,26.28,9.0,PASS,0.988,PASS,642121,"Sulser, Cole",SB,2B,high,
3c6a8883-7957-4238-87e7-827f91814fdf,HOME,59.61761245224693,5.5,195.0,134.0,L,0.11,24.73,9.0,PASS,1.023,PASS,640451,"Harvey, Hunter",SB,2B,high,
d7686082-3711-4fd7-b971-cb743eb9a1ee,AWAY,59.714137208520775,15.9,,,,,,,no_release,,no_release,663362,"Waldron, Matt",SB,2B,not measured,no_release
883620c6-c654-4cde-a481-35162e5f52d1,HOME,59.70651208699829,6.1,178.0,122.0,R,0.3,16.28,9.0,PASS,0.938,PASS,669084,"Hall, DL",SB,2B,high,
7eb25cd0-2252-4124-aa52-bd6efe3a7713,AWAY,59.679797466353264,12.6,180.0,127.0,L,0.16,8.24,9.0,PASS,0.888,cut_in_window,669194,"Nelson, Ryne",SB,2B,high,
4a5acec5-ac0b-44df-a6ba-4e7043d90d06,HOME,59.74223107292312,5.6,181.0,129.0,L,0.13,14.52,9.0,PASS,0.87,PASS,656288,"Canning, Griffin",SB,2B,high,
da186285-dcd2-40d3-9e76-584e033aefee,AWAY,59.70186733127631,10.6,175.0,121.0,L,0.22,6.26,9.0,PASS,0.904,no_set_before_lift,663474,"McKenzie, Triston",SB,2B,high,
7877f354-d339-4a9b-89a3-a9623d862d58,AWAY,59.65522340116353,12.0,180.0,122.0,L,0.17,11.06,8.0,PASS,0.972,cut_in_window,669212,"Morgan, Eli",SB,2B,high,
daf53978-ec18-4a54-92ab-b47f55275f0f,HOME,59.727547167089256,6.2,191.0,135.0,R,0.1,17.82,9.0,PASS,0.938,PASS,666157,"Lodolo, Nick",SB,2B,high,
d1d6537b-0c02-454c-ac6a-d1f36271b482,AWAY,59.69975561503549,11.7,175.0,96.0,L,0.2,23.59,9.0,cut_in_window,,cut_in_window,675627,"Grove, Michael",SB,2B,not measured,cut_in_window
083af615-9e5e-4545-b415-4ed741831932,AWAY,59.54533215371004,11.0,177.0,130.0,R,0.11,2.79,8.0,PASS,0.789,not_cf_view,622072,"Wood, Alex",SB,3B,low,lift_peak_in 2.79 outside 4.28-
009de769-e5f7-4348-a88e-8d043d7d21f0,AWAY,59.71346618128978,9.6,,,,,,,no_release,,not_cf_view,665871,"Assad, Javier",SB,2B,not measured,no_release
89d306dc-8435-4353-bd08-a42145ea9966,HOME,59.69530981274018,6.6,180.0,117.0,L,0.2,15.48,9.0,PASS,1.055,PASS,506433,"Darvish, Yu",SB,2B,high,
7b550448-cefc-47cf-83b5-a08cf5e75d34,AWAY,59.63589490726541,13.3,199.0,,,0.19,,9.0,cut_in_window,,cut_in_window,666200,"Luzardo, Jesús",SB,2B,not measured,cut_in_window
ed27f023-1776-47ca-81fb-2ebaef139b05,HOME,59.66113615141716,7.1,183.0,126.0,L,0.28,18.1,6.0,PASS,0.955,PASS,656605,"Keller, Mitch",SB,2B,high,
0379257a-4fc4-40d2-bc01-2ad9c0e55ca5,AWAY,59.734712414182496,13.1,,,,,,,no_release,,no_release,669203,"Burnes, Corbin",SB,2B,not measured,no_release
e0642945-b278-415c-a611-5487779169ef,HOME,59.77039421733584,6.8,177.0,115.0,L,0.25,21.32,9.0,PASS,1.037,PASS,647336,"Soroka, Michael",CS,2B,high,
ed8fbb92-dac4-4554-a64d-2dabe10f74c8,HOME,59.64739352940255,6.5,193.0,126.0,R,0.17,20.25,9.0,PASS,1.123,PASS,605483,"Snell, Blake",SB,2B,high,
3dd816f5-2ccc-46fe-b0cb-5ccc78922139,HOME,59.68411830556322,6.7,180.0,120.0,L,0.12,21.39,9.0,PASS,1.005,PASS,678394,"Bello, Brayan",SB,2B,high,
55571e12-63cf-4f92-9a1a-d6a841ae9fdd,HOME,59.59976734407438,6.3,178.0,116.0,L,0.17,18.48,3.0,PASS,1.04,PASS,647336,"Soroka, Michael",SB,2B,low,ball_pts 3.0 outside 5-
e254a13e-18bb-4ac9-81fe-7cc1220ff6c2,AWAY,59.76685199270577,11.5,,,,,,,no_release,,no_release,669203,"Burnes, Corbin",SB,2B,not measured,no_release
642c6cbe-a473-4622-9ba4-9fda1771fc0d,AWAY,59.65515518747632,17.3,219.0,,,0.05,,9.0,no_set_before_lift,,no_release,622491,"Castillo, Luis",CS,2B,not measured,no_set_before_lift
18052009-61d4-48b0-9a88-e3ba1a730fe7,HOME,59.69300739056282,6.7,178.0,120.0,L,0.13,12.43,9.0,PASS,0.972,PASS,647336,"Soroka, Michael",SB,2B,high,
1af87b0b-7319-489f-87bf-1e3479aab653,AWAY,59.58487024466901,12.9,199.0,138.0,R,0.21,16.91,8.0,PASS,1.024,cut_in_window,666200,"Luzardo, Jesús",SB,2B,high,
84e1b2d7-cde2-471a-9be3-f90a610c6990,AWAY,59.74317302630073,19.7,,,,,,,no_release,,cut_in_window,607067,"Rea, Colin",SB,2B,not measured,no_release
7c2a5fd0-09a7-43b8-87be-f3158b656648,HOME,59.700296498116835,9.6,176.0,109.0,L,0.17,26.83,9.0,PASS,1.122,PASS,647336,"Soroka, Michael",SB,3B,high,
b9deb721-d1de-4c69-9078-59138dc4cfd6,HOME,59.738720612959234,8.3,172.0,115.0,R,0.17,18.6,9.0,PASS,0.954,PASS,622072,"Wood, Alex",CS,2B,high,
5333db43-db64-4511-b6ef-5a4df8386eef,HOME,59.741228982928,9.9,179.0,116.0,L,0.13,20.44,6.0,PASS,1.055,PASS,666720,"Rodríguez, Yerry",SB,2B,high,
e81ca5d1-b3cd-49f0-a82d-86c1297586ed,HOME,59.7921300761796,7.1,194.0,138.0,L,0.16,4.05,8.0,PASS,0.937,PASS,542888,"Armstrong, Shawn",SB,2B,low,lift_peak_in 4.05 outside 4.28-
12ce454e-8fe5-4177-8bae-c42b719d0ae9,HOME,59.64560167568041,7.1,179.0,129.0,R,0.2,8.33,9.0,PASS,0.838,PASS,621383,"Banks, Tanner",SB,2B,high,
317109c1-2da5-4fc9-a5e5-53ca124d853f,HOME,59.77667937739642,7.2,181.0,116.0,R,0.11,17.7,9.0,PASS,1.087,PASS,607536,"Freeland, Kyle",SB,2B,high,
2de0f7b6-e1b2-4acd-ae80-c06de25f6dd4,AWAY,59.662436216145494,20.5,224.0,,,0.73,,5.0,not_cf_view,,not_cf_view,647336,"Soroka, Michael",SB,2B,not measured,not_cf_view
386b8169-5c34-45df-9b33-1456cc4809d1,HOME,59.67676932007676,5.8,178.0,128.0,R,0.13,2.86,9.0,PASS,0.838,PASS,572020,"Paxton, James",CS,2B,low,lift_peak_in 2.86 outside 4.28-
bcf3b37e-706b-41ef-b0aa-1a900d09c27e,HOME,59.763941797289704,5.5,182.0,124.0,R,0.12,12.56,9.0,PASS,0.97,PASS,671106,"Allen, Logan",CS,2B,high,
58060e4d-eac3-4c39-be38-dafe8a9d5b40,HOME,59.62008134328918,7.9,181.0,119.0,L,0.19,19.82,9.0,PASS,1.04,PASS,665795,"Cabrera, Edward",CS,2B,high,
f2c34207-f3ff-461a-bcd9-198d2f879d4a,AWAY,59.73102018299758,14.2,178.0,105.0,L,0.18,5.65,8.0,cut_in_window,,not_cf_view,615698,"Quantrill, Cal",SB,2B,not measured,cut_in_window
2b569094-9754-4dac-8bb0-8992c0d7399e,AWAY,59.62585517492847,13.8,,,,,,,no_release,,cut_in_window,669923,"Kirby, George",SB,2B,not measured,no_release
621f0b80-5122-4b0b-9843-09c7e214a380,AWAY,59.65899461035219,11.0,190.0,114.0,L,0.99,20.04,9.0,release_not_at_hand,,release_not_at_hand,670241,"Vines, Darius",SB,2B,not measured,release_not_at_hand
f4af908e-5ed0-4fb5-9f61-5a820b80435e,AWAY,59.700577631001394,8.0,,,,,,,no_release,,no_release,676760,"Marinaccio, Ron",SB,2B,not measured,no_release
c620c7d0-57be-4d6a-b285-2a1b33740f5b,AWAY,59.75039425743651,11.7,178.0,102.0,L,0.17,9.26,9.0,cut_in_window,,not_cf_view,615698,"Quantrill, Cal",CS,2B,not measured,cut_in_window
a08365ae-1bfe-4d64-87dc-d5af834e3ca8,HOME,59.746372441494835,7.5,181.0,126.0,L,0.19,11.51,9.0,PASS,0.921,PASS,605135,"Bassitt, Chris",SB,2B,high,
17636c07-25ac-4301-8337-e436e5db92f6,HOME,59.73986690865094,5.5,181.0,120.0,L,0.11,22.19,9.0,PASS,1.021,PASS,605397,"Musgrove, Joe",SB,2B,high,
2031aaa1-4c6c-4c10-9de3-66a9c4f34911,AWAY,59.60984112086881,11.5,253.0,,,0.95,,9.0,not_cf_view,,no_release,661563,"Gil, Luis",SB,2B,not measured,not_cf_view
51d5d7c8-aecf-4558-b7dd-630d16fe1d04,HOME,59.56290454392765,5.2,177.0,115.0,L,0.15,16.69,9.0,PASS,1.041,PASS,670241,"Vines, Darius",SB,2B,high,
cdefc887-1683-445c-9a3f-8bddab9ce5e2,HOME,59.73200241582765,5.5,178.0,122.0,L,0.45,23.71,8.0,PASS,0.938,PASS,607625,"Lugo, Seth",SB,2B,low,release_to_wrist 0.45 outside -0.32
0dd2e73a-1c1e-4e7d-9525-7e202936ad77,AWAY,59.63994198117232,10.2,181.0,,,0.15,,9.0,cut_in_window,,cut_in_window,547973,"Chapman, Aroldis",SB,3B,not measured,cut_in_window
54c2880f-b918-42a7-8e9b-4e84725e1543,HOME,59.7736218576064,5.4,177.0,117.0,L,0.15,15.71,9.0,PASS,1.004,PASS,675540,"Curry, Xzavion",SB,2B,high,
d9c74db4-42a3-4cda-a2c8-8a86b3a669e4,HOME,59.742590566571195,6.6,175.0,106.0,L,0.15,17.66,9.0,PASS,1.155,PASS,598264,"Barnes, Matt",SB,2B,high,
20157ef9-309e-4499-a859-b0bb2a304333,AWAY,59.672650774499736,10.3,178.0,116.0,L,0.13,17.67,9.0,PASS,1.039,cut_in_window,571656,"Farmer, Buck",SB,2B,high,
b24068b8-77ef-4ae4-9861-ed084345c0da,HOME,59.72614988877784,6.1,177.0,124.0,L,0.12,4.2,9.0,PASS,0.887,PASS,670174,"Winckowski, Josh",SB,2B,low,lift_peak_in 4.2 outside 4.28-
e24f2013-2db0-4a1e-a306-588c8c2739d5,AWAY,59.72607714456175,11.9,176.0,114.0,L,0.16,23.24,9.0,PASS,1.038,no_release,669923,"Kirby, George",CS,3B,high,
4807f729-41e0-490a-8592-72033ced78ae,HOME,59.730036727493,7.3,177.0,105.0,L,0.29,13.66,8.0,PASS,1.205,PASS,666808,"Doval, Camilo",SB,2B,high,
a1ab2d99-0e12-46da-aadb-2e46cf5b32ab,HOME,59.648413820973936,9.8,172.0,119.0,L,0.16,22.62,9.0,PASS,0.889,PASS,543243,"Gray, Sonny",CS,2B,high,
4b349758-236b-4085-8171-cfb84764b9b4,AWAY,59.66886885538845,13.3,189.0,119.0,L,1.23,17.53,6.0,release_not_at_hand,,release_not_at_hand,672710,"Contreras, Roansy",SB,3B,not measured,release_not_at_hand
e762e6a0-95aa-444e-87b8-d85ff1ac6a25,AWAY,59.661997526410296,15.4,,,,,,,not_cf_view,,cut_in_window,676664,"Sears, JP",SB,2B,not measured,not_cf_view
a32b0537-192f-4bd6-9218-83d76b1aa713,AWAY,59.64117294306788,23.9,183.0,129.0,L,0.12,7.31,9.0,PASS,0.905,cut_in_window,686613,"Brown, Hunter",SB,2B,high,
54c020c8-ef0e-4aab-b844-cb3d5593d56d,HOME,59.706584783350394,6.6,177.0,114.0,L,0.22,17.71,9.0,PASS,1.055,PASS,669302,"Gilbert, Logan",CS,2B,high,
059cfda9-8cde-4032-8735-9a59b50d0228,AWAY,59.60343219058382,15.2,184.0,125.0,L,0.79,5.96,6.0,release_not_at_hand,,cut_in_window,686613,"Brown, Hunter",CS,3B,not measured,release_not_at_hand
9bddeb7a-bd17-4a66-b634-ecceead3edf7,AWAY,59.721536486619925,12.9,181.0,104.0,L,0.1,19.77,7.0,cut_in_window,,cut_in_window,641755,"Kinley, Tyler",SB,2B,not measured,cut_in_window
0a23d12b-db68-4405-bd8b-34e366e4a583,HOME,59.7489748672245,7.3,186.0,109.0,L,0.13,29.5,8.0,PASS,1.289,PASS,592094,"Adam, Jason",SB,3B,high,
41f267f0-49ec-4bc2-b1ae-ebc732b5cc1d,HOME,59.70527069226254,8.7,178.0,131.0,L,0.13,14.22,9.0,PASS,0.787,PASS,687014,"Avila, Nick",SB,2B,high,
488bd81e-29f4-4534-bb26-cfca4f6a006d,HOME,59.666495692497726,6.1,176.0,118.0,R,0.16,27.48,9.0,PASS,0.972,PASS,674072,"Henry, Tommy",CS,2B,high,
81f5d53d-af50-45f7-b401-6ef3908028fe,AWAY,59.68313680098387,11.5,176.0,117.0,L,0.15,20.61,9.0,PASS,0.989,cut_in_window,668881,"Greene, Hunter",CS,2B,high,
20590b1b-16b0-4257-bda6-dfe2763556b8,AWAY,59.7257942161452,12.0,175.0,,,0.14,,8.0,cut_in_window,,cut_in_window,650644,"Civale, Aaron",CS,2B,not measured,cut_in_window
c6291c6b-5f0a-4b5e-929f-039dcf8d0281,HOME,59.78521031489999,5.5,174.0,112.0,R,0.15,24.72,9.0,PASS,1.037,PASS,677960,"Weathers, Ryan",SB,2B,high,
a203fb48-d9b9-4375-8f9e-a751ddb07676,HOME,59.63975663131568,5.5,179.0,123.0,L,0.11,14.16,9.0,PASS,0.939,PASS,686613,"Brown, Hunter",CS,2B,high,
73255378-750d-4ef0-8687-a58084eedcbc,HOME,59.75221099876744,5.5,182.0,121.0,L,0.19,13.06,9.0,PASS,1.021,PASS,640470,"Alzolay, Adbert",SB,2B,high,
37655a95-9583-4376-99f5-54dde1711c86,HOME,59.71510074384343,5.8,186.0,126.0,L,0.25,21.38,9.0,PASS,1.005,PASS,622075,"Almonte, Yency",SB,2B,high,
1da77bfe-28b8-4c10-a0ea-201cd2168f3f,AWAY,59.70942593905032,11.2,203.0,,,0.53,,9.0,no_set_before_lift,,cut_in_window,663855,"Hicks, Jordan",SB,3B,not measured,no_set_before_lift
39e9ee08-aa3f-46f2-a585-91896e0d9445,HOME,59.760261749946466,8.7,188.0,117.0,L,0.12,25.93,9.0,PASS,1.188,PASS,662253,"Muñoz, Andrés",SB,2B,high,
57377e04-2fbd-4744-aff7-65ea6bb60ba6,HOME,59.625934499975344,5.3,177.0,119.0,R,0.09,17.06,9.0,PASS,0.973,PASS,642232,"Yarbrough, Ryan",SB,2B,high,
5118de4c-74ac-4365-b2cd-89f7a6c02844,AWAY,59.70408068620374,10.6,179.0,114.0,R,0.12,23.93,9.0,PASS,1.089,no_set_before_lift,607074,"Rodón, Carlos",SB,3B,high,
0b4dc433-1101-4895-89a3-c498e0a3c7da,HOME,59.71063862638993,5.4,182.0,113.0,R,0.1,26.93,6.0,PASS,1.156,PASS,664076,"Cleavinger, Garrett",SB,2B,high,
f07832cf-2bfd-4973-a58f-fdef951f6c86,HOME,59.76424037589646,5.4,176.0,113.0,R,0.2,23.93,9.0,PASS,1.054,PASS,596295,"Gomber, Austin",CS,2B,high,
36e10752-77fa-4683-a3c2-e354a9e8cfb9,AWAY,59.691908195860705,15.4,179.0,116.0,L,0.19,15.61,9.0,PASS,1.055,cut_in_window,669212,"Morgan, Eli",SB,2B,high,
bf4f58c6-c1d5-4570-ae8c-6fa394fb71ec,AWAY,59.74832736581048,10.6,180.0,112.0,R,0.16,24.35,5.0,PASS,1.138,no_set_before_lift,664076,"Cleavinger, Garrett",SB,3B,high,
2a037774-3892-4c67-87cd-c5fe0762488c,HOME,59.665679247500016,5.0,183.0,122.0,L,0.28,11.71,9.0,PASS,1.022,PASS,687765,"Spence, Mitch",CS,2B,high,
7b527950-99fb-4385-80f4-47c533a349fb,HOME,59.65351623091443,5.5,179.0,119.0,L,0.14,10.41,9.0,PASS,1.006,PASS,650644,"Civale, Aaron",SB,2B,high,
6c3a6f8a-f66a-495b-9187-a548412d25b9,HOME,59.6802188038706,5.5,181.0,119.0,L,0.11,40.22,9.0,PASS,1.039,PASS,665625,"Peguero, Elvis",SB,2B,high,
4c1fa05e-a32b-4622-934f-1f7f7135a68b,AWAY,59.690778359947096,10.9,179.0,119.0,R,0.13,21.38,9.0,PASS,1.005,cut_in_window,696136,"Wicks, Jordan",SB,3B,high,
e679138d-3501-4596-be31-9a89f28f38c3,AWAY,59.713833402236496,12.4,215.0,,,1.0,,7.0,release_not_at_hand,,release_not_at_hand,606965,"Devenski, Chris",SB,3B,not measured,release_not_at_hand
e14b2acb-5b5f-4a4e-b5ba-bd3d39a3588d,AWAY,59.68127955168992,12.6,212.0,129.0,L,0.28,12.19,6.0,PASS,1.391,release_not_at_hand,650633,"King, Michael",SB,2B,low,delivery_s 1.391 outside 0.7-1.31
9f8273c4-9a81-4ae0-839b-8d95b5c536ea,HOME,59.667767486901894,5.6,191.0,133.0,L,0.17,16.52,9.0,PASS,0.972,PASS,445926,"Chavez, Jesse",SB,2B,high,
77f31680-0919-4c4c-b646-8d547a19fa2f,AWAY,59.698380090778805,10.1,,,,,,,no_release,,no_release,640451,"Harvey, Hunter",SB,2B,not measured,no_release
37a10fa1-f3e6-4db2-ba1c-dae868af33c5,HOME,59.741467641003176,5.6,182.0,114.0,L,0.19,20.76,9.0,PASS,1.138,PASS,664126,"Fairbanks, Pete",SB,3B,high,
1a91ebff-d8b5-4984-bdc1-da7cf839620f,AWAY,59.674077825211384,10.9,179.0,117.0,L,0.1,7.29,6.0,PASS,1.039,cut_in_window,663372,"Feltner, Ryan",SB,2B,high,
229cfd5c-b511-4984-a8c1-9cc074712123,HOME,59.69740050986002,5.9,179.0,111.0,R,0.09,29.65,9.0,PASS,1.139,PASS,573009,"Mantiply, Joe",SB,2B,high,
ac12650c-421d-4333-a3c8-d5d1067c1cce,HOME,59.76992410624487,5.4,179.0,120.0,L,0.16,13.47,9.0,PASS,0.987,PASS,675627,"Grove, Michael",CS,2B,high,
bfe6406d-cccd-40d4-abdd-a9159f2f2000,HOME,59.704716209753315,5.4,181.0,108.0,R,0.23,25.7,9.0,PASS,1.223,PASS,681911,"Vesia, Alex",SB,2B,high,
c17f03ce-a67f-4926-92f7-a04626468bf6,HOME,59.714036115933695,5.4,177.0,112.0,R,0.13,13.45,9.0,PASS,1.089,PASS,621237,"Alvarado, José",SB,2B,high,
e1ff3251-84eb-46ba-bfcf-c4a24a801600,AWAY,59.755958490135704,10.3,179.0,,,0.19,,8.0,not_cf_view,,not_cf_view,681911,"Vesia, Alex",SB,3B,not measured,not_cf_view
90691d5b-2648-4fe9-9427-a7b90e3aeb2d,HOME,59.644845684598266,5.5,179.0,128.0,L,0.26,4.92,9.0,PASS,0.855,PASS,681676,"Fernandez, Ryan",SB,2B,high,
05d440b4-4e24-4974-87f2-75887bde4828,HOME,59.65078010726475,5.3,181.0,118.0,L,0.23,17.71,9.0,PASS,1.056,PASS,621112,"Blackburn, Paul",SB,2B,high,
5271f433-5050-40cf-bf1a-b16b7a0a1b11,HOME,59.73302122770271,7.8,177.0,130.0,L,0.24,2.46,5.0,PASS,0.787,PASS,676775,"Winn, Keaton",CS,2B,low,lift_peak_in 2.46 outside 4.28-
da13239a-4bea-4ca9-a321-1f9437579bd6,AWAY,59.68366247924711,10.9,,,,,,,no_release,,no_release,656629,"Kopech, Michael",SB,2B,not measured,no_release
cdf4fc87-8f24-4a8c-a2d2-a7a7bddbacc9,HOME,59.7412585491801,6.2,178.0,110.0,R,0.14,16.89,9.0,PASS,1.138,PASS,663559,"Falter, Bailey",SB,2B,high,
2762fd25-c9ad-4cde-a347-ca398a8e10be,HOME,59.73361371113146,6.2,181.0,114.0,L,0.17,19.99,8.0,PASS,1.122,PASS,641793,"Littell, Zack",SB,2B,high,
6ece8c30-25d7-4438-9d52-90faab1e22cf,AWAY,59.6562443799296,12.2,180.0,,,0.34,,9.0,no_set_before_lift,,no_set_before_lift,665620,"García, Deivi",CS,2B,not measured,no_set_before_lift
2cb59489-0aad-41bf-948a-0b698bbe880c,AWAY,59.72311850868755,11.7,190.0,,,0.86,,9.0,release_not_at_hand,,release_not_at_hand,594902,"Lively, Ben",SB,2B,not measured,release_not_at_hand
00465ccf-f236-400a-bb2b-c260f6857c49,AWAY,59.716397044138205,12.4,179.0,116.0,L,0.12,23.27,9.0,PASS,1.055,no_set_before_lift,686752,"Pepiot, Ryan",SB,3B,high,
534da9da-63a4-49ce-b98e-d04986bced95,AWAY,59.713651140092686,11.8,177.0,107.0,L,0.13,25.96,9.0,PASS,1.172,cut_in_window,471911,"Carrasco, Carlos",SB,2B,high,
760b44df-45d8-41ce-907e-f7de80e22414,AWAY,59.73563802745297,11.9,,,,,,,no_release,,cut_in_window,686752,"Pepiot, Ryan",SB,2B,not measured,no_release
d2f9625b-1cca-45dd-b850-7cb115cb6546,HOME,59.74725521572696,5.6,176.0,121.0,R,0.13,7.14,9.0,PASS,0.921,PASS,542881,"Anderson, Tyler",SB,3B,high,
d2643c3e-65c2-4fe6-bdc3-e9ab8c772a28,AWAY,59.70337536131961,11.5,176.0,122.0,L,0.15,19.27,9.0,PASS,0.904,cut_in_window,663568,"Kolek, Stephen",SB,2B,high,
aba90193-e8db-4a76-9e83-e687610036a0,HOME,59.72087772696513,5.5,177.0,118.0,R,0.1,19.0,9.0,PASS,0.988,PASS,666157,"Lodolo, Nick",SB,2B,high,
0b43943f-6d2f-48fe-a33a-4aa21aa1ea83,AWAY,59.66205859230568,11.2,170.0,,,0.11,,9.0,no_set_before_lift,,no_set_before_lift,640455,"Manaea, Sean",SB,2B,not measured,no_set_before_lift
06adaba5-b627-4a43-ae6f-bc937760d8ac,HOME,59.74798032359746,6.1,177.0,119.0,R,0.08,17.57,9.0,PASS,0.971,PASS,666157,"Lodolo, Nick",SB,2B,high,
360b07a4-ff2e-4b5a-94f6-37432653e44f,HOME,59.647488715339975,6.4,200.0,143.0,L,0.19,7.93,9.0,PASS,0.956,PASS,502043,"Gibson, Kyle",SB,2B,high,
5d9cc3ef-1573-440c-88b8-663f34b60781,HOME,59.67063380419919,5.8,184.0,128.0,L,0.45,6.6,8.0,PASS,0.938,PASS,682990,"Priester, Quinn",SB,2B,low,release_to_wrist 0.45 outside -0.32
5232ee50-6d4a-4655-8ac7-20829c170468,HOME,59.670027853782535,7.4,176.0,116.0,L,0.24,13.5,9.0,PASS,1.006,PASS,519151,"Pressly, Ryan",CS,2B,high,
53f3eaa3-4e43-4dcb-a9a5-d20e716f9f9b,AWAY,59.76796885389965,12.2,,,,,,,no_release,,cut_in_window,657746,"Ryan, Joe",SB,2B,not measured,no_release
efa7560c-937f-4f8d-b133-5e1fb5e836d5,AWAY,59.66549078053426,9.3,186.0,115.0,L,0.77,23.07,9.0,release_not_at_hand,,no_release,650556,"Abreu, Bryan",SB,2B,not measured,release_not_at_hand
f9e17f7d-8610-4cc1-bf72-1ac7063ffa4f,HOME,59.7559695406058,6.6,177.0,126.0,L,0.18,24.51,7.0,PASS,0.853,PASS,671212,"Boyle, Joe",SB,2B,high,
6c74d4fa-9bb0-4e60-8252-e83e89b334ed,HOME,59.714155191542126,5.6,177.0,119.0,R,0.13,7.27,9.0,PASS,0.971,PASS,542881,"Anderson, Tyler",SB,2B,high,
123c7d0b-ca52-4c9b-a5bf-606e8050bc53,HOME,59.754990278523856,6.5,179.0,114.0,R,0.13,22.81,9.0,PASS,1.088,PASS,641302,"Alexander, Tyler",SB,2B,high,
66ac6bf9-4437-41e7-a5c6-c50669ed64fd,AWAY,59.69263164729864,14.9,193.0,121.0,L,1.57,24.33,5.0,release_not_at_hand,,release_not_at_hand,622253,"Tate, Dillon",SB,3B,not measured,release_not_at_hand
70b6b999-9736-42b0-98f5-35dc9e97b146,HOME,59.737057385740435,5.7,184.0,127.0,L,0.13,13.83,8.0,PASS,0.954,PASS,657746,"Ryan, Joe",SB,2B,high,
f9c857ab-ad15-4e3b-a168-a40c67aad7fc,AWAY,59.62377745105446,10.6,,,,,,,no_release,,no_release,571670,"Floro, Dylan",SB,3B,not measured,no_release
25f4cb20-82e8-40de-ba42-b2401daea2b0,HOME,59.79418301693183,6.1,182.0,120.0,L,0.21,17.54,9.0,PASS,1.037,PASS,671345,"Foley, Jason",SB,2B,high,
2f108f6c-a9b7-40f4-a429-b6bfec988621,HOME,59.768338674663056,8.0,179.0,121.0,L,0.18,19.84,7.0,PASS,0.97,PASS,571670,"Floro, Dylan",SB,2B,high,
894cc4ba-9c14-4205-85c5-1f6063057d9e,HOME,59.72942447051452,6.2,170.0,106.0,L,0.14,16.67,9.0,PASS,1.071,PASS,518489,"Brasier, Ryan",SB,2B,high,
7febef7b-5efd-476a-9136-d6975b44f28c,AWAY,59.687183311789326,9.0,174.0,95.0,L,0.58,7.7,9.0,cut_in_window,,no_release,543339,"Hudson, Daniel",SB,2B,not measured,cut_in_window
4b66c249-8d9f-480e-8c66-1f8c1d7842f0,HOME,59.79382483689153,5.6,170.0,123.0,L,0.2,3.57,9.0,PASS,0.786,PASS,808967,"Yamamoto, Yoshinobu",SB,2B,low,lift_peak_in 3.57 outside 4.28-
d65152c4-18ff-4809-83e3-f039325208af,AWAY,59.75100664105616,7.7,,,,,,,no_release,,no_release,642701,"Santana, Dennis",SB,2B,not measured,no_release
7c2a77bd-8da8-43b1-8a1c-4b0b34de3b7f,AWAY,59.68227538069837,11.2,183.0,114.0,L,0.14,16.03,9.0,PASS,1.156,cut_in_window,598264,"Barnes, Matt",SB,2B,high,
c402bab0-ad2d-479f-a6da-db3e2da81451,HOME,59.64222085672638,5.9,177.0,128.0,R,0.12,6.97,9.0,PASS,0.822,PASS,542881,"Anderson, Tyler",SB,2B,high,
a783dbe8-3ed8-40de-9e73-3df4f94f353c,HOME,59.69652285591971,5.5,175.0,116.0,R,0.1,19.03,9.0,PASS,0.988,PASS,666157,"Lodolo, Nick",SB,2B,high,
f2832308-57b8-4eff-a3e2-462bccf41684,HOME,59.721687604250505,5.8,180.0,118.0,R,0.2,11.96,8.0,PASS,1.038,PASS,669022,"Gore, MacKenzie",SB,2B,high,
ae348ed7-df8c-419b-bfde-fb0c9d1fb4ab,AWAY,59.67659973679753,14.0,167.0,109.0,L,0.21,17.26,7.0,PASS,0.972,not_cf_view,657376,"Schmidt, Clarke",SB,3B,high,
99dd6834-7f78-4f9a-8c27-b4edbe98c93b,HOME,59.65631956777308,5.6,176.0,111.0,R,0.13,21.31,9.0,PASS,1.09,PASS,666200,"Luzardo, Jesús",CS,2B,high,
56db495a-0ff4-4d58-9ab7-0d888063da3c,HOME,59.728260118152924,9.7,179.0,127.0,L,0.2,3.39,9.0,PASS,0.871,PASS,669467,"Pallante, Andre",SB,2B,low,lift_peak_in 3.39 outside 4.28-
064593f1-8fb4-43ba-86a0-cedec239f087,AWAY,59.71388787961536,11.3,,,,,,,no_release,,cut_in_window,621242,"Díaz, Edwin",SB,2B,not measured,no_release
4ce4e0ca-4266-43cb-a2de-267e06e6fbfe,AWAY,59.68059419291302,16.6,196.0,,,0.6,,9.0,cut_in_window,,cut_in_window,673513,"Matsui, Yuki",SB,2B,not measured,cut_in_window
26cdbef8-5347-4bd7-a3d1-19f773fd449f,AWAY,59.66077932369211,17.4,255.0,,,0.28,,9.0,cut_in_window,,cut_in_window,641712,"Hudson, Dakota",SB,2B,not measured,cut_in_window
a6f1c9a4-d20b-494a-b92e-204ea40a21e9,AWAY,59.68646308355661,11.6,180.0,120.0,L,0.14,17.46,5.0,PASS,1.005,cut_in_window,450203,"Morton, Charlie",SB,2B,high,
ce74121b-95c7-41d9-b465-190a41e45dca,AWAY,59.6650501649232,12.0,175.0,114.0,L,0.21,13.47,9.0,cut_in_window,,cut_in_window,605280,"Holmes, Clay",SB,2B,not measured,cut_in_window
ffda7f0a-9841-4d62-8eae-275514e8cedb,AWAY,59.78592280246513,10.8,187.0,115.0,L,0.74,21.91,9.0,release_not_at_hand,,release_not_at_hand,543135,"Eovaldi, Nathan",SB,3B,not measured,release_not_at_hand
ef849db4-aa89-4fad-9e6c-76eda274eaba,AWAY,59.730452506570465,11.2,177.0,,,0.21,,9.0,cut_in_window,,cut_in_window,676130,"Buttó, José",SB,2B,not measured,cut_in_window
031e8570-3bab-4f71-9d4a-18d73c8bee53,HOME,59.769701948823325,5.7,179.0,124.0,L,0.19,8.4,9.0,PASS,0.92,PASS,647336,"Soroka, Michael",SB,2B,high,
a1d8e0e8-794b-417d-a8fe-f667ce77a574,AWAY,59.77104649984804,9.6,183.0,114.0,L,0.14,16.19,9.0,PASS,1.154,no_release,676710,"Crawford, Kutter",SB,2B,high,
9c301491-2c32-48d1-acd5-b098ec5f8cb6,AWAY,59.637185970739715,13.1,176.0,121.0,R,0.2,6.13,4.0,PASS,0.922,no_set_before_lift,657571,"Ferguson, Caleb",SB,3B,low,ball_pts 4.0 outside 5-
bc9d7ed9-4bc0-4011-9511-f9625ed1308f,HOME,59.66726293005548,5.7,179.0,117.0,L,0.23,17.61,9.0,PASS,1.039,PASS,605130,"Barlow, Scott",SB,2B,high,
1ca31411-3303-4339-b241-60104c3a01ae,AWAY,59.676825876032446,8.3,,,,,,,not_cf_view,,release_not_at_hand,519151,"Pressly, Ryan",SB,2B,not measured,not_cf_view
25beeaf5-085a-4212-b869-a3e246e94621,AWAY,59.733943641825206,7.7,,,,,,,no_release,,no_release,694813,"Stone, Gavin",SB,2B,not measured,no_release
e9135164-2ae5-44ac-84dc-d28ddbde5669,HOME,59.68762826467348,5.8,179.0,128.0,R,0.19,6.72,9.0,PASS,0.854,PASS,663776,"Sandoval, Patrick",CS,3B,high,
8ab7be4b-d8d2-4e32-8127-04262bbf9515,AWAY,59.71039115461382,10.1,,,,,,,no_release,,release_not_at_hand,623465,"Phillips, Evan",SB,2B,not measured,no_release
7b4aa474-3902-4832-9801-54f374ce8a7f,HOME,59.77920414015847,5.5,176.0,123.0,L,0.14,3.82,9.0,PASS,0.887,PASS,472610,"García, Luis",SB,2B,low,lift_peak_in 3.82 outside 4.28-
a669f0d0-bc4f-4be8-90ee-faacad5e8e1c,HOME,59.727404127561805,6.2,176.0,119.0,R,0.12,14.35,9.0,PASS,0.954,PASS,671106,"Allen, Logan",CS,2B,high,
2e45879d-637c-43a9-83c1-45fa940b9654,AWAY,59.7068582277144,11.1,178.0,111.0,R,0.15,24.36,7.0,PASS,1.122,release_not_at_hand,666142,"Ragans, Cole",SB,2B,high,
93a0b15b-b8ca-4631-a023-427d388c0cae,HOME,59.73892720743317,6.0,177.0,116.0,L,0.22,21.51,9.0,PASS,1.021,PASS,686613,"Brown, Hunter",SB,2B,high,
30109957-dcce-4596-9581-c9ae912e9ff3,HOME,59.705255057532646,5.3,181.0,116.0,L,0.16,18.55,9.0,PASS,1.089,PASS,680897,"Nastrini, Nick",SB,2B,high,
f9284fa6-f726-4d04-b11c-c84d2d3be0ef,AWAY,59.67675093244923,10.5,,,,,,,no_release,,no_release,615698,"Quantrill, Cal",SB,2B,not measured,no_release
80375e9e-6e55-4c7b-bbd6-2e5cf99e8de8,HOME,59.69649389116753,5.8,181.0,127.0,L,0.23,10.83,9.0,PASS,0.905,PASS,663878,"Pearson, Nate",SB,2B,high,
64e86aa3-c758-4aa4-a33f-aec4b851fc92,HOME,59.700262292572496,4.9,180.0,126.0,L,0.2,14.91,9.0,PASS,0.905,PASS,686613,"Brown, Hunter",SB,2B,high,
55a928bf-a8a2-4eb6-b190-038d803cd57b,AWAY,,5.4,,,,,,,no_clip,,no_release,669276,"Lee, Dylan",CS,2B,not measured,no_clip
e9a31150-0767-4a39-b7f3-a2ff7eaadf4a,AWAY,59.695835504808834,14.2,176.0,117.0,L,0.3,17.92,9.0,PASS,0.988,cut_in_window,607192,"Glasnow, Tyler",CS,2B,high,
2b5db39f-de64-4dde-b57f-476bfc8ef443,HOME,59.692257488284575,6.0,178.0,115.0,L,0.22,14.86,9.0,PASS,1.055,PASS,680897,"Nastrini, Nick",SB,2B,high,
95acd064-821e-4629-bed5-84a48874f54f,HOME,59.62169175898335,5.8,176.0,120.0,L,0.2,16.41,9.0,PASS,0.939,PASS,686613,"Brown, Hunter",SB,2B,high,
5c905774-6b5f-43a8-a72f-3456704729f4,HOME,59.77307084151448,6.1,177.0,120.0,L,0.15,18.63,9.0,PASS,0.954,PASS,676440,"Bibee, Tanner",SB,2B,high,
1c464350-447d-4299-804e-0cdf687985e0,HOME,59.68428489579855,5.7,175.0,123.0,L,0.2,22.05,8.0,PASS,0.871,PASS,607625,"Lugo, Seth",CS,2B,high,
4859bf60-3be4-4713-85a8-e35407554352,HOME,59.70832954890989,5.8,177.0,119.0,L,0.26,25.06,9.0,PASS,0.971,PASS,607625,"Lugo, Seth",SB,2B,high,
3fca0f3e-91fb-4757-a967-536ce659e883,AWAY,59.613001227586246,13.9,264.0,,,0.39,,6.0,cut_in_window,,no_release,663423,"Thornton, Trent",SB,2B,not measured,cut_in_window
b94d0958-5b1c-4848-ba9f-3c2ab8fef4ff,AWAY,59.63347022143607,9.7,,,,,,,no_release,,no_release,663878,"Pearson, Nate",SB,3B,not measured,no_release
2337c027-beb0-47d5-b2cc-bcfa34827e69,AWAY,,5.6000000000000005,,,,,,,no_clip,,no_release,669276,"Lee, Dylan",CS,3B,not measured,no_clip
2e869f86-3447-4e83-b281-565753fb61c1,HOME,59.70974429854872,7.1,180.0,123.0,L,0.41,4.53,9.0,PASS,0.955,PASS,657044,"Thompson, Ryan",CS,2B,low,release_to_wrist 0.41 outside -0.32
4896f468-0541-498e-913e-98f71d165db8,HOME,59.800664451827245,5.5,180.0,113.0,L,0.13,30.25,9.0,PASS,1.12,PASS,605400,"Nola, Aaron",SB,2B,high,
917072e8-eee0-4842-bf56-7fb26ef55e1e,HOME,59.67275545849983,5.0,178.0,120.0,L,0.17,17.01,9.0,PASS,0.972,PASS,607192,"Glasnow, Tyler",CS,2B,high,
9e328625-9624-48fc-8470-9610cf200a6a,HOME,59.73921534838302,7.2,180.0,122.0,L,0.14,18.43,9.0,PASS,0.971,PASS,663485,"Sands, Cole",SB,3B,high,
6c257a8c-997b-45f7-86ee-1bae90c813c9,AWAY,59.66285114073848,9.6,,,,,,,no_release,,no_release,686973,"Varland, Louis",SB,2B,not measured,no_release
fccecdeb-6114-4e42-98ea-3cd81938a328,HOME,59.65650900673466,5.7,174.0,113.0,R,0.2,11.36,9.0,PASS,1.023,PASS,669373,"Skubal, Tarik",CS,2B,high,
72be29c7-889f-4f39-8419-ff17f5b1ebdd,AWAY,59.68786183727719,10.3,213.0,,,1.56,,6.0,release_not_at_hand,,release_not_at_hand,624133,"Suarez, Ranger",SB,3B,not measured,release_not_at_hand
6f1e7bb6-616d-4b68-8168-c10340bbd3dd,HOME,59.66660364432811,5.2,172.0,115.0,L,0.54,12.17,9.0,PASS,0.955,PASS,676775,"Winn, Keaton",SB,2B,low,release_to_wrist 0.54 outside -0.32
ec02d6a5-368d-429d-8034-0b381667f524,AWAY,59.69857874788276,10.7,186.0,124.0,L,0.74,14.39,9.0,release_not_at_hand,,release_not_at_hand,543518,"McGough, Scott",SB,2B,not measured,release_not_at_hand
70951c9e-3636-4496-99c3-241e83e9230d,HOME,59.70702965165444,5.6,173.0,106.0,R,0.13,24.15,9.0,PASS,1.122,PASS,660761,"Suarez, José",SB,2B,high,
25806fb8-d7cb-44e7-802b-3926cca40f29,HOME,59.66670255958753,5.3,170.0,104.0,R,0.12,13.58,9.0,PASS,1.106,PASS,672282,"Detmers, Reid",SB,2B,high,
04e357cf-fb1c-4b6e-8b12-b338dd4f0cba,AWAY,59.76786406380678,11.1,183.0,122.0,L,0.74,6.1,9.0,release_not_at_hand,,release_not_at_hand,605452,"Ross, Joe",CS,3B,not measured,release_not_at_hand
6065c907-81cf-4b66-af66-bd0bf73a8e1e,HOME,59.710459379382925,6.0,180.0,120.0,L,0.11,15.09,6.0,PASS,1.005,PASS,686539,"Cronin, Declan",SB,2B,high,
0d7ec619-a7b6-4867-8d2e-59afa45ae067,AWAY,59.69466521813712,11.4,177.0,116.0,R,0.14,35.35,9.0,PASS,1.022,cut_in_window,677960,"Weathers, Ryan",SB,2B,high,
8729ecaf-e4c8-4d7a-97c4-89e8a1c97e28,AWAY,59.73085770330729,11.5,171.0,107.0,R,0.11,11.66,9.0,PASS,1.071,cut_in_window,672282,"Detmers, Reid",SB,3B,high,
13a7b48d-302b-4a10-8b2a-71dc450b3745,HOME,59.68076217758825,5.6,174.0,110.0,R,0.13,13.07,9.0,PASS,1.072,PASS,672282,"Detmers, Reid",SB,2B,high,
3c5938d2-c782-41ad-b472-db9375051922,HOME,59.77770685612,5.9,175.0,104.0,R,0.14,25.95,9.0,PASS,1.188,PASS,596295,"Gomber, Austin",SB,2B,high,
11bd6e21-08e3-493b-924b-f48e53d54929,AWAY,59.69786011087768,10.8,186.0,126.0,L,0.3,23.81,9.0,PASS,1.005,release_not_at_hand,668964,"Myers, Tobias",CS,2B,high,
dcf9c480-9ffc-41a2-b8e8-9704c291404f,HOME,59.64088888006423,5.6,182.0,122.0,L,0.19,19.66,8.0,PASS,1.006,PASS,628317,"Maeda, Kenta",SB,2B,high,
ded1264c-2fb9-4358-b0f7-e6bc88c205c7,HOME,59.650149058289706,5.5,180.0,102.0,L,0.31,20.15,8.0,PASS,1.308,PASS,543351,"Jackson, Jay",SB,3B,high,
2e122cd3-bfe2-4ad9-b89b-7f882bff8657,HOME,59.71773417645927,5.8,179.0,131.0,L,0.14,9.98,9.0,PASS,0.804,PASS,641585,"France, J.P.",CS,2B,high,
63abfa86-e1b2-4a89-8fda-a6cb8861ccf5,HOME,59.71508975982928,6.1,203.0,159.0,L,0.19,3.87,9.0,PASS,0.737,PASS,608379,"Wacha, Michael",SB,2B,low,lift_peak_in 3.87 outside 4.28-
99d1afdb-ffc2-414d-8a87-e23043524363,HOME,59.73621856176311,5.5,179.0,121.0,L,0.11,19.95,5.0,PASS,0.971,PASS,628317,"Maeda, Kenta",SB,2B,high,
164d6f3b-847a-465c-b5f3-4b232c491dce,AWAY,59.69701944615534,11.1,187.0,136.0,L,0.89,33.86,9.0,cut_in_window,,release_not_at_hand,664208,"Maton, Phil",SB,2B,not measured,cut_in_window
f28cc1e4-8c3b-4d0c-828c-5a6ff69636b9,AWAY,59.76033829727839,11.1,180.0,119.0,L,0.12,23.43,9.0,PASS,1.021,no_set_before_lift,686752,"Pepiot, Ryan",CS,2B,high,
951abf93-fc29-4c02-bdcd-ff5f24128266,HOME,59.72495890718639,5.7,180.0,118.0,L,0.19,27.66,9.0,PASS,1.038,PASS,640451,"Harvey, Hunter",SB,2B,high,
541c9759-dff4-4d2b-b878-ad6ed7707981,HOME,59.767030554369704,5.7,174.0,115.0,L,0.18,6.03,5.0,PASS,0.987,PASS,663372,"Feltner, Ryan",SB,2B,high,
e3d0b3da-770f-4292-a26f-08fd260c63ec,HOME,59.73715651135006,5.6,182.0,119.0,R,0.23,28.0,9.0,PASS,1.055,PASS,674072,"Henry, Tommy",CS,3B,high,
8b6dda36-1f59-49be-9e5b-8eb29bda5ac4,HOME,59.69506757973618,5.0,180.0,126.0,L,0.17,14.83,6.0,PASS,0.905,PASS,656412,"Faedo, Alex",CS,2B,high,
492a59e8-ccd3-4df8-8b61-8f8d2dda3367,HOME,59.69614126294088,6.0,179.0,121.0,L,0.24,19.24,7.0,PASS,0.972,PASS,670059,"Holderman, Colin",SB,2B,high,
720a57a9-5ad6-45bd-a1fc-f3c6dd7d01ed,HOME,59.71727216786913,5.4,171.0,109.0,L,0.18,6.4,6.0,PASS,1.038,PASS,663372,"Feltner, Ryan",CS,2B,high,
259b8863-8fa2-48fc-9ab3-8298fdd101ca,HOME,59.73559981157227,5.4,179.0,130.0,R,0.13,2.83,8.0,PASS,0.82,PASS,572020,"Paxton, James",SB,2B,low,lift_peak_in 2.83 outside 4.28-
54efa21c-516c-499a-9703-67998780650d,AWAY,59.68513621403871,10.5,203.0,144.0,L,0.14,13.79,8.0,PASS,0.989,cut_in_window,600917,"Leclerc, José",CS,2B,high,
a6d6b0e1-d8bf-45c3-916e-35ee95a655ca,HOME,59.73120955699353,5.4,184.0,110.0,R,0.44,23.74,7.0,PASS,1.239,PASS,571578,"Corbin, Patrick",SB,2B,low,release_to_wrist 0.44 outside -0.32
153b3e66-0951-49ae-845a-8d5c9c7f2dfd,HOME,59.66543960772685,5.1,173.0,119.0,L,0.14,3.72,9.0,PASS,0.905,PASS,680570,"Rodriguez, Grayson",CS,2B,low,lift_peak_in 3.72 outside 4.28-
9b02ebf3-d3b1-4ed5-a293-1a15d61c2152,HOME,59.76342059934717,5.8,201.0,139.0,L,0.17,14.03,9.0,PASS,1.037,PASS,656557,"Houck, Tanner",SB,2B,high,
d6592dbc-f17f-48f3-bbb6-8f6347b85ee6,AWAY,59.64939177196903,9.3,,,,,,,no_release,,no_release,592351,"Gray, Jon",SB,2B,not measured,no_release
60a31c2f-1ada-489c-909c-9f5bc5b078e9,HOME,59.73904624153263,5.8,205.0,147.0,L,0.11,14.58,8.0,PASS,0.971,PASS,642546,"Hernández, Jonathan",SB,2B,high,
f483f207-5efd-4e7c-ae49-627fc71035d0,AWAY,59.72466116247708,9.8,,,,,,,no_release,,cut_in_window,683627,"Molina, Anthony",CS,2B,not measured,no_release
307c28dc-54eb-4905-bd9e-900355e7685d,HOME,59.71907431707026,5.7,177.0,121.0,R,0.09,16.98,9.0,PASS,0.938,PASS,666157,"Lodolo, Nick",SB,2B,high,
e04d928e-8d28-4ebe-94e7-76849ef63700,AWAY,59.744839746914224,10.5,188.0,120.0,L,0.88,16.68,4.0,release_not_at_hand,,no_release,684320,"Rodríguez, Yariel",SB,2B,not measured,release_not_at_hand
760cdc7d-2e57-4abf-b314-d5c3ba176ed1,AWAY,59.6964586846543,8.1,,,,,,,not_cf_view,,no_set_before_lift,640455,"Manaea, Sean",SB,2B,not measured,not_cf_view
22f40eb6-166e-4827-9039-3c369cb64ab2,HOME,59.62161093560368,5.9,181.0,125.0,L,0.21,21.56,9.0,PASS,0.939,PASS,665152,"Kremer, Dean",SB,2B,high,
91a8077f-a286-48df-a3fc-e440107dfec3,HOME,59.66709042736464,5.7,179.0,116.0,L,0.18,22.47,9.0,PASS,1.056,PASS,595881,"Beede, Tyler",SB,3B,high,
1106a5bf-293e-4478-90d7-ac512a2466fb,HOME,59.71613508642845,5.7,181.0,125.0,L,0.14,13.62,6.0,PASS,0.938,PASS,664350,"Sánchez, Sixto",CS,2B,high,
3f26f0ef-cde3-47e9-a513-e4daad33cf62,HOME,59.693227040323514,8.3,180.0,125.0,L,0.15,13.11,6.0,PASS,0.921,PASS,656427,"Flaherty, Jack",SB,2B,high,
78b2840d-4c17-46ce-a6c2-84e49ca4f553,HOME,59.749011887288674,6.3,178.0,109.0,L,0.21,19.13,8.0,PASS,1.155,PASS,622554,"Domínguez, Seranthony",SB,2B,high,
56e4bb2d-4199-4b41-a87d-553eb6e49313,AWAY,59.651726212827946,14.3,183.0,128.0,L,0.15,9.68,6.0,PASS,0.922,cut_in_window,664350,"Sánchez, Sixto",SB,2B,high,
865b03c0-4d03-4932-be2e-3475277d11fd,HOME,59.736961510463765,7.1,180.0,124.0,R,0.11,16.51,9.0,PASS,0.937,PASS,666157,"Lodolo, Nick",SB,2B,high,
62a5cf0b-ab03-4dcb-b2f9-a9aa6d673bc8,HOME,59.718328550337574,6.7,177.0,121.0,R,0.09,17.28,9.0,PASS,0.938,PASS,666157,"Lodolo, Nick",SB,2B,high,
1e34c3ff-7bfb-440e-bbb8-b7b050e6daaf,HOME,59.73915643357043,7.1,177.0,111.0,R,0.17,13.18,7.0,PASS,1.105,PASS,621237,"Alvarado, José",SB,2B,high,
cbc6468b-9770-4b85-8447-71417b4f6e23,HOME,59.70901391129871,6.9,180.0,117.0,R,0.15,12.74,8.0,PASS,1.055,PASS,621237,"Alvarado, José",SB,3B,high,
b3260ef4-2935-472a-8469-2c0501859f5e,HOME,59.679389059883846,7.0,175.0,105.0,R,0.12,26.18,9.0,PASS,1.173,PASS,570257,"Rodríguez, Joely",SB,3B,high,
1bdc1acd-100a-4dee-ba98-627600160d04,HOME,59.780803719694454,7.2,178.0,121.0,L,0.18,19.63,9.0,PASS,0.953,PASS,684320,"Rodríguez, Yariel",SB,2B,high,
1b165707-63a8-4ee0-b1a2-da8941c73f81,HOME,59.7353677434736,7.4,171.0,111.0,L,0.2,19.51,8.0,PASS,1.004,PASS,683627,"Molina, Anthony",CS,2B,high,
d8ce5c57-2299-4833-84ac-424b3070f24f,HOME,59.763952442868266,7.4,182.0,117.0,R,0.17,15.64,9.0,PASS,1.088,PASS,650893,"Cabrera, Génesis",SB,3B,high,
c4fb49c2-a6d5-4c25-af78-cd5f4fc358b6,AWAY,59.66868579719531,14.4,181.0,137.0,L,0.14,4.96,9.0,not_cf_view,,no_set_before_lift,608334,"Fulmer, Carson",SB,2B,not measured,not_cf_view
082c947a-fd65-41ac-9ef3-7e8029bce485,AWAY,59.73300295820586,14.5,175.0,121.0,L,0.21,16.73,9.0,PASS,0.904,cut_in_window,605513,"Turnbull, Spencer",SB,2B,high,
879fb188-d3a7-43ac-84f1-65519cb7b8a3,HOME,59.69096795031423,7.3,177.0,113.0,L,0.16,22.76,5.0,PASS,1.072,PASS,518886,"Kimbrel, Craig",CS,2B,high,
daa8a096-816e-4bd5-8d48-6b11cd788247,AWAY,59.74599115594352,14.6,180.0,112.0,L,0.19,6.78,9.0,cut_in_window,,cut_in_window,605513,"Turnbull, Spencer",SB,3B,not measured,cut_in_window
4ca024a5-0915-4f35-8cb1-10030d1ea90b,HOME,59.67044084110173,7.1,180.0,117.0,L,0.1,21.31,9.0,PASS,1.056,PASS,694738,"Roupp, Landen",SB,3B,high,
12ac7641-fafc-4694-b1b5-c98a5af3d2cf,HOME,59.74736160076902,8.2,177.0,116.0,L,0.21,20.01,9.0,PASS,1.021,PASS,656924,"Ryan, Ryder",SB,2B,high,
3cee465c-c201-4449-985e-c932935b5d20,HOME,59.698090413316386,7.7,184.0,118.0,L,0.16,15.74,8.0,PASS,1.106,PASS,641755,"Kinley, Tyler",SB,2B,high,
82c05b7f-840d-4b9d-9bc1-7d6729ad0781,HOME,59.73085700794837,7.5,177.0,121.0,L,0.18,12.77,7.0,PASS,0.938,PASS,607259,"Martinez, Nick",SB,2B,high,
30a4e552-0fa3-45f2-aa80-296553597b99,AWAY,59.630529240823854,17.0,189.0,132.0,L,0.18,23.36,8.0,not_cf_view,,release_not_at_hand,656605,"Keller, Mitch",SB,2B,not measured,not_cf_view
8d7308ca-8354-4faa-be80-6f1f30626b66,HOME,59.70096273626085,7.5,178.0,128.0,L,0.25,15.84,9.0,PASS,0.838,PASS,669711,"Weissert, Greg",SB,2B,high,
cb402d93-5cfd-4a83-a072-c93950e931e0,HOME,59.7802572805772,7.4,201.0,140.0,L,0.16,16.75,9.0,PASS,1.02,PASS,455119,"Martin, Chris",SB,2B,high,
174c98ac-8340-4cba-bb35-450cbd1732d9,HOME,59.652358090244064,8.2,180.0,120.0,R,0.15,4.53,7.0,PASS,1.006,PASS,571760,"Heaney, Andrew",SB,2B,high,
c977ae1a-84a9-421b-9f51-9e8643573ee8,HOME,59.701753944267416,7.3,181.0,124.0,L,0.17,13.13,7.0,PASS,0.955,PASS,607179,"Weems, Jordan",SB,2B,high,
5411100b-81ba-421f-87a0-b8f6c5ae0825,AWAY,59.67198756160784,16.4,,,,,,,no_release,,cut_in_window,606160,"Montero, Rafael",SB,2B,not measured,no_release
85559ed6-f7cf-49a1-9bfa-44c3f75b28f8,AWAY,59.68571090690281,17.8,180.0,103.0,L,0.64,26.94,7.0,cut_in_window,,release_not_at_hand,681190,"Vásquez, Randy",SB,2B,not measured,cut_in_window
e14ed3fb-31c2-4a21-b86b-3ae7f5ea8b06,HOME,59.74156488783159,7.3,180.0,127.0,L,0.12,4.07,9.0,PASS,0.887,PASS,543339,"Hudson, Daniel",SB,2B,low,lift_peak_in 4.07 outside 4.28-
fbce4764-de9b-4a5b-8911-36a50b6fe3e5,AWAY,59.70525784682658,17.2,180.0,108.0,L,0.26,34.25,8.0,cut_in_window,,cut_in_window,666745,"Brito, Jhony",SB,2B,not measured,cut_in_window
809a3752-ed83-4cb0-8fdb-4cc9f2f00681,HOME,59.684379672331055,7.3,200.0,146.0,L,0.18,5.59,9.0,PASS,0.905,PASS,455119,"Martin, Chris",CS,2B,high,
3f830fab-11d9-4ffe-a998-860f9c13e752,HOME,59.66137402777841,9.9,179.0,124.0,L,0.22,17.97,7.0,PASS,0.922,PASS,502624,"Anderson, Chase",SB,2B,high,
4cfca919-014a-4be6-afae-f0c098573f88,AWAY,59.63062142837424,12.0,179.0,115.0,L,0.23,19.83,9.0,PASS,1.073,no_release,605135,"Bassitt, Chris",SB,2B,high,
eb01d908-ef5a-4b11-9b59-b1dac16d6e49,HOME,59.69772458113211,7.0,178.0,124.0,L,0.17,11.53,9.0,PASS,0.905,PASS,687424,"Maldonado, Anthony",SB,2B,high,
977c39d5-93f9-498f-a13e-4bab975e6bbd,AWAY,59.77901773152384,12.2,179.0,119.0,R,0.1,20.96,7.0,PASS,1.004,no_set_before_lift,519242,"Sale, Chris",SB,2B,high,
259fb19c-2ec2-48d2-a5bd-22dd81b94585,HOME,59.81333255797532,6.2,197.0,139.0,L,0.29,25.37,9.0,PASS,0.97,PASS,661563,"Gil, Luis",SB,2B,high,
ab9959cf-212b-4d5e-ab8d-c47fc1216202,HOME,59.614170599264355,5.6,179.0,103.0,L,0.23,25.26,9.0,PASS,1.275,PASS,605135,"Bassitt, Chris",SB,2B,high,
efb65f54-4c1b-46ab-9ce7-b9e93a50ff3f,AWAY,59.72380600060258,11.3,178.0,117.0,L,0.24,13.55,9.0,PASS,1.021,cut_in_window,605135,"Bassitt, Chris",CS,2B,high,
b733b2f2-e60e-487d-8fc8-fd44a5bf671b,AWAY,59.63100914802611,11.2,181.0,115.0,L,0.17,23.16,9.0,PASS,1.107,cut_in_window,605135,"Bassitt, Chris",SB,2B,high,
08d446f1-4a68-48c2-a5cb-e9e3e8e51185,AWAY,59.74935044824846,11.2,181.0,114.0,R,0.14,25.24,9.0,not_cf_view,,cut_in_window,570257,"Rodríguez, Joely",SB,3B,not measured,not_cf_view
4bbd21e7-8e14-442c-a90b-aca19cadb795,AWAY,59.66725355141741,11.3,178.0,,,0.17,,5.0,cut_in_window,,no_set_before_lift,607067,"Rea, Colin",SB,2B,not measured,cut_in_window
733863e0-b2e3-4513-8924-3463a5f24c8b,AWAY,59.73052344614489,13.8,182.0,153.0,L,0.21,2.87,9.0,PASS,0.486,cut_in_window,543135,"Eovaldi, Nathan",SB,2B,low,lift_peak_in 2.87 outside 4.28-; delivery_s 0.486 outside 0.7-1.31
8532aa41-e41a-4c22-a71e-69316499cdaf,HOME,59.666413529708485,11.1,178.0,117.0,R,0.1,19.9,8.0,PASS,1.022,PASS,519242,"Sale, Chris",SB,2B,high,
4229545a-53eb-491d-993a-1e3fdf5bc400,HOME,59.73981137707704,6.9,174.0,109.0,R,0.1,28.78,9.0,PASS,1.088,PASS,519043,"Moore, Matt",SB,2B,high,
d5aef75b-c801-4f31-b78d-04305d2c104e,AWAY,59.64493808486124,13.9,175.0,117.0,L,0.07,19.97,9.0,PASS,0.972,cut_in_window,605397,"Musgrove, Joe",SB,2B,high,
3a4a31d1-f2a0-4f19-b911-299d3bb15a58,HOME,59.71684414327202,7.4,174.0,116.0,L,0.24,11.82,9.0,PASS,0.971,PASS,641927,"Ober, Bailey",CS,2B,high,
2f9c8003-e497-4628-b2c1-92f5ba8ab1d2,HOME,59.66707817776548,5.7,177.0,126.0,L,0.19,8.66,9.0,PASS,0.855,PASS,571882,"Law, Derek",SB,2B,high,
e3302127-93ef-478e-add8-a2a8ae63bb66,AWAY,59.76715371893609,10.2,176.0,107.0,L,0.1,3.66,9.0,cut_in_window,,no_release,677944,"Cecconi, Slade",SB,2B,not measured,cut_in_window
5f50a5cd-3cdb-4ca5-9eed-a481dc0dcc41,AWAY,59.67376849905448,14.8,247.0,,,,,8.0,cut_in_window,,cut_in_window,656464,"Ginkel, Kevin",CS,2B,not measured,cut_in_window
37bd2e16-252f-4c35-8ca4-eb62e1736177,HOME,59.69318769857389,5.5,178.0,116.0,L,0.14,17.67,5.0,PASS,1.039,PASS,686539,"Cronin, Declan",SB,2B,high,
770628e8-3b91-4e22-90b0-1069341e999e,HOME,59.65869858284287,7.4,178.0,131.0,L,0.11,15.85,5.0,PASS,0.788,PASS,666808,"Doval, Camilo",SB,2B,high,
5a918691-5714-43ac-93aa-5c8f372e20fc,AWAY,59.70765546287885,10.6,174.0,114.0,L,0.18,16.75,8.0,PASS,1.005,cut_in_window,665795,"Cabrera, Edward",SB,2B,high,
3417013c-ff37-4aaf-9bce-bc91f85af25b,HOME,59.67073772778982,6.1,179.0,119.0,L,0.21,17.45,9.0,PASS,1.006,PASS,663554,"Mize, Casey",SB,2B,high,
63e695aa-6146-41b3-969e-cb5b77bab5f0,AWAY,59.678836781976514,12.6,182.0,114.0,R,0.13,21.26,9.0,PASS,1.139,cut_in_window,676664,"Sears, JP",SB,2B,high,
7112a1c0-f085-40d6-a4d6-cb3d8b58d86c,HOME,59.69923512380623,5.6,172.0,112.0,L,0.2,23.27,9.0,PASS,1.005,PASS,673380,"Núñez, Dedniel",SB,2B,high,
499789ea-04b7-49ff-8a6c-1f55d14c8fd6,HOME,59.72021049173076,5.6,179.0,128.0,L,0.23,2.68,9.0,PASS,0.854,PASS,592094,"Adam, Jason",SB,2B,low,lift_peak_in 2.68 outside 4.28-
a8c7f04c-e35c-4dbd-9237-d84ece30f971,AWAY,59.746294719524336,10.3,179.0,117.0,L,0.26,18.14,9.0,PASS,1.038,not_cf_view,605155,"Brewer, Colten",SB,3B,high,
4239c985-913f-45e7-91d5-1fd9d179ff9d,AWAY,59.74592725457202,11.4,182.0,120.0,L,0.23,19.56,9.0,PASS,1.038,cut_in_window,605447,"Romano, Jordan",SB,2B,high,
6a6a9ed7-f985-425f-b5ad-98abebcc6752,AWAY,59.80709435877911,11.1,,,,,,,no_release,,no_release,665795,"Cabrera, Edward",SB,3B,not measured,no_release
cf6ce2d7-db97-4866-ab27-d0df57938375,AWAY,59.692026270679264,15.9,227.0,,,0.58,,9.0,no_set_before_lift,,no_set_before_lift,686563,"Cannon, Jonathan",SB,2B,not measured,no_set_before_lift
5c157587-9212-4ad4-aac2-0af1eb7cd5a5,AWAY,59.67167080678259,11.3,192.0,113.0,R,0.68,17.25,9.0,release_not_at_hand,,cut_in_window,676664,"Sears, JP",SB,2B,not measured,release_not_at_hand
752093ff-76eb-4478-9270-9d50ef25fe1c,HOME,59.75731214049066,5.6,171.0,105.0,L,0.19,13.65,8.0,PASS,1.104,PASS,605288,"Houser, Adrian",SB,2B,high,
a9059314-552d-4f91-b6dc-6757eb320a6f,AWAY,59.69177470667336,6.0,,,,,,,not_cf_view,,no_release,621345,"Minter, A.J.",CS,2B,not measured,not_cf_view
fa3c7915-67d6-4dbb-b844-0e8568125588,HOME,59.746523883722546,6.1,179.0,112.0,R,0.15,18.25,9.0,PASS,1.121,PASS,500779,"Quintana, Jose",SB,2B,high,
d3c13777-9ea9-4992-810f-3c8ce6696ba9,AWAY,59.606596463341944,10.7,,,,,,,no_release,,release_not_at_hand,622250,"Sborz, Josh",SB,2B,not measured,no_release
bcfb0721-b421-4e17-9ec1-71218f588a3d,HOME,59.74773179907059,5.5,168.0,101.0,R,0.22,27.71,6.0,PASS,1.121,PASS,664285,"Valdez, Framber",CS,2B,high,
ba492317-f5a2-498d-b270-4eea17857b83,HOME,59.667677658813645,7.0,182.0,130.0,L,0.32,16.48,7.0,PASS,0.871,PASS,670219,"Kristofak, Zac",SB,2B,high,
fd36fca4-5a53-4a42-8ea3-1c02b5dacaa1,AWAY,59.70736022212121,10.6,190.0,,,0.62,,7.0,release_not_at_hand,,release_not_at_hand,643256,"Cimber, Adam",CS,2B,not measured,release_not_at_hand
02811c84-a21d-4246-aded-8e22ff5fdbac,HOME,59.64863688521347,5.4,196.0,134.0,L,0.14,13.35,9.0,PASS,1.039,PASS,693821,"Elder, Bryce",SB,2B,high,
f5c0a192-3084-49e4-8e53-70fc65592cf0,HOME,59.76705545190671,6.4,170.0,107.0,R,0.16,19.79,9.0,PASS,1.054,PASS,596295,"Gomber, Austin",SB,3B,high,
6dc0294a-e7b1-44b9-a62c-ce227c16c4a1,HOME,59.55585283802418,5.6,179.0,114.0,R,0.13,25.01,9.0,PASS,1.091,PASS,593974,"Peralta, Wandy",SB,2B,high,
d823ef25-1a8f-4d02-9e90-c96af1618b9f,HOME,59.648928204986,5.4,181.0,125.0,L,0.27,18.43,5.0,PASS,0.939,PASS,670219,"Kristofak, Zac",SB,2B,high,
4cdcd984-d1f6-43d1-b9a4-53831b0d094e,AWAY,59.78788628877168,8.1,179.0,136.0,L,0.13,3.22,6.0,PASS,0.719,not_cf_view,683003,"Jones, Jared",CS,2B,low,lift_peak_in 3.22 outside 4.28-
fc59ab89-1b61-4373-85eb-e616d8b39905,HOME,59.6819696189378,5.4,182.0,126.0,L,0.14,18.22,9.0,PASS,0.938,PASS,606149,"Gallegos, Giovanny",SB,2B,high,
0c200730-310a-4d30-8421-8f50eb7aa830,HOME,59.72194545906092,5.7,209.0,143.0,R,0.55,14.93,9.0,PASS,1.105,PASS,607481,"Bummer, Aaron",SB,2B,low,release_to_wrist 0.55 outside -0.32
42266500-95df-4dec-81f4-43f3fed94fa4,AWAY,59.61425528946186,10.4,199.0,132.0,L,1.15,8.8,6.0,not_cf_view,,not_cf_view,489446,"Yates, Kirby",SB,2B,not measured,not_cf_view
d3c0af3f-6696-4126-8cd8-cdf37b7a044f,HOME,59.6547820650952,5.4,179.0,114.0,L,0.16,49.88,6.0,PASS,1.09,PASS,665625,"Peguero, Elvis",SB,3B,high,
f044a08d-86df-4462-afe7-5afb03e4f162,AWAY,59.74574864742264,9.5,,,,,,,no_release,,no_release,458681,"Lynn, Lance",SB,2B,not measured,no_release
c3e42d68-e2ee-436a-8f26-0267461211d7,HOME,59.67215144807517,5.7,180.0,126.0,L,0.24,11.41,8.0,PASS,0.905,PASS,621112,"Blackburn, Paul",SB,2B,high,
d4f9c74d-52e2-4bb8-a463-1fe911784c44,HOME,59.71887307542309,7.2,178.0,119.0,L,0.12,23.26,9.0,PASS,0.988,PASS,663773,"Hoeing, Bryan",SB,2B,high,
ed9d80c2-4336-41d8-964a-3a885f34d98f,AWAY,59.67375685217052,11.5,244.0,,,1.37,,9.0,release_not_at_hand,,no_release,693821,"Elder, Bryce",CS,2B,not measured,release_not_at_hand
21a60877-f74b-49af-ab05-3f33c1651612,HOME,59.75316026764834,5.5,176.0,119.0,L,0.14,9.23,9.0,PASS,0.954,PASS,676775,"Winn, Keaton",SB,2B,high,
62122d4d-a40e-4dcf-8ae5-ade366ad99f9,HOME,59.71784203040663,5.5,176.0,116.0,L,0.16,17.88,9.0,PASS,1.005,PASS,519326,"Strickland, Hunter",SB,2B,high,
c3960e87-96cb-4a70-8e1e-6965bbe251c4,AWAY,59.73580820272302,12.5,240.0,,,1.35,,7.0,release_not_at_hand,,no_release,656730,"Megill, Trevor",CS,2B,not measured,release_not_at_hand
75504926-c059-408b-b97b-ed13410b7ac8,HOME,59.8136763014937,5.6,180.0,123.0,L,0.15,14.69,9.0,PASS,0.953,PASS,682243,"Miller, Bryce",SB,3B,high,
262d8ccf-2ac0-47b4-aee6-5b61e2c5b1f4,AWAY,59.69845230587231,10.8,177.0,124.0,L,0.19,14.32,7.0,PASS,0.888,cut_in_window,682243,"Miller, Bryce",SB,2B,high,
b95a0f6d-bd83-47a3-8e50-320aae61fb38,AWAY,59.72628883495979,10.5,179.0,,,0.65,,9.0,cut_in_window,,cut_in_window,669060,"Wilson, Bryse",CS,2B,not measured,cut_in_window
df5c5e7e-c712-4f68-a852-492dab8dfca0,HOME,59.73192971336252,5.6,177.0,110.0,R,0.13,23.5,8.0,PASS,1.122,PASS,669432,"Rogers, Trevor",SB,3B,high,
86832948-e50c-4047-b0d0-7ac90d78d956,AWAY,59.67045018493752,10.8,174.0,90.0,R,0.16,20.57,8.0,cut_in_window,,release_not_at_hand,669432,"Rogers, Trevor",SB,2B,not measured,cut_in_window
19bb9ba1-b10d-4e9c-ba31-5b55a4fc6179,HOME,59.72681527001371,5.2,179.0,105.0,L,0.23,29.25,9.0,PASS,1.239,PASS,592094,"Adam, Jason",SB,3B,high,
c5476c42-734e-4e6c-9fa4-069fab94f30f,HOME,59.749697214372226,5.6,177.0,115.0,R,0.14,7.09,9.0,PASS,1.038,PASS,676979,"Crochet, Garrett",SB,2B,high,
621c592d-0c01-45c3-913f-3bb457033406,HOME,59.68648886375774,5.4,172.0,104.0,R,0.15,16.23,9.0,PASS,1.139,PASS,663559,"Falter, Bailey",SB,3B,high,
96ca16d3-f505-4314-b63e-bd56671c4204,AWAY,59.75776411296452,9.2,175.0,110.0,L,0.21,16.81,8.0,PASS,1.088,no_release,672710,"Contreras, Roansy",SB,2B,high,
59832d51-0458-41e6-9500-a26da71c664e,HOME,59.79934566454744,5.4,177.0,115.0,R,0.1,15.06,9.0,PASS,1.037,PASS,650911,"Sánchez, Cristopher",SB,3B,high,
433ec8b2-f944-4535-a204-6fbc31b2c8d5,AWAY,59.685160776901846,11.2,206.0,,,0.78,,9.0,release_not_at_hand,,cut_in_window,684320,"Rodríguez, Yariel",SB,2B,not measured,release_not_at_hand
9db53b14-4361-40c2-8d22-7a58c71c11c3,HOME,59.68111985595214,5.5,178.0,122.0,L,0.21,13.24,9.0,PASS,0.938,PASS,687424,"Maldonado, Anthony",CS,2B,high,
cde837d0-a006-4dfd-9fbc-0b0d6f1a52e9,AWAY,59.730573102975875,10.4,,,,,,,no_release,,no_release,660853,"De Los Santos, Enyel",SB,2B,not measured,no_release
c7cb1123-90f9-4862-97dc-f2aceca2a5c7,HOME,59.66107729587983,5.5,174.0,119.0,L,0.2,18.53,9.0,PASS,0.922,PASS,656605,"Keller, Mitch",SB,2B,high,
02a4cd34-25bb-45b6-a5c4-fa1ef4a574c4,HOME,59.601526602556056,5.2,178.0,111.0,R,0.15,27.13,9.0,PASS,1.124,PASS,519043,"Moore, Matt",SB,2B,high,
abdb3d33-595c-43e0-9c84-e59ea4e302cd,AWAY,59.77727563265784,11.2,177.0,121.0,L,0.15,14.1,9.0,PASS,0.937,cut_in_window,621244,"Berríos, José",CS,2B,high,
e2bd6ecc-ce97-4a05-9903-40abd5f63701,HOME,59.62619662665249,5.2,177.0,109.0,R,0.17,23.1,9.0,PASS,1.14,PASS,607237,"Garrett, Amir",SB,2B,high,
86245bf4-ac5f-4b19-85e6-d2b282949b4f,AWAY,59.68661098965432,10.7,179.0,103.0,L,0.22,3.78,9.0,cut_in_window,,no_set_before_lift,657024,"Swanson, Erik",SB,2B,not measured,cut_in_window
32d6c2f3-a4e6-4221-9085-131ff5b13817,HOME,59.706140187580175,5.5,196.0,121.0,R,0.14,20.66,9.0,PASS,1.256,PASS,641482,"Cortes, Nestor",CS,2B,high,
285fdf64-72e1-470e-baea-88e7421e1049,HOME,59.772365173745975,5.3,176.0,114.0,R,0.14,20.03,9.0,PASS,1.037,PASS,681892,"Funderburk, Kody",SB,2B,high,
a9d8f195-9a46-428a-b886-7a8ac1705110,AWAY,59.58151796770903,10.8,179.0,,,0.16,,9.0,no_set_before_lift,,not_cf_view,682052,"Lopez, Jacob",SB,3B,not measured,no_set_before_lift
5de4518a-8267-47d2-aede-3d7ba71ac7b0,HOME,59.75505668431072,5.8,180.0,122.0,L,0.23,17.83,9.0,PASS,0.971,PASS,605155,"Brewer, Colten",SB,2B,high,
481d80e4-dab4-4a19-b939-45d2da87ecd4,AWAY,59.619684111834985,7.9,,,,,,,no_release,,no_release,663372,"Feltner, Ryan",CS,2B,not measured,no_release
6aeb405d-bf50-482f-bd2b-7165da18aea7,HOME,59.55450009321136,5.3,180.0,116.0,R,0.19,22.9,9.0,PASS,1.075,PASS,682052,"Lopez, Jacob",SB,2B,high,
c4d45a66-fb69-4e82-a0b4-1f62242436b9,HOME,59.6824834424799,5.3,179.0,112.0,R,0.24,19.41,9.0,PASS,1.123,PASS,682052,"Lopez, Jacob",SB,2B,high,
6979e367-def2-415a-93a8-db1fe2010d56,HOME,59.790070419416274,5.6,173.0,109.0,L,0.16,26.12,9.0,PASS,1.07,PASS,625643,"López, Reynaldo",SB,2B,high,
7931e7fe-60f0-43c9-a647-b4b19554c5cb,HOME,59.66423769072829,5.2,180.0,119.0,R,0.19,20.56,9.0,PASS,1.022,PASS,641302,"Alexander, Tyler",SB,2B,high,
a0638b5e-c9a2-44a8-9fa3-28db7e3ead75,HOME,59.67518264406341,5.4,180.0,120.0,L,0.1,12.01,8.0,PASS,1.005,PASS,657277,"Webb, Logan",SB,2B,high,
947bbb8c-d559-4f6e-9641-3a12d50794a1,HOME,59.63960751230184,4.9,176.0,117.0,R,0.13,16.25,9.0,PASS,0.989,PASS,621381,"Strahm, Matt",CS,3B,high,
d70cba65-2003-4d69-92a0-dac6959736dd,HOME,59.687183311789326,5.6,173.0,129.0,R,0.13,5.46,9.0,PASS,0.737,PASS,676596,"Fleming, Josh",CS,2B,high,
73ea3537-35b1-4169-a750-190e03930f44,AWAY,59.69231263533184,7.1,,,,,,,not_cf_view,,no_set_before_lift,621051,"Wilson, Steven",CS,2B,not measured,not_cf_view
2e082507-874f-45d9-9df7-9226d21caccd,HOME,59.6945396466243,7.3,179.0,116.0,L,0.18,20.4,7.0,PASS,1.055,PASS,686613,"Brown, Hunter",CS,2B,high,
f99ddec8-0764-4cb1-8e86-340521c7a474,HOME,59.70913503013842,5.5,173.0,119.0,L,0.23,5.97,9.0,PASS,0.904,PASS,689017,"Knack, Landon",SB,2B,high,
5f2e6bc1-0717-495d-be90-57e66bd863d0,HOME,59.653400679265,5.4,180.0,117.0,L,0.14,19.12,8.0,PASS,1.056,PASS,592351,"Gray, Jon",SB,2B,high,
2c869a3b-275d-4e1f-b064-78c17bc7e328,HOME,59.78159789568775,5.3,178.0,110.0,L,0.16,29.15,9.0,PASS,1.137,PASS,656887,"Reid-Foley, Sean",SB,2B,high,
23086e97-0216-4b0d-b3d3-5bb36c84e496,HOME,59.7197269134028,5.1,179.0,117.0,L,0.42,25.99,9.0,PASS,1.038,PASS,642547,"Peralta, Freddy",CS,2B,low,release_to_wrist 0.42 outside -0.32
52bdcb6a-f350-4258-8eaf-365eb92c63fe,HOME,59.70773971778518,5.6,180.0,120.0,R,0.16,11.54,9.0,PASS,1.005,PASS,621237,"Alvarado, José",CS,2B,high,
92411d71-71c0-4db5-83c4-8096408f3e2b,AWAY,59.688803675690835,10.8,181.0,118.0,R,0.11,15.94,9.0,PASS,1.055,no_release,607237,"Garrett, Amir",SB,2B,high,
6724b55a-f464-4a2b-9c9f-d9c70d00961d,AWAY,59.755383393076286,11.3,181.0,110.0,L,0.14,18.46,9.0,PASS,1.188,no_release,669203,"Burnes, Corbin",CS,3B,high,
0037d1c3-5761-4250-8288-8a657a846cc1,HOME,59.717816909110795,6.4,181.0,139.0,L,0.15,5.2,9.0,PASS,0.703,PASS,623167,"Flexen, Chris",CS,2B,high,
363f8918-4552-4a12-a3fa-abe37026cb06,AWAY,59.786839020755785,10.7,187.0,120.0,L,1.18,20.1,7.0,release_not_at_hand,,cut_in_window,605397,"Musgrove, Joe",SB,2B,not measured,release_not_at_hand
4f8f109f-3eb5-43c7-8207-d5180b352932,HOME,59.75155077253708,7.1,176.0,102.0,L,0.16,20.14,9.0,PASS,1.238,PASS,669203,"Burnes, Corbin",SB,2B,high,
3944b607-69f1-49cf-a0b8-3342017a63e3,AWAY,59.644251145890294,12.9,242.0,,,2.03,,9.0,cut_in_window,,release_not_at_hand,607067,"Rea, Colin",SB,2B,not measured,cut_in_window
cfb84b93-0fd9-4309-8150-785e2cac423c,HOME,59.64428150510357,5.5,177.0,101.0,R,0.09,25.08,9.0,PASS,1.274,PASS,656756,"Montgomery, Jordan",SB,3B,high,
660d75e3-945e-4c35-a751-6915fe3678f3,HOME,59.68447380693671,6.8,178.0,120.0,R,0.12,21.85,9.0,PASS,0.972,PASS,668941,"Romero, JoJo",CS,2B,high,
d19e66c6-4a44-438a-b5fe-f41fea1999c0,HOME,59.74672698578205,5.2,183.0,125.0,R,0.15,13.45,7.0,PASS,0.971,PASS,656641,"Latz, Jacob",CS,2B,high,
c3a7a5cf-d5f3-43c4-bbc6-a407bfd3fd97,HOME,59.645857208822704,6.2,179.0,127.0,L,0.18,13.73,9.0,PASS,0.872,PASS,434378,"Verlander, Justin",CS,2B,high,
97b69d52-51e2-4719-b119-94a0c43b74a4,HOME,59.76016518424397,6.9,179.0,105.0,L,0.13,21.54,9.0,PASS,1.238,PASS,669203,"Burnes, Corbin",SB,2B,high,
5f5dfa11-1d32-4312-b82d-e9e9cdc203df,HOME,59.66691775097252,4.9,177.0,121.0,R,0.19,11.58,9.0,PASS,0.939,PASS,621383,"Banks, Tanner",CS,3B,high,
f9c3cc8b-1642-4a51-949f-2d2827a42965,AWAY,59.727080424172875,19.9,177.0,,,0.23,,9.0,cut_in_window,,cut_in_window,628317,"Maeda, Kenta",CS,2B,not measured,cut_in_window
546cf994-ac53-4be6-9c94-c2ea11bb1a64,HOME,59.72627080448888,5.5,176.0,122.0,L,0.1,8.97,9.0,PASS,0.904,PASS,641726,"Jefferies, Daulton",SB,2B,high,
3fd56f01-e2f5-4561-9739-585922e91d61,HOME,59.760403336468336,5.8,180.0,124.0,R,0.2,11.79,9.0,PASS,0.937,PASS,684007,"Imanaga, Shota",SB,2B,high,
38268b68-ba12-400d-965f-551cb9562e38,HOME,59.71148865366604,5.2,178.0,118.0,L,0.13,9.37,9.0,PASS,1.005,PASS,493603,"Ottavino, Adam",SB,2B,high,
05c85fe2-8858-45fc-8770-014a9d3bdd04,HOME,59.68534483734216,5.4,179.0,119.0,L,0.18,27.01,9.0,PASS,1.005,PASS,605347,"López, Jorge",SB,2B,high,
cfc897f8-9a56-4461-a656-fced527ebcac,HOME,59.71007021109813,5.5,180.0,119.0,L,0.19,20.81,9.0,PASS,1.022,PASS,683232,"Mears, Nick",SB,2B,high,
55969417-6bc5-4f43-91e7-4caa135bb1f3,AWAY,59.69207456442864,12.6,,,,,,,no_release,,release_not_at_hand,670280,"Bednar, David",SB,2B,not measured,no_release
01fab241-d5b5-49f6-98e7-c6ccdf07a72d,HOME,59.76690905468672,7.0,180.0,108.0,L,0.16,18.93,9.0,PASS,1.205,PASS,669203,"Burnes, Corbin",SB,2B,high,
b59266fa-eb9b-48ba-abd1-5c72f9c17215,AWAY,59.73900329519251,11.4,178.0,124.0,L,0.13,15.32,5.0,PASS,0.904,cut_in_window,605463,"Scott, Tayler",SB,2B,high,
def13382-b55f-49a2-9d08-a06e853536e9,AWAY,59.550238984511715,13.6,178.0,,,0.13,,9.0,cut_in_window,,cut_in_window,673380,"Núñez, Dedniel",SB,3B,not measured,cut_in_window
9468332b-732d-42d8-a736-df844180f94d,HOME,59.6622066242597,5.5,179.0,109.0,L,0.26,19.63,9.0,PASS,1.173,PASS,605288,"Houser, Adrian",SB,3B,high,
d69da079-0c1d-482c-9be5-f3df43280513,AWAY,59.69025204980261,10.2,,,,,,,no_release,,no_release,621242,"Díaz, Edwin",SB,2B,not measured,no_release
1e7df8e1-17d7-4150-af85-ae1eef426254,AWAY,59.60411096666585,12.6,193.0,120.0,L,0.77,19.62,9.0,release_not_at_hand,,release_not_at_hand,595881,"Beede, Tyler",SB,2B,not measured,release_not_at_hand
30c8cd35-6cf2-4055-9b0c-8f2087d9cad5,HOME,59.68296522151608,9.6,179.0,112.0,L,0.15,22.03,9.0,PASS,1.123,PASS,595881,"Beede, Tyler",SB,3B,high,
33360179-ca91-480c-9aa3-03b0373a86cd,HOME,59.64948331276039,6.4,178.0,108.0,L,0.25,32.88,9.0,PASS,1.174,PASS,621242,"Díaz, Edwin",SB,3B,high,
b6338741-2396-4366-9fe8-b9b976a74985,AWAY,59.7784010864185,13.6,181.0,122.0,R,0.94,14.02,8.0,release_not_at_hand,,release_not_at_hand,671106,"Allen, Logan",SB,2B,not measured,release_not_at_hand
139838b3-167d-4dc4-8e13-8eb8c61a40fe,HOME,59.69582641076445,7.1,176.0,119.0,L,0.13,13.76,9.0,PASS,0.955,PASS,676534,"Faucher, Calvin",SB,2B,high,
291da3b5-d5f1-47d9-9e00-4ccbbdee27f8,AWAY,59.750935105556565,15.0,241.0,,,2.09,,5.0,not_cf_view,,no_release,663567,"Lambert, Peter",SB,2B,not measured,not_cf_view
74a02e88-387c-4993-9a41-e5fc797133c0,AWAY,59.72130059721301,13.9,179.0,124.0,L,0.22,15.7,9.0,PASS,0.921,no_set_before_lift,657585,"Garrett, Reed",SB,2B,high,
ebd2186f-ab0f-42f8-8c2b-e36ef8043592,AWAY,59.8237551841653,14.9,206.0,,,0.49,,9.0,no_set_before_lift,,cut_in_window,676664,"Sears, JP",SB,3B,not measured,no_set_before_lift
650ed646-92b3-4f82-b4a7-8e78327759f8,HOME,59.72222700995888,8.7,179.0,118.0,L,0.11,12.74,9.0,PASS,1.021,PASS,656557,"Houck, Tanner",SB,2B,high,
56b957e9-8c31-4f08-9d25-553e52a42d2e,AWAY,59.72345697325033,10.5,,,,,,,not_cf_view,,cut_in_window,641941,"Pagán, Emilio",SB,2B,not measured,not_cf_view
66f619be-ff4a-404f-a9f9-b9e2931c56ac,HOME,59.75269794239191,7.1,182.0,123.0,L,0.21,23.61,5.0,PASS,0.987,PASS,543243,"Gray, Sonny",SB,3B,high,
1eaaabd2-5e56-4f8d-b6c9-6bc18dfa7914,HOME,59.702086587926246,6.9,181.0,120.0,L,0.15,21.74,9.0,PASS,1.022,PASS,573186,"Stroman, Marcus",SB,2B,high,
0eb4def2-0f82-406d-94b0-4b721babfe2c,AWAY,59.59154385213906,16.799999999999997,180.0,118.0,L,0.19,12.05,8.0,PASS,1.04,cut_in_window,640470,"Alzolay, Adbert",SB,2B,high,
d7d30867-7ea2-4a0e-ac0c-baaaade02d4e,HOME,59.70572162966261,7.1,184.0,129.0,L,0.14,18.17,9.0,PASS,0.921,PASS,676440,"Bibee, Tanner",CS,2B,high,
faefaec4-1bd0-4351-a87c-05fe401fa8e9,AWAY,59.73830029218155,15.8,182.0,135.0,L,0.34,6.89,9.0,PASS,0.787,cut_in_window,668390,"Winn, Cole",SB,2B,low,release_to_wrist 0.34 outside -0.32
77f07c7f-c0e9-4b7f-9b5a-6acdfb8e4f7c,HOME,59.61496210941215,6.9,200.0,143.0,R,0.15,19.29,9.0,PASS,0.956,PASS,608344,"Irvin, Cole",SB,2B,high,
4f5c0a13-704b-4a48-8fb7-c1149e979ee8,HOME,59.6929019406376,7.0,184.0,113.0,R,0.25,22.35,9.0,PASS,1.189,PASS,642100,"Speier, Gabe",SB,2B,high,
4d9f0a00-92b9-4829-9885-47fc1c6ffb73,HOME,59.67995573036148,7.0,183.0,120.0,R,0.09,23.4,8.0,PASS,1.056,PASS,571578,"Corbin, Patrick",SB,2B,high,
dcef82b4-4b1a-4960-b71d-030df28e278f,HOME,59.69346224400108,6.8,186.0,112.0,L,0.59,13.78,6.0,PASS,1.24,PASS,640470,"Alzolay, Adbert",SB,2B,low,release_to_wrist 0.59 outside -0.32
90c93e52-0409-42d1-9261-51204c928c91,AWAY,59.69966788239369,13.3,155.0,124.0,L,0.11,11.47,7.0,PASS,0.519,no_release,681857,"Olson, Reese",SB,2B,low,delivery_s 0.519 outside 0.7-1.31
4b7dc1d0-2f7a-494a-96ef-b1fee9b47016,AWAY,59.64425917681816,8.5,,,,,,,no_release,,not_cf_view,641745,"Keller, Brad",SB,2B,not measured,no_release
151c204a-9131-4b80-9fd8-21fa0ec86cfe,HOME,59.767882075705984,6.8,177.0,116.0,R,0.08,12.35,9.0,PASS,1.021,PASS,676664,"Sears, JP",SB,2B,high,
3b7c44ad-1f02-4882-9b53-4e3bddaae9cb,HOME,59.58975501989603,6.7,181.0,113.0,L,0.24,17.93,9.0,PASS,1.141,PASS,640470,"Alzolay, Adbert",SB,2B,high,
5432ee55-8fa0-482f-94da-56f4d100b73c,HOME,59.740643207591866,9.0,178.0,129.0,L,0.26,7.84,5.0,PASS,0.82,PASS,663978,"Paddack, Chris",CS,2B,high,
cccd7cb7-6ef8-4d02-b9be-6f881736a7e1,HOME,59.66595774024258,7.1,179.0,127.0,L,0.12,11.08,9.0,PASS,0.872,PASS,450203,"Morton, Charlie",SB,2B,high,
b35db988-a852-4ae2-b43a-9696e53e7834,HOME,59.75038347124923,7.0,179.0,117.0,R,0.12,15.53,7.0,PASS,1.038,PASS,650893,"Cabrera, Génesis",SB,2B,high,
ac193356-2295-4df8-9773-d809e6d16d2a,HOME,59.658715838577656,6.8,182.0,127.0,R,0.11,12.13,3.0,PASS,0.922,PASS,573124,"Rogers, Taylor",SB,2B,low,ball_pts 3.0 outside 5-
ff5fdb59-bc28-4900-bfeb-bf4d56525526,HOME,59.67822617233397,6.5,182.0,127.0,L,0.14,21.83,9.0,PASS,0.922,PASS,663855,"Hicks, Jordan",SB,2B,high,
5fb7a817-dd65-4be7-a491-5e70c6d1b98e,HOME,59.7393404559014,9.2,180.0,114.0,R,0.18,15.67,8.0,PASS,1.105,PASS,500779,"Quintana, Jose",SB,2B,high,
bda0cf32-69c1-44b8-8e13-a76a9dbf897d,HOME,59.65425946114313,6.4,185.0,123.0,L,0.19,22.22,7.0,PASS,1.039,PASS,673380,"Núñez, Dedniel",CS,2B,high,
035128c9-daf3-4467-ac03-87f09af14130,AWAY,59.60331320554069,8.5,,,,,,,not_cf_view,,no_release,605155,"Brewer, Colten",SB,2B,not measured,not_cf_view
5b7154d2-4247-4e07-8665-93d4263f067a,AWAY,,9.3,,,,,,,no_clip,,release_not_at_hand,592094,"Adam, Jason",SB,2B,not measured,no_clip
609a792b-eaaa-4d8c-a318-ef1173b6b8c2,HOME,59.64439125458348,6.6,178.0,123.0,L,0.18,15.66,9.0,PASS,0.922,PASS,607192,"Glasnow, Tyler",SB,2B,high,
d372b90f-9469-4296-8f9b-618803b0b520,HOME,59.68405016799182,7.0,179.0,125.0,L,0.28,4.21,9.0,PASS,0.905,PASS,686580,"Slaten, Justin",SB,2B,low,lift_peak_in 4.21 outside 4.28-
0b6ea438-c809-4d44-8004-1e205608f16b,HOME,59.747677165030325,6.8,208.0,143.0,L,0.13,29.69,9.0,PASS,1.088,PASS,592332,"Gausman, Kevin",SB,2B,high,
53ef428e-6061-4882-8297-c50665fed24e,AWAY,59.69355895209345,16.0,213.0,,,0.65,,2.0,release_not_at_hand,,no_release,663542,"Hudson, Bryan",SB,2B,not measured,release_not_at_hand
2a2b2359-0017-4f88-a6f2-3e08382c5336,HOME,59.79247412059069,9.4,184.0,127.0,L,0.23,21.71,9.0,PASS,0.953,PASS,622250,"Sborz, Josh",SB,2B,high,
001656c5-4816-40b3-993d-18c48ed63951,AWAY,,7.3,,,,,,,no_clip,,cut_in_window,641793,"Littell, Zack",CS,2B,not measured,no_clip
211b52a2-03d4-4b5d-8036-e191a4762e57,AWAY,59.65280646333424,13.4,178.0,,,0.21,,9.0,no_set_before_lift,,no_set_before_lift,594902,"Lively, Ben",CS,2B,not measured,no_set_before_lift
85e33184-9975-42a9-8940-3c90636529d4,HOME,59.78479196556671,6.8,181.0,128.0,L,0.28,14.67,7.0,PASS,0.887,PASS,657585,"Garrett, Reed",SB,2B,high,
edb73dbe-1529-47b2-a7ce-9475c37deecd,HOME,59.71847753772891,7.0,211.0,139.0,L,0.14,29.52,9.0,PASS,1.206,PASS,592332,"Gausman, Kevin",SB,2B,high,
552c6af7-964d-4740-a74b-dc4fb27ad32c,AWAY,,10.1,,,,,,,no_clip,,cut_in_window,681035,"Scott, Christian",SB,2B,not measured,no_clip
f50f73f3-3748-4e43-b2bb-064db6e1f965,HOME,59.74785513374528,6.4,181.0,122.0,L,0.19,16.63,9.0,PASS,0.987,PASS,594902,"Lively, Ben",SB,2B,high,
257b2eb9-eb5a-4ad2-874e-7d6fa40d27c3,HOME,59.74805427519727,6.5,178.0,111.0,L,0.14,15.93,9.0,PASS,1.121,PASS,641154,"López, Pablo",SB,2B,high,
8ead54c4-1c35-4b5e-8cc8-408035b827b7,AWAY,59.68046086578113,12.0,,,,,,,no_release,,no_release,458681,"Lynn, Lance",CS,2B,not measured,no_release
5bc2ab19-17a0-4538-bb8e-4172f7e3b6f0,HOME,59.63809544240526,6.4,176.0,119.0,L,0.19,34.28,9.0,PASS,0.956,PASS,671212,"Boyle, Joe",SB,3B,high,
d2ba54a0-966d-4fc7-95c6-eb519e9ff5ae,HOME,59.68082460956356,6.6,179.0,114.0,R,0.16,12.87,9.0,PASS,1.089,PASS,669022,"Gore, MacKenzie",SB,3B,high,
3b2d4417-9b96-4103-b15d-43beb9110f0e,AWAY,59.73898658170455,13.4,,,,,,,not_cf_view,,cut_in_window,642547,"Peralta, Freddy",SB,2B,not measured,not_cf_view
382d7b86-cb99-407d-9382-f568622d42e6,HOME,59.73841321426758,11.8,180.0,122.0,R,0.15,7.58,9.0,PASS,0.971,PASS,669022,"Gore, MacKenzie",SB,2B,high,
9453384e-5d1e-437a-997e-37a01396112f,AWAY,59.72446138062436,25.0,191.0,122.0,L,0.83,9.68,8.0,release_not_at_hand,,release_not_at_hand,687765,"Spence, Mitch",CS,2B,not measured,release_not_at_hand
eae0bb7c-db8b-42d5-8977-d78465b83471,AWAY,59.69349022036673,14.4,185.0,122.0,R,0.12,16.05,6.0,PASS,1.055,no_release,642048,"Saucedo, Tayler",SB,2B,high,
ef7c3b0e-f0df-4ed8-a52b-9dba6d04e9a6,HOME,59.683305460400746,8.0,179.0,125.0,L,0.14,32.97,9.0,PASS,0.905,PASS,671212,"Boyle, Joe",SB,2B,high,
fd85cb2c-8af8-41be-85fb-3e3b02ebaeb9,AWAY,,7.2,,,,,,,no_clip,,release_not_at_hand,657277,"Webb, Logan",SB,2B,not measured,no_clip
d36d88f5-7ceb-4d27-b9ba-dc4aba83b923,HOME,59.67119640748797,6.7,177.0,110.0,L,0.18,20.78,6.0,PASS,1.123,PASS,592351,"Gray, Jon",SB,2B,high,
8933ad4a-797b-4aa1-a964-3d0623d51aba,HOME,59.70708913518464,6.7,179.0,115.0,L,0.24,21.92,9.0,PASS,1.072,PASS,686613,"Brown, Hunter",SB,2B,high,
2e45eb5a-6354-4ee8-9ad1-69caf7f67a26,AWAY,59.672121864205224,12.9,180.0,123.0,L,0.83,14.27,8.0,release_not_at_hand,,release_not_at_hand,622663,"Severino, Luis",SB,2B,not measured,release_not_at_hand
bb38486c-31d1-4d7f-a8bd-5f4d05555e19,AWAY,59.71815674363429,11.9,186.0,118.0,L,0.92,16.15,9.0,release_not_at_hand,,release_not_at_hand,622663,"Severino, Luis",SB,2B,not measured,release_not_at_hand
2f9795b2-28a7-4a58-8f7f-83d8ad42a3af,AWAY,59.71895331147723,15.0,187.0,,,0.5,,9.0,cut_in_window,,cut_in_window,518617,"Diekman, Jake",SB,3B,not measured,cut_in_window
dadc67f5-edd9-49fd-8d43-e026d88c7049,HOME,59.68263993052815,6.0,176.0,119.0,L,0.15,14.73,8.0,PASS,0.955,PASS,657585,"Garrett, Reed",SB,2B,high,
aacb99d6-84c6-4770-b5d9-6f05f98b3ad8,HOME,59.7535875864293,6.2,180.0,111.0,R,0.16,27.29,9.0,PASS,1.155,PASS,519043,"Moore, Matt",SB,2B,high,
9f3aa304-ddbc-4e9e-8f1f-31ba20b6a741,AWAY,59.60030601476249,11.1,175.0,,,0.21,,9.0,no_set_before_lift,,no_set_before_lift,605130,"Barlow, Scott",SB,2B,not measured,no_set_before_lift
d457a948-2931-45e6-af5f-be64b442b25e,HOME,59.70155988939643,5.7,179.0,110.0,L,0.18,19.2,9.0,PASS,1.156,PASS,657585,"Garrett, Reed",SB,3B,high,
e439e7ab-88bb-4a30-b37b-7b93ac372cd2,HOME,59.67869706946617,5.9,176.0,113.0,L,0.11,11.54,9.0,PASS,1.056,PASS,489446,"Yates, Kirby",SB,3B,high,
453d3d5c-f786-4180-989f-b898011f8ade,HOME,59.75010073608805,5.7,179.0,120.0,L,0.18,19.09,9.0,PASS,0.987,PASS,606930,"Barnes, Jacob",SB,2B,high,
4e516cc4-2bf7-4f50-9f59-1bda5d607e20,AWAY,59.64357789499252,11.1,180.0,107.0,L,0.13,33.73,6.0,PASS,1.224,not_cf_view,621242,"Díaz, Edwin",SB,2B,high,
8cdaf764-cb66-48e2-a1ba-637b4db153b6,AWAY,59.69346224400108,13.1,179.0,123.0,L,0.14,18.36,6.0,PASS,0.938,cut_in_window,657585,"Garrett, Reed",CS,2B,high,
652fec2a-13c9-4505-9366-1f0181dc78fb,AWAY,59.76003549551992,12.5,178.0,105.0,L,0.12,7.66,9.0,cut_in_window,,cut_in_window,489446,"Yates, Kirby",SB,2B,not measured,cut_in_window
9fb3c994-d954-40be-a0a4-8e5dab25c022,HOME,59.74876405634337,5.4,176.0,116.0,L,0.19,23.16,9.0,PASS,1.004,PASS,621111,"Buehler, Walker",SB,2B,high,
50984c6d-6b84-42c1-a59b-a16ac8ef1d27,HOME,59.716742946661945,5.8,183.0,143.0,L,0.38,3.5,7.0,PASS,0.67,PASS,605155,"Brewer, Colten",CS,2B,low,release_to_wrist 0.38 outside -0.32; lift_peak_in 3.5 outside 4.28-; delivery_s 0.67 outside 0.7-1.31
4a1f367a-7703-4c6a-95fd-f19e856f6dea,AWAY,59.82399006626338,12.0,198.0,121.0,L,0.68,10.08,9.0,cut_in_window,,release_not_at_hand,506433,"Darvish, Yu",SB,2B,not measured,cut_in_window
aa3d0cd0-f807-4c78-9880-c193b6d397b2,HOME,59.675257129824836,6.5,177.0,123.0,L,0.19,11.57,9.0,PASS,0.905,PASS,656427,"Flaherty, Jack",CS,2B,high,
74b86d20-8c27-4803-a4b0-e1df332506ca,HOME,59.71415896773198,5.4,198.0,135.0,L,0.21,28.2,6.0,PASS,1.055,PASS,605182,"Clevinger, Mike",SB,3B,high,
e6fa2a28-1fac-4906-91f7-bafcccca11bf,HOME,59.74756174875286,7.8,180.0,130.0,L,0.23,4.28,9.0,PASS,0.837,PASS,669060,"Wilson, Bryse",SB,2B,high,
d2fae880-0800-4dd3-891e-e92b0955ca93,AWAY,59.727641952695706,8.0,192.0,135.0,R,0.49,17.88,9.0,PASS,0.954,not_cf_view,663992,"Lovelady, Richard",SB,3B,low,release_to_wrist 0.49 outside -0.32
b24f2cce-fc41-48cf-a37d-0cd776288a2f,HOME,59.700332316302934,7.4,192.0,125.0,L,0.19,15.88,9.0,PASS,1.122,PASS,506433,"Darvish, Yu",SB,2B,high,
8c230d65-6b95-4c3b-82f7-8ca4268d3000,HOME,59.68879497241966,5.6,179.0,121.0,L,0.19,14.88,9.0,PASS,0.972,PASS,656427,"Flaherty, Jack",SB,2B,high,
546bb9b4-4d0b-47ed-852a-dcae685c3d51,HOME,59.78201225675652,6.1,200.0,133.0,L,0.09,21.72,8.0,PASS,1.121,PASS,519326,"Strickland, Hunter",CS,3B,high,
b6ebcdc8-3b8d-490e-8d5c-80be9657de38,AWAY,59.7351820875068,11.2,181.0,,,0.15,,7.0,cut_in_window,,no_set_before_lift,694363,"Shuster, Jared",SB,2B,not measured,cut_in_window
b56c7fa2-b7f7-4721-86fd-9e0d75d1b1f1,HOME,59.69735917911106,5.4,182.0,116.0,R,0.11,22.32,9.0,PASS,1.106,PASS,519293,"Smith, Will",CS,3B,high,
b87ecaf0-3665-4cbc-a152-5244fd68fd39,HOME,59.718693522617144,5.9,174.0,117.0,L,0.23,18.56,9.0,PASS,0.954,PASS,621111,"Buehler, Walker",CS,2B,high,
3ca3225d-dfa8-486d-95ab-6ab6e0aa5440,HOME,59.68657542435614,7.6,179.0,122.0,L,0.17,17.55,8.0,PASS,0.955,PASS,622075,"Almonte, Yency",SB,2B,high,
9c56a33b-7cf4-4b0f-b5c7-b8fa4be61224,HOME,59.6818860739108,5.6,178.0,126.0,L,0.18,14.13,9.0,PASS,0.871,PASS,628317,"Maeda, Kenta",SB,2B,high,
c37f8db8-7cf2-4de7-b34b-901f681e075a,AWAY,59.66033081375122,11.1,,,,,,,no_release,,no_release,657097,"Webb, Jacob",SB,2B,not measured,no_release
fb2b98d7-d444-4a2f-83fc-63eb42287302,HOME,59.72103987951018,5.4,182.0,109.0,L,0.22,20.8,9.0,PASS,1.222,PASS,669203,"Burnes, Corbin",SB,2B,high,
a52c3355-31a7-46cf-9637-2adacedc6d7c,HOME,59.73632865921482,5.8,181.0,130.0,L,0.18,13.94,9.0,PASS,0.854,PASS,605463,"Scott, Tayler",SB,2B,high,
1eb62687-b312-4885-ac09-2ad70b31a339,HOME,59.6849603882969,5.3,178.0,110.0,L,0.15,27.67,5.0,PASS,1.139,PASS,668338,"Miller, Tyson",CS,3B,high,
f2639912-c268-4ba6-a388-8a8299e49e05,AWAY,59.72337008217811,11.5,178.0,116.0,L,0.13,16.57,8.0,PASS,1.038,cut_in_window,647336,"Soroka, Michael",CS,2B,high,
fefa9184-f08d-4b44-9ad2-8981b548456f,HOME,59.69026180510587,6.4,180.0,144.0,L,0.23,2.3,8.0,PASS,0.603,PASS,668678,"Gallen, Zac",SB,2B,low,lift_peak_in 2.3 outside 4.28-; delivery_s 0.603 outside 0.7-1.31
3a04a0e7-826f-4400-9404-087c31cc4fa0,HOME,59.64663885165158,7.7,176.0,118.0,R,0.17,10.81,9.0,PASS,0.972,PASS,657649,"Koenig, Jared",CS,2B,high,
45ab90a5-701d-4590-9e1b-0328bab7e16d,HOME,59.65699134732356,7.7,184.0,116.0,L,0.22,18.53,9.0,PASS,1.14,PASS,669203,"Burnes, Corbin",SB,2B,high,
dc9e5cef-91c6-41df-832f-5b15ef9664e6,HOME,59.669872429927906,8.0,179.0,106.0,L,0.23,21.0,9.0,PASS,1.223,PASS,669203,"Burnes, Corbin",SB,2B,high,
6262349c-93b0-42a5-baeb-7930d1192161,HOME,59.730893262800045,8.1,174.0,111.0,L,0.15,25.25,9.0,PASS,1.055,PASS,621244,"Berríos, José",SB,2B,high,
a622cad2-6d4f-4432-984a-5c76e1bed616,AWAY,59.68467248198515,10.9,180.0,119.0,L,0.18,17.05,9.0,PASS,1.022,not_cf_view,676106,"Hancock, Emerson",SB,2B,high,
83f6ad0e-f6ef-4c06-9b33-e814e80634c9,AWAY,59.6743235258497,13.3,,,,,,,no_release,,no_set_before_lift,682990,"Priester, Quinn",SB,2B,not measured,no_release
79c4dc94-5310-4eb3-a7de-96754562ca45,HOME,59.639346945126704,8.3,182.0,155.0,L,0.3,2.03,9.0,PASS,0.453,PASS,600986,"Vieira, Thyago",SB,2B,low,lift_peak_in 2.03 outside 4.28-; delivery_s 0.453 outside 0.7-1.31
b2a03461-13f8-4b71-a464-862249a3b51a,AWAY,59.68176704565946,14.7,,,,,,,no_release,,no_release,663992,"Lovelady, Richard",SB,2B,not measured,no_release
c5069e47-9b3e-4e53-8428-afce48af5a41,HOME,59.65504489483591,9.1,183.0,126.0,R,0.1,18.82,9.0,PASS,0.955,PASS,677053,"Nardi, Andrew",CS,2B,high,
58c876fb-db46-4d8c-8d39-8df4600a9e87,AWAY,59.66907935778739,25.3,165.0,119.0,L,0.06,23.04,7.0,PASS,0.771,cut_in_window,518886,"Kimbrel, Craig",SB,2B,high,
f7294cde-d3f0-41d8-a8c4-cb14f89d099e,HOME,59.66879186736466,8.8,177.0,101.0,R,0.12,26.09,9.0,PASS,1.274,PASS,656756,"Montgomery, Jordan",SB,2B,high,
3ebd9fb9-15c8-4f10-b6dc-8facd6efe38b,HOME,59.674761539506086,9.1,176.0,97.0,R,0.14,26.13,9.0,PASS,1.324,PASS,656756,"Montgomery, Jordan",SB,3B,low,delivery_s 1.324 outside 0.7-1.31
96d6a065-6f80-4547-af8b-83f6429bfd52,AWAY,59.71263640253081,20.7,178.0,110.0,L,0.11,23.35,9.0,not_cf_view,,cut_in_window,605400,"Nola, Aaron",SB,2B,not measured,not_cf_view
d2bd8db6-80f1-49c2-bc86-11b0a7d0d49b,HOME,59.76950427070988,10.1,177.0,115.0,R,0.2,16.99,9.0,PASS,1.037,PASS,666214,"Wentz, Joey",SB,2B,high,
a72779fe-d5b0-434d-a494-0d5b4239aafd,AWAY,59.660196273399336,27.0,226.0,,,0.7,,9.0,release_not_at_hand,,release_not_at_hand,663978,"Paddack, Chris",SB,2B,not measured,release_not_at_hand
970b49b9-f01e-4fef-953f-a591ace9ac0b,AWAY,59.654214087381135,19.7,199.0,121.0,R,0.67,16.51,9.0,release_not_at_hand,,release_not_at_hand,519293,"Smith, Will",SB,2B,not measured,release_not_at_hand
981d0868-f24d-43d0-87d0-0fea8c0a0f63,HOME,59.75743027199053,9.0,181.0,121.0,L,0.15,12.52,9.0,PASS,1.004,PASS,676760,"Marinaccio, Ron",SB,2B,high,
4656e658-bd2d-45b8-bb11-46a568db423d,HOME,59.74718546316413,9.4,174.0,110.0,R,0.09,16.68,9.0,PASS,1.071,PASS,607237,"Garrett, Amir",SB,3B,high,
ce15b9d2-58da-46a0-87bd-78e5506c9f9e,HOME,59.71859872419357,10.8,177.0,125.0,L,0.21,6.95,9.0,PASS,0.871,PASS,677944,"Cecconi, Slade",CS,2B,high,
5d554202-7b66-4d52-829b-b7b69e3ae7f5,HOME,59.68526865850253,8.9,178.0,117.0,L,0.14,19.81,9.0,PASS,1.022,PASS,571656,"Farmer, Buck",SB,2B,high,
4210a46f-71e3-4fb0-99a6-0e0c95138b45,AWAY,59.73330501532207,20.0,179.0,122.0,L,0.14,15.67,8.0,PASS,0.954,cut_in_window,687798,"Robertson, Nick",SB,2B,high,
3bad4e61-c2cb-4fde-838a-a7aea3031499,HOME,59.74935229926825,9.3,184.0,124.0,L,0.57,21.05,5.0,PASS,1.004,PASS,573186,"Stroman, Marcus",SB,2B,low,release_to_wrist 0.57 outside -0.32
0a61d908-2688-41b2-93a7-173557bada15,AWAY,59.64326049824057,13.2,181.0,112.0,L,0.11,20.7,9.0,PASS,1.157,not_cf_view,669302,"Gilbert, Logan",SB,2B,high,
90baf546-2134-45d2-b8c8-1feb2a151fc3,HOME,59.79978864266504,8.5,182.0,118.0,L,0.17,36.75,5.0,PASS,1.07,PASS,543243,"Gray, Sonny",SB,2B,high,
17032d5e-4905-4121-ad1c-2c7ebb6404ac,HOME,59.73720261639686,8.2,172.0,141.0,R,0.16,3.5,9.0,PASS,0.519,PASS,607237,"Garrett, Amir",SB,2B,low,lift_peak_in 3.5 outside 4.28-; delivery_s 0.519 outside 0.7-1.31
4bea08be-514d-477c-8c29-73d773bf5ec9,HOME,59.67905928119889,8.7,174.0,121.0,L,0.19,10.78,9.0,PASS,0.888,PASS,677944,"Cecconi, Slade",SB,2B,high,
f0e9e07c-d8aa-437e-9686-54315cadaf8a,AWAY,59.692825332302874,16.7,143.0,,,0.19,,9.0,no_set_before_lift,,no_set_before_lift,657277,"Webb, Logan",SB,3B,not measured,no_set_before_lift
8db87659-55c3-4c11-b856-f19c0be252d3,AWAY,59.6712322455045,16.0,202.0,,,0.82,,8.0,cut_in_window,,release_not_at_hand,657376,"Schmidt, Clarke",SB,2B,not measured,cut_in_window
70b5b90d-b61d-4f29-8939-a278fe591f41,HOME,59.6488165696612,8.1,182.0,120.0,L,0.25,5.41,7.0,PASS,1.039,PASS,445276,"Jansen, Kenley",SB,2B,high,
768e76d3-e720-4dc4-bcbb-2bfd23e50185,HOME,59.65841414953962,7.7,178.0,114.0,R,0.27,17.7,9.0,PASS,1.073,PASS,688107,"Gasser, Robert",SB,2B,high,
fefc6990-ad36-40ed-bfba-8b8ecd841f63,AWAY,,12.4,,,,,,,no_clip,,cut_in_window,679525,"Marsh, Alec",SB,2B,not measured,no_clip
23e26eb1-0f5f-48af-84cf-0a36881c8497,HOME,59.78954081632653,7.7,177.0,118.0,L,0.19,17.63,6.0,PASS,0.987,PASS,458681,"Lynn, Lance",SB,3B,high,
670bbbb6-e8a4-4604-babb-bc3ec3e0e6ec,AWAY,59.77750991951925,18.7,185.0,126.0,L,0.21,4.72,9.0,PASS,0.987,release_not_at_hand,445276,"Jansen, Kenley",SB,2B,high,
7320b1ab-e39a-4a00-8264-6f3b26bfb8f3,HOME,59.74416176026701,11.4,177.0,114.0,L,0.23,15.72,9.0,PASS,1.054,PASS,621112,"Blackburn, Paul",SB,2B,high,
1970d19b-0f95-4658-8701-f757647a447e,HOME,59.68396969626263,10.4,176.0,121.0,L,0.2,3.82,4.0,PASS,0.922,PASS,542888,"Armstrong, Shawn",SB,2B,low,ball_pts 4.0 outside 5-; lift_peak_in 3.82 outside 4.28-
2d3f4ff3-99ab-4999-986b-c2c27ace87cc,AWAY,59.71019231657775,17.3,206.0,140.0,L,1.78,25.31,4.0,release_not_at_hand,,no_release,657376,"Schmidt, Clarke",CS,3B,not measured,release_not_at_hand
9099e53f-7d64-4c69-b220-9792eff6e856,AWAY,59.66119233458773,16.9,181.0,,,0.12,,9.0,cut_in_window,,no_set_before_lift,656557,"Houck, Tanner",SB,2B,not measured,cut_in_window
22cc4b02-f5bc-4941-bda4-2af8d1de6746,HOME,59.7605593588356,8.1,180.0,113.0,R,0.17,27.64,9.0,PASS,1.121,PASS,664285,"Valdez, Framber",SB,2B,high,
af76224a-5ff8-4277-be16-0a2ed5975fa5,AWAY,59.65136037581149,11.1,191.0,158.0,L,0.97,3.4,9.0,release_not_at_hand,,not_cf_view,656557,"Houck, Tanner",SB,2B,not measured,release_not_at_hand
e7b469ba-c76a-4bd4-85cd-d562cc075ec5,HOME,59.66629441487768,8.5,185.0,117.0,L,0.56,14.23,9.0,PASS,1.14,PASS,681982,"Anderson, Grant",SB,2B,low,release_to_wrist 0.56 outside -0.32
f9f701bc-ef92-4522-bc84-59c1cc2376ce,AWAY,59.648635771924624,15.2,145.0,,,0.17,,9.0,no_set_before_lift,,no_set_before_lift,657277,"Webb, Logan",SB,2B,not measured,no_set_before_lift
a0e0298c-2c5b-4c0f-90ad-53e0d319d807,HOME,59.64996451173339,7.9,174.0,117.0,L,0.21,18.59,9.0,PASS,0.956,PASS,458681,"Lynn, Lance",SB,2B,high,
21832c38-f4c0-4905-8caf-f6984cf94c7a,AWAY,59.677494498684126,17.0,203.0,138.0,L,0.9,17.38,9.0,release_not_at_hand,,cut_in_window,657376,"Schmidt, Clarke",SB,2B,not measured,release_not_at_hand
c8cf9026-462e-4278-9849-cb92c656ebd8,HOME,59.69697674959853,8.4,183.0,117.0,L,0.47,19.91,8.0,PASS,1.106,PASS,623149,"Sewald, Paul",SB,2B,low,release_to_wrist 0.47 outside -0.32
a35daa84-f08b-4b31-904b-7a6efaf211eb,AWAY,59.66141787672596,15.7,176.0,,,0.13,,7.0,cut_in_window,,cut_in_window,542881,"Anderson, Tyler",CS,3B,not measured,cut_in_window
14e87355-c71c-4951-87f7-edec772c2937,HOME,59.71830092313549,8.3,187.0,135.0,R,0.15,5.47,7.0,PASS,0.871,PASS,542881,"Anderson, Tyler",SB,2B,high,
6e096f6d-45c5-43d4-9c0b-0ab58eb06c40,HOME,59.73048439966007,7.4,175.0,118.0,R,0.12,6.06,9.0,PASS,0.954,PASS,542881,"Anderson, Tyler",SB,2B,high,
82b4d432-7a09-4634-893d-4bf50fa15e40,HOME,59.643469809733155,10.8,182.0,106.0,R,0.16,13.72,9.0,PASS,1.274,PASS,547973,"Chapman, Aroldis",SB,3B,high,
c35a077d-4cc5-4bd8-aa8b-9e2d4186c7c8,AWAY,59.78238695781949,17.8,175.0,121.0,R,0.21,14.73,5.0,PASS,0.903,no_release,666200,"Luzardo, Jesús",SB,2B,high,
bf29bd33-afb0-43c6-9229-ff6bc1e9688c,HOME,59.6916362801114,10.0,177.0,115.0,L,0.26,15.53,9.0,PASS,1.039,PASS,670280,"Bednar, David",SB,2B,high,
113e6aa0-6c7b-472a-83db-10d273f53cc4,HOME,59.64827122694347,7.6,176.0,117.0,L,0.14,7.78,9.0,PASS,0.989,PASS,592836,"Walker, Taijuan",CS,2B,high,
80ba6c06-650d-4366-af68-2b2a05b97406,AWAY,59.64918963185861,16.8,191.0,120.0,R,0.91,4.11,8.0,release_not_at_hand,,release_not_at_hand,571760,"Heaney, Andrew",CS,2B,not measured,release_not_at_hand
fd352990-a1a5-4c01-82a4-68cf7f266ab4,HOME,59.67782469727486,6.0,177.0,117.0,L,0.19,15.73,9.0,PASS,1.005,PASS,682243,"Miller, Bryce",SB,2B,high,
b69778bf-c07b-47b7-9f00-d158e0b57831,HOME,59.709855628222975,5.8,178.0,110.0,L,0.17,21.23,9.0,PASS,1.139,PASS,641793,"Littell, Zack",SB,2B,high,
4f2dae94-f567-4402-b883-9d78ac336c76,HOME,59.6788708378724,7.4,176.0,112.0,L,0.24,15.31,9.0,PASS,1.072,PASS,663474,"McKenzie, Triston",SB,2B,high,
4954963b-bc66-4f5f-a72c-d3372a47605b,HOME,59.65645311049211,6.8,179.0,128.0,L,0.31,21.46,9.0,PASS,0.855,PASS,694973,"Skenes, Paul",CS,2B,high,
9f7cd548-65ea-4112-95ff-58f4abc7ba5e,HOME,59.74574653551022,5.7,184.0,115.0,L,0.27,31.24,9.0,PASS,1.155,PASS,592332,"Gausman, Kevin",SB,2B,high,
043c3683-bc5f-4b19-83d9-cdc5a908b67a,HOME,59.753056748880944,5.9,180.0,117.0,L,0.24,20.3,9.0,PASS,1.054,PASS,664299,"Javier, Cristian",SB,2B,high,
d0ee595e-6c5c-4763-8d59-360ba57c77b3,AWAY,59.65094662965342,9.2,,,,,,,no_release,,no_release,592836,"Walker, Taijuan",CS,2B,not measured,no_release
34979dc8-3de0-46d0-aaef-a58d9b7decd0,AWAY,,6.2,,,,,,,no_clip,,release_not_at_hand,696131,"Black, Mason",SB,2B,not measured,no_clip
e6501e7f-29a7-4036-8c87-d2a68bd2b414,HOME,59.68912739078752,5.2,173.0,110.0,L,0.17,12.35,9.0,PASS,1.055,PASS,687765,"Spence, Mitch",CS,2B,high,
5e0f4c74-fd85-4b24-a656-4b6058179f44,HOME,59.673905268810735,5.4,176.0,116.0,L,0.18,12.46,8.0,PASS,1.005,PASS,663623,"Irvin, Jake",SB,2B,high,
40c81f76-ef59-4fd0-b701-a4143eb3a914,HOME,59.744510580236174,5.5,176.0,117.0,R,0.2,8.27,9.0,PASS,0.988,PASS,669022,"Gore, MacKenzie",SB,2B,high,
799ba66b-7c46-486f-9a66-9a38ab0cdc78,HOME,59.65389332656024,5.5,178.0,130.0,L,0.13,5.23,9.0,PASS,0.805,PASS,622503,"Crismatt, Nabil",SB,2B,high,
3aa00b28-7a3d-4081-b902-71b5c4aed355,AWAY,59.659399067143944,12.3,200.0,120.0,L,1.14,25.43,9.0,release_not_at_hand,,cut_in_window,621111,"Buehler, Walker",SB,2B,not measured,release_not_at_hand
c54cb392-23f7-4551-8eb1-2f71f90ba01c,HOME,59.74035920805729,5.5,175.0,123.0,R,0.18,12.11,9.0,PASS,0.87,PASS,657649,"Koenig, Jared",SB,2B,high,
d16e1a23-0eae-4218-b802-e0d99510646f,HOME,59.66282503095533,5.4,178.0,123.0,L,0.21,17.24,9.0,PASS,0.922,PASS,621111,"Buehler, Walker",SB,2B,high,
6a51b579-ba77-443a-93ef-47077a07cd90,AWAY,59.68224392218526,10.4,187.0,124.0,L,0.88,18.56,8.0,release_not_at_hand,,release_not_at_hand,661563,"Gil, Luis",SB,2B,not measured,release_not_at_hand
7eef1d32-2477-409c-93b4-12690c73a55b,AWAY,59.69741159314619,11.6,178.0,117.0,L,0.1,25.55,9.0,PASS,1.022,cut_in_window,434378,"Verlander, Justin",CS,2B,high,
fad1d40d-9dc9-4ca7-9d7e-34f66fbce29c,HOME,59.701918378846834,5.7,145.0,80.0,R,0.27,26.1,5.0,PASS,1.089,PASS,690986,"Harrison, Kyle",SB,2B,high,
cfc840bc-1d8b-419d-880a-94cdc716a0fb,HOME,59.671918760836014,7.4,177.0,116.0,R,0.21,19.07,6.0,PASS,1.022,PASS,622072,"Wood, Alex",SB,2B,high,
421fb6ca-6a01-4929-bddc-0fea44d89f96,HOME,59.73368036996584,5.6,177.0,113.0,L,0.18,4.34,6.0,PASS,1.071,PASS,657024,"Swanson, Erik",SB,2B,high,
78497c00-f0d8-485f-996a-c4d77f13000d,AWAY,59.71070395371263,13.0,,,,,,,no_release,,cut_in_window,543294,"Hendricks, Kyle",SB,2B,not measured,no_release
0f1c7ed0-d041-4240-a266-937a97e667de,AWAY,59.70982081561682,7.7,178.0,119.0,L,0.14,4.97,9.0,PASS,0.988,not_cf_view,445276,"Jansen, Kenley",CS,2B,high,
04267a83-0c58-4475-ae8b-7d3cb391c0da,AWAY,59.70010182960512,12.5,188.0,127.0,L,0.73,14.85,5.0,not_cf_view,,no_release,570632,"Ureña, José",SB,2B,not measured,not_cf_view
288d023e-47d1-49d5-9d3b-8a777add59cb,AWAY,59.703342560839566,9.9,,,,,,,no_release,,no_release,622491,"Castillo, Luis",CS,2B,not measured,no_release
a0c773d3-57f5-46a4-910a-4a25546b2481,HOME,59.759649604395975,5.6,142.0,81.0,R,0.11,25.27,9.0,PASS,1.021,PASS,690986,"Harrison, Kyle",SB,2B,high,
aa4f60b0-6883-4597-b8f0-8eedd0ba6d17,HOME,59.63240980955525,5.4,177.0,129.0,L,0.16,3.19,7.0,PASS,0.805,PASS,678394,"Bello, Brayan",CS,2B,low,lift_peak_in 3.19 outside 4.28-
9d309421-982f-41af-827c-f2e49abb1e6d,HOME,59.66342480305212,5.3,142.0,83.0,L,0.51,16.37,9.0,PASS,0.989,PASS,666808,"Doval, Camilo",SB,2B,low,release_to_wrist 0.51 outside -0.32
bdb833e1-af77-4b68-a98c-8252d7bba6a8,HOME,59.72429853333872,7.0,181.0,124.0,L,0.2,14.26,9.0,PASS,0.954,PASS,656427,"Flaherty, Jack",CS,2B,high,
b7dc1a35-b153-4bd3-8887-883f71a3a349,HOME,59.75392075446483,5.2,177.0,104.0,R,0.2,25.99,9.0,PASS,1.222,PASS,663559,"Falter, Bailey",SB,2B,high,
9aafbdac-e870-4345-942e-3133e487f576,AWAY,59.67604433077579,12.7,,,,,,,no_release,,no_release,666129,"Garrett, Braxton",SB,2B,not measured,no_release
930a6ad4-8238-44ba-add0-b81efd388e8c,AWAY,59.61937655021757,12.0,175.0,113.0,R,0.19,3.83,5.0,PASS,1.04,release_not_at_hand,666129,"Garrett, Braxton",SB,2B,low,lift_peak_in 3.83 outside 4.28-
a6aa90a9-ada1-479e-8ab8-7ae32d9e3dcc,AWAY,59.66507078294605,11.1,176.0,104.0,R,0.27,35.59,6.0,PASS,1.207,no_set_before_lift,656945,"Scott, Tanner",SB,2B,high,
344dcdc2-7db5-412f-b334-1b9533ea3cd4,HOME,59.68624859334093,5.4,178.0,107.0,L,0.23,22.19,9.0,PASS,1.19,PASS,677161,"Kelly, Zack",SB,3B,high,
0670c556-476e-4252-af45-9299d7ac7bcf,AWAY,59.65816422108367,23.1,177.0,106.0,L,0.32,10.97,6.0,cut_in_window,,no_set_before_lift,570632,"Ureña, José",SB,2B,not measured,cut_in_window
42dab94a-48f3-45e7-8b09-2cb1bafd9cbc,HOME,59.72518970345172,5.7,181.0,137.0,R,0.11,7.35,9.0,PASS,0.737,PASS,663776,"Sandoval, Patrick",SB,2B,high,
7fdaad51-72bc-494b-8c03-9d56ea7218e9,AWAY,59.734172668023746,12.7,174.0,113.0,L,0.2,26.01,9.0,PASS,1.021,cut_in_window,681190,"Vásquez, Randy",SB,2B,high,
9c9059ab-8a88-40f2-8607-76028041c99b,AWAY,59.71949345419885,11.9,174.0,121.0,L,0.18,15.64,9.0,PASS,0.887,cut_in_window,668933,"Ashcraft, Graham",CS,2B,high,
84d41f7a-5ba5-4440-9459-5edb94858b0e,HOME,59.67517802205619,5.6,204.0,137.0,L,0.38,33.27,6.0,PASS,1.123,PASS,656887,"Reid-Foley, Sean",CS,2B,low,release_to_wrist 0.38 outside -0.32
e7d5e325-1495-4d9b-b4c3-8faebcca6ca0,AWAY,59.75428145941921,11.5,188.0,123.0,L,0.88,19.35,4.0,release_not_at_hand,,cut_in_window,621107,"Eflin, Zach",CS,2B,not measured,release_not_at_hand
26533579-9759-4594-98bd-13a90ea44ce2,HOME,59.79384728911269,6.2,181.0,123.0,L,0.21,14.95,9.0,PASS,0.97,PASS,664350,"Sánchez, Sixto",SB,2B,high,
2e69e7a4-1183-490d-a1b9-233b60438d22,HOME,59.721235417573894,6.1,177.0,108.0,L,0.21,25.31,6.0,PASS,1.155,PASS,606160,"Montero, Rafael",SB,2B,high,
1686b819-6cba-4d91-bfa2-06303656a7e0,AWAY,59.735688445585275,10.5,,,,,,,no_release,,no_release,608717,"Stratton, Chris",SB,2B,not measured,no_release
d03d11f0-93a1-4277-a656-f453569b1ee5,HOME,59.61573443900114,6.6,182.0,129.0,L,0.16,11.45,9.0,PASS,0.889,PASS,607067,"Rea, Colin",SB,2B,high,
07b8ec5a-7a57-40ec-b6e0-173ca03b756f,HOME,59.7407729315317,6.0,162.0,86.0,L,0.16,25.38,9.0,PASS,1.272,PASS,595014,"Treinen, Blake",SB,2B,high,
2ce90096-22c2-457e-90d2-1e8b673bb324,AWAY,59.78654090549543,20.0,249.0,,,1.01,,9.0,not_cf_view,,not_cf_view,676702,"Stratton, Hunter",SB,2B,not measured,not_cf_view
c4b63831-44e4-4d10-aa81-e6ee3634f632,HOME,59.765832166120454,6.2,182.0,110.0,L,0.14,18.95,7.0,PASS,1.205,PASS,681293,"Arrighetti, Spencer",SB,2B,high,
5339ebe0-4667-4c87-9ed0-e788f1cfa795,AWAY,59.750297265160526,12.2,182.0,123.0,R,0.11,5.01,9.0,not_cf_view,,not_cf_view,640455,"Manaea, Sean",SB,2B,not measured,not_cf_view
d1ececa2-327a-4887-ba50-f1813b0ede06,HOME,59.76438344586946,6.8,179.0,113.0,L,0.1,12.7,6.0,PASS,1.104,PASS,687765,"Spence, Mitch",SB,2B,high,
d47c48cc-604d-49ac-86d3-59ce43bf0bd5,HOME,59.67144143825724,5.9,182.0,130.0,L,0.2,18.74,8.0,PASS,0.871,PASS,669711,"Weissert, Greg",CS,2B,high,
db4f9704-530f-4d80-a161-68fd41531057,AWAY,59.79384748561261,14.4,172.0,93.0,L,0.21,32.9,9.0,cut_in_window,,cut_in_window,681190,"Vásquez, Randy",SB,2B,not measured,cut_in_window
cf8c17b2-b43c-4d4e-90b4-d9651b6ebf06,HOME,59.75487875440535,6.2,181.0,117.0,L,0.21,16.17,7.0,PASS,1.071,PASS,681293,"Arrighetti, Spencer",CS,2B,high,
f24b1bfc-d3c6-4864-af81-cad8a82d5e77,AWAY,59.64782478240594,12.2,181.0,121.0,L,0.11,30.64,9.0,PASS,1.006,not_cf_view,621107,"Eflin, Zach",SB,2B,high,
da76c780-fdea-47ea-b7ab-7c2060cadc4c,HOME,59.68872389354137,6.2,178.0,128.0,L,0.15,13.1,5.0,PASS,0.838,PASS,547179,"Lorenzen, Michael",CS,2B,high,
be29f02f-6c2b-4d3d-a798-8372e4076197,AWAY,59.68655449222095,11.6,,,,,,,no_release,,release_not_at_hand,669391,"White, Owen",SB,2B,not measured,no_release
c0680fbf-50be-4da8-afbc-7fb884082a2d,AWAY,59.698883671212435,15.1,181.0,112.0,L,0.16,17.9,9.0,PASS,1.156,cut_in_window,669203,"Burnes, Corbin",SB,2B,high,
ff6061bb-6f34-42d0-8150-7a5ee1703282,AWAY,59.796624849745015,16.9,173.0,,,0.11,,9.0,cut_in_window,,cut_in_window,641712,"Hudson, Dakota",SB,2B,not measured,cut_in_window
a64f8b51-ff82-4b47-9163-5969d850232d,HOME,59.70982142857143,7.8,180.0,119.0,L,0.2,21.88,9.0,PASS,1.022,PASS,666159,"Manning, Matt",SB,2B,high,
318d8231-da60-452c-b592-6ddc9b24e747,AWAY,59.69699845848211,23.4,240.0,,,0.8,,9.0,release_not_at_hand,,cut_in_window,670970,"Morejon, Adrian",SB,2B,not measured,release_not_at_hand
2be36abc-a50c-482f-a1ce-61debc7591a7,AWAY,59.63840062668356,21.8,161.0,117.0,L,0.05,20.59,6.0,PASS,0.738,cut_in_window,669923,"Kirby, George",SB,2B,high,
de1d0649-8694-4e68-b07f-f712a30e1f35,HOME,59.75782355716308,6.0,175.0,123.0,L,0.18,13.84,7.0,PASS,0.87,PASS,669923,"Kirby, George",CS,2B,high,
dc5d6148-be8a-4c29-a837-5532ba3f1a20,AWAY,59.74186620268736,27.4,,,,,,,no_release,,no_release,676710,"Crawford, Kutter",SB,3B,not measured,no_release
0341bf07-a3bb-48ec-b6ef-c7cc4ed48d1d,HOME,59.63819495063283,8.4,180.0,124.0,L,0.18,15.01,8.0,PASS,0.939,PASS,547179,"Lorenzen, Michael",SB,2B,high,
5980116f-32e5-4997-af68-ccff2bee57e4,HOME,59.70526764200802,6.4,183.0,124.0,L,0.18,13.51,7.0,PASS,0.988,PASS,547179,"Lorenzen, Michael",SB,2B,high,
66afcab5-ec3e-48cb-84bf-7065ee512194,AWAY,59.770114942528735,8.1,,,,,,,not_cf_view,,release_not_at_hand,650556,"Abreu, Bryan",CS,2B,not measured,not_cf_view
ac06c5a3-a823-4319-9fcd-f3e95fd2dab1,AWAY,59.65645834189514,12.1,172.0,96.0,R,0.12,71.29,9.0,cut_in_window,,cut_in_window,573009,"Mantiply, Joe",CS,2B,not measured,cut_in_window
febde5ee-8735-4156-b7ee-a85ceb60c7bd,HOME,59.68766825796313,6.1,199.0,135.0,R,0.1,14.12,8.0,PASS,1.072,PASS,650911,"Sánchez, Cristopher",CS,2B,high,
8375c04d-6657-4fb0-a9b9-f67ab1e323e3,AWAY,59.71146139460326,12.4,168.0,115.0,L,0.13,14.42,9.0,PASS,0.888,cut_in_window,519326,"Strickland, Hunter",SB,2B,high,
1d62c379-ebc4-4187-9029-457e35471455,AWAY,59.71618568524471,13.8,252.0,,,2.18,,3.0,not_cf_view,,no_release,605121,"Anderson, Justin",SB,2B,not measured,not_cf_view
7cf1ce9d-49f0-4512-b1d2-0b66fcd92ffc,HOME,59.64464773816946,22.5,177.0,115.0,R,0.08,24.78,9.0,PASS,1.039,PASS,669912,"Snead, Kirby",SB,2B,high,
addf8879-a4b9-4f58-8793-d3df0c8f6fbc,AWAY,59.75140464979038,19.4,181.0,120.0,L,0.18,23.75,9.0,not_cf_view,,not_cf_view,605121,"Anderson, Justin",SB,3B,not measured,not_cf_view
006aef2b-be3d-41ed-818e-2a97aa55a6f0,HOME,59.69283929430726,9.9,178.0,120.0,L,0.16,5.65,9.0,PASS,0.972,PASS,445276,"Jansen, Kenley",CS,2B,high,
99befc11-15dd-4350-b031-77dc52a91aae,HOME,59.74031251904984,11.4,172.0,106.0,R,0.13,14.01,9.0,PASS,1.105,PASS,672282,"Detmers, Reid",SB,3B,high,
62596267-ecdb-4f4f-9541-12705b91704f,HOME,59.60984112086881,13.5,182.0,113.0,L,0.21,22.63,6.0,PASS,1.158,PASS,683004,"Leiter, Jack",SB,3B,high,
d7a18352-d542-497f-aa1c-4c2b8b268e95,HOME,59.67933170680726,11.9,168.0,98.0,R,0.15,15.78,9.0,PASS,1.173,PASS,672282,"Detmers, Reid",SB,3B,high,
f06682e3-d5c6-4807-8fcd-f59571b5e95f,HOME,59.732255694613315,8.9,182.0,134.0,L,0.13,2.24,7.0,PASS,0.804,PASS,682990,"Priester, Quinn",SB,2B,low,lift_peak_in 2.24 outside 4.28-
6aed003e-a523-4410-85b8-2d0b4a7edee8,HOME,59.70577775747709,6.9,175.0,113.0,R,0.14,23.66,8.0,PASS,1.038,PASS,607074,"Rodón, Carlos",SB,2B,high,
83598e49-74ee-4f33-bac5-48a4eff105b9,AWAY,59.70501474926254,18.7,248.0,,,2.33,,9.0,cut_in_window,,no_release,601713,"Pivetta, Nick",CS,2B,not measured,cut_in_window
aa634cba-01a3-4ba8-a8c1-fb230fb3a1f7,HOME,59.703942989501336,7.8,173.0,111.0,R,0.12,15.67,9.0,PASS,1.038,PASS,663531,"Allen, Logan",SB,2B,high,
341ddcaf-99cf-4007-b4c0-712659eca058,HOME,59.68894970842584,9.4,179.0,118.0,L,0.18,16.02,9.0,PASS,1.022,PASS,671131,"Rutledge, Jackson",CS,3B,high,
a33d7432-c74a-4f11-8d95-bae13bc525f8,HOME,59.73780815307374,10.3,182.0,115.0,L,0.2,24.47,7.0,PASS,1.122,PASS,656638,"Lange, Alex",CS,2B,high,
231eabb2-d8a8-4f40-b99c-9e6d06136766,AWAY,59.65663762619927,12.6,,,,,,,no_release,,cut_in_window,657508,"Baumann, Mike",SB,2B,not measured,no_release
84698aa7-c715-4f83-ad17-1925c5a0ed1e,HOME,59.714566608113834,7.9,184.0,119.0,R,0.07,27.6,9.0,PASS,1.089,PASS,624133,"Suarez, Ranger",SB,3B,high,
a72e28c9-b525-4944-a0a5-b626a52fe70a,AWAY,59.74901482915516,12.9,193.0,,,0.8,,9.0,cut_in_window,,release_not_at_hand,596295,"Gomber, Austin",SB,2B,not measured,cut_in_window
9540b232-f3ba-44c4-9068-a0ddfcfe1374,AWAY,59.626297372561766,20.1,,,,,,,no_release,,no_release,679525,"Marsh, Alec",CS,2B,not measured,no_release
0c5dcc5d-b858-49a4-b74f-bd395d5ed35a,HOME,59.69465399027998,6.7,178.0,117.0,R,0.19,25.61,9.0,PASS,1.022,PASS,571578,"Corbin, Patrick",SB,2B,high,
320f4e66-241a-4323-94c2-e1d6d0674ad7,AWAY,59.72832870644568,9.4,180.0,116.0,R,0.16,20.65,9.0,PASS,1.072,not_cf_view,681892,"Funderburk, Kody",SB,2B,high,
3254c623-9b89-45cc-8a56-1e0bd57fdad0,AWAY,59.750888586999366,16.9,193.0,,,0.73,,8.0,release_not_at_hand,,no_set_before_lift,678061,"Kerr, Ray",SB,2B,not measured,release_not_at_hand
4bbc5843-c9c5-41b0-9cda-ad030772571d,HOME,59.76421044988791,9.1,176.0,125.0,L,0.16,13.88,9.0,PASS,0.853,PASS,458681,"Lynn, Lance",CS,2B,high,
46280085-4cb5-42d1-aab9-eb7d4480276b,HOME,59.72530014855222,6.3,178.0,122.0,L,0.15,17.19,9.0,PASS,0.938,PASS,458681,"Lynn, Lance",SB,2B,high,
b487033c-c246-45f0-b775-5612f6d1bb27,HOME,59.690672753984195,7.1,182.0,112.0,R,0.13,25.61,9.0,PASS,1.173,PASS,676979,"Crochet, Garrett",SB,2B,high,
40c43372-cd34-4cfd-b145-ade06924d3d9,HOME,59.69270654311493,8.7,179.0,113.0,R,0.15,25.63,9.0,PASS,1.106,PASS,676979,"Crochet, Garrett",SB,3B,high,
d2c74c9d-479b-4fb8-a134-6cf08f416b6f,HOME,59.8230419647561,7.2,177.0,116.0,L,0.15,18.31,9.0,PASS,1.02,PASS,657097,"Webb, Jacob",SB,2B,high,
1c596efc-e7c2-4113-bde1-9d8eba15a381,HOME,59.74578143998253,7.6,179.0,125.0,L,0.09,24.78,7.0,PASS,0.904,PASS,669711,"Weissert, Greg",CS,3B,high,
1a361bad-969d-44be-bdba-380d1a85537b,AWAY,59.74497551089343,18.8,163.0,112.0,L,0.04,27.17,7.0,not_cf_view,,cut_in_window,607192,"Glasnow, Tyler",SB,3B,not measured,not_cf_view
ccc2c39e-ae07-4ca8-9611-58ecbdc636e8,HOME,59.662654314195805,6.9,180.0,108.0,L,0.08,33.61,9.0,PASS,1.207,PASS,621242,"Díaz, Edwin",SB,2B,high,
feeee6d2-83c0-4e22-8183-57bbeb334c22,AWAY,59.65596092547356,16.8,186.0,142.0,L,0.16,5.92,7.0,cut_in_window,,no_release,677161,"Kelly, Zack",CS,2B,not measured,cut_in_window
38c99f01-2878-40b9-8c69-1a57a21a1729,AWAY,59.67307316326791,15.1,173.0,105.0,R,0.09,3.96,9.0,cut_in_window,,cut_in_window,598286,"Ramirez, Nick",CS,2B,not measured,cut_in_window
67427910-03cf-4b00-9ac2-48c17c77fabb,HOME,59.73297149409861,6.8,179.0,119.0,L,0.13,10.33,9.0,PASS,1.004,PASS,592836,"Walker, Taijuan",SB,2B,high,
914b63fd-6121-43f3-ac44-c6a31726ab1c,AWAY,59.66790202169789,13.7,,,,,,,no_release,,cut_in_window,656546,"Hoffman, Jeff",SB,2B,not measured,no_release
49142d95-c6b5-4856-bde4-5ffe8c9a20a9,HOME,59.69538080598361,10.2,180.0,128.0,L,0.22,11.65,8.0,PASS,0.871,PASS,657746,"Ryan, Joe",SB,2B,high,
efc7594c-ed1e-49d3-87f8-b6815a581039,HOME,59.650323225122754,10.7,191.0,139.0,L,0.05,16.47,5.0,PASS,0.872,PASS,664299,"Javier, Cristian",SB,2B,high,
8c62e264-07d2-4ed6-a9e7-25e53392d226,HOME,59.685537392543765,30.7,171.0,125.0,L,0.16,9.99,9.0,PASS,0.771,PASS,641941,"Pagán, Emilio",SB,2B,high,
1f19cfd6-44ee-4931-a55b-04150c250e49,AWAY,59.7526070119756,14.8,174.0,104.0,L,0.29,34.3,9.0,cut_in_window,,cut_in_window,607192,"Glasnow, Tyler",SB,2B,not measured,cut_in_window
e021d316-62b7-4bab-9b2f-c1616ac33bb9,HOME,59.72921541669322,9.5,179.0,121.0,L,0.18,16.7,9.0,PASS,0.971,PASS,607192,"Glasnow, Tyler",SB,2B,high,
f0fa4a0f-0319-4382-a646-c2e65e399089,AWAY,59.72269996841408,10.9,225.0,,,0.85,,7.0,release_not_at_hand,,no_release,607192,"Glasnow, Tyler",SB,3B,not measured,release_not_at_hand
2dd41be3-ce0b-4e12-961e-2ac9e5971aa0,HOME,59.808668288332875,5.3,177.0,115.0,L,0.09,24.19,8.0,PASS,1.037,PASS,686613,"Brown, Hunter",SB,3B,high,
57530232-2eff-4369-be59-9c70af3efbce,HOME,59.70522250305285,5.2,182.0,120.0,L,0.11,23.13,9.0,PASS,1.038,PASS,445926,"Chavez, Jesse",SB,2B,high,
137b5f0d-7d3b-4c16-96bd-57a39582360b,HOME,59.6321447227339,4.9,190.0,124.0,R,0.54,17.24,6.0,PASS,1.107,PASS,607481,"Bummer, Aaron",SB,3B,low,release_to_wrist 0.54 outside -0.32
7817c144-ef7f-4532-95d4-42d466bf0ca8,AWAY,59.675262286296416,12.2,,,,,,,no_release,,no_release,543294,"Hendricks, Kyle",SB,2B,not measured,no_release
4cc6fd3a-55e4-4ab2-a8dc-63c06cce9287,AWAY,59.74735404574941,16.2,179.0,140.0,L,0.32,10.82,9.0,cut_in_window,,cut_in_window,663362,"Waldron, Matt",SB,2B,not measured,cut_in_window
22042aa3-78a2-48c4-ae69-019a750583e8,HOME,59.655991519718974,5.8,184.0,128.0,R,0.16,3.69,9.0,PASS,0.939,PASS,571760,"Heaney, Andrew",SB,3B,low,lift_peak_in 3.69 outside 4.28-
5bdaa70b-960f-4266-9aa1-d62fbdbdaa19,HOME,59.74579640237923,5.0,185.0,122.0,L,0.08,14.47,6.0,PASS,1.054,PASS,681982,"Anderson, Grant",SB,2B,high,
886f1965-8fa2-49ed-8d0a-38300f47ad94,HOME,59.678691052062455,4.7,179.0,121.0,L,0.15,22.55,9.0,PASS,0.972,PASS,606160,"Montero, Rafael",CS,2B,high,
8f1689cb-5a14-4bb6-b973-a5b2a3fa7ada,AWAY,59.66271850645062,12.3,184.0,128.0,R,0.13,4.05,7.0,PASS,0.939,cut_in_window,571760,"Heaney, Andrew",SB,2B,low,lift_peak_in 4.05 outside 4.28-
2a2064b9-0440-4445-86e0-1f0c048cdcbd,AWAY,,2.0,,,,,,,no_clip,,not_cf_view,605130,"Barlow, Scott",SB,2B,not measured,no_clip
1ee5dcba-2767-49a4-8396-efeb51af44f1,AWAY,59.669826957501826,12.1,187.0,,,1.04,,9.0,release_not_at_hand,,release_not_at_hand,663372,"Feltner, Ryan",SB,3B,not measured,release_not_at_hand
863792f2-6128-42eb-a49d-b71aa0995d00,HOME,59.69978782194615,4.6,184.0,128.0,R,0.09,15.7,7.0,PASS,0.938,PASS,607481,"Bummer, Aaron",CS,2B,high,
8a73645a-79ec-43e2-8188-881f70b2efe2,HOME,59.661758864427334,4.9,176.0,121.0,L,0.17,14.86,9.0,PASS,0.922,PASS,661395,"Duran, Jhoan",CS,2B,high,
a196a5fb-a60e-4bcc-99ae-b7e5c8832421,HOME,59.80099216216549,5.1,180.0,125.0,L,0.12,12.97,9.0,PASS,0.92,PASS,680573,"Woods Richardson, Simeon",SB,2B,high,
b2e9bd4e-a714-45e0-a3cf-6671a9e4197f,HOME,59.67143261372526,5.0,180.0,113.0,R,0.17,22.16,9.0,PASS,1.123,PASS,641482,"Cortes, Nestor",SB,3B,high,
6e5d0485-3025-40b9-80e3-632bc44d4b37,HOME,59.76054987864325,4.9,179.0,124.0,L,0.1,14.15,5.0,PASS,0.92,PASS,605463,"Scott, Tayler",SB,2B,high,
bf0d1247-4b6b-49f2-aab6-87778a0f3c95,AWAY,59.71407931493131,12.0,,,,,,,no_release,,no_release,592332,"Gausman, Kevin",SB,2B,not measured,no_release
93a09904-4944-45d1-abf3-87ef7b2488e4,HOME,59.78048349340861,4.6,177.0,118.0,R,0.16,11.2,9.0,PASS,0.987,PASS,641835,"Mayza, Tim",SB,2B,high,
72a435e8-be31-4a40-857c-7a1a11f81a07,AWAY,59.71731941789566,11.1,,,,,,,no_release,,no_release,663567,"Lambert, Peter",SB,2B,not measured,no_release
86ce2b6c-d563-413f-ab56-914855d4f98b,AWAY,59.73263306518699,11.6,198.0,,,0.68,,6.0,cut_in_window,,release_not_at_hand,676254,"Walker, Ryan",SB,2B,not measured,cut_in_window
a5cfe3da-8480-44ea-bd7b-f7390665305c,HOME,59.78332964846341,4.4,179.0,121.0,L,0.16,13.88,9.0,PASS,0.97,PASS,641927,"Ober, Bailey",SB,2B,high,
f1a71ca2-4bef-42af-9e98-f2be3b8cb339,AWAY,59.73742282058712,12.6,185.0,119.0,L,0.66,13.95,9.0,release_not_at_hand,,release_not_at_hand,661527,"Martinez, Seth",SB,2B,not measured,release_not_at_hand
22756a3c-4b92-46b9-9851-a82a59f470bb,AWAY,59.714060433937206,12.8,182.0,114.0,R,0.63,20.07,2.0,release_not_at_hand,,cut_in_window,642100,"Speier, Gabe",SB,2B,not measured,release_not_at_hand
37054165-f4a5-4db1-8448-6946a71824d2,HOME,59.72697198999411,6.5,179.0,123.0,L,0.19,4.74,9.0,PASS,0.938,PASS,680570,"Rodriguez, Grayson",CS,2B,high,
3147c021-9a60-4756-9cd0-f86c76c27391,HOME,59.73746064879634,4.9,179.0,117.0,R,0.13,12.11,8.0,PASS,1.038,PASS,669022,"Gore, MacKenzie",SB,3B,high,
178c9272-9c71-4bed-a372-6eca5c985d0e,HOME,59.6442073346255,4.8,178.0,111.0,R,0.14,14.8,8.0,PASS,1.123,PASS,666129,"Garrett, Braxton",SB,3B,high,
4722c281-4eab-426c-975a-0a8971606087,HOME,59.73074740805694,4.8,180.0,125.0,L,0.13,15.89,7.0,PASS,0.921,PASS,570632,"Ureña, José",SB,2B,high,
d9777cf6-0d76-438a-8667-c21e33a3dd5a,AWAY,59.77000662989375,14.6,184.0,122.0,L,0.92,14.4,6.0,release_not_at_hand,,release_not_at_hand,676710,"Crawford, Kutter",CS,2B,not measured,release_not_at_hand
ce28c898-35be-4ec5-bf2b-9230c0f47875,HOME,59.76705251219643,4.6,179.0,125.0,L,0.15,5.65,9.0,PASS,0.904,PASS,571945,"Mikolas, Miles",SB,2B,high,
22c05318-2140-4de6-9fe7-8a6300dd07d9,HOME,59.82858103187497,4.4,157.0,114.0,R,0.11,19.35,7.0,PASS,0.719,PASS,681892,"Funderburk, Kody",SB,2B,high,
a8aa9034-c9cd-43fc-9e1a-9edb6178b061,AWAY,59.627350205665024,17.1,183.0,116.0,L,0.12,20.55,6.0,PASS,1.124,release_not_at_hand,661527,"Martinez, Seth",SB,3B,high,
3ace257f-1b44-4568-afb0-ff9b5039c118,AWAY,59.669661493783465,13.8,178.0,116.0,L,0.23,50.36,9.0,cut_in_window,,cut_in_window,666159,"Manning, Matt",CS,2B,not measured,cut_in_window
604dbd8b-4cae-4ed0-a136-e0e317e037e7,AWAY,59.626677793220885,12.4,182.0,128.0,L,0.02,16.35,5.0,PASS,0.906,release_not_at_hand,669713,"Wesneski, Hayden",SB,2B,high,
75d3ab63-92e6-4c23-a04d-f882c03b9e14,AWAY,59.681471890833585,13.6,190.0,107.0,R,0.78,11.75,5.0,release_not_at_hand,,no_release,681432,"Little, Luke",SB,2B,not measured,release_not_at_hand
55c2d3b1-0ca6-4945-8874-e112e9cba400,AWAY,59.75564785081545,13.0,178.0,114.0,L,0.15,16.41,8.0,PASS,1.071,no_set_before_lift,681293,"Arrighetti, Spencer",SB,3B,high,
ced10a81-97c5-4060-8e74-6499087d9ecb,AWAY,59.646413259429785,12.4,178.0,126.0,L,0.24,8.03,9.0,PASS,0.872,cut_in_window,670280,"Bednar, David",SB,2B,high,
0f1606a9-c1bd-41a3-9238-38edc41dd28d,HOME,59.68634145231976,7.1,180.0,121.0,L,0.21,17.35,7.0,PASS,0.989,PASS,676962,"Brown, Ben",SB,2B,high,
c320585a-8da5-4479-b736-2c405c984a9c,AWAY,59.70335940283239,11.2,,,,,,,no_release,,no_release,641941,"Pagán, Emilio",CS,2B,not measured,no_release
ae3c7b02-f838-485b-b02d-3782fa34ecec,AWAY,59.62715626413825,13.7,183.0,122.0,L,0.52,11.66,8.0,PASS,1.023,release_not_at_hand,681293,"Arrighetti, Spencer",CS,2B,low,release_to_wrist 0.52 outside -0.32
a30aae46-9d7e-49e1-a4dc-514137d90315,AWAY,59.75673227056306,10.7,,,,,,,no_release,,no_release,607074,"Rodón, Carlos",SB,2B,not measured,no_release
68621b05-5325-4f71-9502-a3f99869190f,AWAY,59.69212177287254,11.1,186.0,115.0,L,0.81,26.05,9.0,release_not_at_hand,,release_not_at_hand,669952,"White, Mitch",SB,2B,not measured,release_not_at_hand
04e33200-1030-4f62-b1b1-86ec2c1ff033,HOME,59.69275202220011,5.0,182.0,118.0,L,0.36,15.91,9.0,PASS,1.072,PASS,613534,"Adams, Austin",SB,3B,low,release_to_wrist 0.36 outside -0.32
1d6eaf50-46ed-4e20-b2e1-2d5c17e6f9fb,HOME,59.69443084123824,4.6,182.0,124.0,L,0.22,13.46,7.0,PASS,0.972,PASS,607179,"Weems, Jordan",SB,2B,high,
5bff63ef-af2c-445d-851d-6a00c3f4e243,AWAY,59.72552607502287,12.4,179.0,130.0,L,0.16,8.9,9.0,PASS,0.82,cut_in_window,669923,"Kirby, George",SB,2B,high,
b183791c-366a-4a58-b8df-05949b5f0ceb,HOME,59.68810230038504,5.7,179.0,117.0,L,0.42,12.54,9.0,PASS,1.039,PASS,666201,"Manoah, Alek",SB,2B,low,release_to_wrist 0.42 outside -0.32
2a0d6d43-8ce2-4f33-87bd-393f605ac514,AWAY,,2.3,,,,,,,no_clip,,not_cf_view,693821,"Elder, Bryce",SB,2B,not measured,no_clip
e79c8db9-12ec-4a16-aae9-4e87d1d04864,AWAY,59.69409870580222,13.9,181.0,,,0.14,,8.0,cut_in_window,,cut_in_window,656756,"Montgomery, Jordan",SB,3B,not measured,cut_in_window
31cb5c55-d2d3-4ff4-86e8-e50d5edc6955,AWAY,59.69860769141223,15.5,180.0,119.0,L,0.24,22.95,9.0,PASS,1.022,cut_in_window,668881,"Greene, Hunter",SB,2B,high,
28a234f3-2dad-4470-b655-6391c72ec166,AWAY,59.75985392035708,14.0,176.0,126.0,L,0.11,8.35,9.0,PASS,0.837,cut_in_window,669923,"Kirby, George",SB,2B,high,
280675de-f065-4d8e-9a66-e6638d2914d9,HOME,59.7030927006101,5.1,178.0,126.0,L,0.18,11.84,7.0,PASS,0.871,PASS,547179,"Lorenzen, Michael",CS,2B,high,
c78be34c-f096-4977-ae93-00217412f21e,AWAY,,5.0,,,,,,,no_clip,,no_release,688297,"Roycroft, Chris",SB,2B,not measured,no_clip
8145a4ff-f113-421f-91e9-f4b6a86b46f2,HOME,59.67534422818976,5.0,150.0,121.0,L,0.11,7.52,9.0,PASS,0.486,PASS,669923,"Kirby, George",SB,2B,low,delivery_s 0.486 outside 0.7-1.31
ebc55bdf-fc8e-4fe2-9d5c-53b78b5b130d,AWAY,59.71189591078067,13.9,181.0,,,0.13,,8.0,cut_in_window,,no_set_before_lift,672282,"Detmers, Reid",SB,2B,not measured,cut_in_window
2935e4dc-9a37-457b-9d97-94087f309695,HOME,59.69295863232225,4.8,177.0,116.0,R,0.12,12.64,9.0,PASS,1.022,PASS,650893,"Cabrera, Génesis",SB,2B,high,
e3b3dbf2-fc5b-4c6a-8b3d-d058bc7f6604,HOME,59.69206474536123,5.0,182.0,117.0,R,0.15,13.05,9.0,PASS,1.089,PASS,672282,"Detmers, Reid",SB,3B,high,
18251d11-e16c-4963-b677-2c892b8251fe,HOME,59.76356826327575,4.8,178.0,118.0,L,0.11,19.96,3.0,PASS,1.004,PASS,656730,"Megill, Trevor",SB,2B,low,ball_pts 3.0 outside 5-
a8e612b0-9e6a-4068-b1e1-b981242fe316,HOME,59.6412181421449,5.2,182.0,124.0,R,0.44,20.86,9.0,PASS,0.972,PASS,672335,"Pérez, Cionel",SB,3B,low,release_to_wrist 0.44 outside -0.32
08df738a-6cab-4ce0-824f-6b41a8d93b19,AWAY,59.68024164842549,12.4,179.0,,,0.13,,9.0,cut_in_window,,no_set_before_lift,672282,"Detmers, Reid",SB,2B,not measured,cut_in_window
8cfc1d78-e8db-4fe7-89c0-743208dfba1c,HOME,59.62822885652209,4.8,178.0,123.0,L,0.16,22.04,7.0,PASS,0.922,PASS,543243,"Gray, Sonny",SB,2B,high,
e179de5e-72aa-42cd-b66f-343916bcb5ed,AWAY,59.70135644490846,13.5,185.0,123.0,L,1.07,17.07,9.0,release_not_at_hand,,release_not_at_hand,656730,"Megill, Trevor",SB,2B,not measured,release_not_at_hand
1d0b0b1e-0abf-40fb-aa33-2b5563e3ee99,AWAY,59.741068790083624,11.5,185.0,124.0,L,0.82,10.98,9.0,release_not_at_hand,,release_not_at_hand,671737,"Bradley, Taj",SB,2B,not measured,release_not_at_hand
f2e6c760-fd3c-4e9f-bfed-db9f8bc9a371,AWAY,59.6217798303095,12.3,179.0,116.0,L,0.2,15.72,6.0,not_cf_view,,not_cf_view,660825,"Bazardo, Eduard",CS,2B,not measured,not_cf_view
7c965b3c-385b-4d2e-a4af-2d0750620b01,HOME,59.71147052790714,7.2,180.0,119.0,L,0.18,25.36,7.0,PASS,1.022,PASS,665152,"Kremer, Dean",SB,2B,high,
33bc4667-b2bf-456e-9713-6440fb34fb5b,AWAY,59.73120955699353,10.4,,,,,,,no_release,,no_release,554340,"García, Yimi",SB,2B,not measured,no_release
29d04f61-2ff3-433b-bf40-638c781ae980,HOME,59.75889866563052,4.9,176.0,116.0,R,0.18,36.29,8.0,PASS,1.004,PASS,677960,"Weathers, Ryan",SB,2B,high,
ab19184c-c12d-4411-81a9-7e237e4288df,AWAY,59.72189208462087,14.5,189.0,127.0,L,0.76,18.57,8.0,release_not_at_hand,,release_not_at_hand,665152,"Kremer, Dean",SB,2B,not measured,release_not_at_hand
642d03e1-902f-4191-9610-93ecfcbabec7,AWAY,59.717595037209534,11.8,204.0,140.0,L,0.64,21.79,4.0,release_not_at_hand,,release_not_at_hand,656731,"Megill, Tylor",SB,2B,not measured,release_not_at_hand
7021fc23-4e27-4bce-a37e-945c29a78537,HOME,59.607095783655296,4.8,182.0,114.0,R,0.13,23.43,9.0,PASS,1.141,PASS,664285,"Valdez, Framber",SB,2B,high,
0a4cea85-8f00-45f1-b40a-74e418601f66,HOME,59.63493323937588,4.8,178.0,115.0,L,0.27,15.49,8.0,PASS,1.056,PASS,641154,"López, Pablo",SB,2B,high,
855cceaa-3589-407d-977d-5003991b10c4,AWAY,59.65774045317699,14.1,186.0,114.0,L,0.73,26.86,9.0,release_not_at_hand,,release_not_at_hand,606160,"Montero, Rafael",SB,2B,not measured,release_not_at_hand
20b50f8f-7035-44f6-b916-3ea23b334c57,AWAY,59.74686197950788,9.9,178.0,117.0,R,0.12,24.48,9.0,PASS,1.021,not_cf_view,669912,"Snead, Kirby",CS,2B,high,
2f49370c-7aec-48a2-9537-00d74e18416f,HOME,59.72232198746036,5.1,178.0,114.0,L,0.13,20.31,8.0,PASS,1.072,PASS,606303,"Payamps, Joel",SB,2B,high,
7dfd6482-77bb-4726-825e-97859c4bea40,AWAY,59.68280855895684,12.1,176.0,116.0,L,0.12,23.98,9.0,PASS,1.005,cut_in_window,605347,"López, Jorge",CS,2B,high,
a2fd7f50-5290-4898-9b7b-c34fece94cda,AWAY,59.66184146747196,16.4,187.0,131.0,L,0.95,3.97,7.0,release_not_at_hand,,release_not_at_hand,592094,"Adam, Jason",SB,2B,not measured,release_not_at_hand
efa95190-660b-4e36-aa2f-a4e40d8b205f,AWAY,59.75914641327353,9.2,174.0,,,0.2,,9.0,cut_in_window,,not_cf_view,694813,"Stone, Gavin",SB,2B,not measured,cut_in_window
19362ec5-2e7c-4404-9083-4d32ac538a70,AWAY,59.78071158927461,12.4,,,,,,,no_release,,no_release,694297,"Pfaadt, Brandon",SB,3B,not measured,no_release
a3042a3a-7314-4c8b-8491-83d4acc516c5,AWAY,59.82811506894741,11.2,177.0,120.0,L,0.35,14.65,9.0,PASS,0.953,no_release,694297,"Pfaadt, Brandon",SB,2B,low,release_to_wrist 0.35 outside -0.32
b5aa230a-2586-40af-a571-cab292418471,HOME,59.756719972779855,4.6,178.0,125.0,R,0.16,16.43,9.0,PASS,0.887,PASS,579328,"Kikuchi, Yusei",SB,2B,high,
d16a50a5-7368-476f-ba5e-9a0f2a726ae1,AWAY,59.6720554757084,12.9,180.0,118.0,L,0.25,17.97,9.0,PASS,1.039,cut_in_window,665871,"Assad, Javier",SB,2B,high,
88f867ba-768f-4932-a575-b6e5aa980d08,HOME,59.701057342902025,4.9,180.0,116.0,R,0.11,23.87,9.0,PASS,1.072,PASS,571578,"Corbin, Patrick",SB,2B,high,
4af8abe0-53e3-4a61-b352-d84eec590b8b,AWAY,59.688161178132205,14.4,193.0,133.0,L,0.19,12.77,5.0,PASS,1.005,release_not_at_hand,657277,"Webb, Logan",SB,2B,high,
1f0a6299-2e70-4c5b-8815-ae7c918e4b0d,AWAY,59.71447897329237,10.1,,,,,,,no_release,,no_release,694297,"Pfaadt, Brandon",SB,2B,not measured,no_release
494b990a-12ec-4057-a3c3-d5dcf887c401,AWAY,59.62490648715509,12.6,179.0,120.0,L,0.16,17.49,6.0,PASS,0.99,cut_in_window,663554,"Mize, Casey",SB,2B,high,
2679f43a-09f2-4f74-a161-de98694e303c,HOME,59.67556663771608,5.0,177.0,116.0,R,0.14,29.39,9.0,PASS,1.022,PASS,624133,"Suarez, Ranger",SB,2B,high,
9424f2f7-6969-4ff2-a4ec-4e31462ed054,HOME,59.691267145751645,5.3,187.0,120.0,L,0.54,24.94,7.0,PASS,1.122,PASS,592351,"Gray, Jon",SB,2B,low,release_to_wrist 0.54 outside -0.32
9bb7616b-ecf1-4031-af0d-c6923147f51f,AWAY,59.67280451785275,13.3,179.0,100.0,R,0.11,12.47,9.0,cut_in_window,,cut_in_window,671096,"Abbott, Andrew",SB,2B,not measured,cut_in_window
e3d5dc79-ea66-4030-b4f2-8bc3c87482df,AWAY,59.65605705377637,11.1,185.0,,,0.81,,8.0,release_not_at_hand,,release_not_at_hand,592351,"Gray, Jon",SB,2B,not measured,release_not_at_hand
a3b7237d-2029-43cc-b814-2cb4a75b99fc,AWAY,59.75844476756402,10.8,,,,,,,no_release,,release_not_at_hand,641755,"Kinley, Tyler",SB,3B,not measured,no_release
c1162b0f-4490-4710-bb6a-a2cd55c5a6b8,HOME,59.64878228904569,4.8,181.0,123.0,R,0.08,22.85,7.0,PASS,0.972,PASS,571578,"Corbin, Patrick",SB,2B,high,
263b4f49-6249-427e-a589-00453827ab83,HOME,59.69170719807279,4.8,175.0,111.0,R,0.14,22.75,9.0,PASS,1.072,PASS,671096,"Abbott, Andrew",CS,2B,high,
2038fc5a-ef29-4d42-9356-5a7c5b34c44f,AWAY,59.777105629010784,10.1,,,,,,,no_release,,no_release,678394,"Bello, Brayan",SB,2B,not measured,no_release
5cc3c523-6805-4ea9-ba4d-79e742a1dab3,HOME,59.76919102026755,5.3,175.0,104.0,L,0.17,17.82,9.0,PASS,1.188,PASS,687765,"Spence, Mitch",SB,2B,high,
5699b498-b8c6-4942-bb58-64d23c6d8966,HOME,59.59750891652653,5.7,180.0,127.0,L,0.23,10.35,9.0,PASS,0.889,PASS,680573,"Woods Richardson, Simeon",CS,2B,high,
9c1c7ba5-d3c9-43c3-acd9-6e0b8c43ca33,AWAY,59.69946954341304,19.6,177.0,115.0,R,0.25,3.97,8.0,cut_in_window,,cut_in_window,669373,"Skubal, Tarik",CS,2B,not measured,cut_in_window
a5185a30-127e-46ad-9914-95d056e35119,AWAY,59.701550436463336,14.4,,,,,,,no_release,,no_release,642547,"Peralta, Freddy",CS,2B,not measured,no_release
df3331b1-9cec-4cad-89b9-9cded4fe8300,HOME,59.770788492094795,5.3,177.0,118.0,R,0.13,21.82,9.0,PASS,0.987,PASS,608718,"Suter, Brent",SB,2B,high,
82c92793-c537-4a16-a11f-7beeb4e16288,AWAY,59.69421940671256,15.9,176.0,,,0.18,,9.0,cut_in_window,,cut_in_window,663474,"McKenzie, Triston",SB,2B,not measured,cut_in_window
33010e46-a9a4-4448-9aae-d875f3d15278,AWAY,59.706690058582645,8.8,,,,,,,not_cf_view,,cut_in_window,547973,"Chapman, Aroldis",SB,2B,not measured,not_cf_view
2f63867c-40fa-4595-a0f9-264e669ab86e,HOME,59.64448547778192,5.4,180.0,118.0,L,0.23,15.92,9.0,PASS,1.039,PASS,593423,"Montas, Frankie",SB,3B,high,
ba580028-fd3d-4e8b-9f46-91368ea231c1,HOME,59.68409422330938,6.2,179.0,124.0,L,0.23,12.12,9.0,PASS,0.922,PASS,593423,"Montas, Frankie",SB,2B,high,
4d79b257-7032-4789-931f-4d3905151cea,AWAY,59.81029698049124,18.3,175.0,112.0,L,0.18,16.2,9.0,PASS,1.053,cut_in_window,663423,"Thornton, Trent",CS,2B,high,
0e1ce27f-32aa-4473-aad7-17250b88d295,HOME,59.69339302672636,5.6,200.0,134.0,R,0.09,20.43,7.0,PASS,1.106,PASS,694363,"Shuster, Jared",CS,2B,high,
b7c6bb7d-79b9-4826-9b9c-a89476ef4f7e,AWAY,59.70176948251508,9.6,,,,,,,no_release,,no_release,643511,"Rogers, Tyler",CS,2B,not measured,no_release
83ffb85b-f46a-4546-9f4f-d2f3e34515f4,HOME,59.77378468866041,8.1,179.0,119.0,L,0.22,22.4,9.0,PASS,1.004,PASS,663362,"Waldron, Matt",SB,3B,high,
61c07bff-4409-4908-8fb0-d1edc2fb98d5,HOME,59.65577654742193,5.8,178.0,117.0,L,0.15,15.8,9.0,PASS,1.023,PASS,554430,"Wheeler, Zack",SB,2B,high,
ef12595f-b8fa-4a49-b1ca-9ee9b9317089,HOME,59.753020847165054,6.0,202.0,141.0,L,0.14,28.99,9.0,PASS,1.021,PASS,605182,"Clevinger, Mike",SB,3B,high,
75b0afc3-11f0-41ec-9ceb-d6216d9854ae,HOME,59.66493252581548,7.6,169.0,141.0,L,0.35,13.19,8.0,PASS,0.469,PASS,605182,"Clevinger, Mike",SB,2B,low,release_to_wrist 0.35 outside -0.32; delivery_s 0.469 outside 0.7-1.31
a3d70021-4733-46e6-96ea-15c434d2c82a,HOME,59.69981819356837,5.9,181.0,122.0,L,0.23,20.81,9.0,PASS,0.988,PASS,663567,"Lambert, Peter",SB,2B,high,
acfcb672-cf4c-486f-88f9-11c2f557aa41,HOME,59.68183746013595,5.6,176.0,110.0,R,0.18,20.69,7.0,PASS,1.106,PASS,642100,"Speier, Gabe",SB,3B,high,
4758fdbb-cf8a-4e7a-abc5-50f8921c1404,HOME,59.67473585334258,5.2,179.0,125.0,R,0.12,7.36,9.0,PASS,0.905,PASS,673513,"Matsui, Yuki",CS,2B,high,
ddac1573-950c-477a-9290-dea85c220835,AWAY,59.67421306649217,12.6,,,,,,,no_release,,cut_in_window,664875,"Lawrence, Justin",SB,2B,not measured,no_release
8e1c3f49-37c3-4dd7-bb14-55ee1a819a11,HOME,59.68238260233042,5.5,177.0,121.0,L,0.22,14.4,9.0,PASS,0.938,PASS,600917,"Leclerc, José",SB,2B,high,
090b9091-162b-45c5-a5e5-40635ae33fdf,HOME,59.65766752502243,5.5,205.0,142.0,L,0.28,15.07,9.0,PASS,1.056,PASS,700363,"Smith-Shawver, AJ",SB,2B,high,
160b5dab-aca9-4f3e-8e91-5a8e8e013905,AWAY,59.695389476161665,11.7,,,,,,,no_release,,no_release,695243,"Miller, Mason",SB,2B,not measured,no_release
f19f0c30-4b72-48ac-8002-d0585c9825c8,AWAY,59.70607779822151,14.2,174.0,112.0,L,0.16,13.97,9.0,PASS,1.038,no_set_before_lift,506433,"Darvish, Yu",SB,2B,high,
6cac2cc4-aa03-4f79-83ae-d934ba419550,HOME,59.7463633682488,5.8,179.0,119.0,R,0.13,9.03,8.0,PASS,1.004,PASS,669022,"Gore, MacKenzie",SB,2B,high,
7247fd5c-0ea4-439c-93f8-2bb34bc3bcba,HOME,59.76054813788112,5.5,180.0,117.0,L,0.19,20.61,9.0,PASS,1.054,PASS,675627,"Grove, Michael",SB,2B,high,
c2e93d92-314d-40dd-8419-7d1392ee5fff,AWAY,59.72861677899544,13.1,179.0,101.0,R,0.17,10.08,7.0,cut_in_window,,not_cf_view,669022,"Gore, MacKenzie",SB,2B,not measured,cut_in_window
4594ed6e-660a-4f95-9ea1-10bcef2509de,HOME,59.647558671184946,5.4,183.0,118.0,R,0.13,24.67,9.0,PASS,1.09,PASS,690986,"Harrison, Kyle",SB,2B,high,
a55dc661-4d59-4e88-a32b-e1025e0b784d,AWAY,59.685948748682854,12.0,183.0,127.0,L,0.19,13.73,9.0,PASS,0.938,cut_in_window,661395,"Duran, Jhoan",SB,2B,high,
f0ecc6e5-932a-4e89-b297-1e0849e92bb2,HOME,59.776349901680504,7.7,180.0,133.0,L,0.11,2.28,9.0,PASS,0.786,PASS,669203,"Burnes, Corbin",SB,2B,low,lift_peak_in 2.28 outside 4.28-
980e2d6a-a1e2-4b73-95a6-ad593f2c40d4,AWAY,59.78270760159421,15.3,178.0,,,0.2,,9.0,no_set_before_lift,,no_set_before_lift,668678,"Gallen, Zac",CS,2B,not measured,no_set_before_lift
963ed6cb-e8a8-4bed-8026-fdb11842571b,HOME,59.7331917435455,4.9,176.0,142.0,R,0.14,3.66,9.0,PASS,0.569,PASS,572020,"Paxton, James",CS,2B,low,lift_peak_in 3.66 outside 4.28-; delivery_s 0.569 outside 0.7-1.31
4755a9d7-dba8-44c0-8ee0-2d046724c74d,HOME,59.71798659001796,4.9,184.0,119.0,R,0.51,23.01,6.0,PASS,1.088,PASS,641302,"Alexander, Tyler",SB,2B,low,release_to_wrist 0.51 outside -0.32
9bee2b48-1d9a-478c-a467-3243cdf38c40,HOME,59.70519013997275,5.4,180.0,115.0,R,0.14,24.51,9.0,PASS,1.089,PASS,690986,"Harrison, Kyle",SB,2B,high,
4eeed489-debd-4856-a672-0efe1d3a93a5,AWAY,59.638371662345534,12.5,188.0,138.0,L,1.09,11.18,9.0,release_not_at_hand,,release_not_at_hand,687014,"Avila, Nick",CS,2B,not measured,release_not_at_hand
7bd546a0-5a8d-4d1e-b9e0-8c40c6a61dda,HOME,59.7466263471299,4.9,178.0,121.0,L,0.16,5.75,9.0,PASS,0.954,PASS,666201,"Manoah, Alek",CS,2B,high,
7ffccfce-4d6f-47f1-b842-c4770dac5949,AWAY,59.794172884003714,11.6,178.0,,,0.2,,9.0,no_set_before_lift,,no_set_before_lift,668678,"Gallen, Zac",CS,3B,not measured,no_set_before_lift
41900ebc-e2ef-400e-95c8-719ec9afbd8f,AWAY,,8.200000000000001,,,,,,,no_clip,,cut_in_window,502624,"Anderson, Chase",SB,2B,not measured,no_clip
f34331d6-33ed-49a4-8e30-c680217784d4,AWAY,,6.2,,,,,,,no_clip,,cut_in_window,676710,"Crawford, Kutter",SB,2B,not measured,no_clip
0a952279-e984-40f5-b8d2-b9976b3219cc,HOME,59.65542776359465,4.9,182.0,121.0,L,0.11,11.61,9.0,PASS,1.023,PASS,489446,"Yates, Kirby",SB,2B,high,
2b055845-e328-4e26-a4ea-8c17886c007b,AWAY,,5.300000000000001,,,,,,,no_clip,,cut_in_window,571945,"Mikolas, Miles",SB,2B,not measured,no_clip
4d91f32e-d034-48d6-a5fa-8c3fbab83060,HOME,59.77326745154952,4.7,196.0,139.0,L,0.13,10.41,9.0,PASS,0.954,PASS,622554,"Domínguez, Seranthony",SB,2B,high,
f6cf3db9-c5fd-47f8-9321-6c933a94149a,HOME,59.73897107216265,7.0,180.0,115.0,L,0.42,33.45,8.0,PASS,1.088,PASS,656605,"Keller, Mitch",SB,2B,low,release_to_wrist 0.42 outside -0.32
b2086fa7-660a-4bc4-9316-890fa59d304e,AWAY,59.71337579617835,9.1,,,,,,,no_release,,no_release,641712,"Hudson, Dakota",SB,3B,not measured,no_release
8ec6ec27-74eb-4495-b6a5-0ad90af00f21,AWAY,59.71311888390588,11.5,178.0,115.0,L,0.35,17.47,6.0,PASS,1.055,release_not_at_hand,623474,"Herget, Jimmy",SB,2B,low,release_to_wrist 0.35 outside -0.32
55b3f2e4-2d61-4c5c-a83e-d4080846aa77,AWAY,59.666260688321636,11.9,174.0,120.0,L,0.21,13.29,8.0,PASS,0.905,cut_in_window,678495,"Rodríguez, Randy",SB,2B,high,
2ad5f9bf-d5e2-4dc7-9f96-ddce183608fc,AWAY,59.620171748203624,10.2,,,,,,,no_release,,no_release,663978,"Paddack, Chris",SB,2B,not measured,no_release
40b3fa78-7c2a-42dc-96ac-07b0b485e0c0,HOME,59.79594299274672,6.8,180.0,111.0,L,0.17,23.53,9.0,PASS,1.154,PASS,601713,"Pivetta, Nick",SB,3B,high,
f8f21799-5c76-443c-9082-3c6790f2a644,HOME,59.623262814861,5.1,176.0,115.0,L,0.12,17.86,6.0,PASS,1.023,PASS,664350,"Sánchez, Sixto",SB,2B,high,
5c329797-949b-4906-95be-608331c8d9c5,HOME,59.620865496230785,5.0,177.0,123.0,L,0.27,17.97,9.0,PASS,0.906,PASS,681857,"Olson, Reese",SB,2B,high,
23356f0e-a64d-4fdf-a1f3-4d5b37f99a8f,AWAY,59.7081838930551,13.2,178.0,122.0,L,0.14,13.63,7.0,PASS,0.938,no_release,641712,"Hudson, Dakota",SB,2B,high,
c31b7e9e-5599-439c-aee9-766e1098e07f,AWAY,,6.0,,,,,,,no_clip,,cut_in_window,621111,"Buehler, Walker",CS,2B,not measured,no_clip
11c50641-8936-443f-a4ab-99d04e4409d4,HOME,59.65133683561764,5.2,192.0,128.0,L,0.16,17.98,6.0,PASS,1.073,PASS,681293,"Arrighetti, Spencer",SB,2B,high,
b8601d64-9c3c-4476-beb7-2cbc13857be7,HOME,59.68658951870702,4.7,176.0,120.0,L,0.16,16.73,6.0,PASS,0.938,PASS,676440,"Bibee, Tanner",CS,2B,high,
1359d5ff-24cd-43c4-bb3c-adee2635588e,HOME,59.64148098508963,4.9,178.0,112.0,L,0.24,36.29,9.0,PASS,1.107,PASS,621111,"Buehler, Walker",SB,2B,high,
4a14cb76-52cd-4345-b8e6-74d815c31913,HOME,59.78199737896342,7.3,175.0,105.0,L,0.15,27.39,7.0,PASS,1.171,PASS,625643,"López, Reynaldo",SB,2B,high,
909a7221-f3bd-4d6a-a5cf-a6f58ef161c9,HOME,59.742492907344406,4.7,179.0,113.0,R,0.11,22.72,8.0,PASS,1.105,PASS,642100,"Speier, Gabe",SB,2B,high,
8507367a-f42d-4584-bfe0-898eac668d69,AWAY,59.62152947099037,13.2,181.0,125.0,L,0.63,11.57,8.0,release_not_at_hand,,release_not_at_hand,663903,"Singer, Brady",CS,2B,not measured,release_not_at_hand
4353b42f-1803-4bc3-8929-35ef25553f19,HOME,59.69836943728062,6.6,177.0,120.0,R,0.26,18.43,9.0,PASS,0.955,PASS,681892,"Funderburk, Kody",SB,2B,high,
5cdb5e4d-3a3b-4120-8f7f-be513e95d342,HOME,59.768687417526976,4.8,184.0,123.0,R,0.11,10.51,9.0,PASS,1.021,PASS,592155,"Booser, Cam",SB,2B,high,
8fcab67f-56f6-4696-916a-4306f3c424b7,HOME,59.68826956573968,5.0,173.0,115.0,L,0.25,17.36,9.0,PASS,0.972,PASS,669622,"Bender, Anthony",SB,2B,high,
bbe0360a-9ad7-451d-8598-e8985891f8de,HOME,59.63441205044284,5.2,175.0,114.0,L,0.05,16.9,6.0,PASS,1.023,PASS,669302,"Gilbert, Logan",SB,2B,high,
557bd4de-b284-41bc-a8db-48b3bc204f77,AWAY,59.71718040757026,15.4,175.0,100.0,L,0.3,23.67,9.0,PASS,1.256,release_not_at_hand,622554,"Domínguez, Seranthony",SB,3B,high,
24456ab6-04de-4c27-900b-9078917dc505,AWAY,59.66845926721907,14.6,187.0,112.0,L,0.89,5.9,8.0,cut_in_window,,cut_in_window,671922,"Smith, Cade",CS,2B,not measured,cut_in_window
ff267fd3-273a-4f74-a706-235858224f0d,AWAY,,5.6,,,,,,,no_clip,,cut_in_window,592791,"Taillon, Jameson",SB,2B,not measured,no_clip
7afa155c-c009-4f17-9bc0-d0087d80072d,HOME,59.685447222008925,4.9,177.0,123.0,R,0.1,11.97,9.0,PASS,0.905,PASS,573124,"Rogers, Taylor",SB,2B,high,
2097030d-4841-4542-9925-89295196460d,HOME,59.724123923617555,5.6,197.0,148.0,L,0.12,4.53,8.0,PASS,0.82,PASS,605400,"Nola, Aaron",SB,2B,high,
0bae9bd3-ad1a-4088-a0cc-78d068277baf,AWAY,59.7144451102341,13.8,177.0,119.0,R,0.2,12.69,9.0,not_cf_view,,not_cf_view,676664,"Sears, JP",SB,2B,not measured,not_cf_view
ba6d60fd-1846-44b8-a65a-f5ff3b56f963,AWAY,59.753943157634325,12.2,176.0,117.0,L,0.19,20.75,9.0,PASS,0.987,cut_in_window,605397,"Musgrove, Joe",SB,2B,high,
43e1665c-5fdc-4de4-b96b-aea37d150de4,AWAY,59.745374451527034,11.8,,,,,,,no_release,,no_release,605156,"Brooks, Aaron",SB,2B,not measured,no_release
d0d3e895-6a16-4fd6-b126-a2e78da8ed24,AWAY,59.74304870587942,15.3,178.0,125.0,L,0.24,9.29,9.0,PASS,0.887,release_not_at_hand,693433,"Woo, Bryan",SB,2B,high,
be6acd88-56df-45e3-ac26-c7009059fd82,HOME,59.73145888140217,5.3,178.0,120.0,L,0.17,26.46,9.0,PASS,0.971,PASS,543243,"Gray, Sonny",SB,3B,high,
ea770a2c-ee2b-4140-93b1-2a41973dcb4b,HOME,59.75631576992806,5.2,180.0,120.0,R,0.12,25.55,9.0,PASS,1.004,PASS,571578,"Corbin, Patrick",CS,2B,high,
0ecfaa9b-bed3-4ff9-8f44-fd2e45d2f339,HOME,59.74449271946973,5.5,176.0,116.0,L,0.19,24.75,9.0,PASS,1.004,PASS,668964,"Myers, Tobias",CS,2B,high,
7aa753f3-ca1a-4ba5-ab83-81c405bf3780,HOME,59.61800316490634,5.7,183.0,115.0,L,0.17,26.47,9.0,PASS,1.141,PASS,668964,"Myers, Tobias",SB,3B,high,
15902667-5b1c-4514-bf9b-6c6d9fbefbb7,AWAY,59.68123200786388,10.0,,,,,,,no_release,,no_release,668964,"Myers, Tobias",SB,2B,not measured,no_release
424bbb1b-55e7-4917-b513-49b8b4b9c1d9,AWAY,59.732755287505746,14.8,,,,,,,no_release,,release_not_at_hand,605397,"Musgrove, Joe",CS,2B,not measured,no_release
b2d3fcaf-6e46-425c-b3cc-ed75aaddbf23,AWAY,59.701687306703555,14.2,180.0,,,0.17,,9.0,cut_in_window,,cut_in_window,624133,"Suarez, Ranger",SB,2B,not measured,cut_in_window
6a24e32e-9386-46a5-9e62-823fba425eb3,HOME,59.6281862272031,5.5,177.0,109.0,R,0.15,17.12,9.0,PASS,1.14,PASS,672282,"Detmers, Reid",SB,3B,high,
d0ba7de1-1fbe-48a7-bb75-542b1e1b6685,HOME,59.75948391456294,5.6,179.0,121.0,L,0.18,13.52,9.0,PASS,0.971,PASS,670950,"Richards, Trevor",CS,2B,high,
a3669607-edda-4cbb-b013-6314e3ca7d4f,AWAY,59.713878700920155,9.7,,,,,,,no_release,,no_release,571670,"Floro, Dylan",SB,2B,not measured,no_release
ceda9c36-defb-4309-bb67-acad76461e43,AWAY,59.62760236424148,10.9,179.0,119.0,L,0.2,14.02,5.0,PASS,1.006,cut_in_window,672578,"Hernández, Carlos",SB,2B,high,
e362b981-f5d5-4c81-bbea-2a4decb41ff6,HOME,59.774981018337435,4.9,173.0,109.0,R,0.25,27.03,7.0,PASS,1.071,PASS,527048,"Pérez, Martín",CS,3B,high,
456258b9-c3ce-488a-94dd-94f802bf5c2c,HOME,59.695466605144766,5.0,181.0,118.0,L,0.34,15.83,9.0,PASS,1.055,PASS,657277,"Webb, Logan",CS,2B,low,release_to_wrist 0.34 outside -0.32
f48df95c-23bd-4e42-976d-3a79089ea412,AWAY,59.67665689704075,9.3,,,,,,,no_release,,no_release,615698,"Quantrill, Cal",CS,2B,not measured,no_release
afd222bc-da64-4468-8e0a-13ff77758047,HOME,59.807506000223945,5.3,179.0,121.0,L,0.15,26.56,9.0,PASS,0.97,PASS,608334,"Fulmer, Carson",SB,2B,high,
6caa82fc-3825-4c8f-b372-d6bdd40ed22b,AWAY,59.81447937746322,9.2,189.0,115.0,L,0.13,10.22,9.0,cut_in_window,,no_release,647336,"Soroka, Michael",SB,2B,not measured,cut_in_window
75a4943a-b3bc-4ee1-93b5-5ac11d8c977e,AWAY,59.73640395121433,10.5,202.0,140.0,L,0.2,18.6,9.0,PASS,1.038,cut_in_window,571882,"Law, Derek",SB,2B,high,
1c9c9076-1d81-4a12-9013-f8444b4899d1,AWAY,59.797722780883866,7.8,,,,,,,no_release,,no_release,605463,"Scott, Tayler",SB,2B,not measured,no_release
cd46a1c1-b87a-410b-b3de-b7a051fb079d,AWAY,59.68004862818777,6.199999999999999,176.0,112.0,L,0.17,27.35,8.0,PASS,1.072,not_cf_view,606160,"Montero, Rafael",SB,2B,high,
e1f84a57-711b-4273-adef-981447798d5e,HOME,59.70056848207988,7.4,256.0,186.0,L,0.18,26.35,9.0,PASS,1.173,PASS,606160,"Montero, Rafael",SB,3B,high,
ad75e47f-3700-41aa-b9fd-613532e50ecc,AWAY,59.71640003988152,10.1,209.0,135.0,L,0.7,17.91,9.0,release_not_at_hand,,no_set_before_lift,450203,"Morton, Charlie",SB,3B,not measured,release_not_at_hand
3d3fc027-bded-4cc5-8995-e80e14e518a7,HOME,59.67797763269398,5.2,193.0,116.0,R,0.18,22.44,9.0,PASS,1.29,PASS,605483,"Snell, Blake",SB,3B,high,
71838aa0-099b-4593-9c49-da5700421024,AWAY,59.693806613076816,10.3,183.0,,,0.14,,4.0,no_set_before_lift,,no_set_before_lift,605483,"Snell, Blake",SB,2B,not measured,no_set_before_lift
57ee70e5-01a2-4d09-9813-a13d539f3a15,AWAY,59.65110192222632,9.8,,,,,,,no_release,,no_release,605483,"Snell, Blake",SB,2B,not measured,no_release
ebafe6d8-42a9-4846-981c-d958d13b3efb,HOME,59.68125623990829,5.4,180.0,120.0,R,0.09,7.57,8.0,PASS,1.005,PASS,673513,"Matsui, Yuki",SB,3B,high,
af095d89-ef5c-4c7d-9a63-ed7de401cf67,HOME,59.660857622057,5.4,183.0,127.0,R,0.1,19.48,6.0,PASS,0.939,PASS,669432,"Rogers, Trevor",CS,2B,high,
05c4e43c-e76f-4df5-9e69-fef1d79aecfc,AWAY,59.653475397853576,11.1,179.0,,,0.23,,9.0,no_set_before_lift,,no_set_before_lift,608331,"Fried, Max",SB,2B,not measured,no_set_before_lift
9a772a4b-c808-414a-ba1a-6c0aad48bdfc,HOME,59.812569117125,5.7,181.0,129.0,L,0.22,4.36,9.0,PASS,0.869,PASS,680570,"Rodriguez, Grayson",SB,2B,high,
920027c9-8eb8-4d74-9c08-36b3adb908b8,HOME,59.742382278211885,5.3,178.0,116.0,L,0.31,40.31,7.0,PASS,1.038,PASS,642547,"Peralta, Freddy",SB,2B,high,
1940e46b-9055-4abd-b2a0-cbfb474eecdf,AWAY,59.682168767910575,10.5,174.0,112.0,L,0.19,18.72,8.0,PASS,1.039,cut_in_window,642629,"Ramirez, Emmanuel",SB,2B,high,
7cb68230-23ff-4c2a-9701-8303f294314a,AWAY,59.62133355415309,10.1,183.0,117.0,L,0.13,12.25,4.0,PASS,1.107,release_not_at_hand,643410,"Leiter Jr., Mark",SB,2B,low,ball_pts 4.0 outside 5-
17477d36-9444-4d93-b0d7-089437bdef53,HOME,59.804404418490115,8.8,171.0,109.0,L,0.09,21.94,8.0,PASS,1.037,PASS,622491,"Castillo, Luis",SB,2B,high,
fdad00bb-1e7e-4d55-834b-ee21259d5b37,AWAY,59.68266291426076,11.4,188.0,128.0,R,0.51,12.69,9.0,PASS,1.005,cut_in_window,666200,"Luzardo, Jesús",SB,2B,low,release_to_wrist 0.51 outside -0.32
c975379f-e72b-4702-93e3-1fed26a21d73,HOME,59.70273424073316,5.3,178.0,118.0,L,0.17,18.46,6.0,PASS,1.005,PASS,666974,"Cano, Yennier",CS,2B,high,
f2c3f6ed-4f53-43a3-aef8-9dda1527fa3b,HOME,59.73076580190782,7.6,174.0,116.0,L,0.13,20.54,9.0,PASS,0.971,PASS,686613,"Brown, Hunter",SB,2B,high,
2e0e83ef-083d-4a97-9397-91b82007df9a,AWAY,59.607335543028576,10.6,194.0,114.0,R,0.78,6.62,9.0,release_not_at_hand,,release_not_at_hand,676714,"Hughes, Brandon",SB,2B,not measured,release_not_at_hand
cf62ad5b-fa21-46c1-8494-e3cb51fd5512,HOME,59.76955978581413,5.1,173.0,113.0,L,0.17,5.54,8.0,PASS,1.004,PASS,663372,"Feltner, Ryan",SB,2B,high,
1d0e7d0f-4a17-42f4-bd8c-f2aaa97b6cde,AWAY,59.62481436512256,10.3,175.0,111.0,L,0.17,8.7,8.0,PASS,1.073,not_cf_view,663372,"Feltner, Ryan",SB,2B,high,
45fd2e06-19f8-4c85-bb19-a665180bcbb5,HOME,59.68579645447912,5.2,177.0,110.0,R,0.19,23.0,9.0,PASS,1.123,PASS,666142,"Ragans, Cole",CS,2B,high,
f255f43d-d157-4138-b22b-27a2433a3f1d,HOME,59.64973029124218,5.3,182.0,128.0,L,0.29,10.86,9.0,PASS,0.905,PASS,672578,"Hernández, Carlos",SB,2B,high,
51bcc8ff-17c7-4a36-b482-529c1d46a612,HOME,59.7045941366412,5.4,179.0,120.0,L,0.14,28.55,9.0,PASS,0.988,PASS,676962,"Brown, Ben",SB,2B,high,
f74780ca-e235-4622-b431-cdf93204b630,HOME,59.72895560578889,5.3,182.0,129.0,L,0.19,10.84,9.0,PASS,0.887,PASS,680573,"Woods Richardson, Simeon",SB,2B,high,
5b733038-518b-45d8-a139-5de257801eea,HOME,59.70992274020132,5.3,178.0,119.0,L,0.1,9.45,9.0,PASS,0.988,PASS,675921,"Howard, Spencer",CS,2B,high,
e0fb1d77-b419-4f91-9dd8-bc66c59d7c43,AWAY,59.660923520683525,11.6,,,,,,,no_release,,release_not_at_hand,669923,"Kirby, George",SB,2B,not measured,no_release
142eac6c-2f86-4e02-a8ef-9c4b4dd4b420,HOME,59.69045285600695,5.1,200.0,149.0,L,0.26,3.92,9.0,PASS,0.854,PASS,669212,"Morgan, Eli",CS,2B,low,lift_peak_in 3.92 outside 4.28-
97c353f5-09fc-48ea-94d4-25d7b7d43bff,HOME,59.71385296008543,4.9,180.0,121.0,L,0.2,8.15,9.0,PASS,0.988,PASS,669060,"Wilson, Bryse",SB,2B,high,
379b5a94-f147-4772-9d6e-96932c476fab,AWAY,59.77616126688677,6.0,,,,,,,no_release,,no_release,669203,"Burnes, Corbin",SB,2B,not measured,no_release
443e4423-a98f-4be4-92a4-38ecafa320f7,HOME,59.60904414910739,5.0,182.0,128.0,L,0.16,6.08,9.0,PASS,0.906,PASS,506433,"Darvish, Yu",SB,2B,high,
b64b3c79-9e4a-4899-a759-f87bf255d20e,AWAY,59.68866099665326,10.2,177.0,,,0.21,,9.0,no_set_before_lift,,no_set_before_lift,593423,"Montas, Frankie",CS,2B,not measured,no_set_before_lift
51a86b42-4f86-4733-ba08-dc87bef29e63,HOME,59.78466084266017,5.4,175.0,114.0,R,0.15,17.47,9.0,PASS,1.02,PASS,623352,"Hader, Josh",SB,2B,high,
c1a96f5d-127d-4833-b8b2-751df0007644,AWAY,59.6986239080449,6.5,177.0,124.0,L,0.18,16.58,9.0,PASS,0.888,not_cf_view,571656,"Farmer, Buck",CS,2B,high,
95b98ac1-b393-4a8c-a161-55ab2a2cf26c,AWAY,59.721362907441275,10.8,190.0,128.0,L,0.4,7.4,7.0,PASS,1.038,cut_in_window,613534,"Adams, Austin",SB,2B,low,release_to_wrist 0.4 outside -0.32
f86f2f72-0640-4e78-ab14-532785d2f841,HOME,59.764335604453485,5.2,184.0,116.0,L,0.37,25.46,9.0,PASS,1.138,PASS,543294,"Hendricks, Kyle",SB,2B,low,release_to_wrist 0.37 outside -0.32
a0d0cf17-d715-49ac-9542-87270ef37273,AWAY,59.76100922602746,15.7,227.0,,,0.87,,9.0,release_not_at_hand,,release_not_at_hand,572955,"Johnson, Pierce",SB,3B,not measured,release_not_at_hand
afef2f45-aed6-4814-8353-586ffedb134a,AWAY,59.66754344357725,10.2,184.0,121.0,L,0.16,26.66,9.0,PASS,1.056,no_set_before_lift,572955,"Johnson, Pierce",SB,2B,high,
38ab8f59-e2ed-495e-b431-5f6ccc6d762d,HOME,59.61183629179582,4.9,179.0,125.0,L,0.14,9.51,9.0,PASS,0.906,PASS,683003,"Jones, Jared",CS,2B,high,
5c82d853-03b2-4c85-bb2b-23ba348cf970,AWAY,59.74368033918993,10.5,178.0,124.0,L,0.23,3.14,9.0,PASS,0.904,release_not_at_hand,669467,"Pallante, Andre",SB,2B,low,lift_peak_in 3.14 outside 4.28-
0d14a8b3-97e8-4bbd-9ff5-2a8395d686ce,HOME,59.73324899276516,7.3,181.0,119.0,L,0.25,16.81,8.0,PASS,1.038,PASS,676710,"Crawford, Kutter",CS,3B,high,
20e61521-1eb5-4711-a5de-9c75fca990bf,AWAY,59.62911536048831,10.6,,,,,,,no_release,,no_release,643410,"Leiter Jr., Mark",SB,2B,not measured,no_release
def69ab4-6318-4d9a-acf9-9c2df41109b1,HOME,59.7354572607026,5.7,180.0,127.0,L,0.13,8.24,9.0,PASS,0.887,PASS,669302,"Gilbert, Logan",CS,2B,high,
dda3c59d-8718-4931-8d8e-e3f2a5142e53,AWAY,59.68876137147428,11.5,177.0,123.0,L,0.22,12.2,7.0,PASS,0.905,cut_in_window,681035,"Scott, Christian",CS,2B,high,
0177b6b3-46fd-4a94-8292-f7dae9ea5270,HOME,59.6462611532422,4.7,181.0,128.0,R,0.15,7.17,7.0,PASS,0.889,PASS,678061,"Kerr, Ray",SB,3B,high,
b3ad685a-41ed-4100-8346-1e173ab4c980,HOME,59.68628129842043,4.9,179.0,120.0,L,0.17,23.83,8.0,PASS,0.989,PASS,656464,"Ginkel, Kevin",SB,2B,high,
8df6eebc-0e9a-4aac-bc29-f90885fa80d3,AWAY,59.63641951004024,6.3999999999999995,,,,,,,not_cf_view,,cut_in_window,678061,"Kerr, Ray",SB,2B,not measured,not_cf_view
370d6de1-678d-4469-875d-031095bd8aba,HOME,59.627069294674534,4.6,179.0,128.0,L,0.17,17.07,7.0,PASS,0.855,PASS,686826,"Jarvis, Bryce",SB,2B,high,
e60256c3-9904-4279-b4d3-a557d333374f,HOME,59.76324011350716,6.3,183.0,118.0,R,0.48,21.27,5.0,PASS,1.088,PASS,641302,"Alexander, Tyler",SB,2B,low,release_to_wrist 0.48 outside -0.32
9ba2ea69-b7cd-4a15-ae63-c080cc0f2d3d,HOME,59.63422550870412,4.6,179.0,118.0,L,0.19,25.38,8.0,PASS,1.023,PASS,640448,"Finnegan, Kyle",SB,2B,high,
53b39116-601d-46d1-af1c-6db14abc1792,AWAY,59.61190463362923,8.899999999999999,183.0,113.0,L,0.62,19.57,9.0,release_not_at_hand,,not_cf_view,695243,"Miller, Mason",SB,3B,not measured,release_not_at_hand
695e8909-76ad-44db-9d86-ac3da55bdfc6,AWAY,59.690734421281434,10.8,187.0,116.0,L,0.92,17.69,8.0,release_not_at_hand,,cut_in_window,681293,"Arrighetti, Spencer",SB,2B,not measured,release_not_at_hand
063ba9cc-c5c9-485b-94ba-44c4a178ac73,HOME,59.672652875653554,4.3,187.0,119.0,R,0.16,18.12,7.0,PASS,1.14,PASS,678061,"Kerr, Ray",SB,3B,high,
b30a112a-99d3-416c-b486-a1ac522ab34b,HOME,59.72975299079095,4.2,173.0,117.0,L,0.19,17.21,9.0,PASS,0.938,PASS,667755,"Soriano, José",SB,2B,high,
52b9e10a-7ae3-4f0d-8ead-1f6d7af94870,AWAY,59.73033510474768,9.3,181.0,125.0,L,0.23,19.56,9.0,cut_in_window,,not_cf_view,621244,"Berríos, José",SB,2B,not measured,cut_in_window
b6500d8c-7cdf-4361-a6e9-6632fcd7fccc,HOME,59.67323758179349,4.4,180.0,121.0,L,0.17,26.17,9.0,PASS,0.989,PASS,668964,"Myers, Tobias",CS,2B,high,
fc3e98f2-361d-435d-992a-26759a3c4724,HOME,59.705318070281905,6.3,183.0,121.0,L,0.39,15.82,5.0,PASS,1.038,PASS,570632,"Ureña, José",SB,2B,low,release_to_wrist 0.39 outside -0.32
9c89138b-3448-4694-be84-1ccdab402743,AWAY,59.657347150482245,9.3,,,,,,,no_release,,no_release,642546,"Hernández, Jonathan",CS,2B,not measured,no_release
72f3d5ba-8c39-4c14-8291-36b9a9ac6452,HOME,59.694838006539186,4.7,181.0,114.0,R,0.08,22.55,9.0,PASS,1.122,PASS,656756,"Montgomery, Jordan",SB,3B,high,
aeefb6d1-2311-479f-8628-183a7650bec1,AWAY,59.70707968742688,7.699999999999999,179.0,121.0,L,0.18,14.14,9.0,PASS,0.971,no_release,570632,"Ureña, José",SB,3B,high,
d17a150b-be03-4e0a-956c-1b2ed70ed58a,HOME,59.703230649737925,4.6,175.0,107.0,R,0.15,25.88,9.0,PASS,1.139,PASS,607455,"Banda, Anthony",CS,2B,high,
54dd0d4e-9e7e-46ab-b69b-3a97e5020749,AWAY,,4.5,,,,,,,no_clip,,cut_in_window,642048,"Saucedo, Tayler",SB,2B,not measured,no_clip
c941dae1-9aa9-42d0-9cb6-53eae0bc52b7,AWAY,,3.3,,,,,,,no_clip,,no_release,472610,"García, Luis",SB,2B,not measured,no_clip
cfd173d2-6c2b-409d-8200-4b110f2bdb3c,HOME,59.71280981943984,4.7,178.0,107.0,R,0.14,28.06,9.0,PASS,1.189,PASS,642048,"Saucedo, Tayler",SB,3B,high,
33c1557e-b07c-4760-a393-590d24c7dd59,AWAY,59.71931919976112,9.3,182.0,116.0,L,0.13,29.59,7.0,PASS,1.105,no_set_before_lift,625643,"López, Reynaldo",SB,2B,high,
60e885a3-3ad3-45fb-b74e-c3851d636a90,HOME,59.83030167926898,5.0,182.0,130.0,R,0.37,7.44,5.0,PASS,0.869,PASS,571948,"Milner, Hoby",SB,2B,low,release_to_wrist 0.37 outside -0.32
b08af02f-29e8-4220-beaf-fa4326f710c7,AWAY,59.797968009612234,11.6,,,,,,,no_release,,cut_in_window,592767,"Smyly, Drew",SB,2B,not measured,no_release
0156af9e-d8a5-4c2e-a1c9-0534cd59fa49,HOME,59.689678904319294,4.9,179.0,114.0,R,0.13,19.19,9.0,PASS,1.089,PASS,663559,"Falter, Bailey",SB,2B,high,
a7e30a0f-6bec-4095-81f9-a8833aef1a76,HOME,59.77379982269345,5.0,180.0,114.0,L,0.15,13.26,5.0,PASS,1.104,PASS,656557,"Houck, Tanner",SB,2B,high,
9754a259-85ac-43f6-ba03-85d6b1e6fba4,AWAY,,4.6,,,,,,,no_clip,,no_set_before_lift,666214,"Wentz, Joey",SB,2B,not measured,no_clip
4064c109-0ce1-4143-ae25-6284e668ae9c,HOME,59.692783874059394,6.6,182.0,124.0,L,0.14,16.17,7.0,PASS,0.972,PASS,666974,"Cano, Yennier",CS,2B,high,
49dc4cfa-1e2f-4a1f-b2ce-bee0f727f178,AWAY,,6.8,,,,,,,no_clip,,release_not_at_hand,669438,"Englert, Mason",CS,2B,not measured,no_clip
4d3753bc-def2-4d2f-9c93-49a5f07e069f,HOME,59.63833865660727,4.6,177.0,129.0,L,0.11,4.48,9.0,PASS,0.805,PASS,608379,"Wacha, Michael",CS,2B,high,
85b897a4-83d1-41ee-a028-da7bba331b8e,HOME,59.74949471106325,4.8,178.0,118.0,L,0.35,19.51,4.0,PASS,1.004,PASS,623474,"Herget, Jimmy",SB,2B,low,release_to_wrist 0.35 outside -0.32; ball_pts 4.0 outside 5-
b072dd69-03b6-4d99-a305-a57905e46eab,HOME,59.76070115125978,4.7,178.0,125.0,L,0.23,21.23,9.0,PASS,0.887,PASS,681190,"Vásquez, Randy",SB,2B,high,
46be35c3-10a9-4274-9823-25e986f2c724,HOME,59.797608095676175,4.6,178.0,124.0,L,0.16,8.6,9.0,PASS,0.903,PASS,657746,"Ryan, Joe",CS,2B,high,
ca1f99f7-f6be-4536-bbc0-9c80e60f6c84,HOME,59.72687808399339,4.9,175.0,120.0,L,0.19,3.66,9.0,PASS,0.921,PASS,808967,"Yamamoto, Yoshinobu",CS,2B,low,lift_peak_in 3.66 outside 4.28-
2579ef09-54d9-40ec-b383-750afd86c6a2,HOME,59.669915858714155,4.9,178.0,119.0,R,0.24,20.44,8.0,PASS,0.989,PASS,688107,"Gasser, Robert",SB,2B,high,
cee76de0-b961-4819-84a1-a1b51cc3a5c9,HOME,59.8252109145542,5.0,174.0,111.0,L,0.2,18.66,9.0,PASS,1.053,PASS,608371,"Sims, Lucas",SB,2B,high,
647a2d4f-655a-42f4-98c4-506d11de6690,HOME,59.79164273386214,6.9,217.0,155.0,L,0.23,17.86,6.0,PASS,1.037,PASS,671345,"Foley, Jason",SB,2B,high,
eebf6d6f-730c-4f82-8889-0ebe6ca40311,HOME,59.7566026779117,5.6,173.0,116.0,L,0.15,19.26,9.0,PASS,0.954,PASS,668881,"Greene, Hunter",SB,2B,high,
c5169913-dff2-4cc7-af2a-9948b6c042c9,AWAY,,4.8,,,,,,,no_clip,,release_not_at_hand,657006,"Steele, Justin",SB,2B,not measured,no_clip
2c51b8ad-1f05-4c9c-ae47-eb5dc28a70cc,HOME,59.72873200879339,4.8,181.0,134.0,R,0.15,4.19,7.0,PASS,0.787,PASS,680730,"Parker, Mitchell",SB,2B,low,lift_peak_in 4.19 outside 4.28-
5d7c6ad3-819c-4c37-ac11-4f7822074d60,HOME,59.820252335309014,5.1,213.0,161.0,L,0.14,20.63,9.0,PASS,0.869,PASS,676684,"Vest, Will",SB,2B,high,
3ae1fa33-9de4-4520-98b4-7fb72eedcd23,HOME,59.74026830369948,4.7,172.0,113.0,L,0.26,18.21,9.0,PASS,0.988,PASS,615698,"Quantrill, Cal",SB,2B,high,
4be3a1c8-f84a-4f6c-bae4-e149aef877c6,HOME,59.70497138016199,4.8,184.0,115.0,R,0.21,13.69,9.0,PASS,1.156,PASS,669276,"Lee, Dylan",CS,2B,high,
3df16f06-7ba6-4d4f-8873-79891be0810e,AWAY,59.73100308679316,6.4,,,,,,,not_cf_view,,no_set_before_lift,640455,"Manaea, Sean",SB,2B,not measured,not_cf_view
b8a07cce-2f10-46af-aad2-625b7ba0bfa6,AWAY,59.66695853027524,6.5,211.0,162.0,R,0.11,2.88,9.0,PASS,0.821,not_cf_view,640455,"Manaea, Sean",SB,3B,low,lift_peak_in 2.88 outside 4.28-
a2ed68f3-6e40-46f7-a54c-ba8c7f9341f7,HOME,59.763610178846726,4.9,177.0,120.0,R,0.14,6.18,8.0,PASS,0.954,PASS,676979,"Crochet, Garrett",SB,2B,high,
23b04dbc-1306-4df3-861e-7f586854cd8c,HOME,59.76370697975202,4.8,181.0,114.0,R,0.13,14.22,9.0,PASS,1.121,PASS,672282,"Detmers, Reid",SB,3B,high,
80aa3d75-bb13-4a54-b23f-1b5b34c57dc5,HOME,59.75361864094624,4.9,180.0,121.0,L,0.15,8.28,9.0,PASS,0.987,PASS,657746,"Ryan, Joe",CS,2B,high,
84e614e9-28b3-457a-a64a-f12b407d8bf1,AWAY,59.69544061993152,10.9,176.0,117.0,L,0.13,25.81,9.0,PASS,0.988,cut_in_window,681190,"Vásquez, Randy",SB,2B,high,
9b9b587d-b026-4e14-912c-2a1e59122d48,AWAY,,4.6,,,,,,,no_clip,,no_release,682243,"Miller, Bryce",CS,2B,not measured,no_clip
f4a80a47-c254-4dcb-bd71-909eb8615d5a,HOME,59.715870414103755,5.1,180.0,131.0,R,0.11,4.72,9.0,PASS,0.821,PASS,657006,"Steele, Justin",SB,2B,high,
5f396b50-54a0-47d2-96e0-8c359c44f802,HOME,59.65572725340781,4.9,180.0,111.0,R,0.16,21.74,9.0,PASS,1.157,PASS,605483,"Snell, Blake",SB,2B,high,
fe060b0b-f0e3-4d92-b128-414cdc3ab187,HOME,59.722462588976946,5.0,179.0,124.0,L,0.18,5.1,9.0,PASS,0.921,PASS,445276,"Jansen, Kenley",SB,2B,high,
e5449cbd-e770-44b0-b7bd-195bf1ae921c,AWAY,59.67997067844673,11.8,,,,,,,no_release,,release_not_at_hand,622253,"Tate, Dillon",CS,3B,not measured,no_release
2087bfb7-e31d-4920-be3d-01bdc0811358,HOME,59.734583570165185,6.9,176.0,114.0,L,0.17,13.77,9.0,PASS,1.038,PASS,680897,"Nastrini, Nick",SB,2B,high,
6a3c33b4-2d57-4021-bb02-f0f1fb06ea7e,AWAY,,4.9,,,,,,,no_clip,,release_not_at_hand,660896,"Alcala, Jorge",SB,2B,not measured,no_clip
1445096b-b71b-4d9d-b394-527b68491657,AWAY,59.77494832586538,11.5,177.0,121.0,L,0.21,7.77,9.0,cut_in_window,,cut_in_window,641793,"Littell, Zack",SB,2B,not measured,cut_in_window
06e275cb-0622-4e1d-a1a6-c12b83969e1f,HOME,59.75398942814033,5.3,179.0,118.0,L,0.18,17.35,9.0,PASS,1.021,PASS,663554,"Mize, Casey",CS,2B,high,
15446e39-77e8-4f27-89b9-7a492c75df11,HOME,59.76732555565576,6.0,183.0,116.0,L,0.16,17.42,9.0,PASS,1.121,PASS,666808,"Doval, Camilo",SB,2B,high,
8e779246-3ad4-4498-be0a-d757c06e0435,AWAY,59.688439464334515,9.7,,,,,,,not_cf_view,,cut_in_window,663554,"Mize, Casey",CS,2B,not measured,not_cf_view
26b50bd5-710f-4686-8e27-98b470acab7e,AWAY,59.75075399760997,14.9,176.0,114.0,L,0.12,25.53,9.0,PASS,1.038,cut_in_window,622491,"Castillo, Luis",CS,2B,high,
30fb5d70-4090-4e2e-aa0e-7134555ab4da,HOME,59.67749202047472,5.1,178.0,112.0,L,0.18,14.86,9.0,PASS,1.106,PASS,680573,"Woods Richardson, Simeon",SB,2B,high,
f55c6556-9e22-4715-83c2-89a38ae9a4a8,AWAY,,1.7,,,,,,,no_clip,,not_cf_view,458681,"Lynn, Lance",SB,2B,not measured,no_clip
68f6fe0a-4773-496c-9470-e5ac5e2481aa,AWAY,59.69248125933728,10.7,,,,,,,no_release,,cut_in_window,621383,"Banks, Tanner",CS,2B,not measured,no_release
23610a04-cf85-44d7-af0f-a5a4389349f3,HOME,59.735389019723875,5.2,205.0,148.0,L,0.18,14.15,9.0,PASS,0.954,PASS,693312,"Nicolas, Kyle",CS,2B,high,
da3af56e-7539-4dc2-82d6-9bc35f402f5f,HOME,59.66922981660156,5.6,176.0,109.0,L,0.15,24.82,6.0,PASS,1.123,PASS,678394,"Bello, Brayan",SB,3B,high,
c370b68e-a4d0-445f-acc2-15ccb54e22a7,HOME,59.71971879874706,5.2,178.0,106.0,R,0.16,23.12,9.0,PASS,1.206,PASS,596295,"Gomber, Austin",SB,2B,high,
e26d2a9f-81aa-48e2-b595-55bb5056d9a8,AWAY,59.69351208053829,10.8,174.0,101.0,L,0.16,17.9,9.0,cut_in_window,,cut_in_window,663362,"Waldron, Matt",SB,2B,not measured,cut_in_window
9e552c6e-4a65-44e4-b528-34dbf2c00a03,AWAY,59.67538781823284,13.9,182.0,129.0,L,0.14,14.83,3.0,PASS,0.888,release_not_at_hand,702795,"Loutos, Ryan",SB,2B,low,ball_pts 3.0 outside 5-
684cea3e-b214-4dbc-8f54-7d11d3d4243f,AWAY,59.660296039049555,11.3,216.0,,,0.75,,7.0,cut_in_window,,release_not_at_hand,669022,"Gore, MacKenzie",SB,2B,not measured,cut_in_window
80ef892e-4ef6-4c7c-a0f6-eb4d099e6a15,HOME,59.745422995398286,5.1,205.0,151.0,R,0.12,8.32,9.0,PASS,0.904,PASS,669022,"Gore, MacKenzie",SB,2B,high,
ceb3a541-05ba-4408-90fc-2ef8027fff34,HOME,59.658884722390226,4.6,181.0,116.0,L,0.16,23.27,6.0,PASS,1.09,PASS,434378,"Verlander, Justin",SB,2B,high,
9ff33a4e-29cd-4cc2-9a96-668467aef30b,HOME,59.68124788063751,5.5,209.0,148.0,R,0.1,10.78,9.0,PASS,1.022,PASS,669022,"Gore, MacKenzie",SB,2B,high,
d32bd3ec-faef-42b7-8aa3-761823515ff7,AWAY,59.61169275832723,9.8,179.0,,,0.15,,9.0,cut_in_window,,not_cf_view,502043,"Gibson, Kyle",SB,2B,not measured,cut_in_window
d3fc4dc0-58ff-4403-9d08-94d3f0287119,HOME,59.67300157604097,5.4,179.0,113.0,L,0.26,31.22,9.0,PASS,1.106,PASS,592332,"Gausman, Kevin",SB,2B,high,
8e0b598b-239a-4174-a320-b065f829e047,HOME,59.76115197483741,5.4,212.0,149.0,L,0.16,21.72,9.0,PASS,1.054,PASS,656731,"Megill, Tylor",CS,2B,high,
e087e6e8-a002-4c67-b8a9-2d0ef70bce07,HOME,59.76196505444416,5.4,176.0,123.0,L,0.19,16.47,9.0,PASS,0.887,PASS,800049,"Mazur, Adam",SB,2B,high,
57ef2270-1d63-4e81-8a2a-d4b419035d0e,AWAY,59.75053871916505,13.4,179.0,118.0,L,0.12,22.0,9.0,PASS,1.021,no_release,656730,"Megill, Trevor",SB,2B,high,
63fda90f-c28f-43dd-bba3-9196df29687f,AWAY,59.77954776667068,9.6,178.0,113.0,L,0.23,16.52,9.0,PASS,1.087,cut_in_window,593576,"Neris, Héctor",SB,2B,high,
9d8ad8f8-63d3-480d-abc2-1dd66343dc30,HOME,59.72978548657685,5.2,178.0,114.0,R,0.13,16.9,9.0,PASS,1.071,PASS,656794,"Newcomb, Sean",SB,2B,high,
3b5083e1-2db2-4184-86cc-bf291a6def60,AWAY,59.66483729655006,10.9,180.0,104.0,L,0.18,28.54,9.0,PASS,1.274,cut_in_window,683003,"Jones, Jared",SB,2B,high,
a87eb02e-6360-476c-bef9-bcfb66ecc2d1,AWAY,59.63032525001906,11.7,203.0,134.0,L,0.22,22.16,9.0,PASS,1.157,no_set_before_lift,571882,"Law, Derek",SB,3B,high,
a19c358d-bd46-4a29-a16e-10f025ff267c,AWAY,59.687094926596934,11.2,185.0,,,0.2,,9.0,no_set_before_lift,,no_set_before_lift,608331,"Fried, Max",CS,2B,not measured,no_set_before_lift
71fd83a5-2560-4964-9645-e3943320e33d,HOME,59.787770895126656,4.8,176.0,116.0,L,0.18,9.18,9.0,PASS,1.004,PASS,687765,"Spence, Mitch",SB,2B,high,
54aff932-18fd-4023-a8cc-31720f5cfef3,AWAY,59.671435704647024,10.4,183.0,113.0,L,0.19,14.1,9.0,cut_in_window,,no_set_before_lift,663474,"McKenzie, Triston",SB,2B,not measured,cut_in_window
14427e73-7315-467f-88e0-de420886b95f,HOME,59.74667410180833,5.2,181.0,115.0,L,0.32,16.0,8.0,PASS,1.105,PASS,607192,"Glasnow, Tyler",SB,2B,high,
7aa40571-5d35-4d9f-a25d-6ce5fd130d50,HOME,59.74098873341085,4.9,173.0,118.0,L,0.16,12.53,9.0,PASS,0.921,PASS,656302,"Cease, Dylan",CS,2B,high,
ee5fee4d-4ad0-4ee5-89ce-292dad7d37a8,HOME,59.7991226810161,4.8,177.0,123.0,L,0.18,11.51,9.0,PASS,0.903,PASS,660600,"Paredes, Enoli",SB,2B,high,
b4048c7c-2815-4b80-b9a0-c5734a8714ac,AWAY,59.70597094872014,9.7,181.0,124.0,R,0.14,13.46,9.0,PASS,0.955,cut_in_window,656222,"Beeks, Jalen",SB,3B,high,
e171d4a8-854e-40a5-b402-bcb30231de68,AWAY,59.64608269546357,6.0,181.0,,,0.13,,9.0,no_set_before_lift,,not_cf_view,643511,"Rogers, Tyler",SB,2B,not measured,no_set_before_lift
d9dea596-b929-4c63-9539-a82deeb9e668,AWAY,59.71276532486811,7.4,179.0,98.0,R,0.16,18.51,9.0,PASS,1.356,no_release,547973,"Chapman, Aroldis",SB,2B,low,delivery_s 1.356 outside 0.7-1.31
87913654-383c-441d-ad7d-abdd5ac3dc9c,AWAY,59.657521635058,8.2,185.0,113.0,L,0.98,7.63,9.0,cut_in_window,,no_release,676534,"Faucher, Calvin",SB,2B,not measured,cut_in_window
f06db266-ec93-4d69-96e0-dbc995b7e1d1,HOME,59.65642319235514,6.3,185.0,117.0,R,0.37,18.92,9.0,PASS,1.14,PASS,666214,"Wentz, Joey",SB,2B,low,release_to_wrist 0.37 outside -0.32
386eb1e6-976e-428f-95c2-a6a7975cf220,AWAY,59.674879429414965,9.1,177.0,117.0,R,1.13,14.58,8.0,release_not_at_hand,,not_cf_view,663531,"Allen, Logan",SB,3B,not measured,release_not_at_hand
593fb090-1a38-433c-88c1-f59015b87b15,HOME,59.713861829375226,4.6,183.0,119.0,L,0.22,25.83,8.0,PASS,1.072,PASS,621244,"Berríos, José",SB,2B,high,
c545e079-a2de-4648-8e96-3fda090326e6,AWAY,59.71199720268121,8.6,178.0,123.0,L,0.19,11.97,9.0,PASS,0.921,cut_in_window,593576,"Neris, Héctor",SB,2B,high,
5b2f791a-65cd-4388-9cf7-b75079da043c,HOME,59.65399321969263,4.3,180.0,111.0,R,0.14,21.07,7.0,PASS,1.157,PASS,666214,"Wentz, Joey",SB,2B,high,
a93dee99-efb9-4c74-85f0-c4f361d94c4c,AWAY,59.653963782551216,9.9,178.0,123.0,L,0.15,15.51,6.0,PASS,0.922,no_release,641712,"Hudson, Dakota",SB,2B,high,
21af6c9e-230b-4a69-8430-a0254bdbd3ba,HOME,59.67510222123992,4.8,178.0,119.0,L,0.21,13.1,9.0,PASS,0.989,PASS,622663,"Severino, Luis",CS,2B,high,
aa7cb2c7-8b15-4c54-b13d-130ea8ad180a,HOME,59.70725352664813,4.3,174.0,125.0,L,0.12,2.99,9.0,PASS,0.821,PASS,605400,"Nola, Aaron",SB,2B,low,lift_peak_in 2.99 outside 4.28-
1f0e4bfd-6b7f-494c-a3c5-45a9ecbcf4ff,HOME,59.71711189165419,4.5,178.0,114.0,L,0.18,18.91,9.0,PASS,1.072,PASS,669302,"Gilbert, Logan",SB,2B,high,
e18c6271-94fc-479b-b551-b54140cfc481,HOME,59.735397429695226,4.8,178.0,121.0,L,0.4,10.54,9.0,PASS,0.954,PASS,607200,"Fedde, Erick",SB,2B,low,release_to_wrist 0.4 outside -0.32
67fcaf1d-62bc-4b50-9a41-d01e70cd69b2,HOME,59.66882340538847,4.5,182.0,119.0,L,0.22,13.36,6.0,PASS,1.056,PASS,518585,"Cruz, Fernando",SB,2B,high,
70672578-bd35-482f-9e68-603f4a0485c5,HOME,59.68469845773761,4.5,178.0,117.0,L,0.12,24.26,9.0,PASS,1.022,PASS,573186,"Stroman, Marcus",SB,2B,high,
fe36a041-2c03-4e7a-bbfe-c5c238baad31,AWAY,59.71119416784808,9.3,184.0,,,1.2,,9.0,release_not_at_hand,,release_not_at_hand,605130,"Barlow, Scott",SB,2B,not measured,release_not_at_hand
9c01f21b-c6df-430d-bb1c-cc3fc02eb227,HOME,59.72680516894943,4.6,178.0,117.0,L,0.18,25.08,9.0,PASS,1.021,PASS,668881,"Greene, Hunter",SB,2B,high,
329dfdbe-183c-4f44-94db-3084b7246584,HOME,59.63822976919742,4.6,177.0,106.0,R,0.11,23.6,9.0,PASS,1.191,PASS,676664,"Sears, JP",SB,2B,high,
24773622-d55e-45ec-83a8-d82cdab92c1b,HOME,59.70300468939964,4.6,200.0,131.0,R,0.38,23.96,7.0,PASS,1.156,PASS,663559,"Falter, Bailey",SB,2B,low,release_to_wrist 0.38 outside -0.32
f5e82566-9e8f-41ed-b36b-4d8858017240,HOME,59.79609008753046,4.6,183.0,116.0,L,0.26,16.87,9.0,PASS,1.12,PASS,641154,"López, Pablo",SB,3B,high,
5a151529-9fb5-4073-b02c-a6ffdd15da98,HOME,59.59587089864527,4.6,202.0,138.0,L,0.22,43.42,9.0,PASS,1.074,PASS,621111,"Buehler, Walker",SB,2B,high,
ab2f6be8-881a-4071-be39-0bad9c8bd752,HOME,59.71621527474436,4.8,179.0,114.0,L,0.35,17.59,8.0,PASS,1.088,PASS,623149,"Sewald, Paul",SB,2B,low,release_to_wrist 0.35 outside -0.32
971916d5-f8a6-4c7f-8723-87a94d439c56,HOME,59.749785029925874,4.6,182.0,132.0,L,0.19,11.02,9.0,PASS,0.837,PASS,663903,"Singer, Brady",CS,2B,high,
a2bc29a6-ae41-40d8-af8c-2176db23ae15,AWAY,59.69274432379072,7.0,173.0,94.0,R,0.17,15.89,9.0,cut_in_window,,not_cf_view,700249,"Povich, Cade",SB,2B,not measured,cut_in_window
4e6c37ac-28d7-46ef-8ee9-5b9f0e2a3867,AWAY,59.721359220441904,9.6,178.0,118.0,L,0.16,27.34,9.0,PASS,1.005,cut_in_window,677944,"Cecconi, Slade",SB,2B,high,
f41117b8-a25f-40d8-8e93-79012ccf0264,AWAY,59.75578797017232,11.3,179.0,124.0,L,0.16,25.12,8.0,PASS,0.92,cut_in_window,543243,"Gray, Sonny",SB,2B,high,
0073562a-364d-482d-a3c5-5a7779b3d2c4,AWAY,59.749188434987595,8.0,,,,,,,no_release,,release_not_at_hand,543243,"Gray, Sonny",SB,3B,not measured,no_release
b784203e-3152-4931-95c7-75e172843ea0,HOME,59.768637532133674,4.8,182.0,137.0,L,0.15,5.46,9.0,PASS,0.753,PASS,676440,"Bibee, Tanner",SB,2B,high,
34c44990-aa7c-4ca2-bf88-44ee88ef02c3,HOME,59.79633587437283,6.1,174.0,115.0,L,0.16,27.67,9.0,PASS,0.987,PASS,681190,"Vásquez, Randy",SB,2B,high,
5996a11e-66c7-47d7-9402-1ee97fbc03f3,AWAY,59.713783451665755,9.9,176.0,117.0,L,0.18,18.38,9.0,PASS,0.988,cut_in_window,660853,"De Los Santos, Enyel",SB,2B,high,
6040b562-6eb8-46e7-b2f1-b31b8d501318,AWAY,59.68930949162054,13.5,264.0,,,,,9.0,cut_in_window,,cut_in_window,572955,"Johnson, Pierce",CS,2B,not measured,cut_in_window
04e18845-1ce4-4618-a69c-29194e2e5dd1,HOME,59.69842485846148,5.4,193.0,146.0,L,0.14,2.17,8.0,PASS,0.787,PASS,528748,"Castellanos, Humberto",SB,2B,low,lift_peak_in 2.17 outside 4.28-
c642688c-9e55-415a-8873-5c6aa4c69684,HOME,59.680211834199,5.0,178.0,117.0,R,0.15,36.78,7.0,PASS,1.022,PASS,677960,"Weathers, Ryan",CS,2B,high,
03f51fc8-f57a-458b-ad2a-7e461bb76ab1,HOME,59.67532204413764,5.0,181.0,125.0,R,0.13,6.86,8.0,PASS,0.938,PASS,676979,"Crochet, Garrett",SB,2B,high,
731a02a9-5db7-4d63-b4e5-9dd2521a2097,AWAY,59.71938804920509,11.3,177.0,113.0,R,0.15,24.51,9.0,PASS,1.072,cut_in_window,676979,"Crochet, Garrett",SB,3B,high,
555ef529-d227-4e9c-958d-2b49a5a07c7a,AWAY,59.75504389291579,12.0,178.0,122.0,R,0.21,14.82,7.0,not_cf_view,,not_cf_view,671106,"Allen, Logan",SB,2B,not measured,not_cf_view
ab8981b4-865f-4031-b33d-713eaa0bd1d4,HOME,59.73266178875521,5.9,180.0,125.0,R,0.1,18.43,9.0,PASS,0.921,PASS,666157,"Lodolo, Nick",SB,2B,high,
7f3c8e38-0fe8-47c3-acb6-d2f1c915f9b0,HOME,59.78002593891618,5.8,181.0,122.0,R,0.11,22.59,9.0,PASS,0.987,PASS,519242,"Sale, Chris",SB,3B,high,
156ce35d-553d-42fb-9f00-e017f2867a98,AWAY,59.698310324609565,9.5,180.0,110.0,L,0.13,48.64,9.0,cut_in_window,,no_release,680897,"Nastrini, Nick",SB,2B,not measured,cut_in_window
689c4ef7-15cd-405c-a3e4-8509a5ce5f9c,HOME,59.67134748945016,5.4,175.0,119.0,R,0.22,18.62,9.0,PASS,0.938,PASS,696136,"Wicks, Jordan",SB,2B,high,
11c095d6-2cd7-4b2f-ab4b-fe1ee0e95570,HOME,59.73336664867508,5.4,188.0,124.0,L,0.16,9.54,9.0,PASS,1.071,PASS,493603,"Ottavino, Adam",SB,2B,high,
349c28c7-4930-4124-8292-853639525848,HOME,59.633711395772885,7.1,177.0,117.0,L,0.23,11.5,9.0,PASS,1.006,PASS,682610,"Muñoz, Roddery",CS,2B,high,
e21eb8e2-f6e8-4c57-b8ee-4f5f09798490,AWAY,59.66001281400554,12.9,225.0,,,0.46,,9.0,no_set_before_lift,,no_release,680897,"Nastrini, Nick",SB,3B,not measured,no_set_before_lift
db892d27-0680-4976-8de4-152667872737,AWAY,59.62204656073942,9.8,180.0,111.0,L,0.4,5.18,9.0,PASS,1.157,release_not_at_hand,552640,"Kittredge, Andrew",SB,3B,low,release_to_wrist 0.4 outside -0.32
bc5763a8-9635-4695-9b69-a81d4ac577bc,HOME,59.648687307120845,4.8,180.0,112.0,L,0.2,30.8,9.0,PASS,1.14,PASS,592332,"Gausman, Kevin",SB,2B,high,
28055d7b-4e2c-4491-a452-115c8f58958b,HOME,59.77861299875633,4.6,194.0,139.0,L,0.18,16.52,9.0,PASS,0.92,PASS,686613,"Brown, Hunter",SB,2B,high,
3c52aa64-bdbf-4795-bbba-7ff25931d084,HOME,59.70100760680185,4.6,175.0,114.0,L,0.2,20.94,9.0,PASS,1.022,PASS,663554,"Mize, Casey",SB,2B,high,
0e4aaaa5-c8cd-487e-b7b5-e2fd45f83688,AWAY,59.63952321377016,11.1,181.0,104.0,L,0.71,5.48,9.0,cut_in_window,,release_not_at_hand,552640,"Kittredge, Andrew",SB,2B,not measured,cut_in_window
3a77e74f-0b37-4653-adce-a6306f7c10de,HOME,59.73041216272914,7.6,193.0,121.0,L,0.24,25.11,9.0,PASS,1.205,PASS,650556,"Abreu, Bryan",SB,2B,high,
2ef2199d-9b1f-42eb-8229-3b1d9341152e,HOME,59.70663876283305,4.9,177.0,121.0,R,0.24,18.99,9.0,PASS,0.938,PASS,696136,"Wicks, Jordan",SB,2B,high,
ba2debe0-485b-465d-93f6-32974279e7ad,AWAY,59.639763838523095,9.7,179.0,118.0,L,0.17,11.38,9.0,PASS,1.023,cut_in_window,680897,"Nastrini, Nick",SB,2B,high,
27d85e74-97e3-463b-8632-c2479cdc6835,HOME,59.7634257524221,4.7,192.0,139.0,L,0.18,18.26,7.0,PASS,0.887,PASS,686613,"Brown, Hunter",SB,2B,high,
dadda245-e46d-463c-a166-013af449e3e8,AWAY,59.77222890287897,10.2,178.0,124.0,R,0.15,8.11,9.0,not_cf_view,,not_cf_view,542881,"Anderson, Tyler",SB,2B,not measured,not_cf_view
83bae7ce-d2e6-4f61-96ba-30108731d6c9,AWAY,,4.6,,,,,,,no_clip,,no_release,605288,"Houser, Adrian",CS,2B,not measured,no_clip
1a61ff25-d442-4799-8f97-70984ea7e07b,HOME,59.76117663116656,4.7,177.0,115.0,L,0.14,18.26,9.0,PASS,1.037,PASS,663554,"Mize, Casey",CS,2B,high,
bc971220-20fe-4a64-9b63-492300e4712a,HOME,59.75764103255605,5.2,179.0,117.0,L,0.17,17.76,9.0,PASS,1.038,PASS,663423,"Thornton, Trent",SB,3B,high,
5bf480b0-0105-462f-8b5a-1c1831070849,AWAY,59.64198311656172,7.7,180.0,124.0,L,0.15,17.01,9.0,PASS,0.939,no_release,502624,"Anderson, Chase",SB,2B,high,
e18b0079-6e5b-4327-a771-d9e159c64964,AWAY,59.7022899234021,11.1,179.0,,,0.12,,9.0,cut_in_window,,no_set_before_lift,671096,"Abbott, Andrew",SB,2B,not measured,cut_in_window
cd02d4a0-73b4-4477-8cda-ad31e7b268a0,AWAY,,5.0,,,,,,,no_clip,,no_release,543859,"Tonkin, Michael",SB,2B,not measured,no_clip
3bca02ad-5911-4d37-86e0-4e80fecbb536,HOME,59.75418845551744,4.7,179.0,115.0,L,0.14,25.59,9.0,PASS,1.071,PASS,665622,"Medina, Luis",SB,2B,high,
d2e58e48-9343-4dfa-8b6a-e59bb0cf5838,HOME,59.67001673402683,4.8,177.0,107.0,R,0.19,28.56,9.0,PASS,1.173,PASS,621363,"Poche, Colin",SB,2B,high,
9611bb21-911e-4826-8529-a8197086ce5c,HOME,59.59977264684119,4.5,177.0,115.0,L,0.15,21.28,9.0,PASS,1.04,PASS,622491,"Castillo, Luis",SB,2B,high,
7e0426f8-b566-4191-9321-6eac7e62e3cb,HOME,59.63165288824495,4.6,178.0,121.0,R,0.08,15.54,9.0,PASS,0.956,PASS,607481,"Bummer, Aaron",SB,3B,high,
d368693f-d209-4125-92aa-60d470d5c53f,HOME,59.68397860136205,5.2,177.0,123.0,L,0.12,3.36,7.0,PASS,0.905,PASS,676775,"Winn, Keaton",SB,2B,low,lift_peak_in 3.36 outside 4.28-
3b369bf9-5f72-4402-9b92-f76b21a17a25,HOME,59.64824041620169,5.5,179.0,126.0,L,0.13,21.37,9.0,PASS,0.889,PASS,669711,"Weissert, Greg",SB,2B,high,
48d5e162-d91e-4b99-9262-4a075a067ba5,AWAY,59.77691273916867,9.2,178.0,,,0.9,,9.0,release_not_at_hand,,no_release,572143,"Smith, Burch",SB,2B,not measured,release_not_at_hand
e1454c15-5302-466a-80cb-ab3da32736bd,HOME,59.688863224456426,6.7,178.0,118.0,L,0.24,26.71,9.0,PASS,1.005,PASS,660896,"Alcala, Jorge",SB,2B,high,
6770ddf1-3f64-43fd-bce0-39648d8cd138,HOME,59.70889401168713,4.8,176.0,130.0,R,0.19,6.49,9.0,PASS,0.77,PASS,663776,"Sandoval, Patrick",SB,2B,high,
86f01fa0-18aa-4128-b0c4-76a64a861eed,HOME,59.72409152086137,4.9,181.0,121.0,L,0.17,18.88,9.0,PASS,1.005,PASS,434378,"Verlander, Justin",SB,2B,high,
8f71d530-6493-4cc0-a10c-135120168b7f,AWAY,59.67750598014468,13.3,,,,,,,no_release,,cut_in_window,687765,"Spence, Mitch",CS,2B,not measured,no_release
da3418e1-1dcd-413c-9d68-9164edfa6fbc,HOME,59.70498317353911,5.0,204.0,150.0,L,0.16,13.57,9.0,PASS,0.904,PASS,663568,"Kolek, Stephen",SB,2B,high,
8294c5aa-4293-4e97-a1fd-972290e340ab,HOME,59.63390042124314,4.8,176.0,98.0,R,0.18,22.61,7.0,PASS,1.308,PASS,518397,"Alexander, Scott",SB,3B,high,
d1b573a7-f7f8-4195-beb1-637127b29092,HOME,59.69731743524049,4.7,183.0,127.0,L,0.14,3.01,9.0,PASS,0.938,PASS,669467,"Pallante, Andre",SB,2B,low,lift_peak_in 3.01 outside 4.28-
9cc2a769-0a4a-4675-8adf-0c84cd1c49b4,HOME,59.706544957919434,4.5,174.0,119.0,L,0.21,11.28,9.0,PASS,0.921,PASS,593423,"Montas, Frankie",SB,3B,high,
dfbce730-86c6-4f49-bf04-1f49f6188a93,AWAY,,6.9,,,,,,,no_clip,,release_not_at_hand,676775,"Winn, Keaton",SB,2B,not measured,no_clip
e9101bb3-cf5e-41c8-85d1-77f0bf431341,AWAY,59.655548190673066,13.0,177.0,,,0.16,,8.0,cut_in_window,,cut_in_window,621383,"Banks, Tanner",SB,3B,not measured,cut_in_window
8fe56147-7f36-4b53-88f8-efcc92ee9b1d,HOME,59.71063793822928,4.7,180.0,121.0,L,0.13,21.34,8.0,PASS,0.988,PASS,661527,"Martinez, Seth",SB,2B,high,
c048a6c1-cab7-4508-9877-da428402d5af,HOME,59.73277443018077,4.6,182.0,133.0,L,0.26,15.38,8.0,PASS,0.82,PASS,694462,"Waldrep, Hurston",CS,2B,high,
a3cf2cda-2780-475b-a4c5-7083c298ac93,AWAY,59.762985432772304,21.0,253.0,,,,,9.0,cut_in_window,,cut_in_window,641793,"Littell, Zack",SB,2B,not measured,cut_in_window
728409f7-6535-4375-b42f-c109337b5083,HOME,59.68880554666866,4.7,179.0,115.0,L,0.19,24.63,9.0,PASS,1.072,PASS,606160,"Montero, Rafael",CS,2B,high,
7add968d-f036-4a86-bbba-0f6e78ea33be,AWAY,59.76217095233255,6.7,177.0,123.0,L,0.2,27.81,9.0,PASS,0.904,not_cf_view,666745,"Brito, Jhony",SB,2B,high,
7a1225e5-fd16-4e20-9656-d0b2f32063d7,HOME,59.63784128031848,5.1,196.0,133.0,R,0.12,25.84,9.0,PASS,1.056,PASS,690986,"Harrison, Kyle",SB,2B,high,
31842ef1-9ba8-4a4e-9437-20e4154ac70d,HOME,59.80222884947418,4.9,182.0,112.0,L,0.12,19.96,9.0,PASS,1.171,PASS,669203,"Burnes, Corbin",SB,2B,high,
962df28f-7e4a-46f1-8de3-50913c2c2ac1,AWAY,59.66138340470177,9.7,177.0,,,0.22,,9.0,no_set_before_lift,,no_set_before_lift,641656,"Hamilton, Ian",SB,2B,not measured,no_set_before_lift
fcc39d7b-da89-41f8-b09a-d455a3fe5c08,HOME,59.69823589094599,4.7,185.0,113.0,R,0.24,22.24,8.0,PASS,1.206,PASS,663893,"Little, Brendon",SB,2B,high,
399d38d7-c873-47e1-9933-84317855223e,AWAY,59.66612203601984,10.1,191.0,107.0,R,0.64,19.57,9.0,release_not_at_hand,,cut_in_window,656794,"Newcomb, Sean",SB,2B,not measured,release_not_at_hand
3978d32d-5775-466a-8975-5e39138a0ba9,HOME,59.677432581722584,7.0,172.0,119.0,L,0.12,21.19,9.0,PASS,0.888,PASS,656302,"Cease, Dylan",SB,2B,high,
ca89d715-e53b-4e81-b45a-3e29083b4f87,HOME,59.74609077425834,4.8,183.0,123.0,L,0.17,20.02,6.0,PASS,1.004,PASS,621244,"Berríos, José",SB,2B,high,
dfa9c59f-7787-4928-bac2-ebafe9026011,HOME,59.67144173509939,4.8,183.0,120.0,L,0.33,20.38,8.0,PASS,1.056,PASS,615698,"Quantrill, Cal",SB,2B,low,release_to_wrist 0.33 outside -0.32
33939cc2-2228-4c6e-bc29-404e31bf4336,AWAY,59.62721254518991,10.0,181.0,121.0,L,0.15,16.51,9.0,PASS,1.006,release_not_at_hand,554430,"Wheeler, Zack",CS,2B,high,
1c381638-1ccd-4d83-8963-a4319d35d878,AWAY,59.66237929632574,9.7,183.0,114.0,L,0.77,23.04,9.0,release_not_at_hand,,release_not_at_hand,502624,"Anderson, Chase",SB,2B,not measured,release_not_at_hand
9cc6c6d9-c2af-4921-b72c-e284b1ed1876,HOME,59.71934443966624,4.7,184.0,125.0,L,0.19,24.35,9.0,PASS,0.988,PASS,640451,"Harvey, Hunter",SB,2B,high,
8f3f3afc-9a0d-48e3-9f04-7672430d6b86,HOME,59.77585249874372,4.6,182.0,120.0,L,0.11,9.14,7.0,PASS,1.037,PASS,493603,"Ottavino, Adam",SB,2B,high,
b63af3e6-7799-422b-9121-31bc01fdb1f3,AWAY,59.637118465537654,10.1,178.0,,,0.28,,9.0,no_set_before_lift,,cut_in_window,681190,"Vásquez, Randy",CS,2B,not measured,no_set_before_lift
b34fba61-c6f7-4544-988b-d55b3c982d6c,HOME,59.62298998253467,4.6,179.0,111.0,L,0.2,32.26,9.0,PASS,1.14,PASS,663878,"Pearson, Nate",SB,2B,high,
6278318c-fe0e-4d9d-ae35-075b39d57265,HOME,59.649824309631335,5.5,179.0,114.0,L,0.15,17.13,6.0,PASS,1.09,PASS,554340,"García, Yimi",SB,3B,high,
c3c25230-ab57-41ea-81cc-dd0faf7e1095,HOME,59.67507948103258,4.7,176.0,113.0,L,0.13,18.32,9.0,PASS,1.056,PASS,641540,"Dunning, Dane",SB,2B,high,
7f323941-58e9-44ba-9019-4f12a8765343,HOME,59.63346626800128,4.9,174.0,107.0,L,0.33,21.03,9.0,PASS,1.124,PASS,689672,"Thorpe, Drew",SB,2B,low,release_to_wrist 0.33 outside -0.32
57952623-90a9-496c-acab-9c9469138f55,HOME,59.64248207075104,5.2,177.0,122.0,L,0.26,6.63,9.0,PASS,0.922,PASS,622251,"Staumont, Josh",CS,2B,high,
09a4c8b5-bf61-4025-a600-cf5d7ef27b61,AWAY,59.64493719738966,11.3,188.0,119.0,L,0.3,23.33,8.0,PASS,1.157,cut_in_window,689672,"Thorpe, Drew",SB,2B,high,
b98f716b-56b8-47fc-95f8-d1264dc76fd1,AWAY,59.74495794519309,10.5,193.0,,,0.2,,9.0,no_set_before_lift,,cut_in_window,657508,"Baumann, Mike",SB,2B,not measured,no_set_before_lift
0f88add7-03d3-4e30-9c07-d76efb262585,HOME,59.708423863466734,5.0,176.0,116.0,R,0.13,16.42,9.0,PASS,1.005,PASS,682120,"Herrin, Tim",SB,2B,high,
2f398e7f-0539-4e03-a6e4-c2f52d9199b4,HOME,59.72226049100377,5.0,180.0,125.0,R,0.13,21.22,9.0,PASS,0.921,PASS,608718,"Suter, Brent",SB,2B,high,
b07d75e3-550f-4e13-af09-ab778348c306,HOME,59.664492007269466,5.4,175.0,121.0,L,0.2,2.92,7.0,PASS,0.905,PASS,643256,"Cimber, Adam",SB,2B,low,lift_peak_in 2.92 outside 4.28-
34fbd8e1-a2cf-42da-916f-818b72085fd5,AWAY,59.688390427188,11.4,172.0,122.0,L,0.13,9.56,9.0,PASS,0.838,cut_in_window,679885,"Martinez, Justin",CS,3B,high,
e1fc4cfd-8830-43c2-83cd-e87221dc702b,HOME,59.702353484079374,5.0,177.0,118.0,L,0.25,17.6,9.0,PASS,0.988,PASS,571656,"Farmer, Buck",SB,2B,high,
646d4fa2-e382-4608-8813-07d96ee8375b,AWAY,59.75478938236586,10.9,186.0,128.0,R,0.11,14.8,9.0,PASS,0.971,not_cf_view,646242,"Díaz, Jhonathan",SB,2B,high,
e979f281-2265-46ed-8811-4ddcb3aa228b,AWAY,59.750969418553495,10.9,176.0,116.0,L,0.2,21.71,5.0,PASS,1.004,release_not_at_hand,573186,"Stroman, Marcus",SB,2B,high,
223d492c-ef34-40b4-9e8d-5b095ac3080a,AWAY,59.733789140633526,16.8,256.0,,,,,9.0,cut_in_window,,cut_in_window,622253,"Tate, Dillon",SB,2B,not measured,cut_in_window
03443b40-2dac-42ea-ba17-3a5a1bd0d132,HOME,59.63762820998507,5.0,178.0,107.0,R,0.2,25.96,9.0,PASS,1.191,PASS,663559,"Falter, Bailey",SB,3B,high,
4f9543ba-3ee3-4c81-8ed2-8e0aba67197d,AWAY,59.60736364111701,11.2,183.0,111.0,L,0.79,11.26,9.0,cut_in_window,,release_not_at_hand,656186,"Altavilla, Dan",SB,2B,not measured,cut_in_window
0acfca9c-f1f1-4942-bc5e-fc17e8afba53,HOME,59.730004237601655,5.4,176.0,116.0,L,0.18,24.33,7.0,PASS,1.005,PASS,686563,"Cannon, Jonathan",CS,2B,high,
b913e2bf-9c69-457b-a055-7f8545b9a370,AWAY,59.67254320816613,10.4,183.0,,,0.25,,7.0,no_set_before_lift,,release_not_at_hand,664076,"Cleavinger, Garrett",SB,2B,not measured,no_set_before_lift
b33dddfa-183b-44bf-881d-778284598410,HOME,59.68971702241755,5.5,181.0,121.0,L,0.14,15.17,5.0,PASS,1.005,PASS,593576,"Neris, Héctor",SB,2B,high,
2546cac0-5f57-4b1e-b008-f9f2b9d9e111,HOME,59.72821513616099,9.0,172.0,116.0,L,0.19,19.61,9.0,PASS,0.938,PASS,621111,"Buehler, Walker",SB,2B,high,
475fd739-cf00-49b1-91fa-2fa42637f297,HOME,59.734463404188176,5.1,177.0,111.0,L,0.22,18.79,8.0,PASS,1.105,PASS,605135,"Bassitt, Chris",SB,2B,high,
03ff26b6-c022-4184-a06d-cbee0b5f5fcc,HOME,59.71369972479955,5.4,177.0,108.0,R,0.17,23.8,8.0,PASS,1.156,PASS,664076,"Cleavinger, Garrett",SB,3B,high,
ba358045-7352-4edb-be29-2c34cb575f35,HOME,59.710489426978334,7.3,180.0,116.0,L,0.19,16.21,9.0,PASS,1.072,PASS,641154,"López, Pablo",SB,2B,high,
0a69b733-d6b3-4991-b084-9ed0f134f755,HOME,59.67807981077199,5.5,180.0,125.0,L,0.16,3.65,5.0,PASS,0.922,PASS,664208,"Maton, Phil",SB,2B,low,lift_peak_in 3.65 outside 4.28-
968e1fc3-c6ab-4e04-ad27-5075c665fb89,AWAY,59.77137615208717,10.6,190.0,,,1.14,,8.0,cut_in_window,,release_not_at_hand,665871,"Assad, Javier",SB,2B,not measured,cut_in_window
7d4ce151-56fa-4679-af24-f0144b7a9520,HOME,59.81596127490363,5.1,175.0,124.0,L,0.16,20.83,9.0,PASS,0.853,PASS,543243,"Gray, Sonny",SB,2B,high,
c6694d47-aa89-4335-954b-febf75d7a28c,HOME,59.68127508843637,5.1,177.0,106.0,L,0.22,18.0,9.0,PASS,1.19,PASS,600917,"Leclerc, José",CS,2B,high,
92c612b0-00c4-47a5-ab5d-3a4b949058d1,HOME,59.69242099238927,4.8,181.0,116.0,L,0.1,28.52,8.0,PASS,1.089,PASS,687330,"Kelly, Kevin",SB,3B,high,
adb2d4f3-150d-45b2-97cf-086664a02966,AWAY,59.709158614490704,10.6,177.0,,,0.12,,9.0,no_set_before_lift,,no_set_before_lift,596295,"Gomber, Austin",SB,3B,not measured,no_set_before_lift
60f59a70-3c34-48b9-9368-1761c9f64f61,AWAY,59.728566846221064,10.3,179.0,120.0,L,0.21,19.79,9.0,PASS,0.988,cut_in_window,681857,"Olson, Reese",CS,3B,high,
1ffee6cc-8a81-43db-82e0-4a70fd836b75,HOME,59.689001354056046,5.5,180.0,121.0,L,0.2,19.24,7.0,PASS,0.988,PASS,681857,"Olson, Reese",SB,2B,high,
c44d93ca-db4f-4329-82ef-57ba81c9f19d,HOME,59.663322778052176,7.5,171.0,115.0,L,0.15,6.47,9.0,PASS,0.939,PASS,543339,"Hudson, Daniel",CS,2B,high,
4d7e6d43-9939-4f21-98f0-6f4596f67bd5,HOME,59.788452592485264,5.8,194.0,124.0,R,0.09,31.18,9.0,PASS,1.171,PASS,664285,"Valdez, Framber",SB,2B,high,
bc6b587e-bc0b-4230-925d-397468c995e7,HOME,59.69222237626508,5.0,180.0,121.0,L,0.11,25.33,7.0,PASS,0.988,PASS,687330,"Kelly, Kevin",SB,2B,high,
3e5b5ed9-f337-478b-a998-085a54cdf070,AWAY,59.651720941792966,9.7,181.0,,,0.44,,7.0,no_set_before_lift,,cut_in_window,641835,"Mayza, Tim",SB,2B,not measured,no_set_before_lift
858d4a7e-0047-4362-8cb9-9ea1d05f6c0b,HOME,59.713741509930855,5.8,179.0,125.0,L,0.15,12.83,9.0,PASS,0.904,PASS,622663,"Severino, Luis",SB,2B,high,
55bea070-af9d-41c8-a3fe-74eb30a1ac8b,HOME,59.63776503940501,4.9,172.0,108.0,L,0.11,11.81,9.0,PASS,1.073,PASS,472610,"García, Luis",SB,3B,high,
416da81a-ed3a-4a34-828d-a98a778a57f7,HOME,59.68585275365602,4.8,174.0,105.0,R,0.12,23.6,9.0,PASS,1.156,PASS,642232,"Yarbrough, Ryan",CS,3B,high,
ebb5312d-5ef2-4329-af77-8a4129586df6,AWAY,59.71278989087698,11.3,196.0,126.0,L,1.24,3.63,9.0,release_not_at_hand,,release_not_at_hand,682610,"Muñoz, Roddery",CS,2B,not measured,release_not_at_hand
db961d26-81fe-4874-aeba-7c4c48005451,HOME,59.62640099626401,4.9,180.0,124.0,L,0.2,13.91,9.0,PASS,0.939,PASS,622663,"Severino, Luis",CS,2B,high,
fa1f8928-d214-47a9-b5fc-9a49e3712af2,AWAY,59.617115522699,9.6,180.0,116.0,L,0.15,29.94,9.0,PASS,1.074,cut_in_window,625643,"López, Reynaldo",SB,2B,high,
04fd2772-ff9a-47c4-868b-bf426b046040,HOME,59.709569766393074,5.0,177.0,112.0,L,0.14,15.68,9.0,PASS,1.089,PASS,675627,"Grove, Michael",SB,2B,high,
05c537df-1be1-4029-8e94-0c542f9af539,HOME,59.67018797243625,4.9,179.0,107.0,R,0.2,26.83,9.0,PASS,1.207,PASS,656945,"Scott, Tanner",SB,2B,high,
6a35fec2-4768-4db1-8f24-329043bca280,AWAY,59.63387744133855,6.199999999999999,178.0,116.0,L,0.2,14.68,9.0,PASS,1.04,not_cf_view,682610,"Muñoz, Roddery",SB,2B,high,
c6d0bb71-b4f0-48da-bb0b-3f18344ca70d,HOME,59.72528689710012,5.0,184.0,146.0,L,0.09,2.12,9.0,PASS,0.636,PASS,656605,"Keller, Mitch",SB,2B,low,lift_peak_in 2.12 outside 4.28-; delivery_s 0.636 outside 0.7-1.31
31af3a84-a5bd-4f2c-88e3-74b4a40cb122,HOME,59.67440805430022,4.7,179.0,126.0,L,0.17,13.67,7.0,PASS,0.888,PASS,671737,"Bradley, Taj",SB,2B,high,
65569535-4393-4e2c-8921-b69fe48241ae,HOME,59.69684074249444,4.6,180.0,117.0,R,0.13,27.2,6.0,PASS,1.055,PASS,571578,"Corbin, Patrick",SB,2B,high,
7403349d-5427-4033-a0dc-68f48ab81bc0,AWAY,59.730575746029295,10.3,188.0,112.0,L,0.66,27.88,9.0,release_not_at_hand,,release_not_at_hand,668338,"Miller, Tyson",SB,2B,not measured,release_not_at_hand
0dad7ded-f06a-48b2-8f33-6ec7e3659489,AWAY,59.78016940897849,10.6,183.0,,,0.2,,9.0,no_set_before_lift,,no_set_before_lift,663554,"Mize, Casey",CS,2B,not measured,no_set_before_lift
351c4753-5b70-4e9e-a78d-74a1da449116,AWAY,59.809500988438266,10.7,176.0,141.0,L,0.17,5.51,9.0,PASS,0.585,cut_in_window,623167,"Flexen, Chris",SB,2B,low,delivery_s 0.585 outside 0.7-1.31
b9be724d-134a-4cff-bbe6-d362a8033386,AWAY,59.62857447378503,9.9,,,,,,,no_release,,cut_in_window,681676,"Fernandez, Ryan",SB,2B,not measured,no_release
6eec9ca1-95fe-454a-be94-ec0646520378,AWAY,59.75019589815911,10.9,182.0,,,0.17,,8.0,cut_in_window,,no_set_before_lift,621242,"Díaz, Edwin",SB,2B,not measured,cut_in_window
2e2ce0ed-3697-4e60-b0a2-6c3062882a7f,HOME,59.73332352792473,4.8,181.0,117.0,L,0.13,39.15,4.0,PASS,1.071,PASS,642547,"Peralta, Freddy",SB,2B,low,ball_pts 4.0 outside 5-
16ad5f57-b472-4f60-bf7f-b25a198e25e0,AWAY,,5.0,,,,,,,no_clip,,cut_in_window,570632,"Ureña, José",SB,2B,not measured,no_clip
b1dc7ffa-79b5-4d15-b178-2678917e8e4f,AWAY,59.74593476285311,15.4,216.0,,,0.47,,7.0,cut_in_window,,cut_in_window,642547,"Peralta, Freddy",SB,2B,not measured,cut_in_window
4e220aff-7d4a-41bf-9bb8-1b4e3414d09b,HOME,59.815359429970115,5.2,178.0,109.0,L,0.17,27.94,9.0,PASS,1.154,PASS,663362,"Waldron, Matt",SB,2B,high,
be6b2806-af87-45fc-ae8d-d9ae61fd2248,AWAY,59.640075351708106,11.4,171.0,109.0,L,0.19,8.3,9.0,PASS,1.04,cut_in_window,663372,"Feltner, Ryan",SB,2B,high,
d5669f85-f125-4ece-9106-a2dcc5917ea8,AWAY,59.6307349602319,11.6,176.0,,,0.23,,9.0,no_set_before_lift,,no_set_before_lift,458677,"Wilson, Justin",SB,2B,not measured,no_set_before_lift
d21957aa-2fac-4b68-8f42-e0fd3f45a338,AWAY,59.72417415641358,12.6,182.0,120.0,L,0.17,4.42,9.0,cut_in_window,,cut_in_window,663362,"Waldron, Matt",CS,2B,not measured,cut_in_window
bc03cf54-f112-4715-81f0-ebead01942ad,AWAY,59.70251128087376,6.2,,,,,,,no_release,,not_cf_view,681432,"Little, Luke",SB,2B,not measured,no_release
f167687a-ad7e-43c7-949a-44292a966c23,AWAY,59.71028802408705,11.4,185.0,117.0,L,0.18,26.94,9.0,PASS,1.139,cut_in_window,592332,"Gausman, Kevin",SB,2B,high,
599ad06c-3df4-4bc0-afb2-26e2cb135aaa,HOME,59.67392719539775,5.7,176.0,119.0,L,0.21,16.79,9.0,PASS,0.955,PASS,607259,"Martinez, Nick",SB,2B,high,
4cafcf72-0dba-49af-9f85-36a7f37caa77,HOME,59.74119186844272,5.3,173.0,114.0,L,0.22,23.64,8.0,PASS,0.988,PASS,622491,"Castillo, Luis",SB,2B,high,
36d47c46-212d-4d04-8854-caff08ec3bde,AWAY,59.67589557466093,11.0,179.0,119.0,L,0.24,3.96,7.0,cut_in_window,,cut_in_window,678394,"Bello, Brayan",SB,2B,not measured,cut_in_window
742ec592-9aa7-49e0-adef-175432fb7aca,AWAY,59.66594437316997,15.5,240.0,,,2.42,,3.0,not_cf_view,,not_cf_view,689225,"Brieske, Beau",CS,2B,not measured,not_cf_view
f9e58eae-c437-4f75-9f6e-5490925b6570,HOME,59.7522770181954,5.8,180.0,111.0,L,0.13,13.68,9.0,PASS,1.155,PASS,493603,"Ottavino, Adam",CS,2B,high,
be2e1e15-c316-4154-8af9-94d66f7a8f7a,HOME,59.6461990452726,7.4,178.0,113.0,L,0.11,24.93,7.0,PASS,1.09,PASS,678394,"Bello, Brayan",SB,3B,high,
2fcce157-3018-4664-9073-9db7dc88f98a,AWAY,59.77730025395585,12.7,190.0,,,0.58,,5.0,no_set_before_lift,,release_not_at_hand,677865,"Bruihl, Justin",SB,2B,not measured,no_set_before_lift
5e6045a8-4599-43c6-9568-d01e58276af2,HOME,59.66669630244298,5.2,180.0,118.0,L,0.16,15.04,7.0,PASS,1.039,PASS,681293,"Arrighetti, Spencer",SB,2B,high,
5bb7478b-4117-42b1-a7a1-7cd53e63ae62,HOME,59.71975354891161,5.0,174.0,103.0,R,0.12,26.38,9.0,PASS,1.189,PASS,607455,"Banda, Anthony",SB,3B,high,
0ebd24c6-aa5a-4821-8417-c1374995fc79,AWAY,,3.0,,,,,,,no_clip,,no_release,669923,"Kirby, George",SB,2B,not measured,no_clip
75afc70f-dd5a-47d5-b268-b6ebf04cbff1,HOME,59.75246138433345,6.9,191.0,124.0,L,0.34,12.81,9.0,PASS,1.121,PASS,676254,"Walker, Ryan",SB,2B,low,release_to_wrist 0.34 outside -0.32
d443a6c2-1de5-4433-895e-5a92fcbf5491,AWAY,59.68105000066312,8.600000000000001,,,,,,,no_release,,no_release,592426,"Jackson, Luke",SB,2B,not measured,no_release
0ab504cf-ae44-4c97-9f8f-fc7db64f5071,AWAY,59.7862360052266,13.0,178.0,115.0,R,0.17,17.19,9.0,PASS,1.054,no_set_before_lift,671096,"Abbott, Andrew",SB,2B,high,
4788409f-4f62-45e3-b10d-d8b953218e1c,HOME,59.62081464148168,4.9,174.0,123.0,L,0.2,14.57,9.0,PASS,0.855,PASS,800049,"Mazur, Adam",SB,2B,high,
95822f2c-3592-4edc-9a98-c6247342dba8,AWAY,59.64642803310341,9.6,177.0,113.0,R,0.15,22.03,9.0,PASS,1.073,no_set_before_lift,671096,"Abbott, Andrew",SB,2B,high,
583db962-ff49-4f17-b448-5d123144d1f3,AWAY,59.71450223278899,11.0,,,,,,,no_release,,no_release,669060,"Wilson, Bryse",SB,2B,not measured,no_release
4ddd586e-3c33-4330-856b-14c2767465df,AWAY,59.78247614511346,7.9,181.0,112.0,L,0.21,13.14,7.0,PASS,1.154,not_cf_view,676254,"Walker, Ryan",SB,2B,high,
7fc5070a-75f8-4b36-bec2-26b9b6c38b89,AWAY,59.77810870960131,10.1,185.0,119.0,L,0.74,21.49,9.0,release_not_at_hand,,cut_in_window,656730,"Megill, Trevor",SB,2B,not measured,release_not_at_hand
3748c66f-d2b7-4e70-9121-8086aeafda25,HOME,59.69009563601047,4.7,175.0,118.0,L,0.08,18.28,9.0,PASS,0.955,PASS,669923,"Kirby, George",SB,2B,high,
43ba4cab-ecba-4f35-82e0-49d9d256b7d9,HOME,59.65373407233872,4.7,177.0,109.0,L,0.15,18.63,9.0,PASS,1.14,PASS,688297,"Roycroft, Chris",SB,3B,high,
d25a2bc1-bde1-49d0-b19b-28d1f226f706,AWAY,59.74804270111765,9.4,181.0,118.0,L,0.1,35.01,6.0,PASS,1.054,release_not_at_hand,681869,"Dubin, Shawn",SB,2B,high,
73e2573a-9a5b-4637-a83b-3b9e231ab359,HOME,59.75657444520481,4.7,182.0,120.0,R,0.14,18.56,9.0,PASS,1.038,PASS,671096,"Abbott, Andrew",SB,2B,high,
71e67430-3c2d-46ac-b161-46462b755e6e,AWAY,,5.1,,,,,,,no_clip,,no_release,641656,"Hamilton, Ian",SB,2B,not measured,no_clip
3122dbd2-b8cc-4a46-94d4-4ddb80e81c9c,HOME,59.68072556871194,4.8,178.0,110.0,R,0.11,18.5,9.0,PASS,1.139,PASS,640462,"Puk, A.J.",CS,2B,high,
9430b119-0425-4447-a7ca-668badef7df8,HOME,59.80089984766359,4.8,180.0,121.0,L,0.1,21.55,7.0,PASS,0.987,PASS,573186,"Stroman, Marcus",SB,2B,high,
c9b47230-f85e-4f55-8e74-c4d817ccb83e,HOME,59.6629957068436,4.7,177.0,111.0,L,0.17,24.88,9.0,PASS,1.106,PASS,689672,"Thorpe, Drew",SB,2B,high,
eb6d21c8-cf5e-4a30-812e-ac227ebfeb22,HOME,59.743184498848905,6.7,177.0,121.0,L,0.16,18.23,7.0,PASS,0.937,PASS,641712,"Hudson, Dakota",CS,2B,high,
e80cbbd6-101e-454a-8edf-b4e6dd7c13e0,AWAY,59.65266243088576,9.8,,,,,,,no_release,,cut_in_window,668390,"Winn, Cole",SB,2B,not measured,no_release
fad6f462-4491-461a-8dc4-409c27c7b475,HOME,59.75504017805329,4.8,181.0,115.0,R,0.24,29.0,9.0,PASS,1.105,PASS,594580,"Moll, Sam",SB,2B,high,
51b5040c-124a-42b3-a231-23f2a710bef8,HOME,59.7387481506931,4.6,179.0,128.0,L,0.19,12.68,9.0,PASS,0.854,PASS,593423,"Montas, Frankie",SB,2B,high,
08c83b59-c734-418d-a8c7-a18f55f25efe,HOME,59.72535057763569,4.8,178.0,127.0,L,0.11,10.18,9.0,PASS,0.854,PASS,607067,"Rea, Colin",SB,2B,high,
6a092076-e4a8-453d-b941-ab0099afcbed,AWAY,,1.5,,,,,,,no_clip,,not_cf_view,552640,"Kittredge, Andrew",SB,2B,not measured,no_clip
cfb85e03-013c-4209-9b11-a2cc26bbbcf0,HOME,59.760581820004134,6.4,154.0,105.0,L,0.07,19.0,9.0,PASS,0.82,PASS,669203,"Burnes, Corbin",SB,2B,high,
b1242222-919b-4f5f-89d0-cb93ec71a78b,HOME,59.666260688321636,4.6,179.0,124.0,R,0.23,13.5,9.0,PASS,0.922,PASS,669620,"Basso, Brady",SB,2B,high,
d7508596-f856-4e71-8122-b7ea20d2dac7,HOME,59.626100088527835,4.5,181.0,110.0,R,0.15,24.78,9.0,PASS,1.191,PASS,656756,"Montgomery, Jordan",SB,3B,high,
500bc5d9-24be-4062-a037-57a840c211cb,HOME,59.67176857433649,4.4,180.0,116.0,L,0.26,19.82,9.0,PASS,1.073,PASS,671345,"Foley, Jason",SB,2B,high,
43d2385d-9152-41e4-a1b4-89f302f6348d,HOME,59.672758031261566,4.5,181.0,124.0,L,0.25,14.82,9.0,PASS,0.955,PASS,607192,"Glasnow, Tyler",SB,2B,high,
18296d78-7be7-41d9-aa86-0f90e06fb105,HOME,59.63833063865912,4.5,176.0,111.0,L,0.29,21.59,7.0,PASS,1.09,PASS,573186,"Stroman, Marcus",SB,2B,high,
9f5a813f-16aa-4740-b442-5f1c742ae5bb,HOME,59.76485620369512,6.4,179.0,120.0,L,0.09,20.94,9.0,PASS,0.987,PASS,573186,"Stroman, Marcus",SB,2B,high,
f917b032-5b69-4e78-a986-7c5b3bf86bc0,HOME,59.75461271892854,4.6,176.0,118.0,R,0.16,14.52,9.0,PASS,0.971,PASS,666200,"Luzardo, Jesús",CS,2B,high,
81348d60-5ff4-4d03-9203-905ec264c2be,AWAY,59.64510022738266,9.1,177.0,110.0,L,0.16,15.76,9.0,PASS,1.123,cut_in_window,669203,"Burnes, Corbin",SB,2B,high,
c684e964-a19e-4d77-8232-43174562ca9e,AWAY,,4.0,,,,,,,no_clip,,no_release,664854,"Helsley, Ryan",SB,2B,not measured,no_clip
02941b28-a0ee-4f45-94b5-89d13655bf53,HOME,59.61641962266973,4.5,178.0,127.0,L,0.14,10.18,7.0,PASS,0.855,PASS,593423,"Montas, Frankie",CS,2B,high,
2dfeec58-86d2-4261-8cdd-852d8abedfcd,HOME,59.704084119982504,4.6,180.0,120.0,L,0.12,22.58,7.0,PASS,1.005,PASS,573186,"Stroman, Marcus",SB,3B,high,
0ead6315-6a24-496c-afb2-2781569de85c,AWAY,,5.1,,,,,,,no_clip,,cut_in_window,573186,"Stroman, Marcus",SB,2B,not measured,no_clip
3b392570-e96f-46fb-944d-269f8afc249b,AWAY,59.72686174293842,11.0,250.0,,,1.0,,8.0,not_cf_view,,no_release,605513,"Turnbull, Spencer",SB,2B,not measured,not_cf_view
d7125b91-8791-4375-b076-844ebdbf9c73,HOME,59.73478697145416,4.6,178.0,131.0,R,0.14,5.06,7.0,PASS,0.787,PASS,656945,"Scott, Tanner",CS,2B,high,
800a3e68-ea49-483c-80cc-701e10a1f14e,HOME,59.76996301451452,4.5,189.0,121.0,R,0.15,26.08,6.0,PASS,1.138,PASS,669062,"Miller, Erik",SB,2B,high,
08835872-68ac-4e45-8358-4de0263b002c,HOME,59.69304599782687,4.5,179.0,119.0,L,0.19,18.15,7.0,PASS,1.005,PASS,664129,"Hartlieb, Geoff",SB,2B,high,
9442f19c-6fa0-4348-ba34-b1ae89ee5ff7,HOME,59.772901047929366,4.5,193.0,135.0,L,0.6,15.59,7.0,PASS,0.97,PASS,694973,"Skenes, Paul",SB,2B,low,release_to_wrist 0.6 outside -0.32
571ef0bd-0d75-4f2f-bde0-41295ea06084,AWAY,59.70509302535959,9.6,181.0,104.0,R,0.12,21.54,7.0,cut_in_window,,cut_in_window,650911,"Sánchez, Cristopher",CS,2B,not measured,cut_in_window
e469ecd3-556a-4ee4-8782-a4c3ca6c1a27,AWAY,59.67402702387802,11.6,177.0,112.0,R,0.2,20.42,9.0,not_cf_view,,not_cf_view,685126,"Eisert, Brandon",CS,3B,not measured,not_cf_view
3cb84bbf-60f7-4804-a14f-a0ae2acad12a,AWAY,59.737109308637784,10.8,185.0,122.0,L,0.2,20.71,9.0,PASS,1.055,release_not_at_hand,670059,"Holderman, Colin",SB,2B,high,
104e02d2-f12c-4ea1-b17d-494dd82a509d,HOME,59.72242644979583,4.8,181.0,117.0,L,0.13,28.09,9.0,PASS,1.072,PASS,681190,"Vásquez, Randy",CS,2B,high,
21268b12-2267-4613-bda4-88e88eb38f56,AWAY,59.66770608298021,8.4,257.0,,,1.85,,9.0,not_cf_view,,not_cf_view,676684,"Vest, Will",CS,2B,not measured,not_cf_view
318a96e9-368b-47a0-a9a9-86397000398f,HOME,59.706681151548075,4.5,176.0,115.0,L,0.23,32.97,9.0,PASS,1.022,PASS,681857,"Olson, Reese",SB,2B,high,
9c1e3e64-0488-4154-86d8-1fe411880ce8,AWAY,59.67297068925295,11.4,,,,,,,no_release,,not_cf_view,543243,"Gray, Sonny",CS,2B,not measured,no_release
bf609a59-6fd3-40a5-999a-e01f7476585a,AWAY,59.67294361479231,9.5,186.0,,,0.15,,9.0,no_set_before_lift,,cut_in_window,656557,"Houck, Tanner",SB,2B,not measured,no_set_before_lift
b70691fc-bd6b-4cfb-8e62-b8ce3abdcb22,HOME,59.65202982601491,4.5,193.0,157.0,L,0.35,2.78,5.0,PASS,0.604,PASS,643511,"Rogers, Tyler",SB,3B,low,release_to_wrist 0.35 outside -0.32; lift_peak_in 2.78 outside 4.28-; delivery_s 0.604 outside 0.7-1.31
c037654d-f5de-4c56-b011-30a9ce2c49da,HOME,59.6375935798834,4.6,181.0,113.0,L,0.15,15.18,9.0,PASS,1.14,PASS,643338,"Green, Chad",SB,2B,high,
680fe260-070a-4e67-b73c-a804dc5a6370,AWAY,59.69189335852318,9.1,,,,,,,no_release,,no_release,542888,"Armstrong, Shawn",SB,2B,not measured,no_release
c8d113df-6ddb-4fd0-964f-d97eafe75726,AWAY,59.694216551493,9.3,183.0,,,0.16,,9.0,not_cf_view,,not_cf_view,643338,"Green, Chad",SB,2B,not measured,not_cf_view
91b0c326-a657-43df-803f-cf326351c8c6,HOME,59.66958762156882,5.0,178.0,124.0,L,0.16,11.67,9.0,PASS,0.905,PASS,663623,"Irvin, Jake",SB,2B,high,
6e7ce4f2-a6d7-4099-9dcf-b58f8e5b504b,AWAY,59.63234607795062,9.7,186.0,,,0.68,,9.0,release_not_at_hand,,release_not_at_hand,458681,"Lynn, Lance",SB,2B,not measured,release_not_at_hand
12420e31-19b3-4c66-8390-76a2a2614b5b,HOME,59.67811985783933,6.5,178.0,119.0,L,0.42,12.37,7.0,PASS,0.989,PASS,543859,"Tonkin, Michael",SB,2B,low,release_to_wrist 0.42 outside -0.32
e93c295a-180d-47d7-95a7-ac948bfdede0,AWAY,59.79884420209505,7.5,180.0,123.0,L,0.2,11.77,9.0,PASS,0.953,not_cf_view,663474,"McKenzie, Triston",SB,2B,high,
f541989c-daa9-45fe-a84c-7fda546da436,HOME,59.6648957907642,5.5,181.0,120.0,R,0.18,11.83,9.0,PASS,1.022,PASS,663559,"Falter, Bailey",CS,2B,high,
88cb4826-77f8-40c2-81c7-a629a2c5c44f,AWAY,59.76373974826137,9.6,179.0,119.0,L,0.14,22.35,9.0,not_cf_view,,not_cf_view,677944,"Cecconi, Slade",CS,2B,not measured,not_cf_view
1c1215d8-53d8-4226-aae4-0fa1fe4ed7dc,HOME,59.73059442239828,4.4,159.0,108.0,L,0.15,4.58,9.0,PASS,0.854,PASS,663623,"Irvin, Jake",CS,2B,high,
cbfdbbe3-5ba3-4a3c-8fee-703646f39424,HOME,59.66018119017991,4.4,182.0,117.0,L,0.12,20.89,9.0,PASS,1.09,PASS,592094,"Adam, Jason",SB,2B,high,
762b4d6b-e3ff-4ecd-b9f8-cc181fb08ba1,AWAY,59.685295713510584,10.7,193.0,138.0,L,0.12,18.01,9.0,PASS,0.921,cut_in_window,679525,"Marsh, Alec",SB,2B,high,
1b603ac2-6d50-4788-b2cd-9579923af98a,AWAY,59.76328289251693,9.6,180.0,113.0,L,0.18,5.1,7.0,PASS,1.121,not_cf_view,657508,"Baumann, Mike",SB,2B,high,
018f43a4-1665-4bd8-bafe-429f08304b26,AWAY,59.703148226210814,8.399999999999999,,,,,,,no_release,,no_release,592454,"Kahnle, Tommy",SB,2B,not measured,no_release
d716ee1e-07a6-4bf4-8d2b-418f3f819c16,AWAY,59.64068647294488,8.899999999999999,,,,,,,no_release,,no_release,660896,"Alcala, Jorge",SB,2B,not measured,no_release
447e4f24-7561-4188-813a-1b5b11f496ee,AWAY,59.76755238554815,9.0,178.0,109.0,L,0.15,28.31,6.0,PASS,1.154,release_not_at_hand,625643,"López, Reynaldo",SB,2B,high,
d8d66e18-2dd0-4176-a546-a7301296d269,HOME,59.75893754168022,6.7,180.0,119.0,L,0.16,26.37,9.0,PASS,1.021,PASS,622253,"Tate, Dillon",CS,2B,high,
236ec6a6-6faf-4f3c-a6eb-cadfeae7359c,HOME,59.79143744032816,4.5,184.0,130.0,L,0.27,15.96,6.0,PASS,0.903,PASS,663485,"Sands, Cole",SB,2B,high,
708319d6-b72b-4edc-8fe7-e4aa331f11ee,HOME,59.746698891159355,4.5,193.0,138.0,R,0.21,4.06,9.0,PASS,0.921,PASS,571760,"Heaney, Andrew",SB,2B,low,lift_peak_in 4.06 outside 4.28-
e7f17edc-a9f3-4891-bd22-41692fff8fb0,AWAY,59.643570025527445,5.0,,,,,,,not_cf_view,,no_release,694297,"Pfaadt, Brandon",CS,2B,not measured,not_cf_view
011fd7e1-f040-448c-8b69-74670b00fee2,AWAY,59.733747420527195,9.4,179.0,123.0,L,0.25,8.09,9.0,not_cf_view,,not_cf_view,675989,"Bolton, Cody",SB,2B,not measured,not_cf_view
e3ee5306-8436-4604-8ee2-ce0c93b23c08,HOME,59.64856312991739,4.3,173.0,115.0,L,0.17,19.26,8.0,PASS,0.972,PASS,642547,"Peralta, Freddy",SB,2B,high,
7fba575d-3521-4ce0-927b-136918e8cc98,AWAY,59.75881128418634,10.7,,,,,,,no_release,,cut_in_window,592332,"Gausman, Kevin",SB,2B,not measured,no_release
f9e179aa-13ec-4e8f-b073-270993c8888b,AWAY,59.69840675031335,7.9,,,,,,,no_release,,no_release,702352,"Bivens, Spencer",SB,2B,not measured,no_release
cc724ed0-65e4-4df6-bb42-b0bf5288bb74,AWAY,59.724349157733535,6.800000000000001,177.0,,,0.32,,9.0,not_cf_view,,no_release,543037,"Cole, Gerrit",SB,2B,not measured,not_cf_view
3e2551a1-7cd7-472c-9f2f-d26568040722,AWAY,59.67348335880567,10.7,181.0,,,0.39,,9.0,no_set_before_lift,,no_set_before_lift,670059,"Holderman, Colin",SB,2B,not measured,no_set_before_lift
e106dcd3-13a1-4f75-9906-ddfa135c4a69,AWAY,59.737081089660634,9.4,179.0,99.0,L,0.21,23.21,9.0,cut_in_window,,cut_in_window,592332,"Gausman, Kevin",SB,2B,not measured,cut_in_window
727de7b6-4477-4bad-82c6-5a05580300b0,AWAY,59.7382893988242,10.7,181.0,110.0,R,0.16,22.86,9.0,PASS,1.189,no_set_before_lift,641835,"Mayza, Tim",SB,3B,high,
732a7c78-db12-467b-95fd-50f312dd18c3,HOME,59.62657655771661,4.2,173.0,117.0,R,0.13,9.17,9.0,PASS,0.939,PASS,542881,"Anderson, Tyler",CS,2B,high,
50563710-4412-47cf-9db5-5209fdeeab03,HOME,59.80676214569071,4.4,183.0,132.0,L,0.15,10.29,9.0,PASS,0.853,PASS,605280,"Holmes, Clay",SB,3B,high,
dcd19a51-e386-40df-98c0-757730780853,HOME,59.69535937253991,4.4,175.0,120.0,L,0.17,6.57,9.0,PASS,0.921,PASS,472610,"García, Luis",SB,2B,high,
3eccc25a-d4d4-4c34-b059-a523a5f0d4d3,AWAY,59.733000683690975,13.4,180.0,,,0.22,,9.0,cut_in_window,,not_cf_view,686613,"Brown, Hunter",SB,2B,not measured,cut_in_window
3bd87832-5bae-4e58-a0fe-43bb6b886523,AWAY,59.75413267701052,12.9,267.0,,,0.79,,9.0,not_cf_view,,cut_in_window,676760,"Marinaccio, Ron",SB,2B,not measured,not_cf_view
e3c46fa5-b1d0-4746-a07e-a3d5cd933f6c,HOME,59.715744984180034,4.5,180.0,120.0,L,0.32,15.38,9.0,PASS,1.005,PASS,657746,"Ryan, Joe",SB,2B,high,
de02d9dc-a65d-403b-bf90-f3fa6c5778e6,AWAY,59.733802560102795,8.8,211.0,139.0,L,1.04,13.94,6.0,release_not_at_hand,,release_not_at_hand,656887,"Reid-Foley, Sean",SB,2B,not measured,release_not_at_hand
7c66db44-47f3-45e6-b9bc-469be06c117a,AWAY,59.77550036662935,9.3,180.0,105.0,L,0.18,24.48,9.0,cut_in_window,,cut_in_window,614179,"Ruiz, José",SB,2B,not measured,cut_in_window
e313863d-1099-4a8b-9a1d-061ca5fb3f2c,HOME,59.77851723529955,4.4,179.0,114.0,L,0.17,5.93,9.0,PASS,1.087,PASS,657508,"Baumann, Mike",SB,2B,high,
a8bba6c9-f702-412b-b8f5-e88b8b8611f2,HOME,59.69796171120241,6.5,180.0,121.0,L,0.18,23.73,9.0,PASS,0.988,PASS,683627,"Molina, Anthony",SB,2B,high,
343d2db9-9bc3-46df-a618-d80a28ecd835,HOME,59.73451327433628,4.7,179.0,120.0,L,0.14,19.15,8.0,PASS,0.988,PASS,622491,"Castillo, Luis",CS,2B,high,
adb1dd6a-4fa6-4290-a540-2b738343da88,AWAY,59.64157012600673,8.1,,,,,,,no_release,,no_release,681293,"Arrighetti, Spencer",SB,2B,not measured,no_release
17d52ca7-4460-4262-a2fc-8bc12cd12b1f,AWAY,59.76071655120039,9.4,,,,,,,no_release,,no_release,663485,"Sands, Cole",SB,2B,not measured,no_release
1206cf3f-537e-48ff-8d6b-8cac3f091d1e,AWAY,59.72079253405021,9.4,185.0,110.0,L,1.26,13.35,9.0,release_not_at_hand,,cut_in_window,687134,"Blalock, Bradley",SB,2B,not measured,release_not_at_hand
edbe0f2c-c93d-46f1-9162-3ee9b167be83,AWAY,59.77581793699125,9.4,192.0,,,0.43,,9.0,no_set_before_lift,,cut_in_window,543351,"Jackson, Jay",SB,3B,not measured,no_set_before_lift
97d72bf9-7bbd-4989-be8f-18f90758b655,HOME,59.75896477035008,4.7,178.0,119.0,R,0.15,8.14,9.0,PASS,0.987,PASS,669022,"Gore, MacKenzie",SB,2B,high,
949bd920-f532-414a-bc67-dd54b9916f06,HOME,59.70841116725904,6.5,179.0,109.0,L,0.1,20.91,5.0,PASS,1.172,PASS,641755,"Kinley, Tyler",SB,2B,high,
3f294dac-ffc2-43d1-b8bb-fca12d81c8a9,HOME,59.793500043565395,6.5,177.0,125.0,L,0.17,8.3,9.0,PASS,0.87,PASS,680573,"Woods Richardson, Simeon",SB,2B,high,
b65d618f-a0ae-43ba-94c9-504ffec1e5dd,HOME,59.75700288862265,4.5,181.0,122.0,L,0.15,21.14,8.0,PASS,0.987,PASS,622491,"Castillo, Luis",SB,2B,high,
ab32ac1a-c759-4994-984b-146e62eae188,HOME,59.5997632252593,4.5,179.0,117.0,R,0.11,20.62,9.0,PASS,1.04,PASS,595345,"Okert, Steven",SB,2B,high,
de93f34d-5e9e-4107-9648-420c03873386,HOME,59.652387093683,4.4,181.0,139.0,R,0.31,3.25,6.0,PASS,0.704,PASS,657612,"Hill, Tim",SB,3B,low,lift_peak_in 3.25 outside 4.28-
882ca441-c827-4aa7-b4b8-4590636d8312,HOME,59.65360237710567,4.4,177.0,126.0,R,0.12,11.2,9.0,PASS,0.855,PASS,671106,"Allen, Logan",SB,2B,high,
347b2b10-b71e-451c-b291-f628898b5329,HOME,59.64894356927019,4.4,175.0,117.0,R,0.13,8.17,9.0,PASS,0.972,PASS,669022,"Gore, MacKenzie",SB,2B,high,
e2daa7b7-ac44-48b8-bd6f-e0e4f3618514,AWAY,,5.0,,,,,,,no_clip,,cut_in_window,592836,"Walker, Taijuan",SB,2B,not measured,no_clip
0117e659-ea78-46fe-b877-0f7a1edf9488,HOME,59.67589938891102,4.5,181.0,119.0,L,0.18,11.68,9.0,PASS,1.039,PASS,672578,"Hernández, Carlos",CS,2B,high,
a6b0cd85-d458-487f-b20d-642376f4be61,AWAY,59.6772437383548,6.9,178.0,136.0,L,0.25,2.73,7.0,PASS,0.704,no_release,680767,"Vodnik, Victor",SB,2B,low,lift_peak_in 2.73 outside 4.28-
96786d3f-eeb8-4528-af09-bf073a2dfa8b,HOME,59.721061867662286,7.3,177.0,122.0,L,0.17,14.19,9.0,PASS,0.921,PASS,656427,"Flaherty, Jack",SB,2B,high,
99aa0e73-bf83-41a9-bda0-b443df8d0dcf,HOME,59.70897245440389,4.2,176.0,120.0,L,0.15,16.78,9.0,PASS,0.938,PASS,641712,"Hudson, Dakota",CS,3B,high,
5122dba1-5f54-4047-a247-f47b4867fc27,HOME,59.59791274865574,4.4,202.0,148.0,L,0.2,5.56,9.0,PASS,0.906,PASS,689017,"Knack, Landon",SB,2B,high,
d6e9d7ca-4d62-4869-9742-bd9d8c8f524e,HOME,59.79429545177912,4.3,182.0,123.0,L,0.15,13.88,9.0,PASS,0.987,PASS,607200,"Fedde, Erick",SB,2B,high,
a64f1a4b-1ba6-408b-b641-709303a4d585,HOME,59.73481051249987,4.3,182.0,122.0,R,0.09,20.77,9.0,PASS,1.004,PASS,519242,"Sale, Chris",CS,2B,high,
d9f6fd07-8de7-4d31-a725-646ddd757a5d,HOME,59.79375487449089,4.3,202.0,133.0,R,0.12,27.62,9.0,PASS,1.154,PASS,669432,"Rogers, Trevor",SB,2B,high,
c7b9a67d-822b-47ae-b1f6-5ddf91478ebf,AWAY,59.74050219359656,8.7,184.0,133.0,L,0.78,5.94,8.0,release_not_at_hand,,release_not_at_hand,669923,"Kirby, George",CS,2B,not measured,release_not_at_hand
0c6cbee7-1298-4a56-a8fc-8d1dfe0c963f,HOME,59.76073572105754,4.4,198.0,158.0,R,0.14,4.55,7.0,PASS,0.669,PASS,669432,"Rogers, Trevor",CS,2B,low,delivery_s 0.669 outside 0.7-1.31
de1b1e4d-027a-49bb-a333-1c3ece8c3e5a,HOME,59.66260565253084,4.3,182.0,118.0,L,0.13,19.9,5.0,PASS,1.073,PASS,814005,"Bloss, Jake",SB,2B,high,
e0c3780d-2724-48b7-b3f2-f67869cf5edf,HOME,59.75778764043203,6.3,200.0,145.0,R,0.13,20.11,6.0,PASS,0.92,PASS,677053,"Nardi, Andrew",SB,2B,high,
75ac4c5b-f0b0-47e0-97cc-879a6f0c415d,HOME,59.7719865588883,4.5,184.0,128.0,L,0.14,10.61,9.0,PASS,0.937,PASS,814005,"Bloss, Jake",SB,2B,high,
c6e39cf1-5bc2-47d9-88de-4853318fac3b,AWAY,59.675903012449055,5.8,178.0,127.0,L,0.23,6.01,9.0,PASS,0.855,not_cf_view,472610,"García, Luis",CS,2B,high,
f0ecbff1-5848-4dde-8909-46c300821919,AWAY,59.70657713668413,7.8,,,,,,,no_release,,no_release,623465,"Phillips, Evan",SB,2B,not measured,no_release
2224bdf6-8785-49fd-bc34-49eebb01fdbb,HOME,59.68625884754488,4.4,178.0,110.0,R,0.1,24.89,9.0,PASS,1.139,PASS,666214,"Wentz, Joey",SB,2B,high,
6fff814a-a502-427d-a267-26aef4accfea,AWAY,59.71446874714011,10.6,174.0,109.0,L,0.2,22.57,7.0,PASS,1.089,no_set_before_lift,615698,"Quantrill, Cal",SB,2B,high,
e4cb5174-2180-461f-911b-d1a56ed4b876,HOME,59.68970133204591,4.4,173.0,125.0,L,0.21,7.4,9.0,PASS,0.804,PASS,593423,"Montas, Frankie",SB,2B,high,
7f845802-08a3-4d8c-a152-b6fb5ccf8e81,HOME,59.74659013580283,6.1,179.0,123.0,L,0.26,17.05,7.0,PASS,0.937,PASS,640451,"Harvey, Hunter",CS,2B,high,
3cadd240-47da-4656-9bd4-32fda8c78dea,AWAY,59.759826637334605,13.4,189.0,127.0,L,0.63,4.92,9.0,release_not_at_hand,,cut_in_window,664875,"Lawrence, Justin",CS,2B,not measured,release_not_at_hand
b6ebfbca-a3f1-4f3e-a882-abd1137f7448,HOME,59.54410589690218,4.4,177.0,124.0,L,0.09,18.35,9.0,PASS,0.89,PASS,628317,"Maeda, Kenta",SB,3B,high,
db460cb1-b50a-4585-84e9-ac5903fd0edd,AWAY,59.78694706708139,9.7,180.0,125.0,L,0.97,9.76,7.0,not_cf_view,,cut_in_window,615698,"Quantrill, Cal",CS,2B,not measured,not_cf_view
167cefe2-c52d-4b3b-8ae1-933261612e8b,HOME,59.71049457177322,6.5,181.0,119.0,L,0.34,13.54,9.0,PASS,1.038,PASS,683003,"Jones, Jared",SB,2B,low,release_to_wrist 0.34 outside -0.32
f140f687-36be-4846-9bae-e04bb052432b,HOME,59.7486943651838,4.8,196.0,136.0,L,0.19,20.93,9.0,PASS,1.004,PASS,663855,"Hicks, Jordan",SB,2B,high,
7d5b94b6-c45b-4d0e-bcb3-94e27c3f63f0,HOME,59.6565619825218,4.5,194.0,137.0,L,0.12,23.92,9.0,PASS,0.955,PASS,663855,"Hicks, Jordan",SB,2B,high,
ae910226-3d5e-44c9-9943-145bfaf3c0a1,HOME,59.675720477267625,4.4,183.0,119.0,L,0.18,23.13,9.0,PASS,1.072,PASS,621244,"Berríos, José",SB,2B,high,
45ebde5e-6913-4ba5-93b2-ccfe191ba3a8,HOME,59.792210360340434,4.3,177.0,129.0,L,0.13,3.62,9.0,PASS,0.803,PASS,669203,"Burnes, Corbin",SB,2B,low,lift_peak_in 3.62 outside 4.28-
218e0f43-4853-41c0-ab2c-66d5ef6dfea4,HOME,59.665346407395255,4.3,181.0,124.0,L,0.21,25.24,7.0,PASS,0.955,PASS,681190,"Vásquez, Randy",CS,2B,high,
08b9ae4d-3500-44f4-9203-6326f46bf557,HOME,59.69574036511156,4.4,181.0,122.0,L,0.2,26.41,9.0,PASS,0.988,PASS,681190,"Vásquez, Randy",CS,2B,high,
c74e6052-e85e-4953-9479-25c4020a93a8,HOME,59.75062754619152,4.3,172.0,113.0,L,0.16,15.11,9.0,PASS,0.987,PASS,668676,"Plesac, Zach",SB,2B,high,
e6d818ab-5f2d-4c9b-b2f9-d45f7dcc8009,HOME,59.66908411864333,4.2,175.0,119.0,L,0.2,16.14,9.0,PASS,0.939,PASS,679525,"Marsh, Alec",SB,2B,high,
836d520f-c796-4126-be1d-5daa14dedd94,HOME,59.73195021628918,7.4,177.0,124.0,L,0.15,12.47,6.0,PASS,0.887,PASS,570632,"Ureña, José",CS,2B,high,
4d28210c-35e8-437d-9674-0109ecd8c4bb,AWAY,,4.0,,,,,,,no_clip,,no_release,665871,"Assad, Javier",SB,3B,not measured,no_clip
729f5ed7-23cc-4daa-86bc-8b8ecc8da5be,HOME,59.73694489527856,4.5,178.0,123.0,R,0.18,13.19,9.0,PASS,0.921,PASS,656222,"Beeks, Jalen",SB,3B,high,
15ae5430-f257-4748-a935-a9880449addd,AWAY,59.81023342987801,9.0,186.0,122.0,L,0.53,15.74,6.0,PASS,1.07,cut_in_window,657277,"Webb, Logan",SB,2B,low,release_to_wrist 0.53 outside -0.32
3f0a35ab-c6b8-4a5f-a54a-3b26071e7d13,AWAY,59.65919099944803,5.9,176.0,,,0.26,,9.0,no_set_before_lift,,not_cf_view,657277,"Webb, Logan",SB,2B,not measured,no_set_before_lift
0a7dff0e-8c12-40ed-9375-c7a39a454d8a,AWAY,59.74096928446148,9.3,179.0,,,0.09,,9.0,no_set_before_lift,,no_set_before_lift,650644,"Civale, Aaron",SB,2B,not measured,no_set_before_lift
12e5688d-c826-4ab9-8411-7988e54504f2,HOME,59.75870302877969,4.6,177.0,121.0,R,0.09,16.99,9.0,PASS,0.937,PASS,666157,"Lodolo, Nick",SB,2B,high,
2057baa7-8ce8-45a0-abe9-861c70f1bfd0,HOME,59.63410936289208,4.7,181.0,118.0,L,0.14,16.77,9.0,PASS,1.056,PASS,657277,"Webb, Logan",SB,2B,high,
a7c3ec7d-007f-4841-b122-35dd6caf0666,HOME,59.72779461171889,4.6,176.0,124.0,L,0.23,13.42,6.0,PASS,0.871,PASS,682243,"Miller, Bryce",CS,2B,high,
c6fa79b9-16f7-46d6-9e36-0c855129a35a,AWAY,59.74819963865106,13.3,185.0,122.0,L,0.17,18.38,9.0,PASS,1.054,cut_in_window,663423,"Thornton, Trent",CS,2B,high,
d1d80369-f8e6-4bcd-8d10-dfd01ef1981f,HOME,59.660612818809795,4.5,180.0,125.0,L,0.25,25.01,9.0,PASS,0.922,PASS,666745,"Brito, Jhony",SB,2B,high,
de004970-b740-41d6-bb29-3dea2516867f,AWAY,59.75001365255688,10.4,184.0,,,0.11,,9.0,cut_in_window,,cut_in_window,544150,"Suárez, Albert",SB,2B,not measured,cut_in_window
cd54564a-7341-4f98-b196-c13e91956f7a,AWAY,59.66704316652753,11.5,179.0,120.0,L,0.13,15.06,9.0,PASS,0.989,no_release,613534,"Adams, Austin",CS,2B,high,
aded54b5-e409-40c2-a69e-244fb2b194cc,HOME,59.76574135462608,6.6,175.0,123.0,L,0.14,9.4,5.0,PASS,0.87,PASS,667725,"Tyler, Kyle",CS,2B,high,
0d778e78-1505-412a-90e9-24de9c28369b,AWAY,59.67484314633242,10.4,184.0,111.0,L,0.57,18.48,9.0,cut_in_window,,cut_in_window,670059,"Holderman, Colin",SB,2B,not measured,cut_in_window
c321a946-582b-410c-b1cb-e66ebd834ace,HOME,59.77520123706552,4.9,175.0,113.0,L,0.2,24.3,9.0,PASS,1.037,PASS,663362,"Waldron, Matt",SB,3B,high,
0aa46cb4-5d93-4b2f-b809-ccbcbd47710b,AWAY,59.69524378497952,6.6,,,,,,,not_cf_view,,cut_in_window,445276,"Jansen, Kenley",CS,2B,not measured,not_cf_view
c68c00d2-289c-46bd-be7d-246962895d76,AWAY,59.68125293376946,8.8,178.0,124.0,R,0.18,12.33,9.0,not_cf_view,,cut_in_window,700249,"Povich, Cade",SB,3B,not measured,not_cf_view
2b05c7f8-7876-455a-a4c1-956779219928,HOME,59.65016416438531,4.4,181.0,112.0,L,0.45,30.11,9.0,PASS,1.157,PASS,642546,"Hernández, Jonathan",SB,2B,low,release_to_wrist 0.45 outside -0.32
0f4e27f0-6751-4f41-aca1-db8a8861835c,HOME,59.748383567791976,4.6,178.0,118.0,L,0.2,17.81,7.0,PASS,1.004,PASS,663554,"Mize, Casey",SB,2B,high,
b947b70d-2438-4f24-aab3-d6294cd4d463,AWAY,59.691526559256275,9.9,176.0,118.0,R,0.09,14.57,9.0,PASS,0.972,cut_in_window,670970,"Morejon, Adrian",SB,2B,high,
e0c7f59a-1c1f-411c-9885-14b8dde8e92a,HOME,59.739447025778574,4.6,175.0,104.0,R,0.19,20.79,9.0,PASS,1.188,PASS,621363,"Poche, Colin",SB,2B,high,
982c8b00-14a5-4396-ad1b-0448615df2cc,AWAY,59.70740110757773,9.7,187.0,118.0,R,0.72,11.05,9.0,release_not_at_hand,,release_not_at_hand,657649,"Koenig, Jared",SB,2B,not measured,release_not_at_hand
8b265355-013d-4643-a63b-11b7090ccdb1,HOME,59.67187833812591,4.6,183.0,108.0,L,0.57,23.01,9.0,PASS,1.257,PASS,642546,"Hernández, Jonathan",SB,2B,low,release_to_wrist 0.57 outside -0.32
0793819d-6767-402f-8e91-8cc218f6a2b3,AWAY,59.69380428911038,9.4,182.0,121.0,L,0.24,5.28,9.0,not_cf_view,,not_cf_view,681676,"Fernandez, Ryan",SB,3B,not measured,not_cf_view
e2a5c88e-c815-4f1e-9e4f-8d0b2f5958e6,AWAY,59.659249604319896,8.200000000000001,192.0,131.0,L,1.07,12.02,4.0,release_not_at_hand,,not_cf_view,605135,"Bassitt, Chris",CS,2B,not measured,release_not_at_hand
2c6a6b55-e1f1-46f2-a767-e0fc08deb5e8,AWAY,59.75047599959916,6.0,182.0,127.0,L,0.17,18.57,9.0,PASS,0.92,not_cf_view,458681,"Lynn, Lance",SB,2B,high,
75af5fe8-dccc-46d9-aef7-4f65542586d3,AWAY,59.7275058235994,9.8,177.0,,,0.19,,9.0,no_set_before_lift,,no_set_before_lift,668881,"Greene, Hunter",SB,2B,not measured,no_set_before_lift
7fca5cc3-27c1-4ba5-bed5-799256f2999c,HOME,59.65448243382315,4.8,181.0,113.0,L,0.11,25.89,9.0,PASS,1.14,PASS,686613,"Brown, Hunter",SB,2B,high,
14b3ee98-9af5-4359-ab83-fcc97783823b,HOME,59.68045655664791,4.7,174.0,130.0,L,0.12,2.14,5.0,PASS,0.737,PASS,676254,"Walker, Ryan",CS,2B,low,lift_peak_in 2.14 outside 4.28-
5fdcd35c-6be7-4e6e-b7bd-f355baa19811,HOME,59.68314205362286,4.5,180.0,116.0,L,0.22,21.74,7.0,PASS,1.072,PASS,666974,"Cano, Yennier",CS,2B,high,
98e1ba42-afd9-482b-bd3b-831ea788e6f1,HOME,59.70707468727251,4.7,180.0,126.0,L,0.21,14.8,7.0,PASS,0.904,PASS,656605,"Keller, Mitch",SB,2B,high,
19acb8c5-f6d0-405f-9e14-923b403c1430,HOME,59.754565141833545,4.6,176.0,114.0,L,0.22,24.17,9.0,PASS,1.038,PASS,656605,"Keller, Mitch",SB,3B,high,
4d1455fd-196b-493e-9564-24261b529d92,AWAY,59.71201190324696,7.5,175.0,119.0,L,0.19,7.54,7.0,PASS,0.938,no_release,678495,"Rodríguez, Randy",SB,2B,high,
1471a8f9-ace8-47c6-be33-e7f93da37329,HOME,59.65263345632367,4.4,178.0,122.0,R,0.17,12.92,9.0,PASS,0.939,PASS,656271,"Burke, Brock",SB,2B,high,
30d5ea18-4761-4966-b29d-6928a8cf32b0,AWAY,59.71684942264623,10.7,184.0,,,0.16,,9.0,cut_in_window,,cut_in_window,608344,"Irvin, Cole",CS,2B,not measured,cut_in_window
79c95ed5-5b51-4e08-aea9-350543f30533,HOME,59.71973796996848,4.7,177.0,116.0,R,0.1,13.23,9.0,PASS,1.021,PASS,656794,"Newcomb, Sean",SB,2B,high,
ac3000c3-bc1a-41a1-bb3c-f382f7cc59bf,AWAY,59.66971145121287,9.9,181.0,,,0.21,,9.0,cut_in_window,,cut_in_window,656945,"Scott, Tanner",SB,2B,not measured,cut_in_window
78658568-0376-4c44-81d9-9e795c486fe6,HOME,59.72448526144275,5.0,180.0,121.0,R,0.6,18.81,9.0,PASS,0.988,PASS,596295,"Gomber, Austin",SB,2B,low,release_to_wrist 0.6 outside -0.32
15e84a1d-3360-4fb9-be17-87eeb272c9ba,AWAY,59.67099915773034,10.7,184.0,114.0,L,0.25,22.19,9.0,PASS,1.173,cut_in_window,641360,"Bickford, Phil",SB,2B,high,
53085d85-24ae-47d9-a339-9a6b6953def3,HOME,59.71686688289091,4.8,177.0,120.0,R,0.17,25.99,8.0,PASS,0.955,PASS,608344,"Irvin, Cole",SB,2B,high,
115d2035-59e6-4d90-812a-b961fd9e61a7,AWAY,59.621212495736046,9.8,177.0,111.0,L,0.22,20.83,9.0,PASS,1.107,cut_in_window,622554,"Domínguez, Seranthony",SB,3B,high,
4c9b1a1b-41f1-4a1a-a663-5259228ebd20,AWAY,59.6896967680213,9.4,173.0,,,0.29,,9.0,no_set_before_lift,,no_set_before_lift,543294,"Hendricks, Kyle",CS,2B,not measured,no_set_before_lift
1a6618ba-e578-469c-a2d2-d91596955136,AWAY,59.74001102577857,10.0,182.0,116.0,L,0.87,14.98,5.0,release_not_at_hand,,release_not_at_hand,660825,"Bazardo, Eduard",SB,2B,not measured,release_not_at_hand
3fc31b9a-5136-42e6-a79f-f166dccb35e3,AWAY,59.72955371646419,10.3,182.0,,,0.1,,6.0,no_set_before_lift,,no_set_before_lift,630023,"Chirinos, Yonny",SB,2B,not measured,no_set_before_lift
d80c7c90-5d46-4fa4-b3e1-c43be39050eb,AWAY,59.64538237666448,9.7,178.0,107.0,R,0.15,24.02,9.0,PASS,1.19,not_cf_view,596295,"Gomber, Austin",SB,2B,high,
ac395b0c-fc53-4809-aca7-eb12e7e05d54,AWAY,59.598236818197115,10.9,184.0,118.0,L,0.81,10.03,8.0,release_not_at_hand,,no_set_before_lift,630023,"Chirinos, Yonny",SB,3B,not measured,release_not_at_hand
b88a5aba-8845-4d66-b44f-c4f431ae301e,HOME,59.69729957509569,5.1,175.0,119.0,L,0.13,20.39,9.0,PASS,0.938,PASS,607625,"Lugo, Seth",SB,2B,high,
bc6fd10f-941f-449a-b723-8fc5adc8cb17,HOME,59.800117649568875,5.2,181.0,125.0,L,0.19,8.72,9.0,PASS,0.936,PASS,622554,"Domínguez, Seranthony",SB,2B,high,
fc20bbfc-5d11-46f0-bae1-446a6d267896,AWAY,59.699329995574054,10.3,182.0,111.0,L,0.18,16.3,5.0,PASS,1.189,not_cf_view,660825,"Bazardo, Eduard",SB,2B,high,
e5b9b03b-3258-4c78-95e1-8da67690886d,HOME,59.67417752272647,5.2,175.0,107.0,R,0.11,17.09,9.0,PASS,1.14,PASS,656794,"Newcomb, Sean",CS,2B,high,
7829b50f-5039-446b-bedc-ac3ea5cbecce,AWAY,59.76468490952848,10.5,176.0,122.0,L,0.42,4.88,9.0,PASS,0.904,cut_in_window,680570,"Rodriguez, Grayson",SB,2B,low,release_to_wrist 0.42 outside -0.32
b5749e61-b02c-4c08-879d-3e99ac0f6448,HOME,59.69619298070415,5.3,179.0,120.0,L,0.17,22.41,9.0,PASS,0.988,PASS,672456,"Montero, Keider",CS,2B,high,
d13d0922-8972-4ee3-a753-31b27c7454d7,HOME,59.712388354370134,5.2,184.0,127.0,L,0.17,13.82,9.0,PASS,0.955,PASS,623211,"Brazobán, Huascar",SB,2B,high,
25d8e5bc-af5a-4503-95ae-1b6d0b5878e3,AWAY,59.70376865742771,5.699999999999999,,,,,,,no_release,,no_release,663372,"Feltner, Ryan",SB,3B,not measured,no_release
d8075cb9-a87b-474c-ab4c-36a112dbc2dd,HOME,59.69893157117209,4.8,179.0,109.0,L,0.18,25.54,9.0,PASS,1.173,PASS,601713,"Pivetta, Nick",SB,2B,high,
daa2dcec-53a5-4e15-888f-3c57b45c5dae,HOME,59.60356272324508,5.2,180.0,124.0,L,0.23,21.58,9.0,PASS,0.94,PASS,672456,"Montero, Keider",SB,2B,high,
4ff3d50f-20b6-4121-99ab-696f05a75ccf,HOME,59.65033330736615,5.0,177.0,117.0,L,0.12,8.83,7.0,PASS,1.006,PASS,663372,"Feltner, Ryan",SB,2B,high,
3cab64dc-8c5d-4452-8e06-bb6b97d4c2b8,HOME,59.70909892289469,4.7,171.0,125.0,L,0.22,10.07,5.0,PASS,0.77,PASS,669923,"Kirby, George",CS,2B,high,
4404b467-24a0-4b38-be8d-b1ee930a977a,HOME,59.677970585663886,4.8,179.0,115.0,L,0.13,9.7,9.0,PASS,1.072,PASS,663372,"Feltner, Ryan",CS,2B,high,
bb2a8d55-2cb9-48ba-9c2b-72b631cea2d1,HOME,59.68195544265737,4.7,179.0,122.0,L,0.2,20.57,9.0,PASS,0.955,PASS,656302,"Cease, Dylan",CS,2B,high,
e5b079fb-5dae-4e58-a300-67d03059cc9c,HOME,59.79154188082504,4.5,178.0,129.0,L,0.19,7.41,8.0,PASS,0.82,PASS,656550,"Holmes, Grant",SB,2B,high,
7e821d1e-cadf-4f24-bce2-39a698bfe83e,AWAY,59.67964604713827,5.699999999999999,,,,,,,no_release,,no_release,471911,"Carrasco, Carlos",CS,2B,not measured,no_release
ed0816d9-c50b-44d9-84e3-df62867395f1,HOME,59.669080533243935,4.4,180.0,117.0,L,0.15,25.34,9.0,PASS,1.056,PASS,656550,"Holmes, Grant",SB,2B,high,
33645219-2a80-4aa0-a969-aa96975559c3,AWAY,59.66024256732811,9.0,,,,,,,no_release,,release_not_at_hand,687330,"Kelly, Kevin",SB,2B,not measured,no_release
b2b6f072-65b7-4b8f-9df5-17818f5113f0,AWAY,59.7624375502809,8.9,179.0,107.0,L,0.18,24.2,9.0,PASS,1.205,no_set_before_lift,601713,"Pivetta, Nick",SB,2B,high,
e8279d0f-29fe-444b-8ee3-795bd7e33dfc,HOME,59.70734989067668,4.3,179.0,127.0,L,0.21,12.05,9.0,PASS,0.871,PASS,663903,"Singer, Brady",CS,2B,high,
a194c5cf-3429-4b51-ac79-656666836c4f,AWAY,59.69612873599936,9.8,177.0,113.0,L,0.12,22.57,9.0,PASS,1.072,cut_in_window,471911,"Carrasco, Carlos",CS,2B,high,
87c7a405-ecd4-472f-8289-2338d0aca25e,HOME,59.58789358235507,6.0,180.0,128.0,L,0.23,20.88,6.0,PASS,0.873,PASS,663855,"Hicks, Jordan",SB,3B,high,
4732d084-306f-4364-81e4-23e67280fe5e,HOME,59.728446505293775,4.9,195.0,143.0,L,0.16,3.28,9.0,PASS,0.871,PASS,571945,"Mikolas, Miles",SB,2B,low,lift_peak_in 3.28 outside 4.28-
3f6b11bb-93cb-46a3-a845-b5bf8c71c5c7,HOME,59.6428357016519,4.4,190.0,135.0,L,0.19,14.4,9.0,PASS,0.922,PASS,669721,"Daniel, Davis",CS,2B,high,
3f432024-c300-442a-9f36-1cb061b49dec,AWAY,59.7467201485348,11.6,180.0,122.0,R,0.16,17.54,8.0,PASS,0.971,no_release,669062,"Miller, Erik",SB,2B,high,
8b16405a-adc6-463f-9963-8636f86e10e7,AWAY,59.765718383934974,10.2,173.0,,,0.15,,8.0,cut_in_window,,no_set_before_lift,656427,"Flaherty, Jack",SB,2B,not measured,cut_in_window
766f3cab-3dac-4836-a8fd-64ee6ea83a8c,HOME,59.757442316338135,4.7,180.0,130.0,L,0.22,10.71,9.0,PASS,0.837,PASS,628708,"Marte, Yunior",SB,2B,high,
9805f511-4b66-4a26-8ae7-4dad53989dcb,HOME,59.68450681832208,4.7,182.0,121.0,R,0.09,24.07,5.0,PASS,1.022,PASS,519242,"Sale, Chris",SB,2B,high,
dfb7e79b-b78c-44c9-9b7e-8c58570acfe5,AWAY,59.58844986495141,6.6,,,,,,,no_release,,not_cf_view,663855,"Hicks, Jordan",SB,2B,not measured,no_release
da73633c-2948-43e1-8632-522c620b47b0,HOME,59.6691264066962,4.8,181.0,120.0,L,0.24,10.41,9.0,PASS,1.022,PASS,669203,"Burnes, Corbin",CS,2B,high,
909690e8-af58-49d6-b49c-0726cfa8bb23,AWAY,59.72823652381663,6.1,,,,,,,no_release,,not_cf_view,571945,"Mikolas, Miles",SB,2B,not measured,no_release
9373470d-67f7-4c38-b838-e0b8a7876696,HOME,59.75685143210385,6.6,185.0,122.0,L,0.16,11.86,9.0,PASS,1.054,PASS,544150,"Suárez, Albert",SB,2B,high,
7ff9f7f8-f4d8-4496-8c03-4971c1447454,AWAY,59.67357269990773,6.9,189.0,,,0.4,,6.0,cut_in_window,,not_cf_view,668941,"Romero, JoJo",SB,2B,not measured,cut_in_window
94111bbb-d8f3-43e9-b88f-f1b8984eb698,HOME,59.71891338758934,4.9,183.0,115.0,L,0.15,24.54,9.0,PASS,1.139,PASS,689672,"Thorpe, Drew",SB,2B,high,
69dc3274-6285-4855-b579-b40c89f9e13a,AWAY,59.75187504748673,9.2,177.0,117.0,L,0.17,28.33,9.0,PASS,1.004,no_set_before_lift,677944,"Cecconi, Slade",SB,2B,high,
f53afa7b-bdc8-496e-88a3-4005efcf2e71,HOME,59.7290617086751,4.8,177.0,119.0,L,0.16,27.55,9.0,PASS,0.971,PASS,656464,"Ginkel, Kevin",SB,2B,high,
84d394c6-2665-49c8-ae82-b60a6658d9b0,HOME,59.62640454628239,4.5,179.0,125.0,L,0.13,8.46,9.0,PASS,0.906,PASS,592791,"Taillon, Jameson",SB,2B,high,
067d7337-badd-48e4-97b6-6587debec00b,AWAY,59.65650837626077,8.5,,,,,,,no_release,,no_release,670766,"McCaughan, Darren",SB,3B,not measured,no_release
06c040b2-eb73-4927-9519-1d76c9a9e348,HOME,59.661038423337715,4.6,176.0,120.0,L,0.11,14.93,6.0,PASS,0.939,PASS,450203,"Morton, Charlie",SB,2B,high,
fbcdc8f1-2a10-4d4a-bc82-005697dd79d6,AWAY,,1.5,,,,,,,no_clip,,not_cf_view,493603,"Ottavino, Adam",SB,2B,not measured,no_clip
ffbb7c4b-f3bb-4bde-becb-3435964e8cc7,HOME,59.607100431623046,4.5,181.0,121.0,L,0.2,13.42,9.0,PASS,1.007,PASS,663474,"McKenzie, Triston",SB,2B,high,
f8c40b5b-0cfc-46ca-a8bb-525b2b6c357d,HOME,59.74759371636273,6.5,174.0,122.0,L,0.14,15.68,8.0,PASS,0.87,PASS,628317,"Maeda, Kenta",CS,2B,high,
1faacced-0b32-4e00-a393-3872f4781c7f,AWAY,,4.5,,,,,,,no_clip,,cut_in_window,606160,"Montero, Rafael",SB,2B,not measured,no_clip
b3cf833b-1b9d-495b-8367-5b6b3de7d549,HOME,59.67442236685757,7.2,181.0,130.0,L,0.2,17.57,8.0,PASS,0.855,PASS,621107,"Eflin, Zach",SB,2B,high,
dcbd70cd-9c68-44e3-83ba-40d35a33b1ce,AWAY,59.701765662563794,9.9,182.0,126.0,L,0.18,10.65,7.0,PASS,0.938,cut_in_window,607179,"Weems, Jordan",SB,2B,high,
ee3e312e-f18a-4553-a863-038db29eff77,HOME,59.66487445842251,4.3,183.0,127.0,L,0.16,14.18,9.0,PASS,0.939,PASS,670766,"McCaughan, Darren",CS,2B,high,
63631549-74a4-487d-a239-a0b393b84f85,AWAY,59.69387180459455,8.7,184.0,129.0,L,0.15,16.87,9.0,PASS,0.921,release_not_at_hand,686539,"Cronin, Declan",CS,2B,high,
f78f199d-54da-4950-a92a-d1b3f5e6bdd3,HOME,59.735540310784415,6.2,175.0,122.0,L,0.23,4.8,8.0,PASS,0.887,PASS,657044,"Thompson, Ryan",SB,2B,high,
cf4b9189-1d73-42c4-8f29-9060ee3a4889,HOME,59.71889544974235,5.5,179.0,120.0,L,0.15,2.82,9.0,PASS,0.988,PASS,669467,"Pallante, Andre",SB,2B,low,lift_peak_in 2.82 outside 4.28-
8258d76b-b64e-4906-8a09-0e0e9b74e0ef,HOME,59.70724401914923,4.7,181.0,125.0,L,0.17,15.03,9.0,PASS,0.938,PASS,571670,"Floro, Dylan",CS,2B,high,
d34d4a0f-1dc4-491f-9b0c-6129ce0b8519,AWAY,59.79040818138864,9.2,180.0,127.0,L,0.22,18.29,9.0,PASS,0.886,not_cf_view,686539,"Cronin, Declan",SB,2B,high,
9d630997-19f1-4241-991b-faf30fd619ec,AWAY,59.779648915295816,10.1,201.0,119.0,L,0.86,31.61,6.0,release_not_at_hand,,release_not_at_hand,687330,"Kelly, Kevin",SB,3B,not measured,release_not_at_hand
6363844f-6c34-4df6-a3c4-976e3f5713dc,HOME,59.733865831195885,4.6,179.0,109.0,L,0.31,22.34,9.0,PASS,1.172,PASS,595014,"Treinen, Blake",SB,2B,high,
29e97122-1d9d-4158-ad19-aae880573471,HOME,59.69841380586488,4.3,183.0,124.0,L,0.18,22.87,7.0,PASS,0.988,PASS,543243,"Gray, Sonny",SB,3B,high,
04fdedf7-fdc6-4b4c-91af-cda2c6928eae,AWAY,59.740743415027154,12.5,174.0,122.0,L,0.26,11.42,5.0,not_cf_view,,not_cf_view,682243,"Miller, Bryce",CS,2B,not measured,not_cf_view
d0006bbf-2818-42f7-8f6a-be2ee2fa293b,AWAY,59.64886700290954,7.300000000000001,,,,,,,no_release,,no_release,606303,"Payamps, Joel",CS,2B,not measured,no_release
b825a1cf-6fdd-4282-961b-670601154e77,AWAY,59.71831398220892,8.7,180.0,112.0,R,0.16,26.81,9.0,PASS,1.139,cut_in_window,664285,"Valdez, Framber",SB,3B,high,
4a519e02-e299-48a2-9cf8-3bf8dda11df5,HOME,59.61527559384035,4.2,173.0,120.0,L,0.19,2.28,9.0,PASS,0.889,PASS,676092,"Snider, Collin",SB,2B,low,lift_peak_in 2.28 outside 4.28-
da344eb5-eb5b-4138-b8eb-be62def9d1a6,HOME,59.66265646550279,7.8,179.0,118.0,L,0.19,12.57,9.0,PASS,1.022,PASS,605135,"Bassitt, Chris",CS,2B,high,
07cdda26-d5f4-44da-84df-9757f0e950ba,AWAY,59.643470135286144,12.3,190.0,113.0,L,0.59,33.53,5.0,PASS,1.291,release_not_at_hand,687863,"Hodge, Porter",SB,2B,low,release_to_wrist 0.59 outside -0.32
8855da02-53fd-41c5-a9ec-26de7ab02bef,HOME,59.70874986607768,6.0,191.0,116.0,R,0.33,18.58,6.0,PASS,1.256,PASS,667463,"King, John",SB,3B,low,release_to_wrist 0.33 outside -0.32
9eb50b10-4bc4-4c47-b562-a5dd5156e74a,AWAY,59.72240143038838,8.5,167.0,100.0,R,0.22,27.91,7.0,PASS,1.122,cut_in_window,608331,"Fried, Max",SB,2B,high,
4dc228e6-efa2-490a-8f93-0124466e8752,HOME,59.70531412211075,4.2,181.0,114.0,L,0.22,23.66,6.0,PASS,1.122,PASS,518886,"Kimbrel, Craig",SB,2B,high,
03e49636-be31-4c3a-a6a1-1a3fd0ff632b,HOME,59.761605886175296,4.3,179.0,125.0,L,0.18,12.05,9.0,PASS,0.904,PASS,689147,"Kerkering, Orion",CS,2B,high,
f282d4b5-57e8-47be-81d8-9c6ba808c771,HOME,59.6940129115939,4.3,191.0,121.0,R,0.48,17.28,5.0,PASS,1.173,PASS,667463,"King, John",SB,2B,low,release_to_wrist 0.48 outside -0.32
6384b66b-d84d-496d-a536-3cf48fc6d085,HOME,59.68929178732412,4.3,178.0,124.0,L,0.17,3.75,7.0,PASS,0.905,PASS,682610,"Muñoz, Roddery",SB,2B,low,lift_peak_in 3.75 outside 4.28-
4ab192f8-2e95-4b2c-8a9c-64d41d624233,HOME,59.69532744058766,4.3,179.0,127.0,R,0.21,8.7,9.0,PASS,0.871,PASS,657006,"Steele, Justin",SB,2B,high,
de42c649-8b17-4af7-82c2-d781a3bccb88,HOME,59.67695781139106,4.3,176.0,121.0,L,0.15,17.1,9.0,PASS,0.922,PASS,608032,"Estévez, Carlos",CS,2B,high,
4cc06db5-2af7-432d-9e92-c3c836242eb4,HOME,59.6755570290261,4.4,182.0,125.0,L,0.15,10.53,8.0,PASS,0.955,PASS,663623,"Irvin, Jake",CS,2B,high,
0120cfc1-2257-4ee1-8c9f-a880149fe11c,AWAY,59.66700763277579,9.4,177.0,118.0,R,0.19,19.32,8.0,PASS,0.989,no_release,573204,"Thielbar, Caleb",SB,2B,high,
aeb10d8c-fb0c-4262-9241-59149867543e,HOME,59.63364509665719,4.5,180.0,121.0,R,0.13,23.62,9.0,PASS,0.989,PASS,624133,"Suarez, Ranger",CS,2B,high,
2d8f809b-07e2-429a-8258-d50b63aa98df,HOME,59.69592388769704,4.2,181.0,120.0,L,0.2,23.36,9.0,PASS,1.022,PASS,663554,"Mize, Casey",SB,2B,high,
05d7d82c-c904-4140-b001-4bef57995490,AWAY,59.7366448988331,8.3,175.0,120.0,L,0.17,9.28,9.0,PASS,0.921,no_set_before_lift,694297,"Pfaadt, Brandon",SB,2B,high,
fd33f70c-aea2-4918-9416-ae5e98e39359,AWAY,59.76500997868595,11.1,179.0,122.0,L,0.13,16.66,9.0,PASS,0.954,no_release,458681,"Lynn, Lance",SB,2B,high,
26591496-c2fa-4642-bfb5-608f492bf818,AWAY,59.597375892419095,8.5,177.0,,,0.13,,9.0,no_set_before_lift,,no_set_before_lift,622491,"Castillo, Luis",SB,2B,not measured,no_set_before_lift
6a9e17a9-20e5-4c2b-8798-c95a22c65bb3,HOME,59.71935916901554,4.3,200.0,143.0,L,0.16,9.76,9.0,PASS,0.954,PASS,669212,"Morgan, Eli",SB,3B,high,
c7c7cdf8-72e5-464b-a790-5b9515295de2,HOME,59.67946014339941,4.2,176.0,110.0,R,0.16,8.98,9.0,PASS,1.106,PASS,676979,"Crochet, Garrett",SB,2B,high,
769539f3-9f49-4d27-9225-89c2ffccf34e,HOME,59.67643787901043,4.3,183.0,125.0,L,0.13,18.18,9.0,PASS,0.972,PASS,622491,"Castillo, Luis",SB,2B,high,
a9a4b7ff-3ce5-4271-b4ae-f3a4c1ff9023,AWAY,59.7057031178543,7.2,,,,,,,no_release,,no_release,663485,"Sands, Cole",SB,2B,not measured,no_release
d1ab9b29-fe81-43ab-8e2b-86a5d52d4339,AWAY,59.68776015608489,8.7,,,,,,,no_release,,no_release,621051,"Wilson, Steven",SB,3B,not measured,no_release
c87e503a-b5d7-44b5-8559-3295b260f9eb,HOME,59.66576338255609,4.3,180.0,124.0,L,0.15,9.08,9.0,PASS,0.939,PASS,605288,"Houser, Adrian",CS,2B,high,
b2627e82-761a-45c3-a95e-bd9077e05a48,HOME,59.62858794567173,4.3,179.0,116.0,L,0.13,10.94,9.0,PASS,1.057,PASS,493603,"Ottavino, Adam",CS,2B,high,
e2d499c9-30a2-4429-8dcb-e4465969dd6d,HOME,59.75167838602311,4.4,176.0,116.0,R,0.14,9.41,9.0,PASS,1.004,PASS,669022,"Gore, MacKenzie",SB,2B,high,
c548e0b0-8499-4ac4-9070-3cbfaea2f01a,AWAY,59.73063721757303,8.6,,,,,,,no_release,,no_release,641755,"Kinley, Tyler",SB,3B,not measured,no_release
7613fb7d-5713-4bd8-8ca2-19b24502c470,HOME,59.65776744595688,6.2,174.0,115.0,L,0.17,22.39,8.0,PASS,0.989,PASS,686613,"Brown, Hunter",SB,2B,high,
32cfbdc8-464f-42c5-819b-a0d5f2fa5c6d,HOME,59.65535083869869,6.5,178.0,123.0,L,0.14,14.62,9.0,PASS,0.922,PASS,571670,"Floro, Dylan",SB,2B,high,
688595e1-aee7-4ed6-ae51-943aa28662db,AWAY,59.71870593671871,9.3,181.0,98.0,L,0.18,7.24,4.0,cut_in_window,,no_set_before_lift,678368,"Bellozo, Valente",SB,2B,not measured,cut_in_window
b7d8ff16-d521-4aa0-9cfc-b80313840253,HOME,59.664460527742875,4.5,180.0,126.0,L,0.26,10.91,9.0,PASS,0.905,PASS,663903,"Singer, Brady",SB,2B,high,
7bbfd1fd-1d0c-43f5-af94-a06dc8b66ec0,HOME,59.711653854534696,4.4,183.0,120.0,L,0.31,21.89,9.0,PASS,1.055,PASS,676130,"Buttó, José",CS,2B,high,
d4dce6a8-9d38-47b0-9ecb-e9415fd38999,AWAY,59.653817086085915,5.7,182.0,135.0,L,0.15,12.54,9.0,PASS,0.788,not_cf_view,676684,"Vest, Will",CS,2B,high,
c4976925-8ef5-43c1-ade2-e85b00bc55e2,AWAY,59.67381363682553,9.4,172.0,129.0,L,0.2,2.0,9.0,PASS,0.721,cut_in_window,657508,"Baumann, Mike",CS,2B,low,lift_peak_in 2.0 outside 4.28-
41efceeb-b4ce-4eda-9ba6-6daa52afef16,HOME,59.65806667889514,4.4,176.0,120.0,L,0.12,7.23,9.0,PASS,0.939,PASS,683769,"Gaddis, Hunter",SB,2B,high,
23e30832-a875-479a-a05d-21878b264d18,HOME,59.73872385084703,4.5,201.0,162.0,L,0.36,3.02,8.0,PASS,0.653,PASS,643511,"Rogers, Tyler",SB,2B,low,release_to_wrist 0.36 outside -0.32; lift_peak_in 3.02 outside 4.28-; delivery_s 0.653 outside 0.7-1.31
0cee311d-a36a-4e3a-a0b7-8ba21a5f6117,AWAY,59.72513818448198,8.8,175.0,113.0,L,0.27,8.34,9.0,PASS,1.038,cut_in_window,663372,"Feltner, Ryan",SB,2B,high,
859b98b4-c17a-408d-89f7-b98580f98801,HOME,59.61361545538178,4.3,182.0,130.0,L,0.28,8.36,9.0,PASS,0.872,PASS,608717,"Stratton, Chris",SB,2B,high,
80ae2241-1218-44d9-9fae-907f3fb809a2,HOME,59.78667029010123,4.4,180.0,115.0,L,0.16,27.7,9.0,PASS,1.087,PASS,625643,"López, Reynaldo",SB,2B,high,
a1526cf0-44b5-45e5-943a-c5b674226ec3,HOME,59.64560167568041,4.4,182.0,122.0,L,0.15,24.42,8.0,PASS,1.006,PASS,640451,"Harvey, Hunter",SB,2B,high,
5b5d5319-302e-49b2-8c08-3a3a134227c9,HOME,59.65477560414269,4.2,174.0,118.0,L,0.14,17.53,9.0,PASS,0.939,PASS,669923,"Kirby, George",CS,2B,high,
3385b08a-5cdf-4b56-b811-89d6affa230f,HOME,59.754036838606616,4.3,175.0,129.0,L,0.17,4.63,9.0,PASS,0.77,PASS,668968,"Crouse, Hans",SB,2B,high,
f601159c-f5df-4f2c-9983-80f136e0312b,HOME,59.66568276166875,4.5,185.0,132.0,L,0.15,13.73,9.0,PASS,0.888,PASS,605155,"Brewer, Colten",CS,2B,high,
3df67c0f-13b6-47dc-82ac-1add570aa4a2,HOME,59.772969930354215,4.3,173.0,118.0,L,0.22,12.59,9.0,PASS,0.92,PASS,669721,"Daniel, Davis",SB,2B,high,
f48c069b-5419-4818-80a7-87acc0da1def,HOME,59.68386627906977,3.9,179.0,115.0,L,0.24,23.95,9.0,PASS,1.072,PASS,670059,"Holderman, Colin",SB,2B,high,
6e374c31-d0e3-4220-9812-867d2729f0fa,HOME,59.70638507106231,5.8,147.0,116.0,L,0.11,8.2,9.0,PASS,0.519,PASS,641712,"Hudson, Dakota",CS,2B,low,delivery_s 0.519 outside 0.7-1.31
6505de56-3c9f-47f0-97eb-06ef23ee227f,HOME,59.638211695996745,4.2,185.0,124.0,R,0.07,16.43,5.0,PASS,1.023,PASS,518617,"Diekman, Jake",SB,2B,high,
ad72866c-57ba-485c-8c47-66b74f79a5aa,HOME,59.722643992306914,4.0,179.0,128.0,R,0.13,3.2,9.0,PASS,0.854,PASS,607074,"Rodón, Carlos",SB,2B,low,lift_peak_in 3.2 outside 4.28-
01f44bb6-7f68-450c-aea5-516ddff64981,AWAY,59.756034793350146,8.8,183.0,118.0,L,0.66,19.83,9.0,release_not_at_hand,,cut_in_window,663855,"Hicks, Jordan",SB,2B,not measured,release_not_at_hand
572c1afa-3be8-4c04-8b13-d82a62ebb94f,HOME,59.75064690661021,4.2,178.0,117.0,L,0.24,13.46,9.0,PASS,1.021,PASS,607067,"Rea, Colin",SB,2B,high,
81738f9c-143a-467d-ab55-e547b88ac6c0,HOME,59.713102564689194,4.0,181.0,112.0,R,0.12,26.13,7.0,PASS,1.156,PASS,669432,"Rogers, Trevor",SB,2B,high,
5643b929-7f74-49ff-be30-aa62b78166e0,HOME,59.61441879051456,4.2,185.0,123.0,L,0.17,24.08,9.0,PASS,1.04,PASS,640451,"Harvey, Hunter",SB,2B,high,
ba3d111a-2ccc-4895-ae2a-81bb59c008ae,AWAY,59.624094073570646,9.9,178.0,98.0,L,0.11,17.09,6.0,cut_in_window,,no_release,600917,"Leclerc, José",SB,2B,not measured,cut_in_window
d7c1add3-7a30-41a0-9b20-180a9858e8a5,AWAY,59.65504435345496,5.2,180.0,116.0,L,0.38,14.97,9.0,PASS,1.073,not_cf_view,554430,"Wheeler, Zack",SB,3B,low,release_to_wrist 0.38 outside -0.32
bd4e0101-90f5-473b-86c7-5f8edbd339db,HOME,59.63813069208785,4.1,174.0,105.0,R,0.09,22.89,9.0,PASS,1.157,PASS,642232,"Yarbrough, Ryan",SB,2B,high,
45eadfef-3521-46c3-a09c-4c25d120c9c5,AWAY,59.756100757172696,7.4,,,,,,,no_release,,no_release,623211,"Brazobán, Huascar",SB,2B,not measured,no_release
7060dd9a-df80-4e8b-a00d-4e80efc35a3e,AWAY,59.73484039494653,8.6,183.0,,,0.19,,9.0,no_set_before_lift,,cut_in_window,607200,"Fedde, Erick",SB,2B,not measured,no_set_before_lift
cfb44fb9-5645-40f4-b511-56f4424081c2,HOME,59.75665880457919,3.9,183.0,115.0,L,0.28,17.26,7.0,PASS,1.138,PASS,600917,"Leclerc, José",SB,3B,high,
c253a0f0-5ac4-4401-9011-ddce829bfc8b,HOME,59.710506114585485,4.4,181.0,116.0,L,0.16,27.54,6.0,PASS,1.089,PASS,668338,"Miller, Tyson",SB,2B,high,
09adfc7f-0165-4b55-a6d5-b45d3d503c8d,AWAY,59.621631951079685,7.9,,,,,,,no_release,,no_release,694813,"Stone, Gavin",SB,2B,not measured,no_release
cd2e9e7b-df0e-4744-bc51-43e36565f563,AWAY,59.66049262592796,9.7,193.0,126.0,R,0.13,29.34,9.0,PASS,1.123,cut_in_window,519043,"Moore, Matt",SB,2B,high,
b0111503-d09f-4d68-9cfb-e95633112fc9,AWAY,59.67131542756237,8.1,177.0,110.0,L,0.16,17.89,7.0,PASS,1.123,cut_in_window,669203,"Burnes, Corbin",SB,2B,high,
b04d00ae-fd2c-439f-a9d4-74d10b2908f5,AWAY,59.80047877641886,10.0,252.0,,,,,3.0,cut_in_window,,no_release,667725,"Tyler, Kyle",SB,3B,not measured,cut_in_window
e120048b-cbe6-40ac-89d9-f71fc8045ee0,HOME,59.70952736591894,5.7,176.0,112.0,R,0.25,26.88,7.0,PASS,1.072,PASS,527048,"Pérez, Martín",CS,3B,high,
69cf625c-f8dd-4f5d-a9ef-dcd98f51a4f9,HOME,59.7376053861529,3.9,181.0,110.0,R,0.25,22.83,9.0,PASS,1.189,PASS,676664,"Sears, JP",SB,2B,high,
8b6eb69e-90f5-4ad5-bed0-e5530575b7f8,HOME,59.68333482422399,3.9,179.0,118.0,L,0.12,15.95,7.0,PASS,1.022,PASS,453286,"Scherzer, Max",CS,2B,high,
5b4c1cd1-f401-408b-8046-1726573d8d1a,HOME,59.67817386604657,5.6,177.0,109.0,R,0.09,15.97,6.0,PASS,1.139,PASS,640462,"Puk, A.J.",SB,3B,high,
da78431f-fab0-46b1-a92f-8d6580419487,AWAY,59.697947210790446,8.5,,,,,,,no_release,,no_release,641329,"Baker, Bryan",SB,3B,not measured,no_release
a1087376-9405-476a-a1d3-831d8c9bdc92,AWAY,59.72503215714664,9.1,175.0,111.0,L,0.13,13.03,7.0,cut_in_window,,cut_in_window,650633,"King, Michael",SB,2B,not measured,cut_in_window
388f1dcf-f2bc-48b3-9421-2c24273896ad,HOME,59.701492537313435,4.1,182.0,123.0,L,0.1,10.9,6.0,PASS,0.988,PASS,657277,"Webb, Logan",CS,2B,high,
e5bb3952-f97f-4e7c-985b-1e757524e7ea,HOME,59.66062021900705,4.0,178.0,110.0,R,0.1,20.14,9.0,PASS,1.14,PASS,650911,"Sánchez, Cristopher",SB,3B,high,
8f09f7b7-c860-40c7-9e51-017e34430c1b,AWAY,59.76127194813292,8.3,179.0,126.0,L,0.18,17.32,8.0,PASS,0.887,cut_in_window,573186,"Stroman, Marcus",SB,2B,high,
0e387f80-1282-40dd-ac2a-37d8a0588a0d,AWAY,59.723156205682024,8.2,178.0,137.0,L,0.18,2.44,9.0,PASS,0.687,cut_in_window,601713,"Pivetta, Nick",CS,2B,low,lift_peak_in 2.44 outside 4.28-; delivery_s 0.687 outside 0.7-1.31
2c44e8de-64b0-4ca7-9109-c995d339e1a7,AWAY,59.79568404297429,8.6,176.0,105.0,R,0.14,25.43,9.0,PASS,1.187,cut_in_window,607455,"Banda, Anthony",SB,2B,high,
bfbb77b9-6b7e-412c-852d-bbc477e46a17,AWAY,59.687111063527965,5.6,174.0,,,0.16,,7.0,cut_in_window,,not_cf_view,607455,"Banda, Anthony",SB,2B,not measured,cut_in_window
da4a7cb2-2896-4611-909b-dcc472c6bc85,HOME,59.70561587206095,4.1,173.0,118.0,L,0.2,8.85,8.0,PASS,0.921,PASS,689017,"Knack, Landon",SB,3B,high,
05b49d04-aad4-4cac-8a7c-9ddf06b91792,HOME,59.69576435399463,4.0,177.0,117.0,L,0.22,3.59,9.0,PASS,1.005,PASS,669467,"Pallante, Andre",CS,2B,low,lift_peak_in 3.59 outside 4.28-
21b895ef-a7c0-47b6-b29e-88198a7733db,HOME,59.75010177559265,4.1,180.0,114.0,R,0.13,17.68,9.0,PASS,1.105,PASS,500779,"Quintana, Jose",SB,2B,high,
13f3e880-ae62-4c2c-ad2d-94a87c8fdff8,HOME,59.66941278404603,4.0,182.0,110.0,R,0.15,26.26,9.0,PASS,1.207,PASS,519293,"Smith, Will",SB,3B,high,
2565c5b9-1cd6-4ba5-9409-87fd7cb0a204,HOME,59.72268584677228,4.2,183.0,123.0,L,0.26,14.36,8.0,PASS,1.005,PASS,605463,"Scott, Tayler",CS,2B,high,
b2f46b50-983d-4c05-aeb0-96ca146205e2,HOME,59.618045155677265,3.9,172.0,104.0,L,0.17,16.18,9.0,PASS,1.141,PASS,668678,"Gallen, Zac",SB,3B,high,
3a6bf9b7-1b30-4ed0-948f-b6674c06a24f,AWAY,59.74535716702598,7.2,,,,,,,no_release,,no_release,527048,"Pérez, Martín",SB,2B,not measured,no_release
983a780e-24f2-4fe3-9cc8-d5a568a3c7fd,HOME,59.618800999668785,4.1,180.0,115.0,R,0.13,16.53,9.0,PASS,1.09,PASS,500779,"Quintana, Jose",SB,2B,high,
2f02e7b1-2db1-4787-8ab5-f7bd454853dd,AWAY,59.74278017553515,8.3,204.0,128.0,L,1.24,19.73,7.0,release_not_at_hand,,release_not_at_hand,672710,"Contreras, Roansy",SB,2B,not measured,release_not_at_hand
6524b64e-64ba-4f4a-b9ac-a6d2aa07ae69,HOME,59.66705268006664,4.1,179.0,120.0,L,0.18,2.41,9.0,PASS,0.989,PASS,669467,"Pallante, Andre",SB,2B,low,lift_peak_in 2.41 outside 4.28-
cceabc17-e015-422c-86fb-f3ea45b57cf0,HOME,59.690559388641965,5.8,165.0,128.0,L,0.06,5.23,9.0,PASS,0.62,PASS,592791,"Taillon, Jameson",SB,2B,low,delivery_s 0.62 outside 0.7-1.31
152e738b-01b5-48a7-a177-960892acda45,HOME,59.659523172027725,4.0,176.0,118.0,L,0.15,18.51,8.0,PASS,0.972,PASS,573186,"Stroman, Marcus",SB,2B,high,
30ba6c34-122a-45f6-a952-ee55b04dc74c,HOME,59.691662166379,3.9,175.0,113.0,L,0.21,22.22,9.0,PASS,1.039,PASS,666974,"Cano, Yennier",SB,2B,high,
2a25d512-ff84-4e8a-8455-13a177454cc0,HOME,59.742017990110504,4.1,178.0,121.0,L,0.13,6.32,6.0,PASS,0.954,PASS,542888,"Armstrong, Shawn",CS,2B,high,
a29e068a-6ff7-4e1d-9ed5-140e6eb934ca,HOME,59.760997510650114,4.0,177.0,120.0,R,0.13,10.21,7.0,PASS,0.954,PASS,663687,"Harris, Hogan",SB,3B,high,
49808774-71e7-4166-8f84-0a7510be58f9,HOME,59.69571495676682,4.1,177.0,112.0,L,0.35,13.86,6.0,PASS,1.089,PASS,682610,"Muñoz, Roddery",SB,2B,low,release_to_wrist 0.35 outside -0.32
7f6abd88-407a-475b-83fb-9d55ac433417,AWAY,59.714439509117874,8.7,,,,,,,no_release,,cut_in_window,669358,"Baz, Shane",CS,2B,not measured,no_release
08854789-5f6f-4677-8f46-036d455f9e24,AWAY,59.64915579287783,9.5,240.0,,,2.42,,9.0,not_cf_view,,no_release,592332,"Gausman, Kevin",SB,2B,not measured,not_cf_view
7164e9e2-45af-4340-8710-cfb9170000f9,HOME,59.692818859140736,4.0,180.0,109.0,R,0.15,30.87,9.0,PASS,1.189,PASS,608331,"Fried, Max",SB,2B,high,
d105ee64-79fa-4a85-a222-81189984e4fe,HOME,59.75660674406935,4.1,176.0,118.0,L,0.13,14.16,9.0,PASS,0.971,PASS,600917,"Leclerc, José",SB,2B,high,
b07c8145-8e7b-4fab-ab30-8ad134d35630,AWAY,59.70048079949257,8.2,182.0,,,0.22,,9.0,no_set_before_lift,,no_set_before_lift,664854,"Helsley, Ryan",SB,3B,not measured,no_set_before_lift
1a112935-ed02-4885-a0b6-d35aea075fc0,HOME,59.648280826848584,4.0,177.0,111.0,L,0.15,24.67,8.0,PASS,1.106,PASS,689672,"Thorpe, Drew",SB,3B,high,
eee20add-9aaf-485d-9070-1fdc78abffe0,AWAY,59.75929124644787,7.699999999999999,182.0,112.0,L,0.66,23.23,8.0,release_not_at_hand,,no_release,663773,"Hoeing, Bryan",SB,2B,not measured,release_not_at_hand
dc3fcf9d-ca35-40e0-a47f-f8841444b174,AWAY,59.69226218885072,5.1,,,,,,,no_release,,no_release,689672,"Thorpe, Drew",SB,2B,not measured,no_release
ddf302d0-b2a1-4dd8-917a-a023d841c5e3,HOME,59.67493967718099,3.9,178.0,131.0,L,0.14,9.92,8.0,PASS,0.788,PASS,694973,"Skenes, Paul",SB,2B,high,
21f6e117-5905-4221-ac1a-a369e3fd1741,AWAY,59.802397893314485,8.1,170.0,105.0,L,0.24,13.42,9.0,PASS,1.087,cut_in_window,544150,"Suárez, Albert",SB,2B,high,
7409d108-2a76-445e-932f-a945a94af1e1,AWAY,,2.5,,,,,,,no_clip,,no_release,445926,"Chavez, Jesse",SB,3B,not measured,no_clip
a807f35f-ab77-486b-b121-e39b1c7bf343,AWAY,,4.1,,,,,,,no_clip,,cut_in_window,445926,"Chavez, Jesse",SB,2B,not measured,no_clip
62bb087b-68be-4417-bd6b-760903981ed6,HOME,59.66808692000264,4.0,181.0,120.0,L,0.13,14.91,9.0,PASS,1.022,PASS,571882,"Law, Derek",SB,3B,high,
df67334e-9a4b-479a-9a19-f3e87eae797a,AWAY,59.694407226328536,8.9,176.0,96.0,L,0.17,17.67,8.0,cut_in_window,,no_release,689672,"Thorpe, Drew",SB,2B,not measured,cut_in_window
f0949150-5b6f-463f-81d8-307a2908992a,HOME,59.72758929752127,4.3,182.0,128.0,L,0.15,22.43,9.0,PASS,0.904,PASS,543243,"Gray, Sonny",SB,2B,high,
8467350c-a6f5-489d-a874-3a49c54110f8,HOME,59.71494436116106,4.2,176.0,116.0,L,0.24,16.83,9.0,PASS,1.005,PASS,671345,"Foley, Jason",SB,2B,high,
32163099-8843-4685-b987-598f7e42de7d,HOME,59.663118891430514,4.2,181.0,121.0,L,0.2,20.41,5.0,PASS,1.006,PASS,622250,"Sborz, Josh",SB,2B,high,
ac9eb08a-0f3e-4a4d-b753-1e289fa7a632,HOME,59.671565501071385,6.0,179.0,118.0,L,0.15,19.59,7.0,PASS,1.022,PASS,642701,"Santana, Dennis",CS,3B,high,
259b6e92-877b-4152-85dc-08e09fc79b0c,AWAY,,4.6,,,,,,,no_clip,,cut_in_window,642547,"Peralta, Freddy",SB,2B,not measured,no_clip
e49aa639-ca44-4a96-a220-eff9d839cb97,HOME,59.67020980815707,5.9,184.0,125.0,L,0.11,22.25,9.0,PASS,0.989,PASS,686613,"Brown, Hunter",CS,2B,high,
35d804c4-106c-4504-a703-211b87268784,AWAY,59.70321802822484,8.7,183.0,128.0,L,0.23,17.17,9.0,PASS,0.921,cut_in_window,458681,"Lynn, Lance",SB,2B,high,
8f701e10-116e-4561-b957-717d04a633e2,AWAY,59.60329158022649,7.4,,,,,,,no_release,,no_release,458681,"Lynn, Lance",SB,2B,not measured,no_release
8f5dfcbe-c97f-462c-a333-c83be289cf91,AWAY,59.66368563196302,9.6,247.0,,,2.24,,7.0,not_cf_view,,no_release,647336,"Soroka, Michael",CS,2B,not measured,not_cf_view
79dac48c-08c9-4c4d-8395-d1d71567698b,AWAY,59.651652563275526,6.699999999999999,,,,,,,no_release,,not_cf_view,605155,"Brewer, Colten",SB,3B,not measured,no_release
19507780-6a19-4748-bc99-5cac468535b6,AWAY,59.71001299888526,10.3,175.0,97.0,L,0.13,14.0,9.0,cut_in_window,,cut_in_window,668881,"Greene, Hunter",CS,2B,not measured,cut_in_window
1a2c2fdb-7a58-4e55-bf37-9012490c57c2,AWAY,59.6724255409725,9.5,183.0,,,0.19,,9.0,no_set_before_lift,,no_release,663423,"Thornton, Trent",SB,3B,not measured,no_set_before_lift
a1eb3666-94a1-4e62-adbf-a9fbcf4e2137,HOME,59.692286894733726,4.2,176.0,121.0,L,0.18,22.31,6.0,PASS,0.921,PASS,607625,"Lugo, Seth",SB,2B,high,
e22c5def-c922-4626-ab4e-43e5d0642ed7,AWAY,59.67431480922527,8.7,190.0,125.0,L,0.97,5.72,8.0,release_not_at_hand,,cut_in_window,664208,"Maton, Phil",CS,2B,not measured,release_not_at_hand
bd36f07c-3c69-457c-ae86-d2be2324a11c,HOME,59.63184490048469,4.1,200.0,136.0,R,0.1,22.04,9.0,PASS,1.073,PASS,690986,"Harrison, Kyle",CS,2B,high,
16878a6f-1429-4922-963e-9dbcf4806cf1,AWAY,59.677336415083616,9.4,179.0,121.0,R,0.18,9.81,7.0,PASS,0.972,no_release,650893,"Cabrera, Génesis",SB,3B,high,
0303a1de-aa91-43c2-98cc-571e89e065bf,HOME,59.616498005722875,4.1,181.0,126.0,L,0.28,15.49,9.0,PASS,0.923,PASS,661563,"Gil, Luis",CS,2B,high,
dd324b0a-6671-44a5-8ef2-ce08eee0f30e,HOME,59.75418365139272,4.1,178.0,112.0,R,0.23,23.31,9.0,PASS,1.105,PASS,594580,"Moll, Sam",SB,2B,high,
96b3ad05-62d9-4acf-bbe1-9f732bc914c1,AWAY,59.66594719053708,7.6,,,,,,,no_release,,no_release,663878,"Pearson, Nate",SB,3B,not measured,no_release
84f2b5d0-2bb6-445a-89b8-472bebf7db2e,HOME,59.69473671237512,4.3,206.0,156.0,R,0.09,13.31,9.0,PASS,0.838,PASS,642232,"Yarbrough, Ryan",SB,2B,high,
55ccb191-bd3c-4561-b769-95523c28cb92,AWAY,59.78918576036639,8.3,177.0,116.0,L,0.15,11.99,7.0,PASS,1.02,cut_in_window,675650,"Mercado, Michael",SB,2B,high,
f23fd3e5-7eae-4391-a86b-2d7162db0942,AWAY,59.76323102105036,9.6,178.0,,,0.23,,9.0,no_set_before_lift,,no_release,640455,"Manaea, Sean",SB,3B,not measured,no_set_before_lift
689f4c99-0df5-41af-8b6c-1080b43a4650,HOME,59.73282156618738,4.1,203.0,143.0,R,0.1,18.14,9.0,PASS,1.004,PASS,680736,"Wrobleski, Justin",SB,2B,high,
61534fd3-cd65-4ca3-a030-6d6af1ba05a9,AWAY,59.70843407279231,8.600000000000001,193.0,156.0,R,0.11,2.47,9.0,cut_in_window,,not_cf_view,572971,"Keuchel, Dallas",SB,2B,not measured,cut_in_window
459866df-db09-4751-8675-3bdcf9bc975c,HOME,59.64831883393819,4.2,179.0,114.0,L,0.13,27.32,9.0,PASS,1.09,PASS,625643,"López, Reynaldo",SB,2B,high,
7e5fecc3-8613-43b5-8f1c-771d6411046b,HOME,59.6467143487662,3.9,175.0,115.0,R,0.15,21.76,5.0,PASS,1.006,PASS,677053,"Nardi, Andrew",SB,2B,high,
b016e863-705d-4ee3-8b76-5695dfc0d054,AWAY,59.695463369202976,7.5,,,,,,,no_release,,no_release,571670,"Floro, Dylan",SB,3B,not measured,no_release
85af1ad5-11c8-424f-a427-6a7ee3a1b572,AWAY,59.69798278053726,8.399999999999999,178.0,113.0,L,0.14,37.81,8.0,PASS,1.089,release_not_at_hand,670059,"Holderman, Colin",CS,2B,high,
c0de82da-25ca-4c70-a9df-71bdbfd08478,HOME,59.66948179658091,4.3,203.0,160.0,R,0.19,2.89,9.0,PASS,0.721,PASS,572971,"Keuchel, Dallas",SB,2B,low,lift_peak_in 2.89 outside 4.28-
31f71523-c4c7-478f-a8ea-b564e47e0c71,HOME,59.66937048814135,6.1,182.0,128.0,L,0.2,13.13,9.0,PASS,0.905,PASS,674370,"Bido, Osvaldo",SB,2B,high,
46dcbeef-73d0-4e72-bbc2-fe0862416ed5,HOME,59.73496235150836,5.8,176.0,119.0,L,0.31,17.4,6.0,PASS,0.954,PASS,686563,"Cannon, Jonathan",CS,2B,high,
694b0d28-3eed-493d-aa83-304587347226,AWAY,59.6708268671723,7.5,,,,,,,no_release,,no_release,686563,"Cannon, Jonathan",SB,2B,not measured,no_release
ff4550b6-32cf-4547-a1b9-9e8610a4d521,HOME,59.65893821934321,4.0,181.0,131.0,L,0.21,2.91,8.0,PASS,0.838,PASS,676254,"Walker, Ryan",CS,2B,low,lift_peak_in 2.91 outside 4.28-
220d251a-9945-4d04-978b-d5621d9ae67f,HOME,59.737244298142485,4.3,208.0,162.0,R,0.1,2.4,9.0,PASS,0.77,PASS,572971,"Keuchel, Dallas",SB,3B,low,lift_peak_in 2.4 outside 4.28-
217bcb28-483c-4c35-a55a-513aeda7418d,HOME,59.71537776295523,4.1,176.0,117.0,L,0.28,27.04,9.0,PASS,0.988,PASS,668933,"Ashcraft, Graham",SB,2B,high,
e73cf255-3c24-4908-a23f-9a48264623c4,HOME,59.66350089128364,4.2,178.0,120.0,L,0.16,13.55,4.0,PASS,0.972,PASS,664747,"Díaz, Alexis",CS,2B,low,ball_pts 4.0 outside 5-
2d0a115b-bda7-4bef-a681-301d91a8fc98,AWAY,59.65733663134906,4.9,,,,,,,no_release,,no_release,502043,"Gibson, Kyle",CS,2B,not measured,no_release
feffc869-6a4d-47a4-b195-293ffec6ed0b,HOME,59.77706670417385,4.0,177.0,117.0,L,0.21,8.54,8.0,PASS,1.004,PASS,663372,"Feltner, Ryan",SB,2B,high,
884b254d-bd49-41df-b6c9-610b2ceca27d,HOME,59.714208263950745,3.9,174.0,117.0,L,0.21,16.99,9.0,PASS,0.955,PASS,693821,"Elder, Bryce",SB,2B,high,
6f93a626-7d26-4b6a-826b-9897f0ec2030,HOME,59.64773925563629,4.1,181.0,121.0,L,0.12,28.5,9.0,PASS,1.006,PASS,608334,"Fulmer, Carson",SB,2B,high,
fe8699e4-d382-4a94-be6e-70ef2c7dad88,HOME,59.74373083877054,4.0,176.0,119.0,L,0.23,17.22,9.0,PASS,0.954,PASS,693821,"Elder, Bryce",SB,2B,high,
3be3a04b-a91b-4f39-a3ef-14697445c113,HOME,59.7253978886548,4.2,176.0,119.0,L,0.28,18.15,9.0,PASS,0.954,PASS,700270,"Díaz, Yilber",SB,2B,high,
bf14e76d-3db9-451b-b239-817f44786749,AWAY,59.61847837036721,10.4,181.0,118.0,L,0.2,21.83,9.0,not_cf_view,,cut_in_window,643377,"Jax, Griffin",SB,2B,not measured,not_cf_view
b4abdfcf-e134-4eac-89fa-09eed5698ee8,AWAY,59.60066017613253,8.2,178.0,,,0.19,,9.0,cut_in_window,,release_not_at_hand,663372,"Feltner, Ryan",SB,3B,not measured,cut_in_window
c7ef841c-4eb3-490d-a574-c366f5e16504,HOME,59.733530717986675,4.6,183.0,109.0,R,0.13,23.27,9.0,PASS,1.239,PASS,666214,"Wentz, Joey",SB,3B,high,
f8731e10-3984-4070-99d6-b1b74be71a07,AWAY,59.67722960760617,8.4,181.0,121.0,L,0.19,13.42,8.0,PASS,1.005,release_not_at_hand,676272,"Miller, Bobby",SB,2B,high,
7c5a6bb8-e018-461b-88a7-f3c2ab93e7eb,AWAY,59.64969946142841,8.3,173.0,,,0.22,,9.0,no_set_before_lift,,cut_in_window,600986,"Vieira, Thyago",SB,2B,not measured,no_set_before_lift
444f632b-dd1c-4470-97bc-4a620dcaebcc,HOME,59.71626525899043,4.0,179.0,123.0,L,0.12,23.67,9.0,PASS,0.938,PASS,628317,"Maeda, Kenta",SB,2B,high,
51ec4006-5a1a-46fc-b1e1-fecf90795df1,HOME,59.70432972773235,4.3,182.0,125.0,L,0.13,13.82,9.0,PASS,0.955,PASS,554430,"Wheeler, Zack",SB,2B,high,
0ed9ac42-a57c-4f2f-9633-d99327d0b143,HOME,59.626822245565776,4.0,178.0,116.0,L,0.12,17.19,9.0,PASS,1.04,PASS,607067,"Rea, Colin",SB,2B,high,
0d8d9d78-2b5d-49f3-ab0e-46a10c43e724,HOME,59.741423141176185,4.2,180.0,125.0,L,0.16,4.14,5.0,PASS,0.921,PASS,664776,"Cousins, Jake",SB,2B,low,lift_peak_in 4.14 outside 4.28-
ee84e347-e3a7-48bb-9f04-0c638bc9236a,AWAY,59.675154147762576,7.6,,,,,,,no_release,,no_release,605130,"Barlow, Scott",SB,2B,not measured,no_release
d22af8ae-1a63-4e72-b4ac-8133fd7e479f,HOME,59.7300203082069,5.7,181.0,116.0,R,0.11,23.31,9.0,PASS,1.088,PASS,669432,"Rogers, Trevor",SB,2B,high,
05f3e045-cf21-4d71-87ae-54b8d4cdc951,HOME,59.754771979002214,6.0,179.0,109.0,L,0.19,28.68,3.0,PASS,1.171,PASS,623211,"Brazobán, Huascar",SB,2B,low,ball_pts 3.0 outside 5-
6b1f3220-743b-4d2a-8a75-f1840f2ca945,HOME,59.72705378645973,4.1,178.0,118.0,R,0.23,16.07,9.0,PASS,1.005,PASS,676596,"Fleming, Josh",SB,3B,high,
148a6e56-e881-4177-b7e7-3df5db7d7faf,HOME,59.74006080565832,4.2,177.0,128.0,R,0.18,2.83,9.0,PASS,0.82,PASS,607074,"Rodón, Carlos",CS,2B,low,lift_peak_in 2.83 outside 4.28-
aaa6e1d9-2880-4213-b8c6-e0b196b9b6f0,HOME,59.62635627794601,4.1,177.0,106.0,L,0.22,33.73,9.0,PASS,1.191,PASS,453286,"Scherzer, Max",SB,3B,high,
e90201cd-ead1-473c-aed4-4e6a80c6759f,AWAY,59.71535066591757,8.1,192.0,,,1.12,,9.0,cut_in_window,,release_not_at_hand,650556,"Abreu, Bryan",SB,2B,not measured,cut_in_window
602a8e0b-a977-4557-a742-9718ef357da4,HOME,59.7896596461203,5.8,182.0,124.0,L,0.17,20.42,9.0,PASS,0.97,PASS,678394,"Bello, Brayan",SB,3B,high,
af8f69e3-3349-45d4-96cd-b7af0c0afacf,HOME,59.81754146898656,4.0,180.0,123.0,R,0.11,16.09,9.0,PASS,0.953,PASS,669461,"Liberatore, Matthew",SB,2B,high,
6296ef6e-6208-4855-aadd-709819222ee8,AWAY,59.72801073592092,8.2,187.0,123.0,L,0.58,25.15,5.0,PASS,1.072,no_release,663773,"Hoeing, Bryan",SB,3B,low,release_to_wrist 0.58 outside -0.32
1c8c0103-ea8e-4786-a339-183a921d12da,HOME,59.72575365549947,4.2,178.0,117.0,L,0.1,22.52,6.0,PASS,1.021,PASS,573186,"Stroman, Marcus",SB,2B,high,
78fc137c-8b7f-4643-9689-35ac51d64934,AWAY,59.8122498626697,8.1,178.0,108.0,R,0.12,30.68,7.0,PASS,1.17,no_set_before_lift,664076,"Cleavinger, Garrett",SB,2B,high,
6d2ae84b-bc3c-40bd-b23c-cdbb586cde3f,HOME,59.71625271005287,4.1,200.0,146.0,L,0.24,11.81,9.0,PASS,0.904,PASS,593423,"Montas, Frankie",CS,2B,high,
fef1b3c1-4cf9-4b9e-b42d-e633ef7e929e,AWAY,59.76256494467925,8.1,183.0,123.0,R,0.7,9.3,9.0,release_not_at_hand,,release_not_at_hand,676664,"Sears, JP",SB,2B,not measured,release_not_at_hand
ce780799-4151-4bc1-a223-1a2fc3b9521d,HOME,59.62101559350196,4.1,182.0,130.0,L,0.17,11.67,9.0,PASS,0.872,PASS,622663,"Severino, Luis",CS,2B,high,
aa36c272-da87-40bb-9fc9-335b5e56909b,AWAY,59.685711891947385,8.2,177.0,116.0,L,0.3,22.41,9.0,not_cf_view,,not_cf_view,643377,"Jax, Griffin",SB,2B,not measured,not_cf_view
d9e82219-d5ed-43d7-89e6-db9321451dfc,AWAY,59.67527841503675,8.6,182.0,132.0,L,0.13,8.39,9.0,PASS,0.838,cut_in_window,663158,"Suarez, Robert",CS,2B,high,
b975bf81-2c06-427d-92bb-5a7acea6e135,HOME,59.692783874059394,3.9,178.0,126.0,L,0.13,8.11,9.0,PASS,0.871,PASS,641703,"Honeywell, Brent",SB,2B,high,
9451b1df-ec8a-4763-9105-db512d158d6e,AWAY,59.78708058285541,9.1,181.0,102.0,R,0.1,10.78,9.0,cut_in_window,,cut_in_window,670970,"Morejon, Adrian",SB,2B,not measured,cut_in_window
694b7bb1-cf35-4140-98f6-26cca8d58dde,HOME,59.74002387006383,4.1,180.0,113.0,L,0.16,24.25,9.0,PASS,1.122,PASS,601713,"Pivetta, Nick",SB,3B,high,
006d1ea3-db25-4e54-ac3d-0ea520db5640,HOME,59.752913627432505,4.1,206.0,134.0,L,0.21,23.34,9.0,PASS,1.205,PASS,669203,"Burnes, Corbin",SB,2B,high,
adfc0b62-86f9-40f0-bc66-7d3e367bbc44,AWAY,59.80577229140268,6.699999999999999,,,,,,,no_release,,no_release,641703,"Honeywell, Brent",SB,2B,not measured,no_release
25aa6f46-a2bc-435e-9e0d-01ffaa3cc455,HOME,59.65682702688213,4.1,178.0,108.0,R,0.18,29.87,9.0,PASS,1.173,PASS,527048,"Pérez, Martín",CS,2B,high,
92b09f6e-6f09-465d-99bf-e5a9f16746b0,HOME,59.68048610500247,4.0,171.0,119.0,L,0.2,12.16,9.0,PASS,0.871,PASS,547179,"Lorenzen, Michael",CS,2B,high,
44ea6d27-772f-4fff-80b7-00be9bae56c7,AWAY,59.78313959167725,9.1,181.0,,,0.18,,9.0,cut_in_window,,cut_in_window,669203,"Burnes, Corbin",SB,2B,not measured,cut_in_window
1720353b-4ef3-4e6c-8869-0751f2dd5d31,HOME,59.693236687140605,4.2,178.0,112.0,R,0.12,19.13,8.0,PASS,1.106,PASS,650911,"Sánchez, Cristopher",SB,2B,high,
f42c6cb3-66fa-49d4-9f81-622616304f80,AWAY,59.67340042134982,10.8,182.0,,,0.16,,6.0,cut_in_window,,cut_in_window,601713,"Pivetta, Nick",SB,2B,not measured,cut_in_window
829d699d-56bf-445d-80b5-d05ea54290bc,HOME,59.69277809574661,4.2,182.0,124.0,L,0.21,15.15,9.0,PASS,0.972,PASS,622663,"Severino, Luis",SB,2B,high,
4b3c2c43-3a34-47d1-819c-a0df5737b4a4,HOME,59.73618549914256,4.1,184.0,123.0,L,0.17,4.29,9.0,PASS,1.021,PASS,669467,"Pallante, Andre",SB,3B,high,
5bc9dd76-9509-4c17-a642-60a565df42c6,HOME,59.721742327943375,5.7,151.0,106.0,R,0.07,27.36,8.0,PASS,0.753,PASS,527048,"Pérez, Martín",SB,2B,high,
8dfe1d21-606d-4682-8809-d180be8f1c68,HOME,59.722688915798614,5.7,179.0,124.0,L,0.13,16.35,8.0,PASS,0.921,PASS,573186,"Stroman, Marcus",CS,2B,high,
d69c672a-382a-48b0-8f3e-f4188d26a003,HOME,59.71799834116671,8.7,179.0,128.0,L,0.32,14.44,9.0,PASS,0.854,PASS,650633,"King, Michael",SB,2B,high,
c9b6da5c-eff2-4577-bf91-3c4a1dbc2a7b,AWAY,59.75929820278211,8.2,188.0,118.0,L,0.73,21.44,7.0,release_not_at_hand,,release_not_at_hand,663773,"Hoeing, Bryan",SB,2B,not measured,release_not_at_hand
a44df99e-6cad-4c7a-a415-2e1e2ebea891,HOME,59.634788900887315,4.1,183.0,111.0,R,0.06,26.01,9.0,PASS,1.207,PASS,642232,"Yarbrough, Ryan",SB,2B,high,
206dc150-0833-4353-b641-b29ebf356acc,HOME,59.64198710037454,4.0,183.0,115.0,L,0.17,28.38,9.0,PASS,1.14,PASS,592332,"Gausman, Kevin",SB,2B,high,
501cbcdc-283f-4115-8fba-61a98a2e17a1,HOME,59.662133121589825,4.2,179.0,115.0,R,0.14,22.12,5.0,PASS,1.073,PASS,641482,"Cortes, Nestor",SB,3B,high,
90c69feb-39b8-477e-bbf7-9425cac459fa,AWAY,59.624305249737766,8.0,174.0,,,0.23,,9.0,no_set_before_lift,,no_set_before_lift,668881,"Greene, Hunter",CS,2B,not measured,no_set_before_lift
01632d7a-1655-4d4b-89c2-c204b571a6dc,HOME,59.697172524828595,4.1,180.0,116.0,R,0.14,23.1,9.0,PASS,1.072,PASS,656849,"Peterson, David",CS,2B,high,
62759e99-75bd-4748-abe8-ded704ca77b9,HOME,59.691487009791686,4.1,179.0,123.0,L,0.19,17.72,9.0,PASS,0.938,PASS,675921,"Howard, Spencer",SB,2B,high,
757a785c-a94e-47d8-b05f-0304b79911d4,AWAY,59.74145008193019,8.6,181.0,122.0,L,0.19,7.92,9.0,not_cf_view,,cut_in_window,544150,"Suárez, Albert",CS,2B,not measured,not_cf_view
16529a32-a81a-498d-a41e-0f726b7e2ca8,HOME,59.64914278556258,5.8,181.0,120.0,L,0.1,14.99,9.0,PASS,1.023,PASS,656557,"Houck, Tanner",SB,2B,high,
872b97ca-e5bc-4bde-b6dc-f71aeaf7ef15,HOME,59.66858677793578,4.0,178.0,115.0,L,0.19,14.68,9.0,PASS,1.056,PASS,643338,"Green, Chad",SB,3B,high,
a8892ac2-3798-4b30-a832-b79d175f4a98,AWAY,59.73701212681798,10.0,188.0,132.0,R,0.26,5.9,6.0,not_cf_view,,not_cf_view,571948,"Milner, Hoby",CS,2B,not measured,not_cf_view
725956b6-7216-4aee-ad4b-111e0f178164,HOME,59.688248961744634,4.0,181.0,122.0,L,0.21,12.88,9.0,PASS,0.988,PASS,595014,"Treinen, Blake",CS,2B,high,
435d75d6-f422-4031-8e88-cc4385619cdc,AWAY,59.76556145092745,8.1,184.0,126.0,L,0.65,19.22,7.0,release_not_at_hand,,release_not_at_hand,642547,"Peralta, Freddy",SB,2B,not measured,release_not_at_hand
fc432e7c-ed59-4ed9-9d97-f25530e0ea1f,AWAY,59.751988322442465,8.1,182.0,124.0,L,0.24,20.3,5.0,PASS,0.971,release_not_at_hand,663567,"Lambert, Peter",SB,2B,high,
2a9697ab-ef8d-43b6-b248-b94953c07e20,HOME,59.69132593615,4.1,177.0,124.0,L,0.24,18.64,9.0,PASS,0.888,PASS,690829,"Joyce, Ben",CS,2B,high,
5c19401f-feea-4500-b47d-acd3518af0df,HOME,59.72733704902032,6.0,179.0,121.0,L,0.13,18.25,5.0,PASS,0.971,PASS,669060,"Wilson, Bryse",SB,2B,high,
c2e9cf46-408b-4ad6-b918-7730b9f4e7a5,HOME,59.69095162588238,4.1,180.0,110.0,L,0.14,21.77,9.0,PASS,1.173,PASS,471911,"Carrasco, Carlos",SB,2B,high,
3af17adb-2653-4469-aad8-f3c9b0548db3,HOME,59.69440135664818,4.2,179.0,118.0,L,0.17,28.98,9.0,PASS,1.022,PASS,662253,"Muñoz, Andrés",SB,2B,high,
f4b122c7-999e-4b74-8c6a-52f6f200f2bb,AWAY,,4.0,,,,,,,no_clip,,no_set_before_lift,543294,"Hendricks, Kyle",CS,2B,not measured,no_clip
750c8820-b903-4a59-9a12-865bdbece5e2,AWAY,59.65956170739984,8.2,183.0,127.0,R,0.1,9.75,9.0,PASS,0.939,not_cf_view,663687,"Harris, Hogan",CS,2B,high,
9990a940-90c3-4ef3-b7c2-5f6285d80a79,AWAY,59.67617745734799,9.9,189.0,108.0,L,1.07,18.72,7.0,release_not_at_hand,,no_set_before_lift,650556,"Abreu, Bryan",SB,2B,not measured,release_not_at_hand
386c4205-1009-4d93-817d-5f52c0fec933,HOME,59.71680066396985,4.2,176.0,118.0,L,0.14,12.62,9.0,PASS,0.971,PASS,684320,"Rodríguez, Yariel",SB,2B,high,
05918e6e-3ca3-4583-b0d2-4905744d6c7e,HOME,59.65245649149619,4.1,202.0,138.0,R,0.12,18.2,9.0,PASS,1.073,PASS,700249,"Povich, Cade",CS,2B,high,
ed604149-17b8-4634-82c8-eeda553cf31d,AWAY,59.67270425846117,8.0,188.0,,,0.86,,8.0,cut_in_window,,cut_in_window,621242,"Díaz, Edwin",SB,2B,not measured,cut_in_window
513ab0c7-a149-4009-9232-503f0460a396,AWAY,59.68517576982824,5.9,,,,,,,not_cf_view,,cut_in_window,642547,"Peralta, Freddy",SB,2B,not measured,not_cf_view
ed3008fb-a203-4cef-b46b-23cbac413801,HOME,59.70017685268337,4.0,180.0,122.0,L,0.24,17.93,9.0,PASS,0.972,PASS,663567,"Lambert, Peter",CS,2B,high,
ffcc1c1f-684e-40fb-8b08-6ca8ac178a26,HOME,59.7377687650534,4.0,181.0,131.0,R,0.34,7.9,9.0,PASS,0.837,PASS,663460,"Bubic, Kris",CS,2B,low,release_to_wrist 0.34 outside -0.32
e0c82036-5b9f-4e6f-90cf-b9c8a387a492,HOME,59.641785175484486,4.0,179.0,108.0,L,0.18,25.16,8.0,PASS,1.19,PASS,663372,"Feltner, Ryan",SB,3B,high,
1e2133ab-bbf6-410d-9656-82869ab685db,AWAY,,4.6,,,,,,,no_clip,,cut_in_window,625643,"López, Reynaldo",SB,2B,not measured,no_clip
21868f04-5b74-41d1-abbe-3ed743939d11,AWAY,59.714239469941425,8.0,177.0,122.0,L,0.22,10.13,8.0,PASS,0.921,no_set_before_lift,682847,"Ortiz, Luis",SB,2B,high,
95e2160f-7384-4df8-93b7-8bbb7bcfff87,AWAY,59.65991613350116,8.6,181.0,131.0,L,0.21,9.59,9.0,PASS,0.838,cut_in_window,681035,"Scott, Christian",CS,2B,high,
d1bf20b3-a6cf-455b-8031-623b2621d4a2,AWAY,59.8079216621681,8.8,181.0,,,0.2,,8.0,no_set_before_lift,,cut_in_window,607179,"Weems, Jordan",SB,2B,not measured,no_set_before_lift
fd7e44e0-bdeb-4e40-9906-dd43f9cac90b,HOME,59.66630335639421,4.1,181.0,121.0,R,0.15,15.65,9.0,PASS,1.006,PASS,671096,"Abbott, Andrew",SB,2B,high,
2f1885c6-93ac-43a1-92fa-56d9b46b6bfb,AWAY,59.74697629720485,12.2,184.0,122.0,L,0.14,25.21,9.0,PASS,1.038,cut_in_window,623465,"Phillips, Evan",SB,2B,high,
59650d53-f1f7-453c-929a-040c13ef361e,HOME,59.670975077979115,4.2,178.0,118.0,L,0.25,20.64,9.0,PASS,1.006,PASS,669923,"Kirby, George",SB,2B,high,
2e0bf938-9a06-443f-b1a0-6c47b88bceac,HOME,59.633425259569755,4.1,199.0,142.0,L,0.22,10.96,7.0,PASS,0.956,PASS,668909,"Williams, Gavin",SB,2B,high,
48319eb9-6f73-4e96-b304-9dc55efb2cdc,AWAY,59.80426535751857,8.2,189.0,125.0,L,0.84,15.92,8.0,release_not_at_hand,,no_set_before_lift,607179,"Weems, Jordan",SB,3B,not measured,release_not_at_hand
acd0696d-bcee-4470-b04c-b7d8d2a80db1,HOME,59.68780739665908,4.1,181.0,114.0,L,0.26,19.23,9.0,PASS,1.123,PASS,682847,"Ortiz, Luis",SB,2B,high,
eed2790d-9f4c-454f-bfff-9e20c8d27209,AWAY,59.70883915530183,8.0,182.0,115.0,L,0.32,19.48,3.0,PASS,1.122,cut_in_window,613534,"Adams, Austin",SB,2B,low,ball_pts 3.0 outside 5-
2c7fccf1-f48d-4b7c-924c-7f5ebf5b3d30,HOME,59.62589438841582,4.0,179.0,120.0,L,0.19,28.7,9.0,PASS,0.99,PASS,672456,"Montero, Keider",CS,2B,high,
9b4fd55e-4e08-4528-a4ee-f31143380a44,HOME,59.63208408099224,4.1,175.0,120.0,L,0.16,16.12,7.0,PASS,0.922,PASS,667755,"Soriano, José",CS,2B,high,
f888240d-7d5b-4b4d-8c38-6f31801baadd,HOME,59.66985692795669,5.7,184.0,125.0,L,0.16,15.82,9.0,PASS,0.989,PASS,678495,"Rodríguez, Randy",CS,3B,high,
07345fbc-722d-4a47-ad9e-acf9fa12b7f0,AWAY,59.69295436597999,6.5,,,,,,,no_release,,release_not_at_hand,681293,"Arrighetti, Spencer",SB,2B,not measured,no_release
bfa053c6-5ffd-4793-99f9-1ad451a2d1ae,HOME,59.64931273904944,3.9,196.0,139.0,L,0.09,9.2,8.0,PASS,0.956,PASS,680704,"Sandlin, Nick",CS,2B,high,
9aa6c1c6-70bd-4325-a004-b9c33fa957a8,HOME,59.690888877148055,4.0,179.0,106.0,R,0.15,17.57,9.0,PASS,1.223,PASS,621383,"Banks, Tanner",CS,3B,high,
11b419eb-27ed-40d1-9f32-fb96599d9e54,AWAY,59.696161842927665,10.0,193.0,123.0,L,0.67,14.32,6.0,release_not_at_hand,,release_not_at_hand,605463,"Scott, Tayler",CS,2B,not measured,release_not_at_hand
bab4848f-e80b-472d-9572-4d0ef40040cd,AWAY,59.69026763512697,7.9,178.0,111.0,L,0.14,25.11,5.0,PASS,1.122,no_set_before_lift,594902,"Lively, Ben",SB,2B,high,
7af86069-30b1-45a8-85cb-a5bd33e53e18,AWAY,59.73670958923818,8.2,192.0,,,0.87,,9.0,release_not_at_hand,,release_not_at_hand,453286,"Scherzer, Max",SB,2B,not measured,release_not_at_hand
574f6617-2662-41c0-b416-a11c48ea58cd,HOME,59.74006080565832,4.0,182.0,122.0,L,0.12,12.87,8.0,PASS,1.004,PASS,607067,"Rea, Colin",SB,2B,high,
f6cd2acb-0cba-4ac8-a1d4-25fe1fcf0282,HOME,59.75442389205339,4.2,182.0,125.0,L,0.22,12.51,9.0,PASS,0.954,PASS,592791,"Taillon, Jameson",SB,2B,high,
9fcaf7d0-6be9-4860-b974-7584bb36f9f2,AWAY,59.684198051944165,8.2,178.0,104.0,R,0.11,32.99,9.0,PASS,1.24,not_cf_view,458677,"Wilson, Justin",SB,2B,high,
7eeb7344-ca5d-4c32-854a-6d146c496ff7,HOME,59.73540024054524,4.1,182.0,129.0,L,0.24,3.57,6.0,PASS,0.887,PASS,571945,"Mikolas, Miles",CS,2B,low,lift_peak_in 3.57 outside 4.28-
c6748082-8b19-47ec-96b9-9fdb1295a0d7,HOME,59.74310465000498,4.2,176.0,123.0,L,0.24,11.11,9.0,PASS,0.887,PASS,607259,"Martinez, Nick",SB,2B,high,
198c94cc-71f9-4f6a-bcc0-e79e45158f83,HOME,59.71602573907199,4.0,179.0,120.0,L,0.27,18.3,9.0,PASS,0.988,PASS,671345,"Foley, Jason",SB,2B,high,
d0ee545f-3a7b-4388-9b3c-d413993d6b65,HOME,59.651756347331975,6.4,178.0,118.0,L,0.14,25.67,9.0,PASS,1.006,PASS,681190,"Vásquez, Randy",SB,2B,high,
e8d18712-511f-4c05-9a37-ec05a4a9e8fd,AWAY,59.72967702870514,8.3,175.0,119.0,L,0.11,23.0,9.0,PASS,0.938,not_cf_view,628317,"Maeda, Kenta",CS,2B,high,
3055ac71-e5a2-4b93-b39a-55f88609e7a0,AWAY,59.69572634455023,12.5,188.0,124.0,L,0.98,11.66,9.0,release_not_at_hand,,cut_in_window,663704,"McArthur, James",CS,2B,not measured,release_not_at_hand
8e33b67d-8929-4eea-9803-e2128fe3f8dc,HOME,59.76592802455395,3.9,183.0,123.0,L,0.13,24.29,8.0,PASS,1.004,PASS,686752,"Pepiot, Ryan",SB,2B,high,
ebb4b5f5-9ff3-4685-99f4-cc12e2796de3,HOME,59.686110208699745,4.1,180.0,122.0,L,0.16,11.98,9.0,PASS,0.972,PASS,656848,"Petersen, Michael",SB,2B,high,
1e78a308-6ab1-4c63-990c-4885c424edd5,AWAY,59.74196780306215,8.8,180.0,125.0,L,0.15,5.56,9.0,not_cf_view,,cut_in_window,681676,"Fernandez, Ryan",SB,2B,not measured,not_cf_view
5f533653-6761-40ed-b559-120bc16879a7,HOME,59.69179271234877,4.0,179.0,122.0,L,0.14,20.12,9.0,PASS,0.955,PASS,674285,"Salazar, Eduardo",SB,2B,high,
67bfb349-3a4d-4f25-8a1c-1cd548ee1a7d,AWAY,59.79340536561298,8.2,176.0,,,0.13,,9.0,no_set_before_lift,,cut_in_window,519043,"Moore, Matt",SB,3B,not measured,no_set_before_lift
c32107af-c9a2-4cc1-9ac7-c3e44c70daf5,HOME,59.67167549726396,4.2,181.0,124.0,R,0.48,26.89,9.0,PASS,0.955,PASS,519242,"Sale, Chris",SB,2B,low,release_to_wrist 0.48 outside -0.32
b764bbf2-7d04-4e0f-a9af-b0cba6d8da18,HOME,59.68703066711884,4.2,201.0,149.0,L,0.19,9.31,9.0,PASS,0.871,PASS,675650,"Mercado, Michael",CS,2B,high,
6a2cb3f4-1244-4cdd-9668-04901d871bef,HOME,59.66686003149084,5.9,182.0,127.0,L,0.18,20.87,5.0,PASS,0.922,PASS,686752,"Pepiot, Ryan",SB,2B,high,
33d75b6d-e052-4972-8277-e33db797fcb3,HOME,59.725287953984015,4.1,178.0,122.0,L,0.16,19.64,9.0,PASS,0.938,PASS,686294,"Willingham, Amos",SB,2B,high,
64f23672-7127-4819-99a1-0c4c220a62e2,AWAY,59.63531654164247,5.0,,,,,,,not_cf_view,,no_release,656605,"Keller, Mitch",SB,2B,not measured,not_cf_view
156e891b-7e2f-4668-a8d3-e0717e15bf70,HOME,59.66396664710605,4.0,179.0,112.0,R,0.14,28.6,9.0,PASS,1.123,PASS,519043,"Moore, Matt",SB,2B,high,
ecc98e78-183f-475f-8cb3-22d9b4556301,AWAY,59.70579455030213,8.7,179.0,123.0,R,0.18,6.51,5.0,PASS,0.938,cut_in_window,657006,"Steele, Justin",SB,2B,high,
7466e0ea-dee5-4725-95ba-59e9b92456e0,AWAY,59.665536849771705,8.2,181.0,,,0.49,,7.0,cut_in_window,,cut_in_window,640455,"Manaea, Sean",SB,2B,not measured,cut_in_window
c4dd0366-ad6d-40d9-9977-adc5406fd995,HOME,59.70656001536779,6.0,178.0,115.0,L,0.15,22.53,9.0,PASS,1.055,PASS,673380,"Núñez, Dedniel",SB,3B,high,
7a2c0bc4-fe9d-44d7-8edc-eedc15940aea,HOME,59.69950509332209,4.0,187.0,125.0,R,0.08,23.96,7.0,PASS,1.039,PASS,571578,"Corbin, Patrick",SB,2B,high,
97120fe8-165c-4cbe-9d76-9843146a3a3d,HOME,59.69030969030969,4.1,182.0,119.0,L,0.14,16.42,9.0,PASS,1.055,PASS,608379,"Wacha, Michael",SB,3B,high,
449848c6-2f2c-47c8-9e08-99809920aa2b,AWAY,59.738668300544774,8.6,,,,,,,no_release,,no_release,605400,"Nola, Aaron",SB,2B,not measured,no_release
fbf0f0c7-b847-4214-ba8d-3bf7e36cfce8,HOME,59.74644192937291,3.9,181.0,117.0,L,0.1,16.33,9.0,PASS,1.071,PASS,543037,"Cole, Gerrit",SB,2B,high,
d4b97b79-2512-468b-953f-bdd24738f5ff,AWAY,,4.7,,,,,,,no_clip,,cut_in_window,676440,"Bibee, Tanner",CS,2B,not measured,no_clip
222752ce-222a-4bd5-b220-15eeb6050192,AWAY,,4.6,,,,,,,no_clip,,cut_in_window,663362,"Waldron, Matt",SB,2B,not measured,no_clip
085c4a4b-986c-43cf-bf1c-8991e8724bdd,HOME,59.67342127615317,4.1,174.0,118.0,L,0.21,18.43,9.0,PASS,0.938,PASS,694813,"Stone, Gavin",SB,2B,high,
b2ecbd81-7538-46f9-9695-caee6d752208,AWAY,59.73648020937736,8.1,178.0,117.0,L,0.25,21.34,9.0,PASS,1.021,cut_in_window,665795,"Cabrera, Edward",SB,2B,high,
42f2df44-12ef-41aa-a416-ecb9f5c2b2b6,HOME,59.73767369377949,4.0,179.0,142.0,L,0.2,5.77,9.0,PASS,0.619,PASS,623167,"Flexen, Chris",SB,2B,low,delivery_s 0.619 outside 0.7-1.31
ba6c7bf4-c5aa-43f7-8319-ab5afc4c748a,HOME,59.67566608248109,4.2,186.0,127.0,R,0.13,25.11,9.0,PASS,0.989,PASS,571578,"Corbin, Patrick",SB,2B,high,
faa37dc8-0318-4d65-be4b-00ca3b51bd32,AWAY,,5.0,,,,,,,no_clip,,cut_in_window,671345,"Foley, Jason",SB,2B,not measured,no_clip
ad97d393-89ce-4f1e-94c3-6ee63406c681,HOME,59.70954846762359,4.2,173.0,105.0,R,0.18,21.39,9.0,PASS,1.139,PASS,676664,"Sears, JP",SB,2B,high,
ba2bfca8-97ec-4fa5-9cb8-c7313c36d1d9,HOME,59.675960275184806,4.1,185.0,126.0,L,0.12,20.11,9.0,PASS,0.989,PASS,571656,"Farmer, Buck",SB,3B,high,
ac3f4098-3fa7-48df-b1ce-563c8f1df49a,AWAY,59.73127228240038,8.4,,,,,,,no_release,,cut_in_window,621237,"Alvarado, José",SB,3B,not measured,no_release
a1b0505f-6f10-48a7-9d1f-9a69c001f180,HOME,59.749749719474096,3.9,185.0,131.0,L,0.16,13.04,8.0,PASS,0.904,PASS,593423,"Montas, Frankie",SB,2B,high,
dbdd50f8-fe7f-4803-b2a7-207638d29bd9,HOME,59.68066391027117,5.9,181.0,132.0,L,0.18,9.07,9.0,PASS,0.821,PASS,593423,"Montas, Frankie",SB,2B,high,
2910a1da-eb03-41d7-9cf1-11540785b93e,AWAY,,1.2,,,,,,,no_clip,,not_cf_view,592767,"Smyly, Drew",SB,2B,not measured,no_clip
39c9f6b0-c486-4a58-9d9b-f915fedfa4ea,HOME,59.746826234040235,4.0,181.0,124.0,L,0.18,12.66,9.0,PASS,0.954,PASS,518585,"Cruz, Fernando",SB,2B,high,
1518e11d-7999-4a00-9430-e05884d159cf,HOME,59.71956927180135,4.3,179.0,127.0,L,0.2,11.54,9.0,PASS,0.871,PASS,663903,"Singer, Brady",CS,2B,high,
23b9cb79-7301-4b66-b22d-400370d00e95,HOME,59.741342115064775,4.0,184.0,119.0,L,0.31,17.28,9.0,PASS,1.088,PASS,641154,"López, Pablo",CS,2B,high,
c5f3e712-0da4-449a-ba41-ba68bc24b05c,HOME,59.6435815008698,4.2,179.0,117.0,L,0.15,21.2,7.0,PASS,1.04,PASS,686563,"Cannon, Jonathan",SB,3B,high,
cbda2142-9728-4234-bd93-ed2bfb6844b2,HOME,59.66545785570458,3.9,183.0,112.0,R,0.18,19.28,6.0,PASS,1.19,PASS,656641,"Latz, Jacob",SB,2B,high,
745f8d90-7bfc-477e-9679-36d32575fd54,AWAY,59.697635353404834,12.7,180.0,99.0,R,0.14,119.37,9.0,cut_in_window,,cut_in_window,650911,"Sánchez, Cristopher",CS,2B,not measured,cut_in_window
9b7b6941-69ac-4ff1-a4cc-51b7e8395c26,AWAY,59.690765898405914,7.8,187.0,119.0,L,0.67,12.94,8.0,release_not_at_hand,,no_release,687765,"Spence, Mitch",SB,2B,not measured,release_not_at_hand
d619ab71-23db-4a68-bd45-216d07034eab,AWAY,59.686218891694224,8.399999999999999,183.0,112.0,R,0.11,26.27,9.0,PASS,1.19,no_set_before_lift,458677,"Wilson, Justin",SB,2B,high,
18b1ef38-4581-4980-ad78-dbc05abbce42,HOME,59.69538340907241,4.3,181.0,111.0,L,0.14,21.5,7.0,PASS,1.173,PASS,518886,"Kimbrel, Craig",SB,2B,high,
5bc3cd5a-1f3e-46f9-9124-64f45baaaf86,AWAY,59.681484070029136,8.0,177.0,,,0.6,,7.0,no_set_before_lift,,cut_in_window,663423,"Thornton, Trent",CS,2B,not measured,no_set_before_lift
3d3d8e4b-7e7b-4cda-bda7-434113520905,HOME,59.64668071328974,4.2,180.0,125.0,R,0.1,17.58,9.0,PASS,0.922,PASS,666157,"Lodolo, Nick",SB,2B,high,
2c23ba1d-955f-4d80-87cc-9b4c804c50a7,HOME,59.67688061022901,4.0,181.0,106.0,L,0.18,19.4,9.0,PASS,1.257,PASS,518585,"Cruz, Fernando",SB,3B,high,
8b248c68-96e2-438f-9a0a-438039d064dc,HOME,59.793027356984894,4.2,183.0,120.0,L,0.15,23.03,8.0,PASS,1.054,PASS,656550,"Holmes, Grant",SB,2B,high,
8a15068f-c68e-4ae1-bd94-f4f01aea37da,HOME,59.726015231244034,4.0,183.0,119.0,L,0.26,18.39,9.0,PASS,1.072,PASS,641154,"López, Pablo",SB,2B,high,
64eed0d8-3d59-4213-b18f-e47171e9d207,AWAY,59.691098564926506,9.9,186.0,122.0,L,0.94,9.74,8.0,release_not_at_hand,,release_not_at_hand,657277,"Webb, Logan",CS,2B,not measured,release_not_at_hand
332af1e0-6652-407a-8fc1-145a463d1a40,HOME,59.710009068584995,3.9,174.0,104.0,R,0.09,23.9,9.0,PASS,1.172,PASS,664285,"Valdez, Framber",SB,2B,high,
fc87877e-892a-422c-b0ca-90688ca1b1fa,AWAY,59.79630364854682,6.0,180.0,120.0,L,0.18,15.84,4.0,PASS,1.003,not_cf_view,693821,"Elder, Bryce",SB,2B,low,ball_pts 4.0 outside 5-
54087fde-54cf-424b-9819-2e271f5df6b7,HOME,59.61747357948489,4.5,180.0,122.0,L,0.13,19.42,9.0,PASS,0.973,PASS,686563,"Cannon, Jonathan",CS,3B,high,
5524ce53-25f6-429c-8c1f-7372e018e433,AWAY,59.64264117496003,9.3,176.0,112.0,R,0.16,22.68,9.0,PASS,1.073,cut_in_window,664285,"Valdez, Framber",SB,3B,high,
8d1e05ea-b6b7-4128-85f2-4d8fcafa2fea,AWAY,59.661839458206,5.8999999999999995,,,,,,,not_cf_view,,cut_in_window,543859,"Tonkin, Michael",SB,2B,not measured,not_cf_view
a8165ce3-f294-4e49-ae86-05fdbfb98f3a,AWAY,,1.3,,,,,,,no_clip,,not_cf_view,668678,"Gallen, Zac",SB,2B,not measured,no_clip
11f7b76d-da9f-420a-85bc-590fb57141a7,HOME,59.64110702265316,4.2,178.0,106.0,R,0.17,22.16,9.0,PASS,1.207,PASS,641482,"Cortes, Nestor",SB,2B,high,
f9338da4-e9fc-4075-ac2d-e7b7ba5d1dd9,HOME,59.702539330472405,4.2,202.0,136.0,R,0.15,16.56,9.0,PASS,1.105,PASS,607536,"Freeland, Kyle",SB,2B,high,
013678f4-3a48-411f-a93b-2da94dc14172,AWAY,59.74583044706133,8.3,189.0,124.0,L,0.98,8.08,5.0,release_not_at_hand,,release_not_at_hand,687765,"Spence, Mitch",SB,2B,not measured,release_not_at_hand
a937e94e-9594-48f1-bd1e-d9c1bae38f44,HOME,59.66697657183866,4.2,180.0,121.0,R,0.14,30.49,9.0,PASS,0.989,PASS,680736,"Wrobleski, Justin",SB,2B,high,
151ffc3a-fdaf-41e6-8cf4-c50b9ff945dc,HOME,59.66153985753822,4.1,182.0,110.0,R,0.08,17.78,4.0,PASS,1.207,PASS,607481,"Bummer, Aaron",SB,3B,low,ball_pts 4.0 outside 5-
a08848c0-b363-4b6d-9082-26d3f5d2a0d0,HOME,59.72842513646411,4.1,181.0,124.0,L,0.27,23.05,9.0,PASS,0.954,PASS,607625,"Lugo, Seth",CS,2B,high,
d678101f-aca4-4e58-a15e-c5fdaf27087e,HOME,59.690693678212895,4.0,179.0,111.0,R,0.47,25.3,9.0,PASS,1.139,PASS,669432,"Rogers, Trevor",SB,2B,low,release_to_wrist 0.47 outside -0.32
8dabe2bd-34be-4144-873f-73b77fe751c9,HOME,59.67546146572531,4.0,177.0,129.0,L,0.17,7.87,8.0,PASS,0.804,PASS,596133,"Weaver, Luke",CS,2B,high,
d68e04a0-c1e3-42ee-817c-1dc53e5f364c,HOME,59.70941418430306,4.2,180.0,114.0,L,0.55,23.2,9.0,PASS,1.105,PASS,592332,"Gausman, Kevin",SB,2B,low,release_to_wrist 0.55 outside -0.32
40d8ff46-cd41-4121-9ea5-07cff6320c9a,HOME,59.65334776797057,4.0,182.0,123.0,R,0.16,11.07,9.0,PASS,0.989,PASS,671096,"Abbott, Andrew",CS,2B,high,
c1b92e2b-9b0e-4e0b-9b30-1346212e8a09,AWAY,,1.2,,,,,,,no_clip,,not_cf_view,572020,"Paxton, James",SB,2B,not measured,no_clip
39e7ea06-c9e7-4910-a22d-5e8c32488daa,AWAY,,3.8,,,,,,,no_clip,,no_release,445276,"Jansen, Kenley",SB,2B,not measured,no_clip
c444b6f1-90f0-43c2-9fa4-d64505553163,AWAY,,4.1,,,,,,,no_clip,,not_cf_view,572020,"Paxton, James",SB,3B,not measured,no_clip
ea918e88-b9e2-46e5-ad9e-fed2f8eab867,HOME,59.627528487965314,4.1,178.0,132.0,L,0.19,7.27,9.0,PASS,0.771,PASS,669854,"Blanco, Ronel",SB,2B,high,
aaa43346-84b0-4c1e-931b-8230ec9e3981,AWAY,59.741903756634485,7.5,,,,,,,no_release,,no_release,666808,"Doval, Camilo",SB,2B,not measured,no_release
137d553b-62a4-42f8-92d9-c5a452cd6389,HOME,59.6607127779031,4.0,178.0,116.0,R,0.07,16.48,9.0,PASS,1.039,PASS,519008,"McFarland, T.J.",SB,2B,high,
b27a0c84-8b8b-4236-992b-25c04f23ee23,HOME,59.67555951886882,4.1,184.0,123.0,R,0.18,21.63,9.0,PASS,1.022,PASS,676395,"Garcia, Robert",SB,2B,high,
c71c9434-4490-47d9-bbcf-13a32881f7cd,HOME,59.732327315189075,5.8,178.0,125.0,L,0.25,11.38,9.0,PASS,0.887,PASS,683155,"Estes, Joey",CS,2B,high,
1e32f837-ad3c-4348-aaa9-04d22dd0b3a4,HOME,59.70742054559401,4.0,166.0,115.0,L,0.08,21.21,6.0,PASS,0.854,PASS,671345,"Foley, Jason",SB,2B,high,
e74e2f5e-bbd9-454e-95bc-de444194058d,AWAY,59.675149158377465,8.2,181.0,121.0,L,0.35,7.82,6.0,PASS,1.005,release_not_at_hand,663372,"Feltner, Ryan",CS,2B,low,release_to_wrist 0.35 outside -0.32
a7e90a4f-d716-412e-a797-9d0c298b1b2b,HOME,59.616615677049175,4.0,177.0,117.0,L,0.16,20.77,9.0,PASS,1.006,PASS,573186,"Stroman, Marcus",CS,2B,high,
778b09c2-2c72-4656-ad75-3a0b29e87cbc,HOME,59.72585535249645,5.8,177.0,107.0,L,0.13,16.1,9.0,PASS,1.172,PASS,605288,"Houser, Adrian",SB,3B,high,
b1f3be52-47b0-4cb9-b8c6-8bbf4be0f7c3,HOME,59.5749945869034,3.9,177.0,114.0,L,0.15,22.72,9.0,PASS,1.057,PASS,573186,"Stroman, Marcus",SB,2B,high,
384ea655-7281-498b-aa72-4f06a199a4c5,HOME,59.69525436356863,4.0,178.0,111.0,R,0.14,23.38,8.0,PASS,1.122,PASS,664076,"Cleavinger, Garrett",SB,3B,high,
86ae417a-2b9f-4362-85c6-58edd07043f3,AWAY,59.67067366208882,8.2,191.0,122.0,L,0.87,16.14,8.0,release_not_at_hand,,cut_in_window,661527,"Martinez, Seth",CS,2B,not measured,release_not_at_hand
30553900-1e10-4c1a-ab25-64e6ca0710fd,HOME,59.68054810351232,3.9,177.0,103.0,L,0.23,19.6,9.0,PASS,1.24,PASS,669358,"Baz, Shane",SB,3B,high,
3e80127c-5c75-4df2-a017-5b233192c8eb,HOME,59.75871779243465,5.7,178.0,112.0,L,0.17,17.61,9.0,PASS,1.104,PASS,606303,"Payamps, Joel",SB,2B,high,
000cfa26-6cca-40c8-a7af-52f0704fea77,HOME,59.786241971380456,3.9,173.0,117.0,L,0.13,12.32,9.0,PASS,0.937,PASS,681293,"Arrighetti, Spencer",SB,2B,high,
caeb6275-db3a-4087-8c89-3fe1f9339513,AWAY,59.648354645716765,7.9,182.0,124.0,L,0.26,2.94,8.0,PASS,0.972,release_not_at_hand,669467,"Pallante, Andre",SB,2B,low,lift_peak_in 2.94 outside 4.28-
f408b71d-c949-4a86-b999-3d3453f99e83,HOME,59.71560728027059,3.9,170.0,105.0,L,0.1,19.36,7.0,PASS,1.088,PASS,656557,"Houck, Tanner",CS,2B,high,
b36965b7-a475-4a88-83ef-d2a34c98b1cf,AWAY,59.77427767022309,8.4,181.0,,,0.07,,9.0,no_set_before_lift,,cut_in_window,682120,"Herrin, Tim",SB,2B,not measured,no_set_before_lift
e698e13b-710c-4a97-806a-866e5a6eedf6,HOME,59.71299847716057,4.0,183.0,118.0,L,0.1,27.25,9.0,PASS,1.089,PASS,625643,"López, Reynaldo",SB,3B,high,
dcf33d1a-2bc1-4aec-b6b3-4b3f0abc8307,HOME,59.75896611539474,3.9,183.0,121.0,L,0.11,26.89,8.0,PASS,1.038,PASS,625643,"López, Reynaldo",SB,2B,high,
830ffe16-57ed-40d6-bc4f-2d5a4f3e3b02,HOME,59.732304353068855,3.9,178.0,105.0,L,0.16,31.89,6.0,PASS,1.222,PASS,662253,"Muñoz, Andrés",SB,3B,high,
59b0abe9-2477-4e71-8715-fe3a0d07abd2,AWAY,59.73234777128441,6.4,175.0,117.0,L,0.24,16.46,9.0,PASS,0.971,no_release,682243,"Miller, Bryce",SB,2B,high,
ab30817c-db3f-44b1-9b20-b290bb04a0d2,HOME,59.72970798809428,4.0,177.0,112.0,L,0.11,26.05,9.0,PASS,1.088,PASS,625643,"López, Reynaldo",SB,2B,high,
61dccfdd-6391-4859-a8ad-1db037e3e931,HOME,59.65377417342483,4.0,176.0,126.0,L,0.16,3.43,9.0,PASS,0.838,PASS,630023,"Chirinos, Yonny",CS,2B,low,lift_peak_in 3.43 outside 4.28-
e88b012a-6b1f-4b42-827d-fd437ff031d2,HOME,59.75107096199224,4.0,178.0,124.0,L,0.17,6.98,9.0,PASS,0.904,PASS,630023,"Chirinos, Yonny",SB,3B,high,
582f0eb8-667e-48ff-a97b-6869629efe1c,AWAY,59.67110646646488,9.7,184.0,130.0,R,0.3,6.02,9.0,PASS,0.905,cut_in_window,571948,"Milner, Hoby",SB,2B,high,
abeea32a-7054-4846-8ae8-cb8b5133aebe,AWAY,59.68054714878885,11.6,237.0,,,1.26,,9.0,not_cf_view,,not_cf_view,547179,"Lorenzen, Michael",SB,2B,not measured,not_cf_view
0aa194ac-379b-4737-9194-bcd4541a1896,HOME,59.81934291982343,5.5,184.0,141.0,L,0.14,3.25,5.0,PASS,0.719,PASS,547179,"Lorenzen, Michael",CS,2B,low,lift_peak_in 3.25 outside 4.28-
3f377024-3696-4550-9f9a-b71b1ebcb636,AWAY,59.72526378658172,5.5,,,,,,,no_release,,no_release,669467,"Pallante, Andre",SB,2B,not measured,no_release
5227d01d-a796-4a78-ada3-93d3af45fbc1,HOME,59.74841887669616,3.8,174.0,110.0,R,0.14,24.38,8.0,PASS,1.071,PASS,656849,"Peterson, David",SB,2B,high,
3b32c663-87c7-42f5-9c30-d498054057da,HOME,59.61766432262594,3.9,181.0,120.0,R,0.55,8.86,9.0,PASS,1.023,PASS,605483,"Snell, Blake",CS,2B,low,release_to_wrist 0.55 outside -0.32
6d650427-a84b-4f88-9404-34d33f81bdc0,AWAY,59.63937617065811,9.7,176.0,114.0,R,0.13,21.5,9.0,not_cf_view,,no_set_before_lift,656849,"Peterson, David",SB,2B,not measured,not_cf_view
57c1fa81-6ff9-4880-980b-1318e0cc3101,HOME,59.77781378850898,4.0,182.0,133.0,L,0.11,4.12,7.0,PASS,0.82,PASS,656605,"Keller, Mitch",CS,2B,low,lift_peak_in 4.12 outside 4.28-
59f10bd2-68ba-4cb4-a113-9ebd338ca76e,HOME,59.666095022947054,4.0,175.0,116.0,L,0.09,10.09,9.0,PASS,0.989,PASS,656557,"Houck, Tanner",SB,2B,high,
5a386cf1-3766-454e-9b06-cca0b23edca3,AWAY,59.67913520114874,8.0,178.0,123.0,L,0.2,12.75,9.0,not_cf_view,,not_cf_view,663878,"Pearson, Nate",SB,2B,not measured,not_cf_view
a049bcda-93b4-419f-bd6a-9e278771fec1,HOME,59.71477213424702,4.1,174.0,124.0,R,0.09,12.1,9.0,PASS,0.837,PASS,621389,"Blach, Ty",SB,2B,high,
32349f66-88c5-42b2-99b5-0d466264c72a,AWAY,59.7201998046191,5.2,182.0,123.0,L,0.17,26.9,9.0,PASS,0.988,not_cf_view,681190,"Vásquez, Randy",SB,2B,high,
b88ef8f2-96fb-43e7-b403-2daed3a68130,HOME,59.627038718603245,3.9,173.0,121.0,L,0.13,3.31,9.0,PASS,0.872,PASS,814005,"Bloss, Jake",SB,2B,low,lift_peak_in 3.31 outside 4.28-
11e43bfd-1a86-4fc0-affa-734932fcced5,AWAY,59.68219949568061,10.0,268.0,,,0.72,,9.0,not_cf_view,,no_release,656546,"Hoffman, Jeff",SB,2B,not measured,not_cf_view
14a1492b-66db-4a5a-9685-da2a84859ce9,AWAY,59.70996104221023,7.9,181.0,128.0,L,0.21,8.44,9.0,not_cf_view,,no_set_before_lift,592791,"Taillon, Jameson",SB,2B,not measured,not_cf_view
c838906a-0348-43dd-9a72-1d9d33e926dd,AWAY,59.664140608491365,11.3,179.0,,,0.21,,9.0,no_set_before_lift,,not_cf_view,621244,"Berríos, José",SB,2B,not measured,no_set_before_lift
f1f11c99-5ef7-42c1-ad20-6f37b9082a5f,HOME,59.81142785938776,4.0,182.0,114.0,R,0.12,22.64,9.0,PASS,1.137,PASS,666214,"Wentz, Joey",SB,2B,high,
ec4ef419-08d2-4305-920b-38a4c98c8a14,HOME,59.76484775399457,3.9,178.0,115.0,L,0.33,7.97,8.0,PASS,1.054,PASS,544150,"Suárez, Albert",SB,2B,low,release_to_wrist 0.33 outside -0.32
86839f05-3ac4-47cc-b6b9-d45100628e81,HOME,59.71769815418024,5.8,179.0,130.0,L,0.12,6.58,9.0,PASS,0.821,PASS,592791,"Taillon, Jameson",SB,2B,high,
7ec8a166-3830-4db3-b0bf-c22449464d3d,HOME,59.6583609219116,3.8,173.0,107.0,L,0.17,18.18,9.0,PASS,1.106,PASS,814005,"Bloss, Jake",SB,2B,high,
43824713-c9f7-4c53-91e9-b54de567cc0b,AWAY,59.635463612135624,7.9,180.0,103.0,R,0.1,28.45,9.0,PASS,1.291,cut_in_window,656756,"Montgomery, Jordan",SB,3B,high,
27203aa3-2e76-45ab-8e54-8fd6a90a19d2,AWAY,59.73003139655496,7.9,191.0,124.0,L,0.54,23.48,9.0,PASS,1.122,release_not_at_hand,656730,"Megill, Trevor",SB,2B,low,release_to_wrist 0.54 outside -0.32
f721c762-47e4-4beb-bf8e-360f879225c7,HOME,59.75159568976872,3.9,179.0,119.0,L,0.16,17.29,9.0,PASS,1.004,PASS,605130,"Barlow, Scott",SB,2B,high,
782fea21-2282-41c1-8a44-14b128778bd3,HOME,59.69073129811742,4.0,178.0,122.0,L,0.23,7.14,9.0,PASS,0.938,PASS,680573,"Woods Richardson, Simeon",SB,2B,high,
efc6eb10-60a1-4ab3-8480-2ad2219381c3,HOME,59.73028366717762,4.1,181.0,117.0,L,0.17,25.42,9.0,PASS,1.071,PASS,621244,"Berríos, José",SB,2B,high,
1c358753-b657-4b9d-88e5-e79721cb54a1,AWAY,59.66996233759031,7.800000000000001,,,,,,,no_release,,no_release,657697,"Nittoli, Vinny",SB,2B,not measured,no_release
f7c0669b-b9ac-4310-8b25-8b8a751e0a7e,HOME,59.66522385307167,3.9,175.0,118.0,L,0.21,15.31,9.0,PASS,0.955,PASS,674370,"Bido, Osvaldo",SB,2B,high,
00d56fa9-6400-4760-9cf3-0aaa387552f6,AWAY,59.75889583947841,10.2,180.0,,,0.18,,7.0,cut_in_window,,cut_in_window,656550,"Holmes, Grant",SB,2B,not measured,cut_in_window
ed39505b-a9f6-4343-a3f7-40b15164c3f2,HOME,59.65422642829525,5.7,180.0,123.0,L,0.1,10.38,9.0,PASS,0.956,PASS,623167,"Flexen, Chris",SB,2B,high,
c931bd44-a450-4b54-a3c7-1c09afdb83bc,HOME,59.67133060461566,3.9,178.0,112.0,L,0.24,21.54,9.0,PASS,1.106,PASS,592094,"Adam, Jason",SB,2B,high,
3418d52e-8386-40f4-863a-6e1b791ce363,HOME,59.70175568119836,3.9,181.0,119.0,L,0.29,25.2,9.0,PASS,1.038,PASS,640451,"Harvey, Hunter",SB,2B,high,
5449fd10-dfd3-4256-9ea0-c9a8509fd071,AWAY,59.76553895854918,6.0,,,,,,,no_release,,no_release,554340,"García, Yimi",SB,2B,not measured,no_release
de2d2994-98f5-4569-a148-d5f6e9899cdf,AWAY,59.64765898121059,8.3,177.0,111.0,L,0.12,28.91,8.0,PASS,1.106,cut_in_window,656550,"Holmes, Grant",SB,2B,high,
f475f18f-6513-47a3-a10d-47e851e4d62f,AWAY,59.78159545953281,9.7,176.0,104.0,L,0.27,27.67,9.0,PASS,1.204,cut_in_window,607192,"Glasnow, Tyler",SB,2B,high,
1f5c9475-170e-4261-8ba2-a1442d44400a,AWAY,59.74517291837682,12.6,179.0,,,0.18,,8.0,no_set_before_lift,,no_set_before_lift,622491,"Castillo, Luis",CS,2B,not measured,no_set_before_lift
12957846-4003-48e3-878e-d1b5f8c5e37b,HOME,59.698380090778805,3.9,180.0,121.0,L,0.26,21.34,9.0,PASS,0.988,PASS,689225,"Brieske, Beau",SB,2B,high,
6428d1c4-9722-496e-85ee-df0059d47fac,HOME,59.67660401389171,5.6,179.0,124.0,L,0.15,12.27,6.0,PASS,0.922,PASS,615698,"Quantrill, Cal",CS,2B,high,
a0189b62-eee1-488c-ad81-ffae4175a54c,HOME,59.68653515979043,3.9,176.0,118.0,L,0.16,11.08,9.0,PASS,0.972,PASS,642216,"Winans, Allan",SB,2B,high,
823b16b4-7e05-44c4-8a53-d9240d651c95,AWAY,59.685711891947385,6.6,,,,,,,no_release,,no_release,592779,"Stewart, Brock",SB,2B,not measured,no_release
344028cb-4a40-40d2-b0ae-fdef5c98c320,AWAY,59.691007178866194,5.6,,,,,,,no_release,,no_release,668968,"Crouse, Hans",SB,2B,not measured,no_release
7032e851-6bfc-4061-87a5-75df822b092d,HOME,59.6502462379108,4.0,180.0,124.0,R,0.15,19.42,9.0,PASS,0.939,PASS,663893,"Little, Brendon",SB,2B,high,
a45dd515-6bc3-4b36-ac16-8bc0347f1b0e,AWAY,59.74483560179434,8.6,179.0,127.0,R,0.16,5.81,6.0,PASS,0.87,cut_in_window,657006,"Steele, Justin",CS,2B,high,
570e5d6b-3d7b-4a1b-947c-9351f69e5221,HOME,59.706132104082,4.0,180.0,121.0,L,0.13,18.98,9.0,PASS,0.988,PASS,663362,"Waldron, Matt",SB,2B,high,
fbb4023d-6f02-4c8d-9cbd-9d0cd60bdd0c,AWAY,59.65106078819975,7.699999999999999,,,,,,,no_release,,no_release,657097,"Webb, Jacob",SB,2B,not measured,no_release
5339efa6-de54-471e-9e0b-84df2a59b16f,HOME,59.71629370930884,4.0,177.0,125.0,L,0.23,11.01,9.0,PASS,0.871,PASS,656288,"Canning, Griffin",SB,2B,high,
0cdddf6e-f885-4f34-8bec-5e0520e50aa6,AWAY,59.65377864624162,6.5,,,,,,,no_release,,release_not_at_hand,607192,"Glasnow, Tyler",SB,2B,not measured,no_release
5375800f-e605-4699-8fb1-bf0957b0864c,HOME,59.6539466239571,4.0,202.0,148.0,L,0.18,15.14,7.0,PASS,0.905,PASS,656302,"Cease, Dylan",CS,2B,high,
0d382f2b-d855-4ee3-ae57-8e99ff709e69,HOME,59.74957309798863,3.9,175.0,118.0,L,0.13,12.77,8.0,PASS,0.954,PASS,453286,"Scherzer, Max",SB,2B,high,
4879bc2a-278f-48ca-86c9-fff060c70622,HOME,59.63502647460885,4.2,201.0,144.0,R,0.11,19.75,9.0,PASS,0.956,PASS,571578,"Corbin, Patrick",SB,2B,high,
fe91fe55-3ffd-4daf-8cec-fd8a71b124d6,HOME,59.73562384962909,4.0,172.0,111.0,R,0.13,27.21,9.0,PASS,1.021,PASS,670046,"Rosenberg, Kenny",SB,3B,high,
498d2573-157c-406b-bff6-ee06baa9b326,AWAY,59.69647477324199,8.5,184.0,116.0,L,0.32,29.4,9.0,PASS,1.139,cut_in_window,621242,"Díaz, Edwin",CS,3B,high,
7cb2e470-fe77-4d7f-a8a5-4ec60df4349d,HOME,59.7011602993962,4.1,183.0,113.0,L,0.24,32.17,9.0,PASS,1.173,PASS,621242,"Díaz, Edwin",SB,2B,high,
560d2be7-e69c-4f6e-917f-2c37053e5f98,AWAY,59.62292119316913,8.0,181.0,118.0,L,0.16,15.63,9.0,PASS,1.057,not_cf_view,622663,"Severino, Luis",SB,2B,high,
3adce113-6c60-4766-8e9d-b3209ba02e6d,AWAY,59.67456932396728,9.6,179.0,126.0,L,0.12,11.9,5.0,PASS,0.888,no_release,686563,"Cannon, Jonathan",CS,2B,high,
7a8fbf89-18ec-4936-b99c-92327d16de22,HOME,59.62832463262588,6.6,180.0,121.0,L,0.21,16.97,9.0,PASS,0.989,PASS,605135,"Bassitt, Chris",SB,2B,high,
009fcf77-1212-4931-942a-661f4c48208f,AWAY,59.625748267789525,7.1,,,,,,,no_release,,no_release,669203,"Burnes, Corbin",SB,2B,not measured,no_release
e51edd7b-85ec-45a1-888b-a25195a89528,HOME,59.54559329049332,3.9,169.0,104.0,L,0.17,27.23,9.0,PASS,1.092,PASS,548389,"Stripling, Ross",SB,3B,high,
9226236f-9647-465c-a0a1-a3c2c8b7ffda,HOME,59.61163810729162,4.0,171.0,115.0,L,0.16,16.45,9.0,PASS,0.939,PASS,672710,"Contreras, Roansy",SB,2B,high,
c0b6b8c4-9167-4e13-8faa-515f018ac410,HOME,59.6409272568855,3.9,180.0,117.0,L,0.23,15.63,9.0,PASS,1.056,PASS,670950,"Richards, Trevor",SB,2B,high,
a8d801ac-dc35-414d-a451-0d0909afa451,HOME,59.6742229458438,3.9,176.0,116.0,L,0.14,19.06,9.0,PASS,1.005,PASS,548389,"Stripling, Ross",SB,2B,high,
0e73407b-fe97-4b1e-9777-92b901040159,AWAY,59.73472457101843,7.9,180.0,116.0,L,0.19,23.23,9.0,not_cf_view,,not_cf_view,676083,"Junk, Janson",SB,3B,not measured,not_cf_view
eb24405a-d8ac-450b-9b11-a2de950f1179,HOME,59.71673795487441,4.0,180.0,124.0,L,0.13,16.19,9.0,PASS,0.938,PASS,519151,"Pressly, Ryan",SB,2B,high,
e401b2ff-4aa3-40da-8535-45f40834b336,HOME,59.71824294020189,4.0,180.0,125.0,L,0.18,3.0,9.0,PASS,0.921,PASS,552640,"Kittredge, Andrew",SB,2B,low,lift_peak_in 3.0 outside 4.28-
18265505-7aa6-47e0-8c0f-d10b360958c7,AWAY,59.67027559055118,7.4,177.0,116.0,R,0.1,21.28,9.0,PASS,1.022,no_release,641482,"Cortes, Nestor",SB,3B,high,
aaf4d636-3efe-4882-b9a4-82788d71fee0,HOME,59.70695773449574,3.9,179.0,112.0,L,0.15,4.26,8.0,PASS,1.122,PASS,552640,"Kittredge, Andrew",SB,3B,low,lift_peak_in 4.26 outside 4.28-
3fffa5b7-9ce6-4886-8b66-421f3794c8b7,HOME,59.793385705374305,4.0,183.0,119.0,R,0.1,14.76,9.0,PASS,1.07,PASS,650911,"Sánchez, Cristopher",CS,3B,high,
db7b2146-4e65-4bd6-9be7-ff57dba0e19d,HOME,59.67675093244923,4.0,182.0,123.0,L,0.14,25.5,9.0,PASS,0.989,PASS,543243,"Gray, Sonny",SB,2B,high,
6c19de22-fd90-4a11-a470-df5a6710b8ac,HOME,59.69031878800516,3.9,176.0,118.0,L,0.21,24.1,8.0,PASS,0.972,PASS,622250,"Sborz, Josh",SB,2B,high,
73293ccc-e482-4ebb-973a-c74f93f10976,AWAY,59.732987055147504,8.3,177.0,117.0,L,0.15,15.35,9.0,PASS,1.004,cut_in_window,621112,"Blackburn, Paul",SB,2B,high,
9f5c038c-947e-464c-9ef1-c8cd98d63d92,HOME,59.68893813540816,3.9,175.0,109.0,R,0.15,28.13,9.0,PASS,1.106,PASS,519043,"Moore, Matt",CS,2B,high,
a9d69266-f423-4094-8574-aa6001f22513,HOME,59.676548669294306,3.9,182.0,122.0,L,0.19,24.62,8.0,PASS,1.005,PASS,543243,"Gray, Sonny",SB,3B,high,
5465bb8e-c774-424e-965e-03a7fcb819e8,AWAY,59.71323759156608,7.9,175.0,,,0.2,,9.0,no_set_before_lift,,no_set_before_lift,668678,"Gallen, Zac",SB,3B,not measured,no_set_before_lift
b8d79eaa-4b1c-4fe3-8c60-958b54c5a296,AWAY,59.686399473216966,8.4,176.0,,,0.22,,9.0,no_set_before_lift,,cut_in_window,664854,"Helsley, Ryan",CS,2B,not measured,no_set_before_lift
d7762e64-6a18-4a30-b61c-07d7668487c1,AWAY,59.68285678611562,6.3,,,,,,,no_release,,no_release,657746,"Ryan, Joe",SB,2B,not measured,no_release
f68b1f05-ede9-4623-b773-b54b0bf374e8,AWAY,,4.5,,,,,,,no_clip,,cut_in_window,693433,"Woo, Bryan",SB,2B,not measured,no_clip
0ba02d31-734d-4104-9993-f760fe08f2f3,HOME,59.682606632572366,4.0,181.0,119.0,L,0.19,17.89,9.0,PASS,1.039,PASS,641540,"Dunning, Dane",SB,2B,high,
6ca32f14-12e0-4089-9d79-2dbb6db38446,AWAY,59.74639079640042,7.6,,,,,,,no_release,,no_release,502043,"Gibson, Kyle",SB,2B,not measured,no_release
ab7653fb-1a30-4849-ab8b-6caf672730d4,AWAY,59.70628563943403,6.6,179.0,120.0,R,0.13,22.93,9.0,PASS,0.988,not_cf_view,595345,"Okert, Steven",SB,2B,high,
d2479a53-d8a3-40c5-93ae-14ef276f6e88,HOME,59.62505171560608,3.9,177.0,112.0,L,0.18,15.44,8.0,PASS,1.09,PASS,641793,"Littell, Zack",SB,2B,high,
b40b91a1-8ad2-4478-b10d-f310ec3bc5ed,HOME,59.78500736839743,4.0,179.0,111.0,R,0.26,29.16,9.0,PASS,1.137,PASS,664079,"Jay, Tyler",SB,2B,high,
c51835d6-c2a4-4fdb-b9a9-aa87c00e1acd,HOME,59.71371975512895,3.9,181.0,119.0,L,0.16,5.63,9.0,PASS,1.038,PASS,663969,"Phillips, Tyler",SB,2B,high,
5ae39bb6-e7a4-476f-aa24-bb58873e4097,HOME,59.7339559951861,3.9,182.0,119.0,R,0.25,32.0,9.0,PASS,1.055,PASS,664079,"Jay, Tyler",SB,3B,high,
a0e9e6d4-c7d4-4f05-8220-68b3cdc7c496,AWAY,59.686127105354515,7.8,187.0,,,0.16,,7.0,no_set_before_lift,,no_set_before_lift,682990,"Priester, Quinn",SB,2B,not measured,no_set_before_lift
2e80cd12-2778-4bfe-b0dd-a9ebf8c9e616,AWAY,,3.9,,,,,,,no_clip,,release_not_at_hand,573186,"Stroman, Marcus",SB,3B,not measured,no_clip
83f7539d-9e1a-498a-ab55-24035c152943,HOME,59.65314408222734,4.0,176.0,118.0,L,0.16,15.98,9.0,PASS,0.972,PASS,806185,"Birdsong, Hayden",SB,2B,high,
c00e85da-163e-411b-80a9-136b85a57130,HOME,59.643367027608576,5.6,179.0,113.0,L,0.16,15.81,9.0,PASS,1.107,PASS,641793,"Littell, Zack",CS,2B,high,
1867a582-0119-42ef-b3fc-4b1ea6a93ba6,AWAY,59.65540054068262,7.9,177.0,96.0,L,0.23,17.93,9.0,cut_in_window,,cut_in_window,641540,"Dunning, Dane",SB,3B,not measured,cut_in_window
77e6f4a1-70e9-41d0-82b1-600e9688e92c,AWAY,59.7253436547464,5.1,175.0,115.0,R,0.15,12.72,9.0,PASS,1.005,not_cf_view,542881,"Anderson, Tyler",SB,2B,high,
b99cf073-0420-40d6-9928-9e888742dac1,HOME,59.75635862511874,4.0,176.0,116.0,L,0.17,21.48,9.0,PASS,1.004,PASS,519326,"Strickland, Hunter",SB,2B,high,
e4653c8f-3795-4974-b3bf-d9a005847356,AWAY,59.61596228943781,5.1,182.0,126.0,R,0.17,26.9,7.0,PASS,0.939,not_cf_view,680736,"Wrobleski, Justin",CS,2B,high,
c0ec186e-16b9-4687-a036-5305cdf30c4c,HOME,59.7337639455759,3.9,177.0,123.0,R,0.14,10.33,9.0,PASS,0.904,PASS,542881,"Anderson, Tyler",SB,2B,high,
8fc16a1d-cdf0-4091-b548-2d5892a889f7,HOME,59.70474866460156,3.9,204.0,146.0,L,0.12,12.16,6.0,PASS,0.971,PASS,605463,"Scott, Tayler",SB,2B,high,
4c122f4c-d127-4d0e-bc33-8e0bc0341069,AWAY,,4.0,,,,,,,no_clip,,release_not_at_hand,676604,"Zuber, Tyler",SB,3B,not measured,no_clip
cbb9cef0-e5b3-4d47-93a4-1ec9e2612a33,HOME,59.75205250652803,3.9,181.0,115.0,R,0.22,21.36,9.0,PASS,1.105,PASS,596295,"Gomber, Austin",SB,2B,high,
33949718-fb09-4b06-93c7-6eb8a8dbb2fd,AWAY,,4.5,,,,,,,no_clip,,cut_in_window,668881,"Greene, Hunter",SB,2B,not measured,no_clip
f8fc6aa5-0114-4125-b7c7-cf5d100bfcd2,HOME,59.64762387661646,3.9,179.0,120.0,R,0.17,19.54,8.0,PASS,0.989,PASS,666142,"Ragans, Cole",SB,3B,high,
43081c33-63b0-49f6-8e87-0dd8ff621c6f,HOME,59.72014577903342,4.0,177.0,116.0,L,0.15,17.08,9.0,PASS,1.021,PASS,656546,"Hoffman, Jeff",SB,2B,high,
25587cbb-23a2-4e33-92e9-bde1449439aa,HOME,59.69895579940301,4.0,174.0,114.0,L,0.16,34.25,9.0,PASS,1.005,PASS,668964,"Myers, Tobias",CS,2B,high,
07e8b2ad-313a-4f1d-aa6b-01c217e5c50e,HOME,59.69743708593394,4.1,185.0,116.0,R,0.53,8.29,7.0,PASS,1.156,PASS,676979,"Crochet, Garrett",SB,3B,low,release_to_wrist 0.53 outside -0.32
adb7f60c-3815-4e82-8803-1df3b240a569,AWAY,,1.2,,,,,,,no_clip,,not_cf_view,542888,"Armstrong, Shawn",SB,2B,not measured,no_clip
ad7a9c6d-b74e-4e01-a430-e6e8eafd260d,AWAY,,1.1,,,,,,,no_clip,,not_cf_view,664076,"Cleavinger, Garrett",SB,2B,not measured,no_clip
e53c2efc-0a9e-40a6-a812-7608cae0a6b0,HOME,59.66297521737329,3.9,193.0,137.0,L,0.2,15.06,5.0,PASS,0.939,PASS,676604,"Zuber, Tyler",SB,2B,high,
01092ef3-40e7-45f9-9986-0fe1f5fa660d,HOME,59.69405921929945,3.9,176.0,113.0,L,0.18,26.23,9.0,PASS,1.055,PASS,606160,"Montero, Rafael",SB,2B,high,
616b748e-cfde-4bc8-88f7-20732cb9c1d2,AWAY,59.72380221698987,7.2,,,,,,,no_release,,no_release,674370,"Bido, Osvaldo",SB,2B,not measured,no_release
bdd6f4df-d0b4-49bd-a792-7a2d0b487869,AWAY,,4.6,,,,,,,no_clip,,cut_in_window,518585,"Cruz, Fernando",SB,2B,not measured,no_clip
cadc0cde-e76f-40f2-917b-f03f16d1081f,AWAY,59.6690268585114,8.1,180.0,112.0,L,0.23,28.29,9.0,PASS,1.14,no_set_before_lift,665896,"Marte, José",SB,2B,high,
be9ee3ef-9e0e-4466-946e-afe72d9f20e1,HOME,59.72386229448633,4.1,179.0,124.0,L,0.18,14.76,9.0,PASS,0.921,PASS,674370,"Bido, Osvaldo",CS,2B,high,
dfec083b-bb01-4186-93e8-3435d4517f9a,HOME,59.70891901977858,4.2,196.0,140.0,L,0.13,19.13,6.0,PASS,0.938,PASS,676604,"Zuber, Tyler",SB,2B,high,
f2e64a3c-f83b-4036-86e9-7befc5d489d1,HOME,59.73403590855923,4.1,181.0,115.0,R,0.14,27.45,9.0,PASS,1.105,PASS,676979,"Crochet, Garrett",SB,3B,high,
aca2413e-ad75-40b6-8247-3c8017c3addd,HOME,59.68505475570871,4.1,178.0,106.0,L,0.13,11.58,9.0,PASS,1.206,PASS,544150,"Suárez, Albert",SB,2B,high,
bc24201d-e69c-423b-8c12-a9a2f6196a19,HOME,59.65605415941816,4.2,198.0,140.0,L,0.17,10.6,9.0,PASS,0.972,PASS,518585,"Cruz, Fernando",SB,3B,high,
fa7b36db-50a3-4234-b281-c27fa66d998f,HOME,59.65387640940477,4.1,179.0,118.0,R,0.15,21.32,9.0,PASS,1.023,PASS,666142,"Ragans, Cole",SB,3B,high,
ddf88fb7-d40a-4c49-8e84-88ac38ca83c9,AWAY,59.60565422452008,7.6,,,,,,,no_release,,no_release,544150,"Suárez, Albert",CS,3B,not measured,no_release
d621bf1f-417d-4787-aa42-38ed8095dc77,HOME,59.76296610586065,4.0,179.0,125.0,L,0.22,14.57,9.0,PASS,0.904,PASS,700270,"Díaz, Yilber",SB,2B,high,
9bda9b58-1bb0-43c9-acd5-06c012727564,HOME,59.6571610730699,4.2,183.0,111.0,R,0.47,19.06,4.0,PASS,1.207,PASS,667463,"King, John",SB,3B,low,release_to_wrist 0.47 outside -0.32; ball_pts 4.0 outside 5-
9c9dc5ca-33f8-49bf-8284-5e163a40b487,AWAY,59.70847834628341,7.8,,,,,,,no_release,,no_set_before_lift,642629,"Ramirez, Emmanuel",CS,2B,not measured,no_release
f18518bb-f622-4b91-9c1e-f0235265c632,AWAY,59.713327480672056,10.4,196.0,121.0,R,0.39,19.05,7.0,PASS,1.256,cut_in_window,667463,"King, John",SB,2B,low,release_to_wrist 0.39 outside -0.32
a17bbf2b-f794-4e97-9c2a-cf2be7b9411c,AWAY,59.660196273399336,7.9,,,,,,,no_release,,no_release,663485,"Sands, Cole",SB,2B,not measured,no_release
909195b5-b49d-43f7-99e5-42447a433a4c,HOME,59.7090432241552,4.1,178.0,121.0,L,0.1,18.68,9.0,PASS,0.955,PASS,679525,"Marsh, Alec",SB,2B,high,
527570cf-0f28-4722-a0db-7ca86a859762,HOME,59.75057854578574,3.9,180.0,119.0,L,0.15,28.19,8.0,PASS,1.021,PASS,445926,"Chavez, Jesse",SB,2B,high,
5451761c-6db1-41ee-a285-7e44fbc3ae1e,AWAY,59.74958454375928,7.6,184.0,,,0.52,,7.0,no_set_before_lift,,cut_in_window,663423,"Thornton, Trent",CS,3B,not measured,no_set_before_lift
12e4f000-51d7-409b-8b0d-d856015270e4,AWAY,59.719633393174654,8.0,181.0,,,0.14,,9.0,cut_in_window,,cut_in_window,700249,"Povich, Cade",SB,2B,not measured,cut_in_window
cb5412c6-9922-470f-bc8f-2b90ed9aee75,HOME,59.74595276176936,3.9,182.0,111.0,L,0.12,22.81,9.0,PASS,1.188,PASS,650556,"Abreu, Bryan",SB,3B,high,
0950dbda-97be-4a47-9c3b-760beea1be21,HOME,59.73728917067321,4.0,184.0,121.0,L,0.48,19.96,9.0,PASS,1.055,PASS,676440,"Bibee, Tanner",SB,2B,low,release_to_wrist 0.48 outside -0.32
fd1712ee-cbe6-4d76-99c2-48fe1009a16d,AWAY,59.719676491224256,9.9,197.0,160.0,L,1.32,3.2,8.0,cut_in_window,,not_cf_view,681517,"Leahy, Kyle",CS,2B,not measured,cut_in_window
1bee9f7b-13e5-495d-a7ab-9fbb558d8e70,AWAY,59.705346767407384,7.699999999999999,180.0,125.0,L,0.2,4.4,9.0,PASS,0.921,cut_in_window,605154,"Brebbia, John",SB,2B,high,
91dddebe-9480-49b4-af60-a7df5e3874f0,HOME,59.75686229046894,3.9,175.0,122.0,L,0.2,10.94,9.0,PASS,0.887,PASS,592791,"Taillon, Jameson",SB,2B,high,
99622c30-a101-4973-b990-a82d893045f4,AWAY,59.68132424976071,7.6,179.0,117.0,R,0.08,23.2,9.0,PASS,1.039,no_set_before_lift,594580,"Moll, Sam",SB,2B,high,
5d678613-cf42-496a-ba75-0a601f060bf0,HOME,59.59728814089571,3.8,180.0,112.0,L,0.28,22.39,9.0,PASS,1.141,PASS,518886,"Kimbrel, Craig",SB,2B,high,
31286d9b-1df8-4148-a4a2-9528e40aff5e,HOME,59.69048628074313,3.8,182.0,109.0,L,0.2,23.25,6.0,PASS,1.223,PASS,650556,"Abreu, Bryan",SB,2B,high,
ceb035d6-5f1e-42fe-b126-51ffd116d387,HOME,59.64171563258272,3.9,181.0,116.0,R,0.15,27.76,9.0,PASS,1.09,PASS,623352,"Hader, Josh",SB,3B,high,
e637be5d-8319-457c-b700-a089015be79d,HOME,59.667465901497586,3.8,178.0,115.0,L,0.19,19.06,9.0,PASS,1.056,PASS,592791,"Taillon, Jameson",SB,3B,high,
fbdd7929-a264-4b09-bd57-2482c86c2e72,HOME,59.70215015861826,3.8,178.0,122.0,L,0.14,11.13,9.0,PASS,0.938,PASS,592791,"Taillon, Jameson",SB,2B,high,
dcaaf392-02b2-4212-831d-6dda2680b3aa,HOME,59.777988001293274,3.9,173.0,134.0,R,0.1,2.33,9.0,PASS,0.652,PASS,656756,"Montgomery, Jordan",SB,3B,low,lift_peak_in 2.33 outside 4.28-; delivery_s 0.652 outside 0.7-1.31
dfad4fb8-d39f-4c36-b97c-8d3abb89ea79,AWAY,59.68801667075834,7.6,183.0,,,0.16,,9.0,not_cf_view,,not_cf_view,573204,"Thielbar, Caleb",SB,2B,not measured,not_cf_view
ecd71a55-87a1-4620-bacb-5b24a1de1778,AWAY,59.76938495400836,7.6,176.0,,,0.14,,9.0,no_set_before_lift,,no_set_before_lift,664875,"Lawrence, Justin",SB,2B,not measured,no_set_before_lift
7c2d826b-dc4e-47e1-ae46-0a16491d5547,AWAY,59.75761679524306,9.3,172.0,109.0,R,0.15,26.12,8.0,PASS,1.054,not_cf_view,571578,"Corbin, Patrick",SB,2B,high,
3efb9282-d878-417d-93ff-6ddee5e8e5bc,HOME,59.71286222424269,3.9,177.0,107.0,R,0.1,23.94,9.0,PASS,1.172,PASS,676664,"Sears, JP",CS,2B,high,
335250ad-7b81-4869-aa8d-3078e7993169,AWAY,59.71622505808304,9.3,,,,,,,no_release,,not_cf_view,669203,"Burnes, Corbin",SB,2B,not measured,no_release
556b9bb5-7763-4225-aa19-c00f813f5b07,AWAY,59.700609212536385,7.5,178.0,112.0,R,0.23,15.28,9.0,PASS,1.106,no_set_before_lift,605488,"Springs, Jeffrey",SB,2B,high,
38d77c56-c367-467e-93fd-31a78b7d27ea,AWAY,59.726452845965476,8.1,179.0,118.0,L,0.29,2.16,8.0,cut_in_window,,not_cf_view,605135,"Bassitt, Chris",CS,2B,not measured,cut_in_window
ab0773cf-8e04-47f1-bbe2-e3a0e54f488f,HOME,59.717884476782096,3.8,181.0,132.0,R,0.15,3.28,9.0,PASS,0.821,PASS,572020,"Paxton, James",SB,2B,low,lift_peak_in 3.28 outside 4.28-
bb9a29e7-e9f8-452f-b6bc-e96f0ac6141d,HOME,59.68901462917966,3.9,174.0,114.0,R,0.14,14.66,9.0,PASS,1.005,PASS,573124,"Rogers, Taylor",CS,2B,high,
d3a3bce7-3870-4677-9e08-9b0f83e300cd,HOME,59.722421088492474,3.8,180.0,123.0,R,0.16,5.91,9.0,PASS,0.954,PASS,674003,"Bradford, Cody",SB,2B,high,
f45957d5-1429-4c8f-a4a6-c660fa749a4d,HOME,59.727558505064614,7.5,180.0,126.0,L,0.12,15.62,6.0,PASS,0.904,PASS,686613,"Brown, Hunter",CS,2B,high,
5a822252-1e05-46d1-9fa6-42124591f035,HOME,59.65459254440339,3.9,175.0,113.0,L,0.12,22.22,9.0,PASS,1.039,PASS,663362,"Waldron, Matt",SB,2B,high,
c5088560-4450-4835-ad52-e50c7adb3644,HOME,59.721620189760635,3.8,177.0,107.0,R,0.16,28.1,9.0,PASS,1.172,PASS,592662,"Ray, Robbie",CS,2B,high,
809697d7-01f0-4f7a-aad4-73d04718ed5e,AWAY,59.735543660945105,5.199999999999999,,,,,,,no_release,,no_release,608379,"Wacha, Michael",CS,2B,not measured,no_release
9db4f21d-af79-447c-b176-43483b4bdd13,AWAY,59.70283757448774,7.6,,,,,,,no_release,,no_release,605135,"Bassitt, Chris",SB,2B,not measured,no_release
32412577-ef9b-45f0-a88e-5a8f7fd025e6,HOME,59.71437004745363,3.9,180.0,114.0,L,0.23,22.97,7.0,PASS,1.105,PASS,665795,"Cabrera, Edward",SB,3B,high,
ebb6e673-ef06-4e13-8478-deb9f2f51ade,HOME,59.66453027946821,3.9,179.0,122.0,R,0.1,9.23,9.0,PASS,0.955,PASS,657006,"Steele, Justin",SB,2B,high,
36de3f4c-3ad1-4ece-af79-187a57d15dc1,AWAY,59.66096014470432,7.4,,,,,,,no_release,,no_release,665795,"Cabrera, Edward",CS,2B,not measured,no_release
cd383b77-e003-463f-aa0c-61f6bff33b8f,HOME,59.794238629201026,3.7,182.0,111.0,L,0.14,26.5,9.0,PASS,1.187,PASS,605400,"Nola, Aaron",SB,2B,high,
69cb3688-9457-46d0-af8d-bb5203d44edd,HOME,59.70352545912692,3.9,180.0,122.0,L,0.12,8.8,5.0,PASS,0.971,PASS,682610,"Muñoz, Roddery",SB,2B,high,
3805080f-ab80-4224-a2bf-e842645972d2,AWAY,59.75581964750533,7.5,181.0,,,0.15,,9.0,not_cf_view,,not_cf_view,622663,"Severino, Luis",SB,2B,not measured,not_cf_view
f7bf8fca-af53-40dd-a479-02c1a4e235a1,AWAY,59.70126921307293,7.699999999999999,174.0,107.0,L,0.18,32.96,9.0,PASS,1.122,cut_in_window,689672,"Thorpe, Drew",SB,3B,high,
d616c78e-93df-4a11-815e-c647afa002ee,AWAY,59.81489257451006,7.5,188.0,126.0,L,1.16,16.48,4.0,release_not_at_hand,,release_not_at_hand,606930,"Barnes, Jacob",SB,2B,not measured,release_not_at_hand
0d165fd2-a6ea-4993-9517-b9dca2e2ec5a,AWAY,59.638455516921226,9.3,190.0,,,0.79,,9.0,cut_in_window,,release_not_at_hand,642547,"Peralta, Freddy",SB,2B,not measured,cut_in_window
6bc989c6-cc86-49a4-b596-e1c3f5fe4153,HOME,59.712261539705544,3.9,180.0,128.0,L,0.1,10.58,9.0,PASS,0.871,PASS,622663,"Severino, Luis",SB,2B,high,
8af522d7-1fc4-438a-a89e-2cad529f6992,HOME,59.69917472712752,3.7,176.0,113.0,L,0.25,23.4,9.0,PASS,1.055,PASS,596001,"Junis, Jakob",SB,2B,high,
134ff5d1-e8ab-4b68-b6a5-a331773dc007,HOME,59.6939801513988,3.8,180.0,115.0,L,0.15,22.19,9.0,PASS,1.089,PASS,683232,"Mears, Nick",SB,3B,high,
d2e40361-cb13-4dd4-ba6e-d669beff5d25,HOME,59.762000454330995,3.8,175.0,118.0,R,0.11,17.31,9.0,PASS,0.954,PASS,666157,"Lodolo, Nick",SB,2B,high,
00515907-6b4a-4208-978b-2fe961d44574,HOME,59.66309956338095,3.8,176.0,119.0,L,0.19,3.83,9.0,PASS,0.955,PASS,657508,"Baumann, Mike",CS,2B,low,lift_peak_in 3.83 outside 4.28-
400f4e7c-3fc5-4101-b34a-ec672bd1a805,AWAY,59.71202428422125,9.4,140.0,116.0,L,0.09,2.57,9.0,implausible_delivery,,release_not_at_hand,543294,"Hendricks, Kyle",CS,3B,not measured,implausible_delivery
ddf40c38-94c3-4337-a154-9e1b76b4cad3,HOME,59.643170672140776,3.8,181.0,115.0,R,0.15,22.43,9.0,PASS,1.107,PASS,677053,"Nardi, Andrew",SB,2B,high,
0d464993-5752-4dad-b3f3-4b71032a976a,HOME,59.68521097064155,3.8,178.0,126.0,L,0.09,4.77,9.0,PASS,0.871,PASS,670174,"Winckowski, Josh",SB,2B,high,
a094b1c1-7158-44d4-ab42-85802cf491d8,AWAY,59.70395991759709,8.2,176.0,117.0,R,0.14,7.7,9.0,PASS,0.988,cut_in_window,669022,"Gore, MacKenzie",SB,2B,high,
8e26f39a-4132-4426-b933-1b700b83c8d6,HOME,59.797239246234035,3.9,176.0,116.0,R,0.14,10.65,9.0,PASS,1.003,PASS,669022,"Gore, MacKenzie",SB,2B,high,
016f5660-22e1-4778-a28e-e5e6245b34fc,HOME,59.76969246383955,3.9,200.0,137.0,L,0.19,21.13,9.0,PASS,1.054,PASS,689672,"Thorpe, Drew",SB,2B,high,
d090d351-c8c2-4c19-8036-d576e321d214,HOME,59.68133116384736,3.8,176.0,129.0,L,0.18,6.17,9.0,PASS,0.788,PASS,668968,"Crouse, Hans",SB,2B,high,
ad9f53c2-3cb4-4f6a-aa0f-4a2a6edf19ba,HOME,59.70304418693588,3.8,177.0,117.0,L,0.16,9.34,9.0,PASS,1.005,PASS,663372,"Feltner, Ryan",SB,2B,high,
9071991a-90fb-40e6-8cfb-c83f7e087234,HOME,59.617903437062466,3.8,179.0,120.0,L,0.19,26.07,9.0,PASS,0.99,PASS,672456,"Montero, Keider",SB,3B,high,
96b5cedd-4904-4ce6-89ed-b200a4dc5f9a,AWAY,59.69519590782049,7.8,177.0,116.0,L,0.14,27.8,9.0,PASS,1.022,cut_in_window,672456,"Montero, Keider",SB,2B,high,
f60bbb37-d506-4396-b6ee-688cf31fcc5a,AWAY,59.67624697709158,8.399999999999999,180.0,154.0,L,0.2,2.38,9.0,implausible_delivery,,cut_in_window,664854,"Helsley, Ryan",SB,2B,not measured,implausible_delivery
1ce116c4-2a71-4cc4-9006-3ea9d3f849ff,HOME,59.689896774376926,3.8,176.0,117.0,R,0.14,11.4,9.0,PASS,0.988,PASS,542881,"Anderson, Tyler",SB,2B,high,
d902ab2d-4d07-495f-98b1-f8206eb3a218,AWAY,59.70295935039249,7.6,182.0,122.0,L,0.15,21.15,6.0,cut_in_window,,cut_in_window,641540,"Dunning, Dane",SB,2B,not measured,cut_in_window
ae1c12da-b085-4da7-bb60-d35cd74d4992,AWAY,,3.9,,,,,,,no_clip,,cut_in_window,571946,"Miller, Shelby",SB,3B,not measured,no_clip
6e7772d4-4f69-4d6e-a9fa-419e07dc0ed0,AWAY,59.702243637765214,7.8,177.0,,,0.21,,8.0,no_set_before_lift,,no_set_before_lift,518886,"Kimbrel, Craig",SB,2B,not measured,no_set_before_lift
5fc634b8-29d8-483d-896a-baadadee2dcb,AWAY,59.738535684395835,7.6,176.0,116.0,L,0.21,20.47,9.0,PASS,1.004,not_cf_view,672710,"Contreras, Roansy",SB,2B,high,
1d1d25a3-d103-4df2-8879-fc8104a358dd,HOME,59.66535213254265,3.9,177.0,119.0,L,0.1,18.82,9.0,PASS,0.972,PASS,665152,"Kremer, Dean",SB,2B,high,
f45c3eda-3198-4798-a1e7-782ed87349a0,HOME,59.71555869230111,3.9,181.0,122.0,L,0.2,22.01,9.0,PASS,0.988,PASS,606930,"Barnes, Jacob",SB,2B,high,
8a378bdc-18c3-4d63-b2f5-07911cc294d6,HOME,59.76754089475613,3.9,178.0,121.0,L,0.18,14.5,9.0,PASS,0.954,PASS,593423,"Montas, Frankie",SB,2B,high,
4bfe15c7-4052-474a-9f50-ebea06b8c3d2,HOME,59.6870798699704,3.9,175.0,115.0,L,0.12,6.08,9.0,PASS,1.005,PASS,663969,"Phillips, Tyler",SB,2B,high,
a4506a51-c1fb-443f-83c5-315b3e5d7435,AWAY,,4.4,,,,,,,no_clip,,cut_in_window,593423,"Montas, Frankie",SB,2B,not measured,no_clip
6701d52a-d9ad-4dd0-b4ae-9d93c366601d,AWAY,59.656164998547546,7.9,174.0,122.0,L,0.1,2.77,9.0,PASS,0.872,no_release,542888,"Armstrong, Shawn",SB,2B,low,lift_peak_in 2.77 outside 4.28-
801648db-d1c1-4861-b3bb-a0ed785698a0,AWAY,,1.2,,,,,,,no_clip,,not_cf_view,593423,"Montas, Frankie",SB,2B,not measured,no_clip
04ea42d4-fadf-4d9e-8146-ad05e4f74799,AWAY,59.63020205493687,12.4,263.0,,,2.15,,9.0,not_cf_view,,cut_in_window,665871,"Assad, Javier",CS,2B,not measured,not_cf_view
84207fbc-34aa-4719-9da8-3b30d8b22b57,AWAY,,1.1,,,,,,,no_clip,,not_cf_view,663623,"Irvin, Jake",SB,2B,not measured,no_clip
9fbbe9ff-aff1-434d-ab30-1b7dfed158f1,HOME,59.66067072833894,3.8,190.0,115.0,R,0.55,15.65,5.0,PASS,1.257,PASS,607481,"Bummer, Aaron",SB,2B,low,release_to_wrist 0.55 outside -0.32
b1b94976-f220-41ae-a007-2869d625ed0a,AWAY,59.72454798770886,8.5,191.0,134.0,L,0.68,6.29,9.0,release_not_at_hand,,cut_in_window,680885,"Schwellenbach, Spencer",SB,2B,not measured,release_not_at_hand
403d1c8b-564d-4ddb-8db9-8cdef920cc94,AWAY,59.64374495037443,7.6,183.0,113.0,L,0.16,22.6,5.0,PASS,1.174,cut_in_window,641729,"Jiménez, Joe",SB,3B,high,
af28c516-7cb3-46b1-a78d-fe5e2207e06c,HOME,59.663843121171816,5.4,197.0,129.0,L,0.4,2.26,8.0,PASS,1.14,PASS,657044,"Thompson, Ryan",SB,2B,low,release_to_wrist 0.4 outside -0.32; lift_peak_in 2.26 outside 4.28-
0cd12a65-189c-4fb1-a3fb-ee7514475bc3,HOME,59.75938840255357,3.9,181.0,125.0,L,0.19,29.61,9.0,PASS,0.937,PASS,642701,"Santana, Dennis",SB,2B,high,
0df91022-a6a4-430f-b1d8-8e91abef7d32,AWAY,59.68063976311249,7.6,178.0,123.0,R,0.13,10.2,9.0,PASS,0.922,no_set_before_lift,542881,"Anderson, Tyler",SB,2B,high,
4cb90c29-0cb8-4667-81e3-a37af9bea364,AWAY,59.7821863516769,4.8,,,,,,,no_release,,no_release,502043,"Gibson, Kyle",SB,2B,not measured,no_release
4a88f70b-a059-4f4b-aa98-8a94537a90e6,HOME,59.66252532762741,3.7,187.0,129.0,L,0.13,9.25,9.0,PASS,0.972,PASS,687765,"Spence, Mitch",CS,2B,high,
8b7c5f52-8f25-4c3e-9f57-7d704cdbc0f6,HOME,59.72904525066365,3.9,178.0,126.0,R,0.16,4.65,9.0,PASS,0.871,PASS,674003,"Bradford, Cody",SB,2B,high,
a80e5e49-c465-4ebb-98c0-c35677af1d1b,HOME,59.67220071076221,3.8,177.0,117.0,L,0.13,21.63,8.0,PASS,1.005,PASS,622250,"Sborz, Josh",SB,2B,high,
4236882e-500a-42bc-8eab-0cb995b57673,HOME,59.68064964938393,3.9,183.0,130.0,R,0.1,13.62,9.0,PASS,0.888,PASS,690986,"Harrison, Kyle",CS,2B,high,
749cbb7b-5bc4-4955-b0b1-3c411b7775a1,HOME,59.7649488292994,3.8,179.0,127.0,L,0.22,16.22,9.0,PASS,0.87,PASS,621107,"Eflin, Zach",CS,2B,high,
1691c2e9-9727-41b9-8525-22d6ad273d4d,HOME,59.67296873019433,3.8,181.0,125.0,L,0.12,12.25,8.0,PASS,0.938,PASS,605463,"Scott, Tayler",CS,2B,high,
0c12e433-9d72-4906-8ab6-f0d167f894bc,HOME,59.63931284106479,3.9,179.0,123.0,L,0.16,11.26,6.0,PASS,0.939,PASS,669060,"Wilson, Bryse",SB,2B,high,
d544e0a2-e051-4812-94d4-62c64e6714ff,HOME,59.69888899472442,3.8,186.0,115.0,R,0.15,22.5,9.0,PASS,1.189,PASS,666205,"Muller, Kyle",SB,3B,high,
06b2ebd4-eb44-4512-8060-f9af189d2bd2,HOME,59.714924943091745,3.8,184.0,119.0,L,0.14,22.14,9.0,PASS,1.089,PASS,671345,"Foley, Jason",SB,3B,high,
300614be-2bba-43a8-ae2f-84af5451d292,HOME,59.64046698244188,3.9,182.0,124.0,L,0.16,11.9,9.0,PASS,0.972,PASS,669060,"Wilson, Bryse",CS,3B,high,
558ba9c8-fa29-43cc-8163-7a498071ffce,HOME,59.69206156079952,3.9,190.0,128.0,L,0.26,14.73,9.0,PASS,1.039,PASS,687765,"Spence, Mitch",SB,2B,high,
4e3e0020-e345-4672-b584-e0200e70a914,HOME,59.62851801354831,3.9,186.0,121.0,L,0.33,28.47,3.0,PASS,1.09,PASS,640451,"Harvey, Hunter",SB,3B,low,release_to_wrist 0.33 outside -0.32; ball_pts 3.0 outside 5-
fbcd13d0-6563-4c8f-887b-e1c1d13d1767,HOME,59.6703374261339,3.9,179.0,127.0,L,0.22,10.76,9.0,PASS,0.871,PASS,650644,"Civale, Aaron",SB,2B,high,
eb046c91-e200-4c85-bba7-205a47b00629,HOME,59.7815656262745,3.8,184.0,117.0,R,0.13,14.69,9.0,PASS,1.121,PASS,666205,"Muller, Kyle",SB,2B,high,
11278de7-14db-468e-a022-f9728d24e672,AWAY,59.692360688904344,8.9,190.0,,,0.7,,7.0,cut_in_window,,cut_in_window,573009,"Mantiply, Joe",SB,2B,not measured,cut_in_window
2eb8b765-cbfa-4a68-b4ae-b9bbb5d8a2a6,HOME,59.64094299670205,4.0,179.0,109.0,L,0.22,19.41,9.0,PASS,1.174,PASS,669203,"Burnes, Corbin",SB,2B,high,
0b09ad7c-555f-4e23-b0d1-f6f7b08134b9,AWAY,,3.9,,,,,,,no_clip,,no_set_before_lift,686730,"Spiers, Carson",CS,2B,not measured,no_clip
44bb3977-8cae-4136-b954-94b12266c691,HOME,59.673128531856605,3.9,182.0,109.0,L,0.24,12.89,8.0,PASS,1.223,PASS,676254,"Walker, Ryan",SB,3B,high,
672ab0df-505a-4d04-a6e9-81bc37381fdc,HOME,59.80600855615464,3.9,179.0,112.0,R,0.15,25.63,9.0,PASS,1.12,PASS,592662,"Ray, Robbie",SB,2B,high,
95f579e1-34c8-4912-a8c6-ff79c9fdba32,AWAY,59.712537719057615,7.4,177.0,112.0,L,0.25,17.12,9.0,PASS,1.089,no_release,543037,"Cole, Gerrit",SB,2B,high,
a58c16d3-475f-4daf-8f3d-b863b9a3bd4e,HOME,59.677645663695984,4.0,180.0,110.0,R,0.16,25.25,8.0,PASS,1.173,PASS,592662,"Ray, Robbie",SB,3B,high,
e652405f-1624-45b5-9bd3-ca2caa8209ab,AWAY,59.66268230264037,5.9,,,,,,,no_release,,no_release,663423,"Thornton, Trent",SB,2B,not measured,no_release
3ea90304-dcc8-4126-9abf-8bf36ddd69c6,HOME,59.72275856558851,3.8,179.0,110.0,R,0.12,25.63,9.0,PASS,1.155,PASS,592662,"Ray, Robbie",SB,2B,high,
1e521aa1-2cc5-441e-ad6a-9f114db74dc3,AWAY,59.67816418599695,6.6,177.0,103.0,L,0.23,2.46,9.0,cut_in_window,,no_release,669203,"Burnes, Corbin",SB,2B,not measured,cut_in_window
909dd988-3f55-414c-b3f2-a038608ffa03,HOME,59.69561148598729,3.9,181.0,121.0,L,0.13,9.86,7.0,PASS,1.005,PASS,681293,"Arrighetti, Spencer",CS,2B,high,
3d3c9cd7-a9f8-40a7-a2c7-5dc16fd88a1c,AWAY,59.72173608680434,7.1,,,,,,,no_release,,no_release,689981,"Ryan, River",SB,3B,not measured,no_release
f6987846-4069-4014-9e35-d851bdedf2eb,HOME,59.72555686020224,3.8,177.0,115.0,R,0.13,17.73,9.0,PASS,1.038,PASS,500779,"Quintana, Jose",SB,2B,high,
b386449c-e27b-4408-b2fc-82b4b3e6208d,AWAY,59.664260793348625,7.5,,,,,,,no_release,,no_release,656222,"Beeks, Jalen",SB,2B,not measured,no_release
c52c17fb-234f-49b8-94c0-1ae45c3a1cdc,HOME,59.79095985029439,4.0,180.0,111.0,L,0.17,21.13,9.0,PASS,1.154,PASS,669203,"Burnes, Corbin",SB,2B,high,
3963dd3b-f26c-4934-a950-9476dae1bfa0,HOME,59.71078594509871,3.9,179.0,128.0,L,0.06,6.37,9.0,PASS,0.854,PASS,621053,"Ferguson, Tyler",CS,2B,high,
085ded16-1941-4f70-b563-a61bf3ae5b48,HOME,59.71531220931721,3.8,176.0,115.0,L,0.13,20.42,7.0,PASS,1.022,PASS,642520,"Garabito, Gerson",SB,2B,high,
0e7c98c3-087a-40e3-ad99-e66e2ed2b24d,HOME,59.71114419065575,3.9,176.0,116.0,L,0.15,16.75,9.0,PASS,1.005,PASS,613534,"Adams, Austin",SB,2B,high,
bec84800-25fc-4fbc-8c13-59e424e98863,HOME,59.67793877010209,4.0,203.0,133.0,R,0.09,25.38,7.0,PASS,1.173,PASS,642232,"Yarbrough, Ryan",SB,3B,high,
b1f1b7d6-2ef1-400c-87d5-286762a06166,AWAY,59.7507740574712,8.2,177.0,107.0,L,0.15,6.95,9.0,cut_in_window,,no_set_before_lift,689981,"Ryan, River",SB,2B,not measured,cut_in_window
7ef81148-fcab-4bac-a5a4-5668f8a19544,AWAY,59.722860390317045,8.2,180.0,,,0.16,,9.0,cut_in_window,,cut_in_window,669203,"Burnes, Corbin",SB,2B,not measured,cut_in_window
f7a39dee-54af-469a-88cf-8593d21f195a,HOME,59.77276045379205,3.9,180.0,125.0,L,0.14,18.15,8.0,PASS,0.92,PASS,656288,"Canning, Griffin",SB,2B,high,
fde05d63-eb36-4168-988c-23bc0573d891,HOME,59.67219503848631,3.9,201.0,150.0,R,0.17,10.34,6.0,PASS,0.855,PASS,679156,"Pennington, Walter",SB,2B,high,
1962d01e-20c0-4441-ab8e-c403eba76050,HOME,59.65884481293211,3.9,178.0,119.0,R,0.11,13.85,7.0,PASS,0.989,PASS,679156,"Pennington, Walter",SB,3B,high,
94f6c636-5cd2-495a-b974-51df35803d25,AWAY,59.741405060950456,7.4,,,,,,,no_release,,no_release,607259,"Martinez, Nick",SB,2B,not measured,no_release
3da8e94c-f9fd-49b5-ae7b-247c3686e365,HOME,59.76886484873713,3.9,179.0,106.0,R,0.1,23.36,9.0,PASS,1.221,PASS,676664,"Sears, JP",SB,2B,high,
349b95ce-7310-40a3-b3be-a6bd8183e91d,HOME,59.652980259069835,3.9,181.0,131.0,L,0.19,2.73,9.0,PASS,0.838,PASS,543294,"Hendricks, Kyle",SB,2B,low,lift_peak_in 2.73 outside 4.28-
4d5b41c2-cd37-47ca-bee2-0f153cc86835,HOME,59.72045227639835,3.9,175.0,108.0,R,0.12,24.62,9.0,PASS,1.122,PASS,694363,"Shuster, Jared",SB,2B,high,
826570e9-4308-4ae8-bcdd-f863ce089258,HOME,59.77786602053943,3.8,180.0,121.0,L,0.16,9.17,9.0,PASS,0.987,PASS,668678,"Gallen, Zac",SB,2B,high,
4222dd8f-26a2-4ddf-a4b1-b55348e7af96,AWAY,59.67991075735382,8.2,181.0,,,0.15,,9.0,no_set_before_lift,,no_set_before_lift,668678,"Gallen, Zac",SB,3B,not measured,no_set_before_lift
e1bdc11c-b277-45c9-8765-984934d5b4ed,HOME,59.70276551738843,4.0,178.0,116.0,L,0.1,14.31,8.0,PASS,1.038,PASS,657277,"Webb, Logan",SB,2B,high,
b35ca899-74de-4cfb-b686-c6265eef2bd0,HOME,59.723937912884686,3.9,181.0,121.0,R,0.1,23.2,9.0,PASS,1.005,PASS,672582,"Zerpa, Angel",SB,3B,high,
1f68736f-ae56-41e1-a5a4-5fa5440733fe,HOME,59.69255340387303,3.8,177.0,109.0,L,0.21,15.14,9.0,PASS,1.139,PASS,668678,"Gallen, Zac",SB,2B,high,
4a0d105c-0d6e-4983-9d77-dffaa5e19514,HOME,59.686611905720966,3.9,175.0,106.0,L,0.18,29.9,9.0,PASS,1.156,PASS,605400,"Nola, Aaron",SB,3B,high,
ce27e7c3-4718-429e-99f6-4d5e440320e0,HOME,59.722768383798666,4.0,187.0,109.0,R,0.33,22.73,7.0,PASS,1.306,PASS,640455,"Manaea, Sean",SB,2B,low,release_to_wrist 0.33 outside -0.32
b40a7ce0-3bf4-4d71-9d17-f3687f9e392d,AWAY,59.748946444907695,7.699999999999999,190.0,121.0,L,1.27,25.33,9.0,release_not_at_hand,,release_not_at_hand,543243,"Gray, Sonny",SB,3B,not measured,release_not_at_hand
1fd0e1c8-5b6d-4f81-ac78-baf7d0efbb22,AWAY,59.701282628262824,7.0,,,,,,,no_release,,no_release,693821,"Elder, Bryce",SB,2B,not measured,no_release
37425f00-5e87-4cbf-b4f7-a671155e1447,HOME,59.80233896619601,3.8,183.0,124.0,L,0.49,23.13,8.0,PASS,0.987,PASS,543243,"Gray, Sonny",SB,2B,low,release_to_wrist 0.49 outside -0.32
80b0ec49-ed9c-4c42-9935-ee6b51415f91,AWAY,59.75313003462758,8.0,182.0,,,0.13,,9.0,no_set_before_lift,,no_set_before_lift,642397,"Soto, Gregory",SB,3B,not measured,no_set_before_lift
dba9c69c-c966-4cdb-8abd-8bb13063a830,AWAY,59.75218567205484,11.6,144.0,114.0,L,0.12,13.74,9.0,PASS,0.502,not_cf_view,672456,"Montero, Keider",CS,2B,low,delivery_s 0.502 outside 0.7-1.31
65e92732-72fd-4d21-ad26-73822418cfe3,AWAY,59.73999034997136,5.1,190.0,126.0,L,1.24,22.86,7.0,release_not_at_hand,,not_cf_view,543243,"Gray, Sonny",SB,2B,not measured,release_not_at_hand
a287468c-bee9-44a1-ace4-06ab466fdf48,HOME,59.69567307207513,3.8,177.0,123.0,L,0.23,14.6,9.0,PASS,0.905,PASS,548389,"Stripling, Ross",SB,2B,high,
8269c122-dbc1-4820-8bd6-11ccce1aff45,AWAY,59.70623327044411,7.9,188.0,120.0,L,0.91,16.84,9.0,release_not_at_hand,,not_cf_view,678495,"Rodríguez, Randy",SB,2B,not measured,release_not_at_hand
28459131-1446-4e6e-bbca-4d85c45db599,HOME,59.7463597933302,3.9,183.0,127.0,R,0.16,5.84,9.0,PASS,0.937,PASS,669022,"Gore, MacKenzie",SB,2B,high,
1e23f949-2c7d-4646-a4ac-89df5106e6bd,AWAY,59.76750440785345,8.2,177.0,128.0,L,0.14,9.2,9.0,PASS,0.82,cut_in_window,548389,"Stripling, Ross",SB,2B,high,
129ad193-a072-4c80-9914-78bbecdfb6a1,AWAY,59.67726877751366,11.5,254.0,,,1.17,,9.0,camera_moved,,release_not_at_hand,693821,"Elder, Bryce",SB,2B,not measured,camera_moved
dd367a41-840d-45bc-b6c4-c46e3afbdef8,AWAY,59.68695222642623,8.1,,,,,,,no_release,,no_release,641154,"López, Pablo",SB,2B,not measured,no_release
3f153adb-d74a-49fe-b607-3e40c56497b1,AWAY,59.63119012411118,7.8,189.0,,,0.23,,9.0,no_set_before_lift,,no_set_before_lift,445276,"Jansen, Kenley",SB,3B,not measured,no_set_before_lift
ac7bc46b-3791-4f32-b0bb-ed5a8853bbc1,AWAY,59.77687151662554,8.4,180.0,115.0,L,0.2,20.74,9.0,PASS,1.087,cut_in_window,642701,"Santana, Dennis",SB,2B,high,
38a5f804-1549-4ed3-96f5-8bfd925d250c,HOME,59.69387755102041,3.8,182.0,124.0,R,0.12,11.09,9.0,PASS,0.972,PASS,573124,"Rogers, Taylor",SB,2B,high,
db567a85-dfc0-424f-984a-9aba56176376,AWAY,59.740180840615224,24.5,175.0,97.0,L,0.17,47.09,7.0,cut_in_window,,cut_in_window,663372,"Feltner, Ryan",SB,2B,not measured,cut_in_window
7204b798-6eb2-45ba-af62-d82ee1a6da1b,AWAY,59.62658100782976,8.2,184.0,117.0,L,0.23,33.37,7.0,PASS,1.124,cut_in_window,572955,"Johnson, Pierce",SB,2B,high,
47e1fe4d-9e99-4674-b696-ce29cc5ab5b1,HOME,59.71146883529215,3.9,179.0,122.0,L,0.17,9.44,9.0,PASS,0.955,PASS,607200,"Fedde, Erick",SB,2B,high,
2d857a11-24f3-4a62-9f41-5043197d92fd,HOME,59.703562451243826,4.0,179.0,113.0,L,0.27,13.95,9.0,PASS,1.105,PASS,607200,"Fedde, Erick",SB,2B,high,
b10cf3ac-1e40-4e3f-8a9f-e990bde831aa,AWAY,59.793046806216616,6.6000000000000005,191.0,118.0,R,0.58,28.79,4.0,PASS,1.221,not_cf_view,607481,"Bummer, Aaron",SB,2B,low,release_to_wrist 0.58 outside -0.32; ball_pts 4.0 outside 5-
a208da88-2fc9-4dec-8369-7da5548091fa,AWAY,59.710993412514654,7.699999999999999,178.0,,,0.2,,9.0,no_set_before_lift,,no_set_before_lift,573204,"Thielbar, Caleb",SB,2B,not measured,no_set_before_lift
4d8b5077-8ae5-423f-9dd5-317a87187e31,HOME,59.798767070364335,3.8,179.0,116.0,R,0.12,19.66,8.0,PASS,1.054,PASS,671096,"Abbott, Andrew",SB,3B,high,
6f8b7225-ba32-4802-b253-619e52a33700,HOME,59.69172718371115,4.0,177.0,111.0,L,0.1,13.56,9.0,PASS,1.106,PASS,605463,"Scott, Tayler",SB,2B,high,
d5370f74-4204-49ff-93ee-8b16f7b5decc,AWAY,59.69184537038488,7.1,,,,,,,no_release,,no_release,573204,"Thielbar, Caleb",SB,2B,not measured,no_release
3cad7cbe-c77a-4a03-837d-efdcb536af67,AWAY,59.68939407895949,5.4,,,,,,,not_cf_view,,no_release,670950,"Richards, Trevor",SB,2B,not measured,not_cf_view
e3ac3ffa-47c6-47b2-95b0-6848930a5bcd,HOME,59.752516472117925,5.5,176.0,107.0,L,0.17,29.13,9.0,PASS,1.155,PASS,471911,"Carrasco, Carlos",SB,2B,high,
2364d832-6872-41bf-9d3f-b0cf57cb8716,HOME,59.752403215418745,3.8,179.0,119.0,R,0.1,22.52,5.0,PASS,1.004,PASS,519242,"Sale, Chris",SB,2B,high,
6d4192f8-bb07-444d-8a96-48c614ce2369,AWAY,59.66453083352281,9.5,188.0,115.0,R,1.13,20.65,8.0,release_not_at_hand,,release_not_at_hand,689266,"Dodd, Dylan",CS,2B,not measured,release_not_at_hand
953af0f6-11e7-443e-be61-f3f264e9d714,AWAY,59.741298839845314,7.8,187.0,108.0,R,0.76,32.27,9.0,release_not_at_hand,,release_not_at_hand,594835,"Gonzales, Marco",SB,2B,not measured,release_not_at_hand
41fa51f9-c58f-49a1-a573-551b4f7b27ed,AWAY,59.75155930604329,7.9,175.0,120.0,L,0.14,18.7,9.0,PASS,0.92,no_set_before_lift,669923,"Kirby, George",SB,2B,high,
f54f9703-442b-4c64-915f-e2d4cb6e5a3a,HOME,59.69005234640884,4.0,191.0,153.0,L,0.23,2.36,8.0,PASS,0.637,PASS,605154,"Brebbia, John",CS,2B,low,lift_peak_in 2.36 outside 4.28-; delivery_s 0.637 outside 0.7-1.31
a3b36dcf-1e3d-47a5-a9c3-753e3e3aa24c,HOME,59.64608269546357,3.7,177.0,125.0,L,0.21,3.43,9.0,PASS,0.872,PASS,542888,"Armstrong, Shawn",SB,2B,low,lift_peak_in 3.43 outside 4.28-
55308214-b14a-47c1-82d1-bbf761b1e7c8,HOME,59.577599438400306,3.8,181.0,119.0,L,0.23,29.9,9.0,PASS,1.041,PASS,640448,"Finnegan, Kyle",SB,3B,high,
d6786092-4e79-48f6-8c86-b36373c8387d,HOME,59.73078099341437,3.8,181.0,118.0,R,0.12,25.33,9.0,PASS,1.055,PASS,690986,"Harrison, Kyle",SB,2B,high,
bf36b429-1e5f-41ef-ac57-204dd993ce11,AWAY,59.59894370670292,5.5,197.0,127.0,L,0.16,25.57,8.0,cut_in_window,,not_cf_view,668881,"Greene, Hunter",SB,2B,not measured,cut_in_window
c4b04d8f-2f3f-4862-9f25-cbe9647c8cc4,HOME,59.75074798497514,3.9,181.0,116.0,R,0.11,24.09,9.0,PASS,1.088,PASS,690986,"Harrison, Kyle",SB,2B,high,
efb29442-bfdd-48bb-9867-4fc053c7a874,HOME,59.65971073862871,5.7,177.0,99.0,L,0.15,15.42,4.0,PASS,1.307,PASS,493603,"Ottavino, Adam",SB,2B,low,ball_pts 4.0 outside 5-
6c163c9a-afd0-45fa-95a4-6535e22f5f25,AWAY,59.68558730274885,8.2,179.0,,,0.16,,9.0,not_cf_view,,cut_in_window,674285,"Salazar, Eduardo",SB,3B,not measured,not_cf_view
686ada19-5934-4abc-bee1-5b4299324f0a,HOME,59.75307170794196,3.9,180.0,113.0,R,0.18,26.64,9.0,PASS,1.121,PASS,690986,"Harrison, Kyle",SB,2B,high,
a85ea28b-d4f1-44eb-a6a3-8bb793c8cc11,HOME,59.727706013661624,3.8,181.0,129.0,R,0.11,6.78,8.0,PASS,0.871,PASS,687792,"Herz, DJ",SB,2B,high,
94b0e1ec-25da-40e3-8b08-ef265cc43c3e,HOME,59.678411387400054,3.8,177.0,117.0,L,0.14,12.34,9.0,PASS,1.005,PASS,622786,"Tinoco, Jesus",SB,3B,high,
f028771f-0fee-4f58-8ec4-4413e1264c47,HOME,59.67285577238339,3.9,182.0,133.0,L,0.18,2.57,9.0,PASS,0.821,PASS,669212,"Morgan, Eli",SB,2B,low,lift_peak_in 2.57 outside 4.28-
a3c5d033-dec0-4eba-a33e-3340265b9f89,AWAY,59.649292748022525,6.5,,,,,,,no_release,,no_release,657053,"Toussaint, Touki",CS,2B,not measured,no_release
30479d62-feba-454e-b379-d5d886bd629f,HOME,59.65442378720149,3.8,177.0,125.0,L,0.25,13.87,8.0,PASS,0.872,PASS,667755,"Soriano, José",CS,2B,high,
42b15ef9-d13a-427a-a8d9-8f70950d7e13,HOME,59.62781332207463,5.4,174.0,110.0,L,0.19,22.45,9.0,PASS,1.073,PASS,656605,"Keller, Mitch",SB,2B,high,
9782483f-8b76-4afe-a62c-028b59875fe4,AWAY,59.70195924274776,7.699999999999999,177.0,,,0.21,,9.0,no_set_before_lift,,no_set_before_lift,593334,"Germán, Domingo",SB,2B,not measured,no_set_before_lift
642fe511-96de-4c71-b4d7-4cdab8f626f4,AWAY,59.683387769743426,9.4,184.0,112.0,L,0.54,32.04,8.0,PASS,1.206,no_set_before_lift,668338,"Miller, Tyson",CS,2B,low,release_to_wrist 0.54 outside -0.32
9a9d66e7-0d2a-433f-bd26-9ca29a22b2ed,HOME,59.63473723443906,4.2,181.0,130.0,L,0.14,12.06,9.0,PASS,0.855,PASS,667755,"Soriano, José",SB,2B,high,
91fbf9ba-479c-4eb1-addb-3900e955586f,AWAY,,4.7,,,,,,,no_clip,,cut_in_window,686730,"Spiers, Carson",SB,2B,not measured,no_clip
313e8b8e-a5a5-4b68-bc74-5f57fdf28324,HOME,59.69172366397225,4.2,185.0,115.0,R,0.13,29.07,9.0,PASS,1.173,PASS,592662,"Ray, Robbie",CS,2B,high,
8c19fa4a-3333-40e4-a722-414e71d30c3f,AWAY,59.67474767159163,7.2,,,,,,,no_release,,release_not_at_hand,660896,"Alcala, Jorge",SB,2B,not measured,no_release
595a4095-165b-4157-bf05-6f0967ddbaaa,AWAY,59.65662660461868,6.6,,,,,,,no_release,,no_release,687863,"Hodge, Porter",CS,2B,not measured,no_release
a6b240ca-b8e6-4df6-8ead-b1ec7bd33376,AWAY,59.67253656248668,7.3,,,,,,,no_release,,no_release,665795,"Cabrera, Edward",SB,2B,not measured,no_release
ed2edd55-f057-46de-9209-f43ee8ac411c,AWAY,59.719954002106626,7.699999999999999,,,,,,,no_release,,no_release,665795,"Cabrera, Edward",SB,2B,not measured,no_release
9924c7af-5749-4a13-a5b8-805d5dcfd5c4,HOME,59.74519754089564,5.7,187.0,118.0,R,0.15,30.54,9.0,PASS,1.155,PASS,592662,"Ray, Robbie",SB,2B,high,
f85a16b1-c835-427e-bad3-cc089cc0f35d,HOME,59.78354685120321,3.9,184.0,115.0,R,0.14,28.71,9.0,PASS,1.154,PASS,592662,"Ray, Robbie",SB,3B,high,
67aba1f0-b8ac-4891-a785-e204370f5c64,HOME,59.70331043437693,4.0,205.0,139.0,L,0.25,4.61,9.0,PASS,1.105,PASS,552640,"Kittredge, Andrew",SB,2B,high,
9502b768-3838-44bb-8cbd-e9466db3559e,HOME,59.577119271056425,3.8,176.0,113.0,L,0.2,28.22,8.0,PASS,1.057,PASS,656550,"Holmes, Grant",SB,2B,high,
1473c01e-7514-4c24-b8b1-068440e379c2,AWAY,59.67744308068676,7.6,178.0,,,0.16,,9.0,no_set_before_lift,,cut_in_window,656605,"Keller, Mitch",SB,2B,not measured,no_set_before_lift
28a9b0ce-f461-4333-be06-ac93deffe44a,AWAY,59.68785315590374,23.5,192.0,125.0,L,0.95,18.91,9.0,release_not_at_hand,,release_not_at_hand,621107,"Eflin, Zach",SB,2B,not measured,release_not_at_hand
005557bb-d8ad-4596-bdb8-a23b94065cc8,AWAY,59.76113932313614,6.9,,,,,,,no_release,,no_release,527048,"Pérez, Martín",SB,2B,not measured,no_release
427306e9-4860-4691-b528-265d4dd0a6bb,HOME,59.70879227250033,4.0,179.0,116.0,R,0.08,23.79,6.0,PASS,1.055,PASS,571578,"Corbin, Patrick",SB,2B,high,
797aeea0-130e-47b8-8db0-5a86b1243357,AWAY,59.66016454855552,6.9,,,,,,,no_release,,no_release,663362,"Waldron, Matt",SB,2B,not measured,no_release
71baa1f0-ef16-452b-a320-b1326976cbca,AWAY,59.71445632701808,6.8,,,,,,,no_release,,no_release,663362,"Waldron, Matt",SB,2B,not measured,no_release
3a8f7983-1653-44f5-b2fe-72cc96f575a0,AWAY,59.69525271995289,7.4,180.0,120.0,L,0.69,12.85,7.0,release_not_at_hand,,release_not_at_hand,681293,"Arrighetti, Spencer",SB,2B,not measured,release_not_at_hand
3ef71926-aff7-4a7d-b428-0b58a950aa46,AWAY,59.76626019481487,7.5,183.0,126.0,L,0.19,4.46,9.0,PASS,0.954,no_set_before_lift,681676,"Fernandez, Ryan",SB,2B,high,
a5d65747-2c87-484b-8a70-4e83da3e6bcc,AWAY,59.565691899634146,7.6,178.0,114.0,L,0.21,23.08,8.0,not_cf_view,,not_cf_view,571946,"Miller, Shelby",SB,3B,not measured,not_cf_view
100cd12d-181e-4427-ada1-b03db0a54065,HOME,59.685564554549785,3.8,178.0,124.0,R,0.25,5.27,9.0,PASS,0.905,PASS,674003,"Bradford, Cody",SB,2B,high,
5cd6d2a6-f57e-4d07-87ce-a77c9cefcd6d,HOME,59.69271816671,5.4,180.0,122.0,L,0.07,10.43,9.0,PASS,0.972,PASS,543037,"Cole, Gerrit",SB,2B,high,
a002f9fb-9e25-4178-a5c6-c449c7e304ec,HOME,59.78866462861251,5.4,178.0,115.0,R,0.12,17.15,6.0,PASS,1.054,PASS,670970,"Morejon, Adrian",SB,2B,high,
835fd78c-aa34-4b68-a005-7b699308838a,AWAY,59.60389927570324,7.5,176.0,113.0,L,0.27,23.61,8.0,not_cf_view,,not_cf_view,571946,"Miller, Shelby",SB,2B,not measured,not_cf_view
3acb0896-f60e-40c5-941d-08323b1b0a80,AWAY,59.68524958126802,7.6,181.0,125.0,L,1.09,18.91,9.0,not_cf_view,,not_cf_view,666745,"Brito, Jhony",SB,2B,not measured,not_cf_view
d51bb841-2e7c-4590-a5dd-110734c4fe2b,HOME,59.63764285140043,3.8,180.0,123.0,L,0.28,2.77,9.0,PASS,0.956,PASS,669467,"Pallante, Andre",SB,2B,low,lift_peak_in 2.77 outside 4.28-
a7b62e02-698d-434d-a105-6fa17969291e,AWAY,59.72873927403016,7.1,175.0,120.0,L,0.21,22.7,9.0,PASS,0.921,no_release,621294,"Heller, Ben",SB,2B,high,
646955a3-496e-4e28-be62-ecfa94feca05,AWAY,,4.1,,,,,,,no_clip,,no_release,669203,"Burnes, Corbin",SB,2B,not measured,no_clip
fe8ed8e8-ad1b-4852-8439-35fc054b947b,AWAY,59.6849603882969,7.699999999999999,190.0,127.0,R,0.65,13.8,6.0,release_not_at_hand,,no_release,607481,"Bummer, Aaron",SB,2B,not measured,release_not_at_hand
a94cd227-967c-4021-a111-c3e81cad03f3,HOME,59.709079786580965,3.8,177.0,125.0,L,0.23,4.1,9.0,PASS,0.871,PASS,542888,"Armstrong, Shawn",CS,2B,low,lift_peak_in 4.1 outside 4.28-
6014cf4c-0f27-4b57-8232-4df62bbcfb9b,AWAY,59.7442037026222,8.1,174.0,128.0,L,0.12,10.78,7.0,PASS,0.77,cut_in_window,607259,"Martinez, Nick",CS,2B,high,
c4b9ce2c-e85f-4140-8028-ce3630fc823a,HOME,59.75736167733056,5.4,181.0,128.0,L,0.21,3.74,9.0,PASS,0.887,PASS,681676,"Fernandez, Ryan",SB,2B,low,lift_peak_in 3.74 outside 4.28-
00533968-fbf6-4784-a2d1-d5ebad2b134d,AWAY,59.69544269513869,9.2,194.0,123.0,L,1.11,23.28,5.0,release_not_at_hand,,release_not_at_hand,628708,"Marte, Yunior",SB,2B,not measured,release_not_at_hand
91276a63-4b5d-403d-b947-159da54ae69a,AWAY,59.703942989501336,8.100000000000001,176.0,119.0,R,0.12,19.0,9.0,PASS,0.955,cut_in_window,664849,"Young, Danny",SB,2B,high,
1739bf91-081a-4bdb-8f52-99274942d353,HOME,59.68968469871513,3.7,177.0,115.0,L,0.11,20.19,9.0,PASS,1.039,PASS,519326,"Strickland, Hunter",SB,3B,high,
c7051a06-295c-436d-8a66-c3c869849bae,AWAY,59.721827236592354,9.1,180.0,112.0,L,0.14,12.41,9.0,PASS,1.139,no_set_before_lift,544150,"Suárez, Albert",SB,2B,high,
7740dfbd-b6f5-44af-93d7-a6d0ed40dbd6,HOME,59.69323254907635,3.7,179.0,108.0,L,0.18,28.68,6.0,PASS,1.189,PASS,518886,"Kimbrel, Craig",SB,3B,high,
7e555a39-9a03-4caa-8b79-5b78bb1ef2b6,HOME,59.66237723637239,3.8,180.0,113.0,R,0.14,20.97,9.0,PASS,1.123,PASS,663559,"Falter, Bailey",SB,2B,high,
4ce573f7-e093-425d-863f-3b9fda057686,AWAY,59.69954601362184,6.1,186.0,,,0.9,,6.0,release_not_at_hand,,no_release,518886,"Kimbrel, Craig",SB,2B,not measured,release_not_at_hand
0bc015d4-c352-4b03-b222-c46098ce6f7a,HOME,59.65498749359022,3.8,178.0,123.0,R,0.23,18.09,9.0,PASS,0.922,PASS,573204,"Thielbar, Caleb",SB,2B,high,
48668a86-46a0-4051-bf7e-118cd230e3c1,HOME,59.66905981527044,3.7,178.0,110.0,R,0.14,21.01,9.0,PASS,1.14,PASS,621237,"Alvarado, José",SB,2B,high,
a4fe6230-6b86-4a22-bdc9-a5d1fd1e8677,HOME,59.689653462892274,3.8,176.0,119.0,L,0.12,19.71,9.0,PASS,0.955,PASS,686613,"Brown, Hunter",CS,2B,high,
aa0250ec-f4c3-4003-9a93-a1a05d5d1393,AWAY,59.72548096284384,4.6,,,,,,,no_release,,no_release,656302,"Cease, Dylan",SB,2B,not measured,no_release
5e770ece-c968-49ff-8baf-45302af95f14,HOME,59.681396650580176,3.8,176.0,110.0,R,0.12,18.5,9.0,PASS,1.106,PASS,621383,"Banks, Tanner",SB,3B,high,
d84c4d4f-26f8-4e61-995b-5d16634ca89c,HOME,59.61995158276776,3.8,179.0,125.0,L,0.1,6.94,9.0,PASS,0.906,PASS,518876,"Kelly, Merrill",SB,2B,high,
38567752-44f3-4005-a557-8547c9be618f,AWAY,59.67721062653676,7.5,178.0,119.0,R,0.17,10.5,9.0,PASS,0.989,cut_in_window,663559,"Falter, Bailey",CS,2B,high,
6388c08e-20c6-44f6-8c57-070e8bb62f15,AWAY,,3.4,,,,,,,no_clip,,no_release,622663,"Severino, Luis",CS,2B,not measured,no_clip
52b522b7-5fed-4bac-9b93-6c31470d5bc3,HOME,59.78787336570558,3.7,176.0,125.0,L,0.09,4.55,9.0,PASS,0.853,PASS,472610,"García, Luis",SB,2B,high,
f17812d9-a3cb-4044-aa01-5b39e64e2f66,AWAY,59.77760371774746,8.0,181.0,118.0,L,0.27,18.44,9.0,PASS,1.054,cut_in_window,607192,"Glasnow, Tyler",SB,2B,high,
d729639c-5821-4321-aae0-0aa0580e6081,AWAY,59.75254205857809,8.0,179.0,121.0,L,0.24,16.23,9.0,PASS,0.971,cut_in_window,605135,"Bassitt, Chris",SB,2B,high,
26b54ec8-9c76-4f5f-9950-0c9a59a880a4,HOME,59.75894533537016,3.8,175.0,113.0,L,0.21,18.95,9.0,PASS,1.038,PASS,605135,"Bassitt, Chris",CS,2B,high,
cf1e90ac-f42c-4d18-b1f0-36ee4b778624,AWAY,59.75006189954045,8.0,,,,,,,no_release,,no_release,669308,"Reynolds, Sean",SB,3B,not measured,no_release
f9fc3120-ef35-437b-bf85-7b9c4143a232,AWAY,59.65477560414269,7.9,181.0,143.0,R,0.18,12.78,8.0,PASS,0.637,cut_in_window,477132,"Kershaw, Clayton",CS,3B,low,delivery_s 0.637 outside 0.7-1.31
8cfbf46b-d7b3-4120-8f61-bacf77a9a354,AWAY,59.6510958866577,7.9,181.0,,,0.16,,9.0,no_set_before_lift,,cut_in_window,663542,"Hudson, Bryan",SB,2B,not measured,no_set_before_lift
bc00906e-2c6d-4d56-a682-594f5694afac,HOME,59.66191581040769,3.7,175.0,108.0,R,0.16,17.33,9.0,PASS,1.123,PASS,605483,"Snell, Blake",CS,2B,high,
ee47dcc3-eec6-4b40-a042-652d65e14815,AWAY,59.68778696051423,8.5,176.0,105.0,L,0.12,9.39,8.0,cut_in_window,,cut_in_window,694297,"Pfaadt, Brandon",SB,2B,not measured,cut_in_window
f38120ff-fa4d-463f-a1cf-d5d91d1d3508,AWAY,,1.2,,,,,,,no_clip,,not_cf_view,641816,"Mahle, Tyler",SB,2B,not measured,no_clip
6ff9b69f-e03e-4493-aebd-dd45ed639a48,AWAY,59.65739390708399,7.9,186.0,,,0.54,,9.0,no_set_before_lift,,no_set_before_lift,663542,"Hudson, Bryan",SB,2B,not measured,no_set_before_lift
12fab40f-4909-4441-af65-632b52861aeb,HOME,59.76479660690187,3.8,199.0,148.0,R,0.12,8.92,9.0,PASS,0.853,PASS,684007,"Imanaga, Shota",SB,2B,high,
fae1db94-c42d-4d90-af83-515612c80b25,HOME,59.750370979740765,3.9,182.0,114.0,R,0.23,20.81,9.0,PASS,1.138,PASS,681066,"Bush, Ky",SB,2B,high,
f82bed17-5fb5-415f-9208-eb7cdf1c9c82,HOME,59.6223095742049,3.7,178.0,134.0,L,0.15,3.32,9.0,PASS,0.738,PASS,668968,"Crouse, Hans",CS,2B,low,lift_peak_in 3.32 outside 4.28-
23369460-e8b5-43f0-8e4e-097814cf6729,HOME,59.813541254064,3.8,180.0,123.0,L,0.21,25.24,7.0,PASS,0.953,PASS,543243,"Gray, Sonny",SB,2B,high,
ca643b83-644c-4bd4-8c5f-161600d7a1d6,AWAY,59.73079080201907,4.800000000000001,175.0,105.0,L,0.14,28.22,5.0,cut_in_window,,not_cf_view,683627,"Molina, Anthony",SB,2B,not measured,cut_in_window
2023405a-3c4e-4561-a403-aca5a95adf3b,HOME,59.69908138313887,3.8,181.0,129.0,L,0.16,15.56,6.0,PASS,0.871,PASS,641816,"Mahle, Tyler",SB,2B,high,
963ea5e1-8f14-4e62-870b-14fd5ab185fa,AWAY,59.74450047422893,8.0,180.0,119.0,L,0.15,26.16,9.0,PASS,1.021,cut_in_window,663773,"Hoeing, Bryan",SB,2B,high,
848cd262-44a3-4b0e-9afb-38f2446a5cf3,HOME,59.6464632999044,3.9,179.0,120.0,L,0.17,23.06,8.0,PASS,0.989,PASS,678394,"Bello, Brayan",SB,2B,high,
9396725a-b2e9-4dca-8bf9-51cc9d151ff6,HOME,59.56632569477664,3.8,198.0,143.0,L,0.18,7.87,2.0,PASS,0.923,PASS,542888,"Armstrong, Shawn",SB,2B,low,ball_pts 2.0 outside 5-
2021c1a5-fe44-45c3-8f4b-eb7091425976,HOME,59.72919293243135,3.8,177.0,114.0,R,0.08,27.18,9.0,PASS,1.055,PASS,519242,"Sale, Chris",SB,2B,high,
28632df7-7ff8-4aab-96a2-245e608a853e,HOME,59.74289558990542,3.8,178.0,120.0,L,0.21,27.54,9.0,PASS,0.971,PASS,543243,"Gray, Sonny",SB,2B,high,
75b2b79e-cc30-45f4-8c66-2ab6079c44ae,HOME,59.7105902329646,3.8,184.0,121.0,L,0.17,25.61,9.0,PASS,1.055,PASS,641329,"Baker, Bryan",SB,2B,high,
8e43b24b-c2b3-4577-89f5-730a8ceb788d,HOME,59.66475255837079,3.8,201.0,173.0,R,0.11,2.18,9.0,PASS,0.469,PASS,571510,"Boyd, Matthew",SB,3B,low,lift_peak_in 2.18 outside 4.28-; delivery_s 0.469 outside 0.7-1.31
a72a05f4-b597-40d1-806e-7dbbd80729cb,HOME,59.59494196100609,3.7,176.0,109.0,R,0.1,28.58,5.0,PASS,1.124,PASS,579328,"Kikuchi, Yusei",SB,2B,high,
62d3e701-025d-46b3-8ec3-537e70383ff2,HOME,59.71198523677186,3.8,200.0,155.0,L,0.21,3.61,8.0,PASS,0.754,PASS,661403,"Clase, Emmanuel",SB,2B,low,lift_peak_in 3.61 outside 4.28-
98f15d7a-b4ac-4391-98f7-a60bff16937d,AWAY,59.719654909015155,5.0,182.0,123.0,R,0.1,21.67,9.0,PASS,0.988,not_cf_view,669432,"Rogers, Trevor",SB,2B,high,
b1a45d9f-72eb-4e51-9cea-349ed70a12eb,AWAY,59.73488897102159,7.6,176.0,,,0.25,,5.0,no_set_before_lift,,no_set_before_lift,682847,"Ortiz, Luis",SB,2B,not measured,no_set_before_lift
4eec1c45-3c73-44f2-b4e1-464ca1f78e6e,HOME,59.785421317287565,3.9,198.0,130.0,L,0.14,20.82,9.0,PASS,1.137,PASS,592094,"Adam, Jason",SB,3B,high,
23ff7adc-542c-4efc-a03a-853954589834,HOME,59.7344209867674,3.9,197.0,134.0,L,0.21,19.48,9.0,PASS,1.055,PASS,592094,"Adam, Jason",SB,2B,high,
bd363ee5-6871-4fa3-add6-25bbea628873,HOME,59.70040666889919,3.7,173.0,121.0,L,0.13,11.65,9.0,PASS,0.871,PASS,450203,"Morton, Charlie",CS,2B,high,
b7eb5a6b-4262-4617-ace0-390b8481ccbd,AWAY,59.772827275718846,8.2,182.0,122.0,R,0.1,12.73,9.0,PASS,1.004,cut_in_window,621383,"Banks, Tanner",SB,3B,high,
f8c176db-95c4-4490-b5fc-aeda16120ed2,AWAY,59.67326910418287,7.6,180.0,128.0,R,0.1,10.64,9.0,PASS,0.871,not_cf_view,621383,"Banks, Tanner",SB,2B,high,
76ef215c-0f8a-4f8c-8f79-8da29f7aee15,HOME,59.677726968300504,3.7,177.0,120.0,R,0.17,26.6,9.0,PASS,0.955,PASS,670046,"Rosenberg, Kenny",SB,2B,high,
8e8927e7-dcaa-4c73-b3be-0a8bb3883618,HOME,59.78280588450364,3.8,179.0,114.0,L,0.18,21.14,9.0,PASS,1.087,PASS,592332,"Gausman, Kevin",SB,2B,high,
b6a84374-69e0-4822-9e61-465b69748c8b,HOME,59.75936496313924,3.9,201.0,149.0,L,0.2,8.46,9.0,PASS,0.87,PASS,671922,"Smith, Cade",SB,2B,high,
9c2b899e-b3c8-42b2-bc77-9c53d59c31ab,HOME,59.759152506564455,3.9,204.0,148.0,L,0.19,12.92,9.0,PASS,0.937,PASS,621112,"Blackburn, Paul",SB,2B,high,
1ffe84a4-83f1-4e0f-9a19-278a6cb6b27b,AWAY,59.65905780636441,7.6,182.0,,,0.93,,7.0,release_not_at_hand,,release_not_at_hand,669923,"Kirby, George",SB,2B,not measured,release_not_at_hand
9323e7df-9512-41df-8cf4-b4be985b0ca8,HOME,59.66073961081286,3.7,172.0,116.0,L,0.15,27.15,9.0,PASS,0.939,PASS,656464,"Ginkel, Kevin",SB,2B,high,
6bdab2c8-5b26-4882-b597-5315284cd908,AWAY,59.70228725652349,7.6,179.0,123.0,L,0.23,12.77,9.0,PASS,0.938,cut_in_window,607200,"Fedde, Erick",SB,2B,high,
8e97ec3e-3b3a-4689-8c93-4f41dc7af93c,HOME,59.678476425459735,3.8,181.0,118.0,L,0.18,22.23,9.0,PASS,1.056,PASS,656605,"Keller, Mitch",SB,2B,high,
0af058df-cfdf-4083-8a8d-4f112f64ce86,AWAY,59.65527206781081,7.5,,,,,,,no_release,,no_release,650556,"Abreu, Bryan",SB,3B,not measured,no_release
efee2b37-93cd-4254-8eb6-59286664fe20,HOME,59.710287465714806,3.7,180.0,117.0,L,0.16,21.46,9.0,PASS,1.055,PASS,657240,"Merryweather, Julian",SB,2B,high,
c09d86e3-7900-41ff-b0dc-0f4d0817d689,AWAY,59.663124801882816,5.5,180.0,109.0,L,0.26,12.89,9.0,cut_in_window,,not_cf_view,665152,"Kremer, Dean",SB,2B,not measured,cut_in_window
4b1b3ade-e283-416e-ad8c-2e026f71a641,AWAY,59.63844657109955,8.7,178.0,115.0,L,0.25,4.43,9.0,cut_in_window,,cut_in_window,701542,"Warren, Will",CS,2B,not measured,cut_in_window
d554f95d-1006-448d-8d63-3a7756a8aacc,AWAY,59.64839979611092,7.5,177.0,119.0,L,0.17,20.93,9.0,PASS,0.972,implausible_delivery,621111,"Buehler, Walker",SB,2B,high,
3225eb75-cf61-4f87-8728-7a6e78e8e873,AWAY,59.70710927778257,7.5,177.0,118.0,L,0.17,14.61,9.0,PASS,0.988,cut_in_window,592791,"Taillon, Jameson",SB,2B,high,
1f05b71a-44b1-447f-9864-44db266a3783,HOME,59.80256486555979,3.8,200.0,138.0,R,0.12,22.01,8.0,PASS,1.037,PASS,676614,"Sammons, Bryan",CS,2B,high,
86a8bec5-f885-4f81-ae92-7128f3e8826b,AWAY,59.700679583982165,9.2,230.0,175.0,L,0.25,17.06,9.0,PASS,0.921,release_not_at_hand,665795,"Cabrera, Edward",SB,2B,high,
98dee105-68e5-4627-8486-3513da0d3838,AWAY,59.73781735715471,4.800000000000001,179.0,115.0,L,0.15,24.63,8.0,PASS,1.071,not_cf_view,621111,"Buehler, Walker",SB,2B,high,
2f029d03-e5df-4b8f-8a78-778981b9fc74,AWAY,59.71661363279634,9.3,230.0,177.0,L,0.23,17.88,7.0,PASS,0.888,release_not_at_hand,665795,"Cabrera, Edward",SB,2B,high,
ddcdc268-d6e1-4f74-b871-c9699a0a980d,HOME,59.68639593884411,3.8,184.0,123.0,L,0.24,13.91,9.0,PASS,1.022,PASS,650556,"Abreu, Bryan",CS,2B,high,
ae9496d3-d9ae-42cd-b482-d848b4e23bd5,AWAY,59.66319408560547,7.6,178.0,113.0,L,0.15,14.68,7.0,PASS,1.089,no_set_before_lift,605463,"Scott, Tayler",SB,3B,high,
499e0342-ea1f-4a2f-8cc1-d460c60cfbbb,HOME,59.64871117905377,3.8,183.0,136.0,L,0.16,7.88,9.0,PASS,0.788,PASS,669854,"Blanco, Ronel",SB,2B,high,
f3b3a860-a5fb-4214-a73e-31b7274378f3,AWAY,59.64591523472202,9.2,227.0,,,0.12,,9.0,no_set_before_lift,,release_not_at_hand,663969,"Phillips, Tyler",SB,2B,not measured,no_set_before_lift
7c1d82e7-5882-4d5d-9eb2-4cd484da990b,HOME,59.7439168104799,3.8,183.0,123.0,L,0.15,22.41,8.0,PASS,1.004,PASS,605121,"Anderson, Justin",SB,2B,high,
4a1efcab-401f-4dd0-8698-3aecd750bd8c,AWAY,59.74333828687632,7.4,,,,,,,no_release,,no_release,661395,"Duran, Jhoan",SB,2B,not measured,no_release
72b2f4fd-f91e-4a0b-8c26-dfe351601da7,AWAY,59.67177108277265,7.6,177.0,119.0,L,0.21,17.56,9.0,PASS,0.972,cut_in_window,661395,"Duran, Jhoan",SB,3B,high,
be797ac7-9b67-40f3-8a04-e0b64dac3c2d,HOME,59.69268558764704,3.9,195.0,141.0,L,0.55,14.23,5.0,PASS,0.905,PASS,593423,"Montas, Frankie",SB,2B,low,release_to_wrist 0.55 outside -0.32
44ed0316-4009-489b-8893-772d76057be6,AWAY,59.69635925907728,7.4,177.0,113.0,L,0.14,17.46,9.0,PASS,1.072,no_release,683232,"Mears, Nick",CS,2B,high,
7cd02cad-8735-4f89-b8ec-dfae94435037,AWAY,59.71451866652886,5.9,,,,,,,no_release,,no_release,593423,"Montas, Frankie",SB,3B,not measured,no_release
f43e56c5-e200-4442-bba4-dfc951fa58ae,AWAY,59.644960109711896,9.5,229.0,177.0,L,0.13,2.55,9.0,PASS,0.872,release_not_at_hand,663969,"Phillips, Tyler",SB,2B,low,lift_peak_in 2.55 outside 4.28-
3b4b81c6-3a0d-4d30-97ce-f26b3436ba4a,HOME,59.68021156726736,3.8,199.0,131.0,R,0.13,22.36,9.0,PASS,1.139,PASS,518397,"Alexander, Scott",SB,2B,high,
4557152d-7879-4a47-b692-c6211977951c,AWAY,59.808698016154075,7.699999999999999,189.0,128.0,L,1.09,12.85,6.0,release_not_at_hand,,cut_in_window,682243,"Miller, Bryce",SB,2B,not measured,release_not_at_hand
227061e9-068d-4c59-b65d-99b3cd2d4c82,HOME,59.71864946134058,3.7,182.0,125.0,L,0.17,14.04,5.0,PASS,0.954,PASS,641927,"Ober, Bailey",SB,2B,high,
3b0adcbf-24fe-419f-ba26-69a28572ded5,AWAY,59.66665957415833,10.6,218.0,,,0.84,,3.0,cut_in_window,,cut_in_window,601713,"Pivetta, Nick",SB,2B,not measured,cut_in_window
9cb86d52-190e-4330-b792-27d0f4f87ec6,HOME,59.65229697170547,3.8,177.0,118.0,R,0.21,26.24,9.0,PASS,0.989,PASS,608331,"Fried, Max",SB,3B,high,
31543a75-c8fb-46c6-8d1d-e37dcdec4f3e,HOME,59.72855564879159,4.0,204.0,133.0,L,0.15,31.4,9.0,PASS,1.189,PASS,621242,"Díaz, Edwin",SB,2B,high,
5b5f1f97-0ec8-42a6-ae0e-e076998b6c13,AWAY,59.702152594279646,10.0,187.0,128.0,L,1.09,9.16,7.0,release_not_at_hand,,cut_in_window,554340,"García, Yimi",SB,2B,not measured,release_not_at_hand
ff50c0b5-4aa8-45a4-8383-8f1940c649c8,HOME,59.709664530831496,3.9,180.0,124.0,L,0.11,19.78,9.0,PASS,0.938,PASS,628317,"Maeda, Kenta",SB,3B,high,
e1aa29a9-3944-4102-b10f-32cfc07dc366,HOME,59.68406903950576,3.8,179.0,120.0,L,0.23,15.23,9.0,PASS,0.989,PASS,656427,"Flaherty, Jack",SB,2B,high,
988f7906-f3d5-4396-9cd2-fae646886764,HOME,59.690693678212895,3.9,174.0,119.0,R,0.22,18.08,9.0,PASS,0.921,PASS,608331,"Fried, Max",SB,2B,high,
beff8eff-8d0e-488d-821e-ef7dd797851a,AWAY,59.72147543271234,8.4,179.0,127.0,L,0.17,18.61,9.0,PASS,0.871,cut_in_window,628317,"Maeda, Kenta",SB,2B,high,
5c23e217-468a-461b-8570-4f884423deb3,HOME,59.78812609833122,4.1,196.0,149.0,L,0.09,6.16,7.0,PASS,0.786,PASS,657044,"Thompson, Ryan",SB,2B,high,
5420b278-e220-4ab9-981f-c65843752fb3,AWAY,59.69735844655665,5.4,,,,,,,no_release,,not_cf_view,663362,"Waldron, Matt",SB,2B,not measured,no_release
5d1ce16b-dcd6-4475-8615-3fb7f74a744f,AWAY,59.68560861234237,10.1,180.0,120.0,L,0.18,17.98,9.0,not_cf_view,,cut_in_window,641329,"Baker, Bryan",SB,2B,not measured,not_cf_view
39a3315c-29a7-4643-9389-3695468e6360,AWAY,59.71445118154046,5.2,182.0,118.0,R,0.18,24.54,9.0,PASS,1.072,not_cf_view,571578,"Corbin, Patrick",SB,2B,high,
cdc1c12c-77d2-43f5-98e2-256185c5959b,HOME,59.67726011167546,3.8,178.0,112.0,L,0.21,16.13,9.0,PASS,1.106,PASS,543037,"Cole, Gerrit",SB,2B,high,
81088de9-c00e-4406-afa1-3585842f8af2,AWAY,59.66178781556548,7.699999999999999,181.0,125.0,R,0.11,25.26,9.0,not_cf_view,,not_cf_view,680736,"Wrobleski, Justin",CS,2B,not measured,not_cf_view
a1017875-61c5-450e-ab24-7231c585aca6,HOME,59.6939801513988,3.9,185.0,118.0,L,0.11,17.49,9.0,PASS,1.122,PASS,605130,"Barlow, Scott",SB,2B,high,
89a326cc-cc21-4dee-8499-85174a37da4d,HOME,59.79416478757457,5.5,178.0,129.0,L,0.22,7.87,7.0,PASS,0.819,PASS,669302,"Gilbert, Logan",SB,2B,high,
8d63d854-baed-4775-bb30-a352e4f2bf8d,HOME,59.6597542222091,5.6,199.0,143.0,L,0.15,17.16,7.0,PASS,0.939,PASS,669308,"Reynolds, Sean",SB,2B,high,
e6c9f32c-71ec-4eda-bc8d-85ac146b4e86,AWAY,,6.1,,,,,,,no_clip,,cut_in_window,684320,"Rodríguez, Yariel",SB,2B,not measured,no_clip
a0dbccd5-a5ab-45e5-8de2-4f5fc52c5cb4,HOME,59.67722960760617,3.8,179.0,121.0,R,0.16,22.25,9.0,PASS,0.972,PASS,571578,"Corbin, Patrick",SB,2B,high,
12986c70-b61c-4c2a-a3d7-b818f6730acc,HOME,59.73276856907953,3.9,203.0,155.0,L,0.12,4.02,9.0,PASS,0.804,PASS,605400,"Nola, Aaron",CS,2B,low,lift_peak_in 4.02 outside 4.28-
f58fe62f-26e5-436f-beb8-11a7d2ea609f,HOME,59.74362887227224,3.9,179.0,113.0,L,0.13,44.06,7.0,PASS,1.105,PASS,668909,"Williams, Gavin",SB,2B,high,
3b1f5bce-f592-4379-b483-a792671aa355,HOME,59.739701341121624,3.9,201.0,148.0,L,0.23,17.64,9.0,PASS,0.887,PASS,608032,"Estévez, Carlos",SB,2B,high,
98f9fa05-c5bc-4ca6-8ebe-93623ff1c236,AWAY,59.657734241543736,7.5,179.0,119.0,L,0.11,21.48,9.0,PASS,1.006,cut_in_window,686752,"Pepiot, Ryan",CS,2B,high,
a344a259-481d-458d-9596-817c14da4b32,HOME,59.622992258079144,3.7,179.0,108.0,R,0.08,22.6,9.0,PASS,1.191,PASS,640455,"Manaea, Sean",SB,2B,high,
ecd39513-a42f-425a-9b88-29028cdd85da,HOME,59.67822352253372,3.8,195.0,137.0,L,0.15,14.09,9.0,PASS,0.972,PASS,661395,"Duran, Jhoan",SB,2B,high,
0d794dd3-ad79-4fef-a436-4b324af007d7,AWAY,59.66184061945475,7.4,,,,,,,no_release,,no_release,663485,"Sands, Cole",CS,2B,not measured,no_release
f0e5f24d-1ef1-428f-8df4-ebe7eae819ec,HOME,59.693630165276886,5.5,201.0,138.0,L,0.17,9.55,9.0,PASS,1.055,PASS,664126,"Fairbanks, Pete",SB,2B,high,
61dd8d69-b465-45bf-8978-31a406ccc852,AWAY,59.63019849235374,6.8,,,,,,,no_release,,no_release,622491,"Castillo, Luis",SB,2B,not measured,no_release
79bb6ecd-3378-4c9b-8d23-d9747abcc56c,HOME,59.646849261743974,3.8,185.0,125.0,R,0.11,7.07,9.0,PASS,1.006,PASS,669022,"Gore, MacKenzie",SB,2B,high,
f6fe715b-0fa7-4cb6-9295-c7ad8c1f755b,AWAY,,3.5,,,,,,,no_clip,,no_release,642547,"Peralta, Freddy",SB,2B,not measured,no_clip
5aedc6da-74d8-483c-b919-538206ea8eaf,HOME,59.73250227243215,3.8,200.0,125.0,L,0.45,24.46,8.0,PASS,1.256,PASS,668678,"Gallen, Zac",SB,3B,low,release_to_wrist 0.45 outside -0.32
cd511a84-cd8a-4808-bba8-338e8ae0ab82,HOME,59.67598742398654,3.8,179.0,119.0,L,0.14,3.74,9.0,PASS,1.005,PASS,669467,"Pallante, Andre",SB,2B,low,lift_peak_in 3.74 outside 4.28-
da0564be-62d4-44e8-8743-51536e941da0,HOME,59.73673168962501,3.8,177.0,126.0,L,0.2,3.1,9.0,PASS,0.854,PASS,669467,"Pallante, Andre",SB,2B,low,lift_peak_in 3.1 outside 4.28-
acff1e2a-f9da-4ed7-93bb-2fb3940a0b8b,HOME,59.66171402287032,3.8,182.0,117.0,L,0.17,17.81,9.0,PASS,1.089,PASS,676272,"Miller, Bobby",SB,2B,high,
a37156dd-6c5b-4ae1-9694-685f6397a04b,HOME,59.68675506692654,3.8,180.0,109.0,L,0.17,21.41,9.0,PASS,1.19,PASS,605135,"Bassitt, Chris",CS,3B,high,
82943a50-5608-4a1f-bf40-4cb3990dd9fa,HOME,59.82444042715769,3.8,184.0,103.0,R,0.55,19.04,7.0,PASS,1.354,PASS,607536,"Freeland, Kyle",CS,3B,low,release_to_wrist 0.55 outside -0.32; delivery_s 1.354 outside 0.7-1.31
c9449f35-7d17-4440-821b-f5179196a57e,HOME,59.6641280385446,3.7,183.0,124.0,L,0.16,3.63,9.0,PASS,0.989,PASS,669467,"Pallante, Andre",CS,2B,low,lift_peak_in 3.63 outside 4.28-
276b6603-0c70-42af-8fa7-8dd230acb0e6,AWAY,59.70448787095803,8.0,178.0,115.0,R,0.16,18.85,9.0,PASS,1.055,cut_in_window,663559,"Falter, Bailey",SB,2B,high,
d5803de3-a214-4078-a23a-1c099aadf0cc,HOME,59.71953148605655,3.7,180.0,109.0,L,0.18,21.33,7.0,PASS,1.189,PASS,642547,"Peralta, Freddy",CS,2B,high,
b933f7b8-e677-41f3-b936-c6acbf1388dc,HOME,59.77269538375193,3.8,182.0,134.0,L,0.14,5.91,9.0,PASS,0.803,PASS,686613,"Brown, Hunter",CS,2B,high,
f24e792c-0093-45b2-8300-698691411ae7,HOME,59.66217263288393,3.8,177.0,124.0,L,0.16,18.69,9.0,PASS,0.888,PASS,656288,"Canning, Griffin",SB,2B,high,
fdc1e28f-0b3b-4e72-9c4a-d48f38abc52a,AWAY,59.67686084976903,7.5,183.0,113.0,L,0.08,25.87,9.0,PASS,1.173,not_cf_view,686613,"Brown, Hunter",SB,2B,high,
07fab5f9-fffe-43e3-bd01-01e940c835e6,HOME,59.758187798211885,3.8,182.0,123.0,L,0.38,18.86,6.0,PASS,0.987,PASS,642547,"Peralta, Freddy",SB,2B,low,release_to_wrist 0.38 outside -0.32
a05e580f-056b-46b3-8799-ff30ff2f2b0a,HOME,59.70316258921507,3.8,179.0,111.0,R,0.15,16.11,9.0,PASS,1.139,PASS,607536,"Freeland, Kyle",SB,2B,high,
317673fd-2e8f-4378-a501-3a0cac28086e,AWAY,59.71830860471356,9.6,182.0,116.0,L,0.34,26.0,8.0,PASS,1.105,not_cf_view,666974,"Cano, Yennier",SB,2B,low,release_to_wrist 0.34 outside -0.32
b9cd363d-1c14-4af5-99f1-71be5f932dcb,AWAY,59.69450026506232,7.0,,,,,,,no_release,,no_release,687863,"Hodge, Porter",CS,3B,not measured,no_release
770729fa-020d-49ea-8025-f840cfdbc333,AWAY,59.672764405672794,6.9,,,,,,,not_cf_view,,no_set_before_lift,623167,"Flexen, Chris",SB,3B,not measured,not_cf_view
eae072b3-7dce-4b10-bcaa-09c468105c4c,AWAY,59.714996607102464,8.7,178.0,,,0.13,,8.0,cut_in_window,,cut_in_window,676664,"Sears, JP",CS,2B,not measured,cut_in_window
46f1a949-98e9-4642-8d6e-43a00b481130,AWAY,59.75229756570827,7.3,,,,,,,no_release,,no_release,643338,"Green, Chad",SB,2B,not measured,no_release
00f1cd89-1b60-4c25-b2d5-af0dd85c6d8f,HOME,59.70891073950518,3.7,177.0,119.0,R,0.15,23.18,8.0,PASS,0.971,PASS,657514,"Bernardino, Brennan",SB,2B,high,
303db99f-9753-4df0-a2d6-b8cea99f2ff9,HOME,59.64739352940255,3.9,177.0,126.0,L,0.23,6.87,9.0,PASS,0.855,PASS,592836,"Walker, Taijuan",SB,2B,high,
22a89ac3-d179-4c6c-a5cf-5d17bab26d43,AWAY,59.67653587799464,11.3,178.0,109.0,R,0.14,26.12,9.0,PASS,1.156,not_cf_view,676664,"Sears, JP",CS,2B,high,
29906c17-941f-481a-ba99-ed6829a34be2,HOME,59.67324984541574,3.8,181.0,147.0,R,0.16,7.58,9.0,PASS,0.57,PASS,477132,"Kershaw, Clayton",CS,2B,low,delivery_s 0.57 outside 0.7-1.31
caecc84d-1988-4c67-b3ac-932efd6bf1dc,AWAY,59.76744438533445,9.3,177.0,118.0,L,0.21,13.62,9.0,PASS,0.987,cut_in_window,676710,"Crawford, Kutter",SB,2B,high,
aba973eb-5048-48d1-b4d9-7484988e24f2,AWAY,,1.2,,,,,,,no_clip,,not_cf_view,643410,"Leiter Jr., Mark",SB,2B,not measured,no_clip
97952010-c002-4666-9b3c-5a40d4d969bc,AWAY,59.755424822566376,10.9,147.0,113.0,L,0.08,28.03,7.0,PASS,0.569,release_not_at_hand,594902,"Lively, Ben",SB,2B,low,delivery_s 0.569 outside 0.7-1.31
a2fcfb70-9b90-4c2c-a624-89f6dff32f0b,HOME,59.65951890724652,3.8,175.0,128.0,L,0.14,7.84,9.0,PASS,0.788,PASS,663903,"Singer, Brady",CS,2B,high,
d8ff7988-73a2-4a22-ac2b-6b42ef8ab970,HOME,59.68480831994251,3.8,197.0,145.0,L,0.19,12.12,9.0,PASS,0.871,PASS,686799,"Kochanowicz, Jack",SB,2B,high,
36bd6a5f-6ae4-4eac-8664-78cbc25cf7e8,HOME,59.6936825907196,3.9,183.0,126.0,L,0.18,13.27,9.0,PASS,0.955,PASS,592836,"Walker, Taijuan",SB,2B,high,
e2fcd166-1688-4ec7-b3c1-4645cc7c9752,HOME,59.65882354545814,3.7,178.0,114.0,R,0.23,15.11,9.0,PASS,1.073,PASS,640462,"Puk, A.J.",SB,3B,high,
9ca56c61-6caf-40b1-a081-fb0cce2f9469,AWAY,59.806117667453066,7.199999999999999,179.0,128.0,L,0.11,2.63,7.0,PASS,0.853,no_release,518876,"Kelly, Merrill",SB,2B,low,lift_peak_in 2.63 outside 4.28-
5a84bd2e-e610-4f7e-837c-845a27d63dda,HOME,59.71687177265436,3.9,176.0,119.0,R,0.12,15.43,9.0,PASS,0.955,PASS,671096,"Abbott, Andrew",SB,2B,high,
458b81e0-317f-4396-b1ad-4f7814298db9,AWAY,59.67948200974688,7.6,181.0,102.0,L,0.24,25.1,9.0,PASS,1.324,no_set_before_lift,518876,"Kelly, Merrill",SB,3B,low,delivery_s 1.324 outside 0.7-1.31
c63a8ee7-433b-4775-a5c7-38cc22ac9021,AWAY,,3.5,,,,,,,no_clip,,no_release,573186,"Stroman, Marcus",SB,2B,not measured,no_clip
284c0d0c-bc72-46b9-816a-357e7888b237,HOME,59.71239647242122,3.8,179.0,119.0,R,0.13,6.19,9.0,PASS,1.005,PASS,640462,"Puk, A.J.",SB,2B,high,
d8e58f68-91f9-4bc2-b314-15986c32e504,HOME,59.661177937237035,5.4,177.0,115.0,L,0.22,16.36,9.0,PASS,1.039,PASS,594902,"Lively, Ben",CS,2B,high,
8e1947b0-9a6b-42ea-8773-2b3a50c2a263,HOME,59.65435762979686,3.8,177.0,114.0,L,0.17,17.48,9.0,PASS,1.056,PASS,592836,"Walker, Taijuan",SB,3B,high,
774b317e-7f6b-479c-bff9-612b7757709d,AWAY,59.70759171812568,7.6,183.0,,,0.45,,9.0,no_set_before_lift,,no_set_before_lift,573009,"Mantiply, Joe",SB,3B,not measured,no_set_before_lift
1a619d71-8ebf-48cb-b5e7-b8a84f9605b1,HOME,59.683292321818534,3.8,177.0,122.0,L,0.22,15.7,9.0,PASS,0.922,PASS,657585,"Garrett, Reed",SB,2B,high,
e566e84f-15da-46ca-9712-9b88d25e7c1e,AWAY,59.65034054921696,8.100000000000001,179.0,134.0,L,0.15,3.16,9.0,PASS,0.754,cut_in_window,544150,"Suárez, Albert",SB,2B,low,lift_peak_in 3.16 outside 4.28-
4ad9f8f6-560f-485b-bf3f-c5cdc4dd1a21,HOME,59.75968975820636,4.0,178.0,116.0,R,0.08,21.89,9.0,PASS,1.037,PASS,669432,"Rogers, Trevor",SB,2B,high,
a31b7c42-63c0-4325-8d00-88ae16625301,AWAY,59.70647946046262,8.2,180.0,112.0,R,0.11,30.95,9.0,PASS,1.139,cut_in_window,669432,"Rogers, Trevor",SB,2B,high,
8a2eefb5-04e3-4fa6-a70a-d453b385b09e,HOME,59.6510097507819,3.8,180.0,117.0,R,0.13,18.71,9.0,PASS,1.056,PASS,579328,"Kikuchi, Yusei",CS,2B,high,
5f1ee283-a661-4c2a-8079-2c163d0667df,HOME,59.6755860035022,3.8,180.0,124.0,L,0.09,11.28,9.0,PASS,0.938,PASS,694297,"Pfaadt, Brandon",CS,2B,high,
dcb12ab5-443b-44b2-883a-2dd58bb343ff,HOME,59.68865302846625,3.8,181.0,136.0,L,0.09,3.8,6.0,PASS,0.754,PASS,608371,"Sims, Lucas",SB,2B,low,lift_peak_in 3.8 outside 4.28-
fd0cc1d7-bd72-4f99-b15f-176a2a150073,HOME,59.6201528453671,3.8,182.0,125.0,L,0.22,28.78,5.0,PASS,0.956,PASS,608334,"Fulmer, Carson",SB,2B,high,
734c372e-874f-479b-87f3-f5dfe5f88adf,HOME,59.64695025592212,3.7,173.0,95.0,R,0.16,31.85,9.0,PASS,1.308,PASS,642048,"Saucedo, Tayler",SB,2B,high,
82bf55a1-58f1-46f0-8c95-c9cab0567d6e,HOME,59.68778696051423,3.8,174.0,107.0,R,0.16,23.69,9.0,PASS,1.123,PASS,656849,"Peterson, David",SB,2B,high,
1ada2c65-fd91-439a-8ede-418e9397513e,AWAY,59.69273032621494,7.6,175.0,111.0,L,0.17,19.3,9.0,PASS,1.072,no_set_before_lift,670950,"Richards, Trevor",SB,3B,high,
8fe4202b-8279-4722-ab43-597f3ba341f0,AWAY,59.669485074443614,7.4,176.0,114.0,L,0.28,28.77,9.0,not_cf_view,,cut_in_window,671212,"Boyle, Joe",SB,2B,not measured,not_cf_view
0081f587-db13-4a74-b2b4-122ca4510d93,AWAY,59.70118976377154,8.6,176.0,102.0,R,0.08,21.2,9.0,cut_in_window,,cut_in_window,690986,"Harrison, Kyle",SB,2B,not measured,cut_in_window
567e9517-0a8a-41ca-b164-ca2ef024833a,AWAY,59.74480749512306,6.1,192.0,133.0,L,0.17,20.34,9.0,PASS,0.988,no_release,694813,"Stone, Gavin",SB,2B,high,
f9188098-cbb7-44ec-bbf5-badb00dd555e,HOME,59.671604581542795,8.7,179.0,117.0,L,0.17,20.6,9.0,PASS,1.039,PASS,592332,"Gausman, Kevin",CS,2B,high,
07d69fd1-2e7a-4d9a-aa14-a8a16d312e64,AWAY,59.706443320341656,10.9,184.0,128.0,L,0.93,5.29,9.0,release_not_at_hand,,release_not_at_hand,607200,"Fedde, Erick",CS,2B,not measured,release_not_at_hand
6d527168-241d-47d7-9e1c-2420854c1513,HOME,59.7065533470683,3.7,179.0,122.0,R,0.14,6.72,9.0,PASS,0.955,PASS,674003,"Bradford, Cody",SB,2B,high,
79a8cabd-14fc-491f-8cd7-34c2726d4722,HOME,59.64708806229807,3.7,179.0,132.0,L,0.15,7.33,9.0,PASS,0.788,PASS,669854,"Blanco, Ronel",SB,2B,high,
8b2e46fd-3f89-43c2-93fc-5f7e2142695c,HOME,59.66281842863155,3.8,180.0,115.0,R,0.12,18.68,9.0,PASS,1.089,PASS,500779,"Quintana, Jose",CS,2B,high,
b6c69463-c879-4941-a57c-59d211b59071,AWAY,59.69311330761454,4.9,175.0,126.0,L,0.21,4.33,9.0,PASS,0.821,not_cf_view,608723,"Voth, Austin",SB,2B,high,
27379cd3-a81b-416e-9205-cfd0067f08fc,AWAY,59.744974309661046,7.6,177.0,101.0,R,0.17,24.06,9.0,PASS,1.272,no_set_before_lift,571510,"Boyd, Matthew",SB,3B,high,
adf1d76f-68d4-4905-a251-382f287c6b98,AWAY,59.76173426209231,7.9,181.0,100.0,L,0.12,26.25,9.0,PASS,1.355,cut_in_window,601713,"Pivetta, Nick",SB,2B,low,delivery_s 1.355 outside 0.7-1.31
f0bfff55-971f-412c-b6f6-f99036dd1f4e,AWAY,59.61901259631102,7.6,179.0,119.0,L,0.16,22.28,7.0,PASS,1.006,not_cf_view,665795,"Cabrera, Edward",SB,2B,high,
bbaff331-1b5c-4174-a32b-78d1cbe5734b,AWAY,59.70921276045473,7.5,172.0,100.0,L,0.15,9.26,9.0,cut_in_window,,no_set_before_lift,523260,"Kelly, Joe",CS,2B,not measured,cut_in_window
c1027b32-6488-4626-9c7f-fd69a835bcd5,HOME,59.75062165691694,3.7,178.0,108.0,L,0.14,24.31,9.0,PASS,1.172,PASS,601713,"Pivetta, Nick",SB,3B,high,
538a9509-2ad3-43fd-8c0d-24cec87beba3,AWAY,59.62192501095416,5.2,,,,,,,no_release,,not_cf_view,607200,"Fedde, Erick",CS,2B,not measured,no_release
91a3ca5a-4f2d-4d1f-b085-63677afb6f5b,AWAY,59.67958505107808,9.9,178.0,105.0,L,0.24,7.82,9.0,cut_in_window,,no_release,592773,"Stanek, Ryne",SB,2B,not measured,cut_in_window
b9410363-9c14-4a10-8070-c3f3afb3a715,AWAY,59.66382960523502,9.9,186.0,,,0.77,,5.0,cut_in_window,,cut_in_window,661563,"Gil, Luis",SB,2B,not measured,cut_in_window
8f10ee53-c30a-422f-bb7d-daedd9038645,HOME,59.72655677007198,3.8,180.0,131.0,L,0.13,3.46,8.0,PASS,0.82,PASS,472610,"García, Luis",SB,2B,low,lift_peak_in 3.46 outside 4.28-
ec0a684a-f9c2-4366-948e-62a1ecd79bf3,HOME,59.67110646646488,3.8,180.0,119.0,R,0.13,20.22,9.0,PASS,1.022,PASS,677053,"Nardi, Andrew",SB,2B,high,
d3b4365d-43d5-4d18-be3f-ee794112ea49,AWAY,59.694638962231664,9.4,174.0,115.0,R,0.13,20.77,9.0,PASS,0.988,cut_in_window,663893,"Little, Brendon",SB,3B,high,
51bc2c58-0840-4825-8e94-1f42995b0751,HOME,59.71317770309945,3.8,182.0,110.0,R,0.12,25.24,9.0,PASS,1.206,PASS,640455,"Manaea, Sean",SB,2B,high,
7aaeaf84-e7ea-4564-abc8-466d80dc7bae,HOME,59.78187430502757,5.4,180.0,117.0,R,0.19,22.61,8.0,PASS,1.054,PASS,669461,"Liberatore, Matthew",SB,2B,high,
3306e747-9281-454f-b6fe-6ac3e41055cd,HOME,59.82874196937438,3.9,183.0,121.0,L,0.56,13.72,9.0,PASS,1.036,PASS,657277,"Webb, Logan",SB,2B,low,release_to_wrist 0.56 outside -0.32
853c9079-224f-4cfb-a6e9-cff8f4d478d2,HOME,59.71299239140903,3.8,195.0,124.0,R,0.18,26.97,9.0,PASS,1.189,PASS,656756,"Montgomery, Jordan",SB,2B,high,
645e4a6e-b9c6-433f-ae2e-d1ca3126196b,AWAY,59.72370630438101,8.8,178.0,151.0,R,0.1,3.81,9.0,cut_in_window,,cut_in_window,663893,"Little, Brendon",SB,3B,not measured,cut_in_window
beeae40e-7095-4339-a42e-04cfd7f7dc22,HOME,59.70039247480238,3.8,183.0,134.0,L,0.2,15.09,9.0,PASS,0.821,PASS,672710,"Contreras, Roansy",SB,2B,high,
c58f17a5-85aa-425a-afe0-de4217398bbe,AWAY,59.64052731351472,7.699999999999999,177.0,,,0.18,,8.0,no_set_before_lift,,no_set_before_lift,669062,"Miller, Erik",SB,2B,not measured,no_set_before_lift
0fbabddd-4465-41de-bf98-1e3e97ee1ced,AWAY,59.728463371339934,7.6,184.0,113.0,L,0.81,18.64,5.0,release_not_at_hand,,cut_in_window,657277,"Webb, Logan",CS,3B,not measured,release_not_at_hand
9cbd382e-a5ae-4fbe-9370-3de8d88866ba,HOME,59.66727208690427,3.9,179.0,101.0,L,0.18,17.56,9.0,PASS,1.307,PASS,593334,"Germán, Domingo",SB,2B,high,
f8153653-4247-4855-bb8d-2daea429e498,AWAY,59.69746939810997,9.0,181.0,100.0,L,0.19,11.84,9.0,cut_in_window,,no_release,663878,"Pearson, Nate",SB,2B,not measured,cut_in_window
25f868b5-1941-45df-b6c5-22fa8aa26801,AWAY,59.68876572159454,8.0,179.0,128.0,L,0.1,9.08,6.0,PASS,0.854,cut_in_window,681867,"Criswell, Cooper",CS,2B,high,
59435974-ff9c-405c-ad56-45ede1561726,AWAY,59.69801200956101,8.5,178.0,142.0,L,0.28,9.14,9.0,cut_in_window,,cut_in_window,669302,"Gilbert, Logan",SB,2B,not measured,cut_in_window
1962b4dd-e5ae-4201-b88a-a49c0e6fb1df,AWAY,59.739024709362624,11.0,173.0,111.0,L,0.19,18.47,9.0,PASS,1.038,not_cf_view,684320,"Rodríguez, Yariel",CS,2B,high,
64e52d63-bffb-4621-803e-df81e439c7fc,HOME,59.58632025934889,3.8,178.0,115.0,L,0.18,10.99,8.0,PASS,1.057,PASS,593334,"Germán, Domingo",SB,2B,high,
5c55b2fb-80d7-4eff-a2d1-5ef6369e4c81,AWAY,59.6952553569628,10.7,182.0,128.0,L,0.33,7.79,9.0,PASS,0.905,no_set_before_lift,679885,"Martinez, Justin",SB,3B,low,release_to_wrist 0.33 outside -0.32
ef2a2acb-ab6f-454f-8ff8-8ad3b692314c,HOME,59.744238710536834,3.8,174.0,115.0,L,0.15,9.57,9.0,PASS,0.988,PASS,687765,"Spence, Mitch",SB,2B,high,
aee95944-e144-46b7-8acf-821d0dc28cca,HOME,59.68684042605409,3.7,175.0,118.0,L,0.24,9.32,9.0,PASS,0.955,PASS,687765,"Spence, Mitch",SB,2B,high,
9e235a1f-28ea-44b2-9863-d98c9a60d4b6,AWAY,59.64827122694347,11.6,257.0,,,,,9.0,cut_in_window,,cut_in_window,656427,"Flaherty, Jack",SB,2B,not measured,cut_in_window
af994d29-e441-403d-b6de-d0a5bf73b94d,HOME,59.590695956936806,3.7,178.0,116.0,L,0.19,14.25,8.0,PASS,1.04,PASS,502085,"Robertson, David",SB,2B,high,
83994ef7-92a5-4f25-9ca1-44b5d648c650,AWAY,59.7106702482281,8.100000000000001,179.0,124.0,L,0.13,11.53,8.0,PASS,0.921,cut_in_window,676534,"Faucher, Calvin",SB,2B,high,
4b5ab673-5d7d-4fca-af0b-a50c5467813e,AWAY,59.66095452923778,4.7,,,,,,,no_release,,not_cf_view,685299,"Gordon, Tanner",SB,2B,not measured,no_release
9a7794ba-2bc5-49c1-8785-b3c5b88bf7cd,AWAY,59.669213086532935,7.699999999999999,174.0,107.0,L,0.63,19.69,9.0,release_not_at_hand,,no_set_before_lift,669302,"Gilbert, Logan",SB,2B,not measured,release_not_at_hand
5006818a-17c3-479c-933e-b63289a6a91c,AWAY,59.65751387207012,7.699999999999999,177.0,,,0.21,,9.0,no_set_before_lift,,no_set_before_lift,605488,"Springs, Jeffrey",SB,2B,not measured,no_set_before_lift
b3708b69-33c8-4182-9b82-86a3fd8d5008,AWAY,59.7431228418482,11.5,188.0,,,0.6,,9.0,cut_in_window,,cut_in_window,596001,"Junis, Jakob",SB,2B,not measured,cut_in_window
3fd78ae9-83e5-40e4-ac8e-951af1db6caa,AWAY,59.73559981157227,8.3,207.0,147.0,R,0.12,22.88,9.0,PASS,1.004,cut_in_window,571578,"Corbin, Patrick",SB,2B,high,
cc250580-42f7-4273-b3bd-880242bc1232,AWAY,59.6264085475748,7.0,,,,,,,no_release,,no_release,666214,"Wentz, Joey",SB,3B,not measured,no_release
ba2090bb-4b54-4b06-a2af-b98c5158382e,AWAY,59.68080222520276,11.1,208.0,,,0.23,,8.0,no_set_before_lift,,no_set_before_lift,664875,"Lawrence, Justin",SB,3B,not measured,no_set_before_lift
46314485-697a-4ac0-b1ce-d442c3f489ac,HOME,59.686524432654515,3.9,206.0,140.0,L,0.17,24.53,9.0,PASS,1.106,PASS,615698,"Quantrill, Cal",SB,2B,high,
c9c2a560-1a79-4299-8588-76afe1cabe8f,HOME,59.76267196123598,3.8,180.0,121.0,L,0.14,15.29,9.0,PASS,0.987,PASS,543037,"Cole, Gerrit",SB,2B,high,
4705f705-c482-41be-b22e-1feb50f3aa91,HOME,59.71370710461342,3.8,179.0,121.0,R,0.11,17.69,9.0,PASS,0.971,PASS,642232,"Yarbrough, Ryan",CS,2B,high,
dcbb530e-a664-457f-b148-097efe1e9f6b,HOME,59.66713693210145,3.8,183.0,124.0,L,0.19,24.52,9.0,PASS,0.989,PASS,687362,"Gillispie, Connor",SB,3B,high,
1dcb1462-a42f-4a72-980b-c388f3cced8f,AWAY,59.752739596223094,7.699999999999999,177.0,,,0.11,,9.0,no_set_before_lift,,cut_in_window,605488,"Springs, Jeffrey",SB,2B,not measured,no_set_before_lift
854ee158-8c1d-4c4c-aff2-5341c62659c5,AWAY,59.69072407492261,7.5,179.0,117.0,L,0.22,15.31,9.0,PASS,1.039,not_cf_view,543037,"Cole, Gerrit",SB,2B,high,
c8207a14-4d0a-422d-8592-009d5c98bdbc,AWAY,59.73261582443454,8.2,180.0,,,0.16,,8.0,cut_in_window,,cut_in_window,642547,"Peralta, Freddy",SB,2B,not measured,cut_in_window
a19d0e48-841c-4feb-9cb9-c8866112a703,AWAY,59.71821436544488,10.0,249.0,,,1.47,,8.0,cut_in_window,,cut_in_window,656629,"Kopech, Michael",CS,2B,not measured,cut_in_window
cd2969d1-3060-44fa-b5a6-233500c6828a,HOME,59.70414266848665,3.8,179.0,124.0,L,0.17,15.25,9.0,PASS,0.921,PASS,676440,"Bibee, Tanner",CS,2B,high,
a9742d59-e353-489d-a5bc-0af9ff3a48a3,HOME,59.66409643048893,3.8,193.0,120.0,R,0.54,21.01,9.0,PASS,1.224,PASS,519242,"Sale, Chris",CS,3B,low,release_to_wrist 0.54 outside -0.32
1f23d2dd-7750-4f94-a15c-38b3161a65b6,AWAY,59.722391330817,7.3,,,,,,,no_release,,cut_in_window,543294,"Hendricks, Kyle",CS,2B,not measured,no_release
880c1a62-01e0-4082-bd08-01d09bc3f146,AWAY,,3.5,,,,,,,no_clip,,no_release,518585,"Cruz, Fernando",SB,2B,not measured,no_clip
a0b55658-c7d5-4134-b4cd-956e12433ec1,HOME,59.759640781827784,3.8,184.0,126.0,L,0.24,17.09,7.0,PASS,0.971,PASS,676974,"Meyer, Max",SB,2B,high,
6ae7bb56-41b4-4eee-9a3c-ca89a0a00949,AWAY,,4.4,,,,,,,no_clip,,cut_in_window,660896,"Alcala, Jorge",SB,2B,not measured,no_clip
a208ad2f-111c-48c8-b168-e4a99f080602,HOME,59.79563110447312,3.8,175.0,112.0,R,0.09,20.12,9.0,PASS,1.054,PASS,656457,"Gilbert, Tyler",SB,2B,high,
c52f4ae8-69b0-4b1d-be1f-56f53c6878f1,HOME,59.733751790347114,3.7,179.0,115.0,L,0.19,18.95,9.0,PASS,1.071,PASS,543135,"Eovaldi, Nathan",SB,2B,high,
914bc9f5-481b-41db-9c5e-1d056d1508c1,AWAY,59.65376059834295,7.699999999999999,183.0,127.0,R,0.19,7.44,9.0,PASS,0.939,cut_in_window,669022,"Gore, MacKenzie",SB,2B,high,
dfc2197d-f3f3-45c6-bc00-5ab04f13aa28,HOME,59.66353677621283,3.9,185.0,121.0,R,0.58,20.68,8.0,PASS,1.073,PASS,519242,"Sale, Chris",SB,3B,low,release_to_wrist 0.58 outside -0.32
2711391e-18a0-4f1c-8b31-95e4fce577b0,HOME,59.7257942161452,3.9,181.0,117.0,L,0.34,19.52,9.0,PASS,1.072,PASS,543135,"Eovaldi, Nathan",SB,2B,low,release_to_wrist 0.34 outside -0.32
b7903d5e-fe58-4fbd-9e3c-b09a0dac7b70,AWAY,,4.0,,,,,,,no_clip,,release_not_at_hand,664747,"Díaz, Alexis",SB,2B,not measured,no_clip
e459a269-2e4d-41f2-9b7d-ae4e2a60378d,AWAY,,5.5,,,,,,,no_clip,,release_not_at_hand,664747,"Díaz, Alexis",SB,3B,not measured,no_clip
acaabc3d-95dc-4266-bb34-b5f311dba224,AWAY,59.68574724327895,8.2,175.0,108.0,R,0.11,25.33,9.0,PASS,1.123,cut_in_window,669062,"Miller, Erik",SB,3B,high,
2d05d808-4cc9-4877-83d3-fbbee5d480b1,HOME,59.63817806215567,5.7,211.0,148.0,L,0.19,14.68,9.0,PASS,1.056,PASS,643338,"Green, Chad",SB,2B,high,
483f031f-f0eb-4029-a921-b18698acbedb,HOME,59.66353316057771,3.8,181.0,110.0,R,0.19,19.05,9.0,PASS,1.19,PASS,663559,"Falter, Bailey",CS,3B,high,
9544b7d0-9895-44a3-928b-0b8ec9407b92,AWAY,,4.3,,,,,,,no_clip,,not_cf_view,701581,"Festa, David",SB,2B,not measured,no_clip
b25dfa71-9078-4db6-aafd-005efe396d25,HOME,59.80843963537077,5.4,177.0,114.0,L,0.31,19.39,8.0,PASS,1.053,PASS,701581,"Festa, David",SB,3B,high,
007d5041-5a70-4370-aa6e-b490e9eec491,HOME,59.71498108167625,3.8,171.0,114.0,L,0.15,6.87,9.0,PASS,0.955,PASS,676272,"Miller, Bobby",CS,2B,high,
3a11dc9a-2a75-40fe-ba12-3cd64aea1c1d,HOME,59.67494783154412,3.8,175.0,114.0,R,0.12,26.17,9.0,PASS,1.022,PASS,641302,"Alexander, Tyler",SB,2B,high,
5d9b386a-ec9d-422f-8fef-67497bcfefdf,HOME,59.69014777223849,3.9,179.0,122.0,L,0.19,17.37,9.0,PASS,0.955,PASS,676440,"Bibee, Tanner",SB,2B,high,
1edd1870-d9a4-4a38-9355-81b7b9cb579b,AWAY,59.73950983381408,8.3,177.0,154.0,L,0.3,3.46,8.0,cut_in_window,,cut_in_window,543294,"Hendricks, Kyle",SB,2B,not measured,cut_in_window
12c630d4-43c9-487a-a3f0-f77a51d769bc,HOME,59.75704913272467,3.9,183.0,107.0,R,0.2,20.32,8.0,PASS,1.272,PASS,592767,"Smyly, Drew",SB,2B,high,
0028354f-d314-42ea-bfa8-2e9e9a128132,AWAY,59.72638553945322,12.9,198.0,,,1.24,,9.0,release_not_at_hand,,no_release,605135,"Bassitt, Chris",SB,3B,not measured,release_not_at_hand
7872f3da-dd6e-4ee9-8afd-6cd0f502c81f,AWAY,59.65906892647207,7.8,178.0,124.0,R,0.16,11.57,9.0,PASS,0.905,no_set_before_lift,650893,"Cabrera, Génesis",CS,2B,high,
6a7a9d0b-9984-4d3a-b0a8-cfd48512d407,AWAY,59.65487799397834,8.2,184.0,116.0,L,0.52,23.58,9.0,PASS,1.14,cut_in_window,663765,"Woodford, Jake",SB,3B,low,release_to_wrist 0.52 outside -0.32
cdcf7bd6-2f1c-40ca-9e68-4ae013df0385,HOME,59.66573096393042,3.8,178.0,114.0,R,0.12,31.78,9.0,PASS,1.073,PASS,624133,"Suarez, Ranger",CS,3B,high,
61ea20ed-753f-4d8d-81e7-b8364278df34,HOME,59.72076183564662,3.8,179.0,120.0,R,0.16,24.53,7.0,PASS,0.988,PASS,657514,"Bernardino, Brennan",SB,3B,high,
62409fa4-ed01-4278-9842-eee823238174,AWAY,59.630012207719034,8.2,179.0,109.0,R,0.11,18.82,9.0,PASS,1.174,cut_in_window,605483,"Snell, Blake",SB,2B,high,
32b9e77a-993d-4218-a91f-420b17f65451,HOME,59.66944624756579,3.9,182.0,114.0,L,0.17,20.63,9.0,PASS,1.14,PASS,592351,"Gray, Jon",SB,2B,high,
18fb32b7-b5b4-44ef-a362-7241a7b75a2b,AWAY,59.7295303988914,7.8,190.0,126.0,L,1.11,7.94,5.0,release_not_at_hand,,release_not_at_hand,643410,"Leiter Jr., Mark",SB,2B,not measured,release_not_at_hand
61c0947b-a407-471c-9143-6e104f3c496b,AWAY,59.64024415685139,8.1,,,,,,,no_release,,camera_moved,450203,"Morton, Charlie",SB,2B,not measured,no_release
dc3423ed-6b0e-4972-8df7-b88951e60357,HOME,59.76553520803004,3.7,178.0,117.0,L,0.21,31.25,9.0,PASS,1.021,PASS,671212,"Boyle, Joe",SB,2B,high,
814b147e-7cdc-408e-8a8a-d7c4ff5d8148,AWAY,59.6705954180996,7.5,,,,,,,no_release,,no_release,608638,"Chargois, JT",SB,2B,not measured,no_release
2e61f4bc-6af3-4e12-8b54-ff8333207bd6,HOME,59.730291922584136,3.8,186.0,135.0,L,0.56,7.39,7.0,PASS,0.854,PASS,663765,"Woodford, Jake",SB,2B,low,release_to_wrist 0.56 outside -0.32
9784c6b5-2682-4c3e-870a-b63a5c811cd5,HOME,59.70941418430306,3.8,181.0,116.0,L,0.25,21.94,9.0,PASS,1.089,PASS,669923,"Kirby, George",SB,3B,high,
d54bb07f-26c4-42c6-8e5e-e3c170ca4070,AWAY,59.71660265201911,8.2,183.0,123.0,L,0.19,26.27,9.0,PASS,1.005,cut_in_window,543243,"Gray, Sonny",CS,2B,high,
88338a00-6cf7-456d-9252-d98d3d5175e7,AWAY,59.66116390940678,7.6,175.0,120.0,L,0.21,12.73,9.0,PASS,0.922,cut_in_window,607067,"Rea, Colin",SB,2B,high,
19445db5-7287-4077-95ae-e7eda1b11623,AWAY,59.7028613352898,8.4,180.0,116.0,L,0.26,22.41,9.0,PASS,1.072,cut_in_window,592332,"Gausman, Kevin",SB,2B,high,
6a67d508-9895-4cb1-8bba-c14f70089fb4,AWAY,59.65762327237043,7.8,181.0,114.0,R,0.17,38.43,9.0,PASS,1.123,cut_in_window,527048,"Pérez, Martín",SB,2B,high,
de8fe53c-5ec9-48bc-8910-8ea704661c68,AWAY,59.74887669515648,6.9,,,,,,,no_release,,no_release,662253,"Muñoz, Andrés",SB,3B,not measured,no_release
1c14f7ce-bf3a-4428-9cd7-ace264caf840,AWAY,59.7774034809604,7.0,,,,,,,no_release,,no_release,573186,"Stroman, Marcus",SB,2B,not measured,no_release
6cc61479-2921-4a9c-9306-911d8fba2132,AWAY,59.64222745131845,9.3,181.0,131.0,L,0.1,6.11,7.0,PASS,0.838,cut_in_window,621053,"Ferguson, Tyler",CS,2B,high,
2cd5bdb1-c29d-4e1f-a566-f9556e48e366,AWAY,59.64747127183016,9.5,178.0,110.0,R,0.68,24.71,9.0,release_not_at_hand,,no_release,592662,"Ray, Robbie",SB,2B,not measured,release_not_at_hand
9f24bffd-aa2b-459a-9fe7-c50021cfe775,HOME,59.73251170851697,3.7,178.0,119.0,L,0.24,17.08,6.0,PASS,0.988,PASS,665871,"Assad, Javier",CS,2B,high,
10dedc94-7295-4152-be8b-02871684d407,AWAY,59.72072852670583,8.1,188.0,111.0,R,0.7,28.62,5.0,release_not_at_hand,,cut_in_window,592662,"Ray, Robbie",SB,2B,not measured,release_not_at_hand
ad481d3b-c35b-46ec-b883-148f0ec9f03f,HOME,59.684092478663885,3.8,177.0,116.0,R,0.14,9.75,9.0,PASS,1.022,PASS,674003,"Bradford, Cody",SB,3B,high,
bb5f6135-c2a5-41eb-845b-4b3c55030b47,AWAY,59.68877990677371,9.3,251.0,,,1.4,,9.0,not_cf_view,,no_release,656557,"Houck, Tanner",SB,2B,not measured,not_cf_view
2cf8c7d2-6ef6-4c36-9a20-26a1029e769b,AWAY,59.66889161564702,9.2,249.0,,,0.94,,9.0,not_cf_view,,no_release,643511,"Rogers, Tyler",SB,2B,not measured,not_cf_view
dfd9748d-c86d-4998-abc8-7f3093562e80,AWAY,59.66924835013175,6.9,,,,,,,no_release,,no_release,592662,"Ray, Robbie",SB,3B,not measured,no_release
5aeea44c-9909-4128-b24e-b701d0b83fe7,AWAY,59.708747430027785,8.2,185.0,140.0,L,0.73,48.04,6.0,cut_in_window,,no_release,686539,"Cronin, Declan",SB,2B,not measured,cut_in_window
01ca550a-12f7-4949-9cd6-eb96b59e9c0b,HOME,59.666113010288946,3.8,176.0,123.0,R,0.13,5.46,9.0,PASS,0.888,PASS,674003,"Bradford, Cody",SB,2B,high,
31d008be-c376-4276-9287-5ff3dfc7e49b,AWAY,,1.2,,,,,,,no_clip,,not_cf_view,607481,"Bummer, Aaron",SB,2B,not measured,no_clip
292d2c58-d240-41ce-b795-13a7092a4911,AWAY,59.70570591764,5.0,180.0,129.0,R,0.15,4.9,9.0,PASS,0.854,not_cf_view,674003,"Bradford, Cody",SB,2B,high,
0ee49d39-757d-4967-aefd-948dcadad583,AWAY,59.792886087348045,7.5,,,,,,,no_release,,no_release,656876,"Rasmussen, Drew",SB,2B,not measured,no_release
565c5577-116a-4b0a-b802-a3390941cc34,HOME,59.68696548318531,3.9,181.0,124.0,L,0.15,19.13,6.0,PASS,0.955,PASS,686563,"Cannon, Jonathan",SB,2B,high,
5f6b9e13-a1b3-4597-8cd5-298628a0ca6d,AWAY,59.63359458056222,11.7,257.0,,,1.01,,9.0,release_not_at_hand,,cut_in_window,686563,"Cannon, Jonathan",SB,2B,not measured,release_not_at_hand
d5274756-c604-4a4d-b64e-6f388fcf6ce7,AWAY,59.71486153616481,3.5999999999999996,,,,,,,no_release,,not_cf_view,592662,"Ray, Robbie",SB,2B,not measured,no_release
6cbb760e-e2b7-409d-b6c5-9f420739b718,AWAY,59.718763883579406,7.6,179.0,119.0,L,0.11,18.93,7.0,PASS,1.005,release_not_at_hand,670124,"Oller, Adam",SB,3B,high,
586a0321-5f9c-47e6-95e5-9738f2aac64a,HOME,59.66628750078508,3.9,184.0,129.0,L,0.55,16.9,9.0,PASS,0.922,PASS,656605,"Keller, Mitch",SB,2B,low,release_to_wrist 0.55 outside -0.32
0e255095-80ea-4b47-be6b-80aa45b79dd0,HOME,59.6886182715527,4.3,175.0,117.0,L,0.15,21.83,9.0,PASS,0.972,PASS,686752,"Pepiot, Ryan",SB,2B,high,
c075c441-e922-4c4d-972d-e74efc1cffa7,AWAY,59.76943181894927,10.2,188.0,,,0.77,,9.0,cut_in_window,,release_not_at_hand,656605,"Keller, Mitch",SB,3B,not measured,cut_in_window
254f7b6f-dd1e-4ccb-9337-38148d07d756,HOME,59.701492537313435,4.2,180.0,119.0,L,0.43,17.3,9.0,PASS,1.022,PASS,680704,"Sandlin, Nick",SB,2B,low,release_to_wrist 0.43 outside -0.32
32c3212a-7526-4789-aa83-15372df56f6f,AWAY,59.72070015985844,8.1,184.0,,,0.6,,9.0,cut_in_window,,cut_in_window,656605,"Keller, Mitch",SB,3B,not measured,cut_in_window
b39330a9-e2a3-48a6-bafe-cfa02ac466e4,HOME,59.75463527785487,6.4,180.0,137.0,L,0.1,4.33,7.0,PASS,0.72,PASS,656605,"Keller, Mitch",SB,2B,high,
37ce0f37-2028-4287-95bb-57dd0e5a1393,HOME,59.65515136186431,3.9,183.0,116.0,L,0.17,21.76,9.0,PASS,1.123,PASS,592791,"Taillon, Jameson",SB,3B,high,
f6ecf83c-83d5-4ee7-832f-7ff3ea3019f8,HOME,59.732732094368096,3.8,181.0,124.0,L,0.17,7.24,9.0,PASS,0.954,PASS,542888,"Armstrong, Shawn",SB,2B,high,
a2028038-3745-4586-ab6c-7e1856071a5b,AWAY,59.73951852345523,9.4,182.0,121.0,R,0.16,21.79,9.0,PASS,1.021,not_cf_view,669461,"Liberatore, Matthew",SB,2B,high,
538cc308-a961-48e6-ada6-473fad327233,AWAY,59.6669473925872,9.4,175.0,117.0,L,0.19,17.92,9.0,not_cf_view,,not_cf_view,682243,"Miller, Bryce",SB,3B,not measured,not_cf_view
35bab531-53ed-4721-97e7-228cfaf35deb,AWAY,59.70726109624683,7.699999999999999,180.0,121.0,L,0.87,17.99,9.0,not_cf_view,,not_cf_view,682243,"Miller, Bryce",SB,2B,not measured,not_cf_view
73ba1305-7499-4d97-b31d-8235a55ab733,HOME,59.62402436082185,3.9,181.0,109.0,L,0.1,34.72,9.0,PASS,1.208,PASS,656605,"Keller, Mitch",SB,3B,high,
5a0ebbee-b910-47ea-bd0f-c6c69964817b,AWAY,59.65378295027351,5.5,,,,,,,not_cf_view,,cut_in_window,656605,"Keller, Mitch",SB,2B,not measured,not_cf_view
63cad81c-a857-4cf5-8bc9-f1a624383834,AWAY,59.712853222184116,4.9,154.0,110.0,L,0.1,15.9,9.0,PASS,0.737,not_cf_view,593334,"Germán, Domingo",SB,2B,high,
ecfc6edb-5a18-4ac4-bb56-9efd6ee77284,AWAY,59.64846847257794,7.9,179.0,,,0.08,,9.0,no_set_before_lift,,no_set_before_lift,682120,"Herrin, Tim",SB,3B,not measured,no_set_before_lift
7564d0b7-90c6-4ac9-b3d4-78addbb0ffbb,HOME,59.73266499582289,3.9,176.0,112.0,R,0.23,25.7,9.0,PASS,1.071,PASS,608331,"Fried, Max",SB,3B,high,
3a634f43-b1f7-4cbe-944b-d399764e4e83,HOME,59.738013827645965,5.7,223.0,165.0,R,0.1,19.77,8.0,PASS,0.971,PASS,686747,"La Sorsa, Joe",SB,3B,high,
6579072d-ab42-49f7-b776-aab5752badf3,HOME,59.705727838514605,3.9,210.0,140.0,L,0.12,21.76,9.0,PASS,1.172,PASS,455119,"Martin, Chris",SB,2B,high,
306b1d83-2f4b-4bb6-829d-dd321aa8767b,HOME,59.740540351143565,3.9,177.0,120.0,L,0.22,5.84,8.0,PASS,0.954,PASS,670955,"Uceta, Edwin",SB,2B,high,
543f29f9-70de-4d40-b43c-a2caee0eace8,HOME,59.76451278453139,3.9,176.0,108.0,L,0.25,20.55,8.0,PASS,1.138,PASS,670955,"Uceta, Edwin",SB,3B,high,
5c4fe83a-b080-4a02-b516-017d9e695c84,HOME,59.65996721846894,3.9,197.0,138.0,L,0.19,12.88,9.0,PASS,0.989,PASS,680573,"Woods Richardson, Simeon",SB,3B,high,
fa7d4c17-6910-41f6-8ffb-cf48a2e20bcc,HOME,59.68217858372256,4.0,221.0,163.0,R,0.11,10.15,7.0,PASS,0.972,PASS,641835,"Mayza, Tim",SB,3B,high,
564721a8-fb84-4a68-8b87-8fdebcdb71e8,AWAY,59.63417689802055,7.6,180.0,,,0.12,,9.0,no_set_before_lift,,no_set_before_lift,657006,"Steele, Justin",SB,3B,not measured,no_set_before_lift
c37eec43-2abe-4978-8c6e-2d54c7258c15,HOME,59.68705744188456,5.8,223.0,153.0,L,0.24,19.94,9.0,PASS,1.173,PASS,543037,"Cole, Gerrit",SB,2B,high,
203bc336-da2c-43b1-87f0-e815efbc90fa,AWAY,59.68241459095682,7.5,174.0,,,0.21,,9.0,cut_in_window,,no_release,666974,"Cano, Yennier",SB,2B,not measured,cut_in_window
b705ad0d-beb1-4fba-8807-a26ca91f8eb9,AWAY,59.73120955699353,8.3,181.0,131.0,L,0.06,7.86,9.0,PASS,0.837,cut_in_window,668909,"Williams, Gavin",SB,2B,high,
dfcebb0a-9afc-4178-8dea-4a3fa5097bc3,HOME,59.74446643872593,3.9,181.0,128.0,R,0.13,3.98,9.0,PASS,0.887,PASS,571760,"Heaney, Andrew",SB,2B,low,lift_peak_in 3.98 outside 4.28-
f79133b3-f44e-48e0-bc90-43d44f75b613,AWAY,59.73552042814158,9.0,176.0,,,0.19,,9.0,cut_in_window,,cut_in_window,684320,"Rodríguez, Yariel",SB,2B,not measured,cut_in_window
8ad48961-4947-42f5-9538-9ece35b27a1c,HOME,59.720674279209405,5.8,223.0,159.0,L,0.13,16.93,9.0,PASS,1.072,PASS,543037,"Cole, Gerrit",SB,2B,high,
ca390bb7-450a-46bc-88c6-e6a73dd8e178,HOME,59.70611090990285,3.9,177.0,119.0,L,0.27,9.5,8.0,PASS,0.971,PASS,687765,"Spence, Mitch",SB,2B,high,
6c05b3ee-e980-4ef4-9840-adc517a35e3e,HOME,59.74189370012929,3.8,183.0,126.0,L,0.16,21.83,9.0,PASS,0.954,PASS,668964,"Myers, Tobias",SB,2B,high,
c8642132-6b43-4f90-b07c-ad2eab28dedc,AWAY,59.71441715301143,7.9,178.0,110.0,L,0.13,25.57,9.0,PASS,1.139,cut_in_window,605400,"Nola, Aaron",SB,2B,high,
b12d0818-c5c2-46f1-a571-b62b741ddbdb,AWAY,59.68658167847255,7.6,183.0,,,0.14,,9.0,no_set_before_lift,,no_set_before_lift,605130,"Barlow, Scott",SB,3B,not measured,no_set_before_lift
aba70bad-6638-4b64-9fb2-63fca0addf4f,AWAY,59.68588520482648,7.8,179.0,122.0,L,0.4,18.56,9.0,PASS,0.955,cut_in_window,434378,"Verlander, Justin",SB,2B,low,release_to_wrist 0.4 outside -0.32
1fb37115-dfb8-4dfc-8d36-d7286fdea9ff,HOME,59.67890156224661,3.8,174.0,118.0,L,0.19,15.38,9.0,PASS,0.938,PASS,656427,"Flaherty, Jack",CS,2B,high,
359c8ba7-fec7-491a-aa8a-5de8716517ef,HOME,59.768713191679474,3.8,180.0,117.0,L,0.1,15.84,8.0,PASS,1.054,PASS,657277,"Webb, Logan",SB,2B,high,
ad896dbd-8dd0-4e0c-8d03-8af94831e0f9,HOME,59.70789958926429,3.9,173.0,107.0,R,0.15,17.67,9.0,PASS,1.105,PASS,605488,"Springs, Jeffrey",CS,2B,high,
9f062fd1-58fd-4123-8ee6-372aa323ceda,HOME,59.710821969634665,3.8,186.0,126.0,L,0.26,11.42,9.0,PASS,1.005,PASS,657277,"Webb, Logan",SB,2B,high,
73a7a113-d5ec-464f-9d76-b3c22d577468,HOME,59.765824612855205,4.0,177.0,117.0,R,0.14,9.23,9.0,PASS,1.004,PASS,669022,"Gore, MacKenzie",SB,2B,high,
66566e49-fbd3-40b5-929f-1959c16be190,HOME,59.79517419584531,3.9,178.0,120.0,L,0.11,14.3,9.0,PASS,0.97,PASS,608717,"Stratton, Chris",SB,2B,high,
0e1b7ffd-0fed-4468-9146-48f690cad861,HOME,59.73373465835411,3.9,177.0,126.0,L,0.24,17.26,9.0,PASS,0.854,PASS,628317,"Maeda, Kenta",SB,2B,high,
b297271e-bc9b-4ae8-b9c2-690a267b2b57,HOME,59.680408496520265,4.0,184.0,127.0,L,0.59,17.79,9.0,PASS,0.955,PASS,694973,"Skenes, Paul",SB,2B,low,release_to_wrist 0.59 outside -0.32
247b8a0a-9aa6-4599-a225-270a754080ef,AWAY,59.658038563268065,8.2,178.0,116.0,R,0.12,12.77,8.0,PASS,1.039,cut_in_window,593958,"Rodriguez, Eduardo",SB,2B,high,
58d92400-a00d-469f-9ec2-907db1b690ef,AWAY,59.70454811649178,7.6,187.0,112.0,L,0.99,14.47,9.0,release_not_at_hand,,release_not_at_hand,669203,"Burnes, Corbin",SB,3B,not measured,release_not_at_hand
98fa982a-b7d7-4dbc-9618-4a2aebd9d926,AWAY,59.79301282966127,8.1,175.0,117.0,L,0.22,9.72,9.0,PASS,0.97,cut_in_window,669203,"Burnes, Corbin",SB,2B,high,
d991cd02-511d-4ed4-86e9-0e76516b3174,HOME,59.71334287202984,3.8,174.0,110.0,R,0.12,19.27,4.0,PASS,1.072,PASS,607074,"Rodón, Carlos",SB,2B,low,ball_pts 4.0 outside 5-
66e87056-ca69-45f6-b779-6a1db40919e7,AWAY,59.72625466611365,8.2,171.0,108.0,R,0.14,19.99,7.0,PASS,1.055,cut_in_window,607074,"Rodón, Carlos",SB,2B,high,
153b1e0b-8ffd-48f2-af08-83e7e2e1e170,HOME,59.632430952462435,3.8,172.0,114.0,L,0.2,9.83,9.0,PASS,0.973,PASS,669203,"Burnes, Corbin",SB,2B,high,
32002815-9b21-4a89-afcb-948957b22cfe,HOME,59.6288747389024,3.8,174.0,122.0,L,0.15,6.5,9.0,PASS,0.872,PASS,518585,"Cruz, Fernando",SB,2B,high,
f31cf801-2658-4300-944b-cb14e995b5b4,AWAY,59.75679845125382,8.2,187.0,120.0,L,0.96,13.76,8.0,release_not_at_hand,,cut_in_window,622663,"Severino, Luis",SB,2B,not measured,release_not_at_hand
da52ad48-13b4-4293-8736-eef7fadd45e5,HOME,59.63017246571767,3.9,175.0,116.0,L,0.23,20.64,8.0,PASS,0.989,PASS,605121,"Anderson, Justin",SB,2B,high,
381c76ab-410b-47c4-a712-fb707825fb3f,HOME,59.74567381408908,3.9,177.0,118.0,L,0.23,20.54,9.0,PASS,0.988,PASS,689225,"Brieske, Beau",CS,2B,high,
01473edf-0853-47ba-a255-1391bc91fabe,HOME,59.65601977446409,3.9,176.0,118.0,L,0.25,22.74,9.0,PASS,0.972,PASS,543391,"Kelly, Casey",SB,3B,high,
043f4eb9-c420-4f15-9643-b57b5a457ad5,AWAY,59.76075508521628,8.2,173.0,124.0,R,0.12,2.39,7.0,PASS,0.82,cut_in_window,607074,"Rodón, Carlos",SB,2B,low,lift_peak_in 2.39 outside 4.28-
95a87889-00c3-46d8-91b3-f07e6f784841,HOME,59.70554185613064,3.8,181.0,101.0,R,0.57,17.16,6.0,PASS,1.34,PASS,607536,"Freeland, Kyle",SB,3B,low,release_to_wrist 0.57 outside -0.32; delivery_s 1.34 outside 0.7-1.31
b4210033-7173-4158-9459-9e66d8c0797e,HOME,59.68888750892663,3.9,177.0,115.0,L,0.33,22.74,9.0,PASS,1.039,PASS,640448,"Finnegan, Kyle",SB,3B,low,release_to_wrist 0.33 outside -0.32
95a6f9fe-b0fc-4ac1-88e1-7da9844f0402,AWAY,59.67563630081096,7.6,179.0,113.0,L,0.14,34.49,9.0,PASS,1.106,cut_in_window,669438,"Englert, Mason",SB,2B,high,
2db10f60-2a90-46f3-aa8a-bb6cf52e15c2,AWAY,59.71129999788032,2.3,,,,,,,not_cf_view,,not_cf_view,519326,"Strickland, Hunter",CS,2B,not measured,not_cf_view
1d60f564-c4f0-44c1-ae85-607d4f59b036,AWAY,59.684420296708566,7.0,,,,,,,no_release,,no_release,676974,"Meyer, Max",SB,2B,not measured,no_release
bbf86e8a-6cd4-4727-995a-8e1e53d811cc,AWAY,59.67740485331272,9.7,195.0,,,0.69,,5.0,release_not_at_hand,,cut_in_window,690986,"Harrison, Kyle",SB,2B,not measured,release_not_at_hand
0ca40359-5453-498b-85f8-dd67f78f6ab5,HOME,59.69769187407011,3.8,177.0,124.0,L,0.13,18.48,9.0,PASS,0.888,PASS,543391,"Kelly, Casey",SB,2B,high,
45b18168-2ad9-467f-b699-80f8d8c111a5,AWAY,59.74626054591324,7.0,,,,,,,no_release,,no_release,656876,"Rasmussen, Drew",CS,2B,not measured,no_release
a8212da7-8283-45ae-b91d-8fde35d8b2aa,HOME,59.73200241582765,3.9,181.0,117.0,L,0.16,12.7,8.0,PASS,1.071,PASS,592836,"Walker, Taijuan",CS,2B,high,
612161aa-0270-417d-8fc2-f8c119269d6f,AWAY,59.75541967759867,11.2,176.0,119.0,L,0.17,16.52,9.0,PASS,0.954,cut_in_window,676974,"Meyer, Max",CS,2B,high,
6980d594-ad26-4d4d-ae67-d8472b8dff80,AWAY,59.69084423305589,8.2,179.0,128.0,L,0.2,15.52,9.0,PASS,0.854,cut_in_window,694973,"Skenes, Paul",SB,2B,high,
4976c555-7669-4d74-bd31-271f6a79bc6b,HOME,59.71321590031731,3.8,177.0,115.0,R,0.12,19.01,7.0,PASS,1.038,PASS,607074,"Rodón, Carlos",SB,3B,high,
ef47a578-f91f-45d8-a0f3-70c49f97736c,AWAY,59.71814843579168,7.6,182.0,109.0,R,0.52,19.81,6.0,PASS,1.222,release_not_at_hand,607074,"Rodón, Carlos",SB,3B,low,release_to_wrist 0.52 outside -0.32
6fb2fda1-0a0d-41f1-8372-0b9682bf8560,HOME,59.70348939301452,5.5,195.0,147.0,L,0.13,12.76,9.0,PASS,0.804,PASS,650633,"King, Michael",SB,2B,high,
d40fd65f-e0f8-4419-a7bb-9a81bd365619,AWAY,59.6940387894205,8.7,180.0,,,0.1,,9.0,cut_in_window,,cut_in_window,450203,"Morton, Charlie",SB,2B,not measured,cut_in_window
cab1943e-463f-43b6-af54-5d5340008e91,HOME,59.64452732437698,6.5,180.0,122.0,L,0.14,16.93,9.0,PASS,0.972,PASS,450203,"Morton, Charlie",SB,2B,high,
da37d4ce-a552-41e6-b6c5-482db201c4ed,AWAY,59.6937335024357,9.2,181.0,114.0,L,0.1,20.23,5.0,PASS,1.122,no_set_before_lift,694738,"Roupp, Landen",SB,2B,high,
b55d0a6a-f356-4bda-adfe-25a3aa452962,HOME,59.762507299980534,3.9,176.0,125.0,L,0.19,12.13,9.0,PASS,0.853,PASS,670102,"Francis, Bowden",CS,2B,high,
8f404e82-8855-4967-a672-1debdd19c163,HOME,59.74932530620718,3.9,176.0,115.0,L,0.07,30.09,9.0,PASS,1.021,PASS,686613,"Brown, Hunter",CS,2B,high,
587534c3-8326-462e-a3ed-f4c7fab611ff,HOME,59.679552797508016,3.8,178.0,119.0,L,0.29,22.9,9.0,PASS,0.989,PASS,676130,"Buttó, José",CS,2B,high,
b1110236-02f7-4444-8cee-bb0a4bc644eb,HOME,59.63064035032049,3.8,173.0,114.0,L,0.14,5.99,9.0,PASS,0.989,PASS,676272,"Miller, Bobby",SB,2B,high,
4795b671-cc40-4dfc-9349-54f8bfed1757,HOME,59.77478374304223,3.7,173.0,130.0,L,0.15,3.15,8.0,PASS,0.719,PASS,679885,"Martinez, Justin",SB,2B,low,lift_peak_in 3.15 outside 4.28-
5378724b-234f-48c1-b36a-441910ee2ce2,HOME,59.684301458077016,3.8,176.0,104.0,R,0.09,20.06,6.0,PASS,1.206,PASS,448179,"Hill, Rich",SB,2B,high,
4085accc-8b9c-40a9-ac7b-ee3221f2dcfe,AWAY,59.67437754183825,9.6,178.0,125.0,L,0.28,17.9,7.0,PASS,0.888,release_not_at_hand,669711,"Weissert, Greg",SB,2B,high,
48bad2cb-8014-4d06-900c-9fdf89dfe019,HOME,59.71890078481516,5.6,193.0,135.0,L,0.38,4.24,7.0,PASS,0.971,PASS,681676,"Fernandez, Ryan",SB,2B,low,release_to_wrist 0.38 outside -0.32; lift_peak_in 4.24 outside 4.28-
6d898641-42a3-4650-a5d9-faba4c261170,HOME,59.783250957574744,3.8,177.0,116.0,L,0.13,26.5,9.0,PASS,1.02,PASS,672456,"Montero, Keider",SB,2B,high,
be8a523b-fdac-4a65-9e7f-7aeac558407a,HOME,59.69252259788355,3.8,182.0,119.0,L,0.17,24.66,9.0,PASS,1.055,PASS,686613,"Brown, Hunter",SB,2B,high,
d67a694b-9645-4b59-9eac-ff848d5d0769,HOME,59.755112683656435,3.8,176.0,127.0,L,0.17,3.65,9.0,PASS,0.82,PASS,669194,"Nelson, Ryne",SB,2B,low,lift_peak_in 3.65 outside 4.28-
ff484c06-4f74-41c9-946b-f5de1b6f8a19,AWAY,59.66011811498131,7.0,,,,,,,no_release,,no_release,687134,"Blalock, Bradley",SB,2B,not measured,no_release
bf6798aa-8c2d-4a9e-b048-0e7e707b52b3,AWAY,59.69273405543214,9.4,218.0,,,0.35,,9.0,no_set_before_lift,,release_not_at_hand,595014,"Treinen, Blake",SB,3B,not measured,no_set_before_lift
8884df98-89fc-43f8-8916-abe85c48c02b,HOME,59.66387830390624,3.8,180.0,116.0,L,0.22,32.6,9.0,PASS,1.073,PASS,625643,"López, Reynaldo",SB,2B,high,
94330c1b-8ff8-4a7e-8017-963652efa3fa,AWAY,59.75226308899059,7.6,175.0,110.0,R,0.08,22.83,9.0,PASS,1.088,no_set_before_lift,594580,"Moll, Sam",SB,2B,high,
2a6aba62-9795-4a9c-898a-de2dc48d204b,AWAY,,3.8,,,,,,,no_clip,,no_set_before_lift,669923,"Kirby, George",SB,2B,not measured,no_clip
4ffa548e-e27b-42f7-b2f7-e52b162e8241,HOME,59.6437314661928,3.9,193.0,125.0,R,0.09,28.43,9.0,PASS,1.14,PASS,573009,"Mantiply, Joe",SB,2B,high,
9fb12087-ab28-45d5-bc4d-f1d8a86a06e1,AWAY,59.662440158647854,10.3,255.0,,,1.31,,9.0,release_not_at_hand,,no_release,671922,"Smith, Cade",SB,2B,not measured,release_not_at_hand
b452a377-a715-4e21-a942-eb0fbec324ff,HOME,59.67816418599695,3.8,174.0,127.0,L,0.16,4.73,9.0,PASS,0.788,PASS,544150,"Suárez, Albert",CS,2B,high,
4b7d77c5-6893-4ffd-bbd8-48a2c9adb2f8,HOME,59.707602132817655,3.8,183.0,129.0,L,0.19,14.05,9.0,PASS,0.904,PASS,695076,"Lowder, Rhett",SB,2B,high,
be35a573-b79b-4cf5-bdf1-18f718153842,HOME,59.75239980018899,3.9,186.0,132.0,L,0.17,8.25,6.0,PASS,0.904,PASS,541640,"Ramírez, Erasmo",SB,2B,high,
57c24ed2-84a7-479a-b600-a30ba9ec0fb7,HOME,59.705731284272275,3.9,179.0,136.0,L,0.21,9.03,9.0,PASS,0.72,PASS,641941,"Pagán, Emilio",CS,2B,high,
97038973-3ae6-4ece-8789-24797c2fca77,AWAY,59.815654341146896,7.6,183.0,131.0,R,0.15,3.36,9.0,PASS,0.869,not_cf_view,664285,"Valdez, Framber",SB,2B,low,lift_peak_in 3.36 outside 4.28-
177fbadd-6634-47e1-bd1a-72f9fbfec889,AWAY,59.663239379825946,9.2,197.0,118.0,L,0.85,20.24,9.0,release_not_at_hand,,release_not_at_hand,641540,"Dunning, Dane",SB,2B,not measured,release_not_at_hand
06178470-bb29-4560-a523-f0aa39a6a666,HOME,59.73090304504449,3.9,178.0,123.0,L,0.2,15.73,9.0,PASS,0.921,PASS,695076,"Lowder, Rhett",SB,2B,high,
33b63a43-4cd8-43c4-bce8-7c3167758170,AWAY,59.715169906558906,8.0,180.0,118.0,L,0.12,31.57,5.0,PASS,1.038,no_release,669387,"Mlodzinski, Carmen",SB,2B,high,
6b93cc8f-f0bd-4269-89b5-c670ad0830e3,HOME,59.67472672679759,3.8,171.0,110.0,R,0.14,13.43,9.0,PASS,1.022,PASS,605483,"Snell, Blake",SB,2B,high,
659a3487-9e20-4762-9148-4ccceb6e928d,AWAY,59.71811079589225,6.199999999999999,183.0,124.0,L,0.19,4.86,9.0,PASS,0.988,no_release,445276,"Jansen, Kenley",SB,2B,high,
73bd7565-5dfe-4fc9-82c2-b5c9bf7d23ee,HOME,59.70921143878043,3.8,180.0,125.0,L,0.25,16.26,6.0,PASS,0.921,PASS,695076,"Lowder, Rhett",SB,2B,high,
d1860668-9ed5-44ef-a989-fbf5ed54ede1,AWAY,,4.4,,,,,,,no_clip,,cut_in_window,671737,"Bradley, Taj",SB,2B,not measured,no_clip
f973c5b1-0289-4144-bf79-70d46655ecde,HOME,59.66799025422826,5.5,174.0,116.0,L,0.42,8.69,9.0,PASS,0.972,PASS,544150,"Suárez, Albert",SB,2B,low,release_to_wrist 0.42 outside -0.32
71ff26a9-42d6-4007-8cc4-2103e95c7796,HOME,59.70195612094804,4.0,179.0,117.0,L,0.16,11.01,9.0,PASS,1.038,PASS,593334,"Germán, Domingo",SB,2B,high,
b7271e19-1f15-461b-b686-e236e9ea3ff5,AWAY,,3.8,,,,,,,no_clip,,no_set_before_lift,669923,"Kirby, George",SB,3B,not measured,no_clip
2545e2ab-b72b-4cf2-ad34-9f7748cafee4,HOME,59.732214997499135,3.8,184.0,130.0,L,0.14,18.25,9.0,PASS,0.904,PASS,674285,"Salazar, Eduardo",CS,2B,high,
088d025f-7ca2-40a0-b339-07150e35eaf7,HOME,59.69923934934691,3.9,189.0,133.0,L,0.19,15.92,9.0,PASS,0.938,PASS,696131,"Black, Mason",CS,2B,high,
1cb6f55c-303f-4eef-8be4-ab1c67ecddc1,HOME,59.78418424867128,3.8,188.0,126.0,L,0.26,24.62,9.0,PASS,1.037,PASS,665795,"Cabrera, Edward",SB,2B,high,
341f07c2-f9c2-4f64-9078-cfe572834155,HOME,59.70215926159619,3.9,186.0,144.0,L,0.18,5.0,9.0,PASS,0.703,PASS,657044,"Thompson, Ryan",SB,2B,high,
78303888-f08d-4c21-8e22-721e1a80f28f,HOME,59.778543488123994,3.8,184.0,122.0,L,0.32,16.21,9.0,PASS,1.037,PASS,665871,"Assad, Javier",CS,2B,high,
5bedc6f3-5cbd-4489-8abf-8a64cb52c094,HOME,59.62826343874226,3.7,182.0,122.0,L,0.18,8.44,9.0,PASS,1.006,PASS,663372,"Feltner, Ryan",CS,3B,high,
b110c6ca-c602-4267-b009-9f8f8b7dedf1,HOME,59.6765053739422,3.9,187.0,139.0,L,0.16,5.89,9.0,PASS,0.804,PASS,702352,"Bivens, Spencer",SB,2B,high,
adaa352c-5e05-47bc-9c3d-1726de2b7d27,AWAY,,3.5,,,,,,,no_clip,,no_release,571656,"Farmer, Buck",SB,3B,not measured,no_clip
7d0c0c5e-256f-4a84-9f66-1a214cd1e049,HOME,59.70073360483338,3.8,179.0,107.0,L,0.13,21.08,9.0,PASS,1.206,PASS,669212,"Morgan, Eli",SB,2B,high,
d8d995b9-4918-489f-83a2-f410c20c0d7a,AWAY,59.67849891374662,11.5,235.0,,,1.01,,9.0,release_not_at_hand,,release_not_at_hand,666142,"Ragans, Cole",SB,3B,not measured,release_not_at_hand
bef19546-eeb7-4786-a881-2d5419df4895,HOME,59.711295553161584,3.8,180.0,107.0,L,0.17,21.19,9.0,PASS,1.223,PASS,669212,"Morgan, Eli",SB,3B,high,
54eb2dca-7191-4734-9b43-2559df6375fb,AWAY,59.72345996209857,9.4,258.0,,,0.46,,8.0,cut_in_window,,no_release,641755,"Kinley, Tyler",SB,2B,not measured,cut_in_window
a1d2c717-8ed3-46ee-88c6-fc7c7bebe6bc,HOME,59.72115327689302,3.8,180.0,102.0,R,0.12,25.35,9.0,PASS,1.306,PASS,571510,"Boyd, Matthew",SB,2B,high,
0123dc0e-b6e7-4316-bac8-d7749d3debe1,HOME,59.714402149053136,5.5,181.0,125.0,L,0.14,11.32,9.0,PASS,0.938,PASS,518585,"Cruz, Fernando",SB,2B,high,
bf5b99b8-ede9-41e3-ad01-a50abf67afc2,HOME,59.70376397111977,3.9,182.0,131.0,L,0.26,10.87,8.0,PASS,0.854,PASS,593423,"Montas, Frankie",CS,2B,high,
7ace1a42-769b-445e-9dfa-d22f8069c0b8,HOME,59.75212164292663,3.9,184.0,118.0,L,0.15,21.35,8.0,PASS,1.105,PASS,666974,"Cano, Yennier",SB,3B,high,
647fedae-02bb-482c-ba51-d7dfd054a490,AWAY,,3.8,,,,,,,no_clip,,no_set_before_lift,458677,"Wilson, Justin",SB,2B,not measured,no_clip
bec41af2-866d-4a24-b3be-c49f69aba664,HOME,59.68873853335331,3.7,174.0,110.0,L,0.19,21.62,9.0,PASS,1.072,PASS,682847,"Ortiz, Luis",CS,2B,high,
f191dd20-40ef-4c68-9a6a-1f6e041df692,AWAY,59.7049135887634,7.6,177.0,107.0,L,0.24,25.58,4.0,PASS,1.172,no_set_before_lift,687330,"Kelly, Kevin",SB,2B,low,ball_pts 4.0 outside 5-
09c03346-f787-4613-866c-49300310d5b3,AWAY,59.66135080874275,7.6,179.0,,,0.12,,7.0,no_set_before_lift,,not_cf_view,518886,"Kimbrel, Craig",SB,3B,not measured,no_set_before_lift
d8cdae12-3019-4dad-9956-c49037880578,HOME,59.8035027765912,3.8,179.0,126.0,L,0.14,10.51,6.0,PASS,0.886,PASS,683155,"Estes, Joey",SB,2B,high,
521cecbf-3a3b-41a1-b8cf-e59ec3b6586c,HOME,59.69237571780709,3.9,182.0,125.0,L,0.13,19.33,9.0,PASS,0.955,PASS,674285,"Salazar, Eduardo",SB,2B,high,
d392ae9f-7aaa-48fb-bbc0-245a7df74300,HOME,59.67252181266095,3.8,180.0,114.0,R,0.06,24.31,9.0,PASS,1.106,PASS,676395,"Garcia, Robert",SB,2B,high,
31ccd1f5-2aac-47bb-a177-2e776c07958b,HOME,59.75863445162977,5.6,177.0,122.0,L,0.14,12.22,7.0,PASS,0.92,PASS,657277,"Webb, Logan",SB,2B,high,
9611b0de-5a5a-4d75-bc3f-429197be3e30,HOME,59.68724302777739,3.9,181.0,116.0,L,0.15,20.48,9.0,PASS,1.089,PASS,596001,"Junis, Jakob",SB,2B,high,
61232605-e193-4552-984d-5aeade04f87b,HOME,59.65226331542374,3.8,176.0,121.0,L,0.27,27.96,8.0,PASS,0.922,PASS,668943,"Miller, Ryan",SB,2B,high,
8d79a444-f515-4999-b1fc-8235aae48a00,AWAY,59.69808737974828,8.2,152.0,110.0,L,0.02,8.29,9.0,cut_in_window,,no_set_before_lift,571945,"Mikolas, Miles",CS,2B,not measured,cut_in_window
af496e38-2855-486c-a7ec-85b17836b3ed,HOME,59.73432921361817,3.9,206.0,141.0,R,0.16,18.02,8.0,PASS,1.088,PASS,667463,"King, John",SB,2B,high,
919247f6-f964-4612-89c6-2df179d696b0,HOME,59.65264988370301,3.8,183.0,119.0,L,0.13,11.44,4.0,PASS,1.073,PASS,687765,"Spence, Mitch",CS,3B,low,ball_pts 4.0 outside 5-
b1b75ad8-8d18-422f-ae24-a311d428cb2c,AWAY,59.8118797318971,11.3,151.0,112.0,L,0.87,18.0,8.0,cut_in_window,,no_set_before_lift,686752,"Pepiot, Ryan",SB,2B,not measured,cut_in_window
5c424db1-463a-4cd5-ae18-430485dff5b5,HOME,59.690342878281264,3.8,181.0,128.0,L,0.18,12.19,9.0,PASS,0.888,PASS,670766,"McCaughan, Darren",CS,2B,high,
70ae630b-c208-4586-bf58-e891e6bd1f08,HOME,59.83517295626868,3.8,176.0,128.0,L,0.19,8.62,8.0,PASS,0.802,PASS,669854,"Blanco, Ronel",CS,2B,high,
9e4ec628-9952-4b1e-a779-90e9482958b1,AWAY,59.73102018299758,7.699999999999999,175.0,114.0,L,0.23,21.74,7.0,PASS,1.021,cut_in_window,596001,"Junis, Jakob",SB,2B,high,
9c2e9df1-9e9c-4021-8921-2843ae5a2bc2,HOME,59.70766418755659,3.8,182.0,133.0,L,0.21,8.78,9.0,PASS,0.821,PASS,628452,"Iglesias, Raisel",SB,2B,high,
6dcb4766-b2ca-40b9-a332-0ec3d9299b6b,AWAY,59.71169687818268,8.2,178.0,111.0,R,0.1,24.96,9.0,PASS,1.122,cut_in_window,640455,"Manaea, Sean",CS,2B,high,
169f0908-a2cb-420d-8bcb-c2fe9ea14da8,AWAY,59.77042357521648,8.9,182.0,121.0,L,0.21,20.58,8.0,PASS,1.021,no_release,683627,"Molina, Anthony",SB,2B,high,
e489406c-f469-40a7-8f27-2206a8beba4b,HOME,59.725043595595096,3.8,182.0,126.0,L,0.16,13.14,5.0,PASS,0.938,PASS,570632,"Ureña, José",SB,2B,high,
3470ba0b-e7f2-485a-b186-1e763c591fea,AWAY,59.6794472565007,8.2,179.0,111.0,L,0.11,21.09,6.0,PASS,1.139,cut_in_window,695243,"Miller, Mason",SB,2B,high,
c0a5998f-03c9-4aff-83aa-982512155e4f,HOME,59.800196988884196,3.8,179.0,122.0,L,0.22,24.23,9.0,PASS,0.953,PASS,668964,"Myers, Tobias",SB,2B,high,
c4859e82-90cb-48e8-89cf-51d3fde378f9,HOME,59.65306827735969,3.8,181.0,116.0,R,0.12,14.33,7.0,PASS,1.09,PASS,605177,"Chafin, Andrew",SB,2B,high,
7f9dc278-b995-4a25-b6b6-692cce38cd59,AWAY,,3.8,,,,,,,no_clip,,not_cf_view,680736,"Wrobleski, Justin",SB,2B,not measured,no_clip
0dd9484b-2eb5-45ab-89c9-4fef89f5ab5e,AWAY,59.70068582084144,8.2,176.0,,,0.63,,9.0,cut_in_window,,release_not_at_hand,656945,"Scott, Tanner",SB,2B,not measured,cut_in_window
36886a98-1d50-40ab-9e9b-c6ecefd107bf,HOME,59.64759643641749,3.9,180.0,124.0,R,0.11,8.02,9.0,PASS,0.939,PASS,656271,"Burke, Brock",SB,2B,high,
7b34dda9-2fa6-4577-9038-2d98187ded96,HOME,59.76799734364456,3.8,182.0,138.0,L,0.21,3.01,7.0,PASS,0.736,PASS,680573,"Woods Richardson, Simeon",SB,2B,low,lift_peak_in 3.01 outside 4.28-
51337254-4f55-43e6-be43-0fc994f368c7,HOME,59.66661197412008,3.8,180.0,119.0,L,0.13,19.51,9.0,PASS,1.022,PASS,674370,"Bido, Osvaldo",SB,3B,high,
55f73746-4472-46f5-ac1d-36b720bc238f,HOME,59.691188707738775,3.8,178.0,114.0,L,0.25,18.55,9.0,PASS,1.072,PASS,666215,"Whitley, Forrest",SB,3B,high,
ea0116d0-504b-4cbf-b8cf-4d02952f412a,HOME,59.600629579777056,3.8,179.0,118.0,L,0.25,17.74,9.0,PASS,1.023,PASS,672578,"Hernández, Carlos",SB,3B,high,
129d6940-1b40-404e-9e85-9f12152c9f00,HOME,59.73161407417691,3.8,177.0,123.0,L,0.24,12.82,8.0,PASS,0.904,PASS,668909,"Williams, Gavin",SB,2B,high,
5e51dfeb-0fd4-4aeb-b44a-17eb977cfe64,HOME,59.67573963038508,3.9,179.0,117.0,L,0.15,19.59,9.0,PASS,1.039,PASS,502624,"Anderson, Chase",SB,2B,high,
9774bbf3-b7cc-444c-8bd9-080bf286d83d,HOME,59.75344808038218,3.9,179.0,119.0,L,0.15,19.65,9.0,PASS,1.004,PASS,674370,"Bido, Osvaldo",SB,2B,high,
839c3cfa-29f3-4b98-84aa-8153b6bca73c,AWAY,59.656277618647046,7.300000000000001,198.0,122.0,L,1.21,21.07,8.0,release_not_at_hand,,no_release,502624,"Anderson, Chase",SB,3B,not measured,release_not_at_hand
a0f1d0e3-8b75-4663-a62f-5969e46ec0fd,AWAY,59.665724619354776,7.6,177.0,121.0,L,0.14,14.56,6.0,PASS,0.939,not_cf_view,656427,"Flaherty, Jack",CS,2B,high,
64dd0687-4fab-4768-8429-5f40b171468a,HOME,59.61991192175443,3.8,177.0,119.0,R,0.14,11.59,9.0,PASS,0.973,PASS,663738,"Lynch IV, Daniel",SB,3B,high,
1729bf0d-6cdd-4ec2-8f32-df183339b7e6,HOME,59.76393246675632,3.8,179.0,124.0,L,0.21,2.82,9.0,PASS,0.92,PASS,669467,"Pallante, Andre",SB,2B,low,lift_peak_in 2.82 outside 4.28-
ae074616-e427-4096-ba1b-e1b0eda697e2,HOME,59.66968043571144,3.8,181.0,108.0,R,0.13,28.31,9.0,PASS,1.223,PASS,656756,"Montgomery, Jordan",SB,2B,high,
a99b96bf-33ad-498f-9eee-ed7890dbb92b,HOME,59.74766202896824,3.8,178.0,128.0,R,0.11,2.78,8.0,PASS,0.837,PASS,656756,"Montgomery, Jordan",SB,3B,low,lift_peak_in 2.78 outside 4.28-
34149486-6608-4925-a629-03f46fd63025,HOME,59.65884481293211,3.9,175.0,105.0,L,0.18,13.64,9.0,PASS,1.173,PASS,672391,"Ort, Kaleb",SB,2B,high,
ca6e0e40-f302-4d4d-a2de-cdbaf8c05e85,HOME,59.74269661709676,3.8,177.0,122.0,L,0.25,16.22,9.0,PASS,0.921,PASS,669724,"Hanifee, Brenan",SB,2B,high,
4caa8abb-b06a-48dc-ae5c-8ab7e561a02b,HOME,59.60658073538531,3.9,181.0,113.0,L,0.22,17.65,9.0,PASS,1.141,PASS,680897,"Nastrini, Nick",SB,2B,high,
4f69905e-9c5d-4051-b74b-eeb120244958,HOME,59.719378838567934,3.8,182.0,130.0,L,0.14,9.79,9.0,PASS,0.871,PASS,663903,"Singer, Brady",CS,2B,high,
73b174f0-0318-4cf7-a897-7a45470cbee1,HOME,59.71699864759159,3.8,180.0,125.0,R,0.11,12.4,8.0,PASS,0.921,PASS,663738,"Lynch IV, Daniel",CS,2B,high,
ce064e87-7174-4495-ac28-34574c2cc1b3,AWAY,59.63383630128026,9.7,188.0,110.0,L,0.57,14.17,7.0,cut_in_window,,cut_in_window,543859,"Tonkin, Michael",SB,2B,not measured,cut_in_window
c229fbda-a12f-42cd-b606-64701d25673e,HOME,59.77362654766436,3.8,178.0,117.0,R,0.13,22.64,9.0,PASS,1.021,PASS,571578,"Corbin, Patrick",SB,2B,high,
f1d789f7-22b5-41e4-98e7-666836aa12f5,HOME,59.69670866804223,3.8,173.0,109.0,R,0.15,11.67,9.0,PASS,1.072,PASS,672282,"Detmers, Reid",SB,2B,high,
eb8c0089-6401-44bd-8b8a-18fe2ba60899,HOME,59.613299157095675,3.8,183.0,114.0,L,0.16,18.45,9.0,PASS,1.157,PASS,455119,"Martin, Chris",SB,3B,high,
5b540cf8-7be4-4d82-83d1-6305b2841870,HOME,59.740127671179685,3.8,178.0,127.0,R,0.1,14.04,4.0,PASS,0.854,PASS,685116,"Kitchen, Austin",SB,2B,low,ball_pts 4.0 outside 5-
1fdfb00f-41d3-4aee-b4ea-44d8b0fb986d,HOME,59.71686085927037,5.4,176.0,122.0,L,0.14,7.27,9.0,PASS,0.904,PASS,605280,"Holmes, Clay",SB,2B,high,
1803b585-a0ef-48f1-ba67-08c8498bbbc2,HOME,59.70117003921738,3.8,177.0,108.0,L,0.14,29.03,7.0,PASS,1.156,PASS,668338,"Miller, Tyson",SB,2B,high,
6d82ef41-94e1-44c8-a7e4-f4e63ba723dc,AWAY,59.7257752041701,9.5,196.0,113.0,L,0.88,16.18,6.0,release_not_at_hand,,release_not_at_hand,600917,"Leclerc, José",CS,2B,not measured,release_not_at_hand
d5a00ad9-5fbd-4a70-a2c7-76b477247722,AWAY,59.775295915051046,7.699999999999999,182.0,113.0,R,0.23,17.09,8.0,PASS,1.154,no_set_before_lift,605488,"Springs, Jeffrey",SB,2B,high,
600ef3f1-ab93-4878-8ade-54aeb8d9d6ed,HOME,59.71751746055605,3.8,196.0,130.0,R,0.12,25.02,9.0,PASS,1.105,PASS,669062,"Miller, Erik",SB,2B,high,
50337daa-2b61-445a-9a06-d53d3595bdac,AWAY,59.72641981589884,8.0,,,,,,,no_release,,no_release,605135,"Bassitt, Chris",SB,3B,not measured,no_release
ec5e1e94-be5e-4e18-9944-115fbde52cf9,HOME,59.70798224449567,3.9,196.0,126.0,R,0.17,24.95,9.0,PASS,1.172,PASS,669062,"Miller, Erik",SB,3B,high,
229eac74-01c8-472a-841d-add73e82f77f,HOME,59.65784710733093,4.0,178.0,147.0,L,0.1,2.86,7.0,PASS,0.52,PASS,664875,"Lawrence, Justin",SB,3B,low,lift_peak_in 2.86 outside 4.28-; delivery_s 0.52 outside 0.7-1.31
b91f49c6-acc7-44f8-88e0-6adab32d383d,HOME,59.63296023002332,3.9,174.0,120.0,L,0.24,15.48,9.0,PASS,0.906,PASS,676974,"Meyer, Max",CS,2B,high,
aff946f2-de23-46b0-aea8-31e77ec2d5ce,AWAY,59.67984251152671,9.3,189.0,120.0,L,1.03,15.9,9.0,release_not_at_hand,,release_not_at_hand,701581,"Festa, David",SB,3B,not measured,release_not_at_hand
72a52d3d-68fe-4db4-941d-40a1c991d717,HOME,59.6456983387741,3.8,177.0,106.0,R,0.18,26.56,9.0,PASS,1.19,PASS,676879,"Ashby, Aaron",SB,3B,high,
f7e31daf-6747-4ad6-bbcc-4ddcee72137c,HOME,59.63778138207091,3.8,181.0,122.0,L,0.17,15.25,9.0,PASS,0.989,PASS,701581,"Festa, David",SB,2B,high,
d7ccc6d6-128a-47a3-b3d8-1127d6e15a36,HOME,59.78858169728548,3.8,180.0,120.0,L,0.17,23.57,6.0,PASS,1.004,PASS,665625,"Peguero, Elvis",SB,2B,high,
89a5efa0-d8d5-4dc3-bc46-ed9266d0394a,AWAY,59.699532727206865,11.4,178.0,124.0,L,0.34,4.96,7.0,PASS,0.905,release_not_at_hand,657044,"Thompson, Ryan",SB,2B,low,release_to_wrist 0.34 outside -0.32
e43044e5-6eac-4f7b-928b-c143198a9f7b,AWAY,59.62779346019576,7.0,,,,,,,no_release,,no_release,543859,"Tonkin, Michael",SB,2B,not measured,no_release
237dc5be-075a-47b7-b36d-95ee8a2f60b4,AWAY,59.72141924793925,8.1,176.0,116.0,L,0.19,20.64,8.0,PASS,1.005,cut_in_window,621111,"Buehler, Walker",SB,2B,high,
c6ae2644-f59a-44fb-b370-fe32aa8af4f5,HOME,59.63299400016078,3.8,177.0,125.0,L,0.22,13.34,9.0,PASS,0.872,PASS,694973,"Skenes, Paul",SB,2B,high,
1ba4030c-02cd-4eed-a641-9fd971b51126,AWAY,59.64940441208832,8.2,177.0,123.0,R,0.13,9.95,9.0,PASS,0.905,cut_in_window,663687,"Harris, Hogan",CS,2B,high,
fc79ed7f-cc58-4cbe-91b1-320274b81a00,AWAY,59.661839458206,5.6000000000000005,,,,,,,not_cf_view,,cut_in_window,543243,"Gray, Sonny",SB,2B,not measured,not_cf_view
5c13a45a-3106-4e29-8882-ae4e3940b5a0,AWAY,59.74757564062243,7.6,180.0,,,0.12,,9.0,no_set_before_lift,,cut_in_window,667297,"Nance, Tommy",SB,2B,not measured,no_set_before_lift
e843be7b-e539-4ebb-a3c6-cdb5de21a31a,HOME,59.783347811968326,3.8,174.0,114.0,R,0.13,13.12,9.0,PASS,1.004,PASS,676664,"Sears, JP",SB,2B,high,
e6a2190f-6dd9-4516-bc0d-ea7645b7a35b,HOME,59.74503544085984,3.8,182.0,120.0,L,0.18,35.38,9.0,PASS,1.038,PASS,543243,"Gray, Sonny",SB,3B,high,
015ae037-b928-48f8-b03c-2f8222b01823,HOME,59.73519100511692,3.8,191.0,164.0,L,0.21,2.35,9.0,PASS,0.452,PASS,806185,"Birdsong, Hayden",SB,2B,low,lift_peak_in 2.35 outside 4.28-; delivery_s 0.452 outside 0.7-1.31
21f5032c-d043-4b27-8951-4ac4f08dbf6d,AWAY,59.75883799896503,8.9,,,,,,,no_release,,release_not_at_hand,450203,"Morton, Charlie",CS,2B,not measured,no_release
3c215ba8-4bc7-489e-a922-8cb5bad68bab,AWAY,59.672771867553365,8.5,,,,,,,no_release,,no_release,676760,"Marinaccio, Ron",SB,2B,not measured,no_release
e355284e-8860-47dc-9a8c-2594df293d22,HOME,59.75554549569941,3.7,173.0,116.0,L,0.12,21.3,4.0,PASS,0.954,PASS,669923,"Kirby, George",CS,2B,low,ball_pts 4.0 outside 5-
4b6c71c5-f2c6-42d6-939f-64103c109538,AWAY,59.73505524393384,11.0,186.0,124.0,L,0.48,17.86,6.0,PASS,1.038,cut_in_window,686563,"Cannon, Jonathan",CS,2B,low,release_to_wrist 0.48 outside -0.32
13a8d1d2-a1d9-4fb0-96e6-3b67fe9df710,HOME,59.75606686134327,3.8,175.0,117.0,L,0.18,9.71,9.0,PASS,0.971,PASS,676272,"Miller, Bobby",SB,2B,high,
073776b4-d89f-43ca-b6cf-1b835784894a,HOME,59.757996621417135,3.8,186.0,129.0,L,0.17,11.14,7.0,PASS,0.954,PASS,656731,"Megill, Tylor",CS,2B,high,
9a1a1226-f6ec-45e0-b2fe-636239fef36e,HOME,59.72598992408872,3.8,179.0,125.0,L,0.17,19.15,9.0,PASS,0.904,PASS,607625,"Lugo, Seth",CS,2B,high,
72141a06-423d-4acb-9f77-16c3826c7300,AWAY,59.75183072970263,11.6,256.0,,,0.67,,9.0,not_cf_view,,not_cf_view,686563,"Cannon, Jonathan",SB,2B,not measured,not_cf_view
f7a47397-fb32-49a8-8ebc-60ca2e12e08c,HOME,59.73822353209689,3.7,184.0,122.0,L,0.15,14.73,9.0,PASS,1.038,PASS,607067,"Rea, Colin",SB,2B,high,
ff1f93af-744d-4948-ab20-469303ed8694,HOME,59.69944417758869,3.9,171.0,104.0,L,0.2,17.56,9.0,PASS,1.122,PASS,506433,"Darvish, Yu",SB,2B,high,
b621bd37-2ac1-4fbb-b90d-3dfb357ff030,AWAY,59.67410949284137,8.2,182.0,125.0,R,0.08,14.49,5.0,PASS,0.955,cut_in_window,607481,"Bummer, Aaron",SB,2B,high,
f162c72c-098d-4d85-a024-71008b678594,HOME,59.82773737686317,3.8,182.0,119.0,L,0.21,36.86,8.0,PASS,1.053,PASS,592426,"Jackson, Luke",SB,2B,high,
e1021d99-cf13-4941-bc01-0e589e59d18c,HOME,59.77227151844807,3.9,182.0,142.0,L,0.18,3.02,9.0,PASS,0.669,PASS,683155,"Estes, Joey",SB,2B,low,lift_peak_in 3.02 outside 4.28-; delivery_s 0.669 outside 0.7-1.31
ab48db69-28f3-482b-9323-dd8d9c1f62e7,AWAY,59.78954081632653,7.7,180.0,121.0,L,0.18,9.41,7.0,PASS,0.987,release_not_at_hand,518876,"Kelly, Merrill",SB,2B,high,
4b153bb3-46f9-4f95-ae37-70a8eed797cf,AWAY,59.7527754582415,7.699999999999999,180.0,126.0,L,0.15,16.02,9.0,PASS,0.904,no_set_before_lift,695076,"Lowder, Rhett",SB,2B,high,
30812c47-dd1a-47a5-80fd-032f56aa4ef5,AWAY,59.743026229926265,5.4,189.0,111.0,L,0.68,23.75,8.0,cut_in_window,,not_cf_view,656464,"Ginkel, Kevin",SB,2B,not measured,cut_in_window
c56aa6f7-cc28-4bf8-8901-968f3f391797,HOME,59.67668832149872,3.8,181.0,127.0,R,0.17,5.59,9.0,PASS,0.905,PASS,663559,"Falter, Bailey",SB,2B,high,
faf010a9-d6bf-4009-864b-08be95e534f2,HOME,59.71166080570667,3.8,178.0,125.0,L,0.12,10.56,9.0,PASS,0.888,PASS,686799,"Kochanowicz, Jack",CS,2B,high,
9730de88-beb6-4c30-b8d6-355ba49c14e9,HOME,59.69210759222453,5.4,178.0,116.0,L,0.12,25.76,9.0,PASS,1.039,PASS,625643,"López, Reynaldo",SB,2B,high,
710b39f8-134b-4a18-8fa6-cfe659a8cf6f,AWAY,59.77562891893934,7.699999999999999,180.0,,,0.25,,9.0,no_set_before_lift,,no_set_before_lift,686613,"Brown, Hunter",SB,2B,not measured,no_set_before_lift
2443b5e5-bcf4-4fb5-b444-2fdb1758c69e,HOME,59.65704964300279,3.8,181.0,109.0,R,0.19,20.73,6.0,PASS,1.207,PASS,518397,"Alexander, Scott",SB,2B,high,
98a0fb33-4b5e-4d29-87c5-8cfce361ad64,HOME,59.688863224456426,3.9,194.0,130.0,R,0.5,9.57,7.0,PASS,1.072,PASS,607481,"Bummer, Aaron",SB,2B,low,release_to_wrist 0.5 outside -0.32
5121494e-8194-468b-be79-f40abe914c17,AWAY,59.73183770046447,8.2,179.0,126.0,L,0.16,6.07,8.0,PASS,0.887,cut_in_window,665152,"Kremer, Dean",CS,2B,high,
c080fa44-a096-4fec-b56e-ed7e508fc88a,HOME,59.70197050814154,5.4,182.0,133.0,L,0.26,2.1,9.0,PASS,0.821,PASS,676092,"Snider, Collin",SB,2B,low,lift_peak_in 2.1 outside 4.28-
2d5c6eec-20d5-4751-8fc1-2ccd2b418dea,AWAY,,2.9,,,,,,,no_clip,,no_release,650633,"King, Michael",SB,2B,not measured,no_clip
4d2f7120-f63f-466b-bc8d-a799d8f9ee81,AWAY,59.70277225287712,7.0,,,,,,,no_release,,no_release,622554,"Domínguez, Seranthony",SB,3B,not measured,no_release
afee4ffe-94de-4f89-bedc-dfc0d61e2b6a,HOME,59.72062173103128,3.8,203.0,135.0,L,0.15,20.23,9.0,PASS,1.139,PASS,543339,"Hudson, Daniel",CS,3B,high,
40a252d2-60bf-49e2-8370-e5e8ff838a78,AWAY,59.68137844732155,7.6,184.0,117.0,L,0.67,20.28,7.0,release_not_at_hand,,release_not_at_hand,592332,"Gausman, Kevin",CS,2B,not measured,release_not_at_hand
486cb605-ac74-450c-abe5-dd72a479d404,AWAY,59.76772957656543,9.9,183.0,123.0,L,0.15,13.56,9.0,PASS,1.004,cut_in_window,664776,"Cousins, Jake",SB,2B,high,
592fea75-de56-4e86-91ef-734603d0b7be,AWAY,59.67966989902256,7.9,,,,,,,no_release,,cut_in_window,607200,"Fedde, Erick",SB,2B,not measured,no_release
e61e18e2-fcfa-4560-8748-126bff5ad2a3,HOME,59.70780761228333,3.9,185.0,111.0,R,0.22,23.76,6.0,PASS,1.239,PASS,640455,"Manaea, Sean",SB,2B,high,
2586fd99-6567-4544-abd8-ccbefd329599,HOME,59.75227260645367,3.9,200.0,151.0,L,0.19,4.97,9.0,PASS,0.82,PASS,689017,"Knack, Landon",SB,2B,high,
2aeb00bb-2af3-4ff1-be0b-06bcc324b48c,AWAY,59.63072561898678,7.6,179.0,117.0,L,0.17,6.26,9.0,not_cf_view,,not_cf_view,681676,"Fernandez, Ryan",SB,2B,not measured,not_cf_view
f00838ad-ae0e-49e2-864c-17402749cc5d,AWAY,59.65578458147176,8.6,181.0,109.0,L,0.18,11.64,6.0,cut_in_window,,cut_in_window,678020,"Halvorsen, Seth",SB,2B,not measured,cut_in_window
4d97c03e-0e31-413b-bc64-0a45c0faefac,HOME,59.72927306499658,5.6,179.0,117.0,L,0.15,8.97,7.0,PASS,1.038,PASS,663372,"Feltner, Ryan",SB,2B,high,
d302a09f-6bb4-483f-9e54-f7ae2b8f86e7,AWAY,59.80299274525327,7.699999999999999,182.0,125.0,L,0.27,17.56,9.0,not_cf_view,,not_cf_view,682243,"Miller, Bryce",CS,2B,not measured,not_cf_view
33e17030-7931-4376-bceb-8d19f1edd1f7,HOME,59.68746384340032,3.9,182.0,122.0,L,0.45,17.18,8.0,PASS,1.005,PASS,664747,"Díaz, Alexis",SB,2B,low,release_to_wrist 0.45 outside -0.32
9f845974-59be-4a4d-a971-e70fad03ea2e,HOME,59.76420305340746,5.6,182.0,121.0,L,0.11,14.82,7.0,PASS,1.021,PASS,656234,"Bird, Jake",SB,2B,high,
f3d98429-7322-4758-9983-2bee8aa7c696,AWAY,59.743122302030734,7.699999999999999,180.0,,,0.15,,9.0,no_set_before_lift,,no_set_before_lift,669620,"Basso, Brady",SB,2B,not measured,no_set_before_lift
003a090e-a927-4cea-a1df-1df748a4f1e0,AWAY,59.644689244019375,7.699999999999999,175.0,107.0,L,0.17,22.04,9.0,PASS,1.14,cut_in_window,670280,"Bednar, David",SB,3B,high,
541e3f9f-ce8c-425f-906e-32df6818539d,AWAY,59.62637345023522,7.6,180.0,,,0.21,,8.0,no_set_before_lift,,release_not_at_hand,683004,"Leiter, Jack",SB,2B,not measured,no_set_before_lift
0d2f73b6-9041-42cc-90cc-bf84a660f03d,AWAY,59.7032592652874,7.199999999999999,186.0,119.0,R,0.67,14.09,5.0,release_not_at_hand,,no_release,605177,"Chafin, Andrew",SB,2B,not measured,release_not_at_hand
fb877b8c-b461-4d3e-a97e-946a82f04258,AWAY,59.69815913925662,7.6,169.0,,,0.15,,9.0,no_set_before_lift,,no_set_before_lift,676105,"Criswell, Jeff",SB,2B,not measured,no_set_before_lift
a05d583d-d369-4147-9690-d3e846e22954,HOME,59.654908564026115,3.8,180.0,122.0,R,0.1,12.4,5.0,PASS,0.972,PASS,676428,"Hurter, Brant",SB,2B,high,
7edf1480-74f4-4d74-afdb-8f0706ec3c16,HOME,59.65923324267973,3.8,182.0,122.0,L,0.14,14.39,9.0,PASS,1.006,PASS,663432,"Rainey, Tanner",CS,2B,high,
8769a9f3-9b7d-4d4c-aa14-3b022cdffa9c,HOME,59.69588376846961,3.9,178.0,114.0,L,0.16,15.49,9.0,PASS,1.072,PASS,670280,"Bednar, David",SB,2B,high,
00ad517c-d448-40b1-b293-33421fbe22ef,HOME,59.69855912736921,3.8,174.0,116.0,L,0.14,24.27,9.0,PASS,0.972,PASS,656629,"Kopech, Michael",SB,2B,high,
18bd8fa2-c85b-48c8-9e13-4a1aac1d380c,HOME,59.68863107530896,3.8,178.0,117.0,R,0.19,22.17,8.0,PASS,1.022,PASS,681870,"Sabrowski, Erik",SB,2B,high,
6bd71151-a725-4ff6-a3ba-1bc33b9cedf5,HOME,59.77924995812565,3.8,177.0,112.0,R,0.12,25.16,9.0,PASS,1.087,PASS,676979,"Crochet, Garrett",SB,3B,high,
b12a838e-fbf4-438e-93b8-ba856b888330,HOME,59.66503018486763,3.8,178.0,112.0,R,0.15,7.22,9.0,PASS,1.106,PASS,676979,"Crochet, Garrett",SB,2B,high,
874c422f-3a43-4b4f-9fe3-eb13b09f6e17,AWAY,59.7019375179348,9.4,,,,,,,no_release,,cut_in_window,657376,"Schmidt, Clarke",CS,2B,not measured,no_release
6acc9d6f-aa30-4d54-8225-38d9e34c928f,AWAY,59.758967294912374,9.4,179.0,115.0,R,0.23,16.68,9.0,PASS,1.071,cut_in_window,592767,"Smyly, Drew",SB,3B,high,
22b7ce66-8490-4319-b624-148dbb511850,AWAY,59.728724143888286,7.3,178.0,,,0.17,,9.0,no_set_before_lift,,no_release,493603,"Ottavino, Adam",SB,3B,not measured,no_set_before_lift
50ef50cc-33a3-484b-bb3e-7f65ecd71c8d,AWAY,59.69070608845202,11.3,175.0,,,0.14,,7.0,cut_in_window,,cut_in_window,621383,"Banks, Tanner",SB,2B,not measured,cut_in_window
638ec1bc-d7d0-4b2b-98c8-7a074fdc8c1b,AWAY,59.69614126294088,7.5,176.0,105.0,R,0.12,19.23,8.0,PASS,1.189,cut_in_window,621383,"Banks, Tanner",SB,3B,high,
a1714ab7-056c-4cc0-b2fa-db6092e18e3f,HOME,59.73096913899928,3.8,178.0,115.0,L,0.15,37.0,9.0,PASS,1.055,PASS,681402,"Varland, Gus",SB,3B,high,
304e4fd6-c49c-4a13-9e12-188b29bd34f1,HOME,59.71560194924507,3.8,178.0,119.0,L,0.15,12.87,9.0,PASS,0.988,PASS,671305,"Otañez, Michel",SB,2B,high,
73e40896-9ef3-440b-ba65-749b92e1315f,AWAY,59.68090344157659,9.6,179.0,108.0,L,0.43,27.96,8.0,PASS,1.19,cut_in_window,605400,"Nola, Aaron",SB,2B,low,release_to_wrist 0.43 outside -0.32
2dacfe5f-71cc-47d9-b632-f3f5fe5758ba,AWAY,59.664186387971895,5.8,,,,,,,no_release,,no_release,670036,"Festa, Matt",SB,2B,not measured,no_release
dabf058a-28a3-4fbe-ac88-ec2dc5dbde46,AWAY,59.6968961167406,7.8,178.0,121.0,L,0.19,20.52,8.0,PASS,0.955,cut_in_window,572143,"Smith, Burch",SB,2B,high,
8cf23a39-1192-4b13-951e-8fadb629d4c7,AWAY,59.624373833248775,7.6,174.0,108.0,L,0.12,17.5,9.0,PASS,1.107,cut_in_window,518489,"Brasier, Ryan",SB,2B,high,
ef0d74cb-9373-4000-977f-53dcb9514afb,AWAY,59.7361000579676,9.2,183.0,,,0.2,,7.0,no_set_before_lift,,no_set_before_lift,656605,"Keller, Mitch",SB,2B,not measured,no_set_before_lift
9470026c-8093-4cef-8b23-61a385c57039,AWAY,59.69369042750969,9.9,180.0,116.0,L,0.7,6.15,7.0,cut_in_window,,cut_in_window,657376,"Schmidt, Clarke",CS,2B,not measured,cut_in_window
5f36064d-a3ca-49e6-aade-fb7b777c1c38,AWAY,,3.8,,,,,,,no_clip,,release_not_at_hand,669203,"Burnes, Corbin",CS,2B,not measured,no_clip
eb4968f8-6673-4f9d-8e3d-2fa6b2c1b7e2,AWAY,,3.9,,,,,,,no_clip,,not_cf_view,663321,"Hernandez, Nick",CS,2B,not measured,no_clip
221df289-4a43-41b2-9c75-4411e082806d,HOME,59.6172400385928,3.9,179.0,122.0,L,0.21,19.33,8.0,PASS,0.956,PASS,687924,"Aguiar, Julian",SB,2B,high,
ebb13d00-78a3-4358-830a-a083c547f850,AWAY,59.62231346097449,8.3,179.0,130.0,L,0.15,10.5,9.0,PASS,0.822,cut_in_window,622663,"Severino, Luis",CS,2B,high,
299eab47-3a20-4305-a144-33d75142bc9e,AWAY,59.72072417712081,9.4,199.0,128.0,L,1.02,23.06,7.0,release_not_at_hand,,release_not_at_hand,680744,"Madden, Ty",SB,2B,not measured,release_not_at_hand
8c336321-ff57-4f3a-94aa-3cbc0be8cf2f,AWAY,59.668405268637315,7.9,,,,,,,no_release,,cut_in_window,687863,"Hodge, Porter",SB,2B,not measured,no_release
e741c67d-e0c2-498c-9725-5c04032663d7,AWAY,,4.0,,,,,,,no_clip,,no_release,641793,"Littell, Zack",SB,2B,not measured,no_clip
94b8560e-6f74-455a-abc3-c9498107612f,AWAY,,2.4,,,,,,,no_clip,,no_release,669203,"Burnes, Corbin",SB,2B,not measured,no_clip
7ec95702-590a-4eef-858d-5bb0d2869d66,AWAY,59.726364765868965,7.800000000000001,152.0,,,0.08,,9.0,no_set_before_lift,,no_release,623167,"Flexen, Chris",CS,2B,not measured,no_set_before_lift
f4167e22-1327-488b-984d-a6c0d6beef96,HOME,59.67813346238198,5.5,180.0,115.0,L,0.19,16.33,6.0,PASS,1.089,PASS,686751,"Johnson, Seth",SB,2B,high,
ba1a20e4-8905-4daf-9f47-0735cc123b20,HOME,59.72904525066365,3.9,178.0,106.0,L,0.25,27.81,9.0,PASS,1.205,PASS,641941,"Pagán, Emilio",SB,3B,high,
f692e020-a36c-4f33-9411-f3d992fa3e3b,AWAY,,4.0,,,,,,,no_clip,,cut_in_window,663321,"Hernandez, Nick",SB,2B,not measured,no_clip
801e4167-e87a-4e98-ba36-9b89a410701f,HOME,59.73625473091729,3.8,179.0,116.0,L,0.18,20.98,9.0,PASS,1.055,PASS,622491,"Castillo, Luis",SB,2B,high,
6f743374-ab02-4d20-acf4-2993b5441630,HOME,59.69401449405028,3.8,181.0,126.0,L,0.37,21.32,9.0,PASS,0.921,PASS,680744,"Madden, Ty",SB,2B,low,release_to_wrist 0.37 outside -0.32
6012605e-53b8-4585-9bf6-024cab3c43e2,AWAY,59.794538589867415,7.699999999999999,179.0,119.0,L,0.22,19.34,4.0,PASS,1.003,release_not_at_hand,605397,"Musgrove, Joe",SB,2B,low,ball_pts 4.0 outside 5-
e14748aa-4e2a-4abd-a344-c608c099312e,HOME,59.73230522174076,3.9,179.0,119.0,L,0.25,18.75,5.0,PASS,1.004,PASS,669203,"Burnes, Corbin",SB,3B,high,
055ea81f-5d95-4ebc-a772-5d445cdc16cc,AWAY,59.74746537305795,7.6,185.0,122.0,L,0.97,11.64,8.0,release_not_at_hand,,release_not_at_hand,663903,"Singer, Brady",SB,3B,not measured,release_not_at_hand
bd72e323-e8f2-4e1d-a90b-019e1a79c8a5,AWAY,59.8102441307263,7.699999999999999,176.0,117.0,R,0.16,19.53,9.0,PASS,0.986,no_set_before_lift,607074,"Rodón, Carlos",SB,2B,high,
e3ee7785-1e7b-4f3e-911e-e09378e5ed1f,AWAY,59.698006563043755,6.199999999999999,183.0,134.0,L,0.17,15.71,9.0,PASS,0.821,no_release,641582,"Foster, Matt",SB,2B,high,
77ebafa0-d4b5-4c47-8b99-7b90a121cae9,AWAY,59.65094055060118,12.0,181.0,113.0,L,0.21,21.95,9.0,not_cf_view,,not_cf_view,680897,"Nastrini, Nick",SB,3B,not measured,not_cf_view
3e8d8fef-7fe5-4072-ad87-30090e726246,AWAY,59.63431143505058,7.5,,,,,,,no_release,,no_release,667297,"Nance, Tommy",SB,3B,not measured,no_release
e86effb4-bdd6-47f4-9af0-b18dde87c155,AWAY,59.73893144164812,7.699999999999999,179.0,110.0,L,0.12,23.41,5.0,PASS,1.155,no_set_before_lift,518886,"Kimbrel, Craig",SB,2B,high,
82fe8cdc-8ad2-48b8-9385-30f2f052a324,AWAY,59.61627157428836,7.6,186.0,,,0.61,,8.0,cut_in_window,,no_set_before_lift,450203,"Morton, Charlie",SB,2B,not measured,cut_in_window
fa05a58b-11df-4e48-b7a0-dc1c31d575fb,HOME,59.70175744136593,3.8,190.0,131.0,L,0.16,15.88,9.0,PASS,0.988,PASS,672578,"Hernández, Carlos",SB,2B,high,
c7ddb53e-105e-48ac-993a-b13a83f690bf,HOME,59.74953477845395,3.8,181.0,113.0,R,0.13,25.35,9.0,PASS,1.138,PASS,694363,"Shuster, Jared",SB,2B,high,
7814c26f-a1f8-4962-ae5c-148bb166b756,HOME,59.71009179117181,4.0,185.0,119.0,R,0.1,13.74,7.0,PASS,1.105,PASS,607481,"Bummer, Aaron",CS,3B,high,
520f8c8f-4a0f-4a12-98ea-4977c2368ddd,AWAY,59.736675463673,9.9,,,,,,,no_release,,cut_in_window,543294,"Hendricks, Kyle",SB,2B,not measured,no_release
059a6189-1614-49e1-9276-7584ad6ad902,AWAY,59.683255792095494,8.7,185.0,113.0,L,0.18,23.25,8.0,not_cf_view,,not_cf_view,680897,"Nastrini, Nick",SB,2B,not measured,not_cf_view
8ef7e94f-5608-4c24-b77a-8f448b3c0ff3,AWAY,59.70840707865093,7.6,179.0,113.0,R,0.08,17.25,9.0,PASS,1.105,no_set_before_lift,598286,"Ramirez, Nick",SB,3B,high,
664f06d7-8595-4735-9adb-adf89216cb64,AWAY,59.62326538508891,7.8,178.0,123.0,L,0.2,8.67,9.0,PASS,0.922,cut_in_window,621114,"Burr, Ryan",SB,2B,high,
fb625c64-000b-456c-899c-70418113f8cb,HOME,59.77961705925512,4.1,185.0,125.0,L,0.3,16.0,9.0,PASS,1.004,PASS,608032,"Estévez, Carlos",SB,2B,high,
5cc53953-8313-499e-b9cc-f27b23e26997,HOME,59.69162721367769,3.7,182.0,126.0,R,0.15,5.12,9.0,PASS,0.938,PASS,641835,"Mayza, Tim",SB,2B,high,
afed550f-f96f-4e65-9e68-7745ca859820,HOME,59.720279860893974,3.8,184.0,134.0,R,0.14,3.04,8.0,PASS,0.837,PASS,641835,"Mayza, Tim",SB,3B,low,lift_peak_in 3.04 outside 4.28-
f91cc4f5-d2ab-40ba-8175-b47b94ef9b36,AWAY,59.61056146125813,7.2,173.0,99.0,L,0.18,20.12,6.0,PASS,1.241,no_release,506433,"Darvish, Yu",SB,3B,high,
46705690-6866-43f6-a477-99688065209c,HOME,59.73838706354928,3.7,176.0,118.0,L,0.15,25.67,9.0,PASS,0.971,PASS,656464,"Ginkel, Kevin",SB,2B,high,
8468b3e1-897e-445b-8c11-4418248057f8,AWAY,59.73856982315017,7.6,171.0,114.0,L,0.18,12.39,9.0,PASS,0.954,cut_in_window,668678,"Gallen, Zac",SB,2B,high,
4b6749cf-fa47-4ebb-9f31-447b4d43e9e8,HOME,59.64420990388424,3.8,183.0,120.0,L,0.16,3.93,9.0,PASS,1.056,PASS,669467,"Pallante, Andre",SB,3B,low,lift_peak_in 3.93 outside 4.28-
f33c636d-7834-4fb1-b89a-d5d8c8198402,AWAY,59.69847212384904,11.4,164.0,,,0.62,,6.0,release_not_at_hand,,cut_in_window,669467,"Pallante, Andre",CS,2B,not measured,release_not_at_hand
2fdfee50-3f1f-4e0e-8764-948ffe69ccb2,HOME,59.72606652190166,3.9,181.0,125.0,L,0.15,2.73,9.0,PASS,0.938,PASS,669467,"Pallante, Andre",SB,2B,low,lift_peak_in 2.73 outside 4.28-
540b31da-4abe-4cd2-b9ab-980a8bc9af3b,HOME,59.71565086560479,3.8,181.0,115.0,L,0.15,16.86,8.0,PASS,1.105,PASS,681293,"Arrighetti, Spencer",SB,2B,high,
5c53068b-1238-425c-b682-6c5f47752f09,HOME,59.69604762418022,3.9,181.0,120.0,L,0.13,4.12,9.0,PASS,1.022,PASS,677161,"Kelly, Zack",SB,2B,low,lift_peak_in 4.12 outside 4.28-
b1a1045c-9b33-4635-9fe5-69ec048f4ead,AWAY,59.57867185391513,7.8,179.0,117.0,L,0.12,24.77,9.0,PASS,1.041,no_release,686563,"Cannon, Jonathan",SB,3B,high,
fe430198-cf0d-4a3d-9540-f119e4983f39,AWAY,59.67971199548444,8.1,180.0,128.0,L,0.25,12.2,9.0,PASS,0.871,cut_in_window,695076,"Lowder, Rhett",CS,2B,high,
869fbca0-35c7-4818-8846-f2825f085da1,HOME,59.76203397500324,3.8,172.0,118.0,L,0.17,18.49,9.0,PASS,0.904,PASS,670036,"Festa, Matt",SB,2B,high,
f2557665-fdf9-4282-a3cf-156ad8b5145b,AWAY,59.75972892494096,6.9,,,,,,,no_release,,no_release,686563,"Cannon, Jonathan",CS,2B,not measured,no_release
427305c8-59a8-4df6-a2d8-db16cb3d3f25,HOME,59.76935160470492,3.8,179.0,119.0,L,0.11,18.83,6.0,PASS,1.004,PASS,670124,"Oller, Adam",CS,2B,high,
1354f682-0305-4362-a19f-63efd9263ce6,HOME,59.774617518647815,4.0,182.0,118.0,L,0.23,3.04,9.0,PASS,1.071,PASS,669467,"Pallante, Andre",SB,3B,low,lift_peak_in 3.04 outside 4.28-
53955fab-fd29-4cdf-80e6-f356113a72d5,HOME,59.735707144440774,3.8,180.0,115.0,L,0.14,29.32,9.0,PASS,1.088,PASS,677944,"Cecconi, Slade",SB,3B,high,
2a867877-e0cc-45a9-ae9e-dd0cd5c59c27,HOME,59.64429525366834,3.8,174.0,120.0,L,0.2,12.01,9.0,PASS,0.905,PASS,622259,"Wingenter, Trey",SB,2B,high,
bbd54b6a-1610-4f40-996f-a4106625c495,HOME,59.65123620293031,3.8,178.0,125.0,L,0.25,19.73,9.0,PASS,0.888,PASS,663436,"Martin, Davis",CS,2B,high,
4faf950b-ecb4-4a18-8c78-cb8ee59243f5,AWAY,59.6702886567282,6.9,,,,,,,no_release,,no_release,458681,"Lynn, Lance",SB,3B,not measured,no_release
fb8ab7ca-e796-40c7-bff9-3a25ea3e3e0e,HOME,59.676459976792486,3.8,180.0,122.0,L,0.12,14.71,9.0,PASS,0.972,PASS,605463,"Scott, Tayler",SB,2B,high,
36a91021-bcc4-47a7-a669-7813aa192730,AWAY,59.65594787877912,5.0,,,,,,,not_cf_view,,release_not_at_hand,686613,"Brown, Hunter",SB,3B,not measured,not_cf_view
6caed059-ed7a-48c7-a594-fa91a8d8ac9d,AWAY,59.65212505108296,7.6,190.0,112.0,R,0.83,18.27,8.0,release_not_at_hand,,cut_in_window,696136,"Wicks, Jordan",SB,2B,not measured,release_not_at_hand
2777dbc3-6f05-46b0-9ae9-da19579b6f9a,HOME,59.75410368443547,5.4,184.0,130.0,R,0.14,4.32,9.0,PASS,0.904,PASS,663947,"Holton, Tyler",SB,2B,high,
b6443f2f-97b3-4368-9360-e4083e5c8bbf,AWAY,59.71976234748095,8.1,177.0,120.0,L,0.13,16.41,9.0,PASS,0.954,cut_in_window,458681,"Lynn, Lance",SB,2B,high,
30060eb3-6758-415a-89e1-b61a3d7eb9c7,AWAY,59.76969519717617,9.8,,,,,,,no_release,,cut_in_window,571656,"Farmer, Buck",SB,2B,not measured,no_release
fd8427fa-45cb-448d-ac30-cbc7de9edc47,HOME,59.691333951029755,5.3,176.0,113.0,L,0.16,25.66,9.0,PASS,1.055,PASS,656629,"Kopech, Michael",CS,3B,high,
bd18a9d1-610c-4e8b-ad3e-d3be575409f7,AWAY,59.7125525608327,5.0,177.0,122.0,L,0.12,11.31,9.0,PASS,0.921,not_cf_view,608032,"Estévez, Carlos",CS,2B,high,
40c10558-9056-4276-bfd0-330249f03ddd,HOME,59.70116141055364,5.6,182.0,130.0,L,0.16,2.63,6.0,PASS,0.871,PASS,678226,"Hernández, Daysbel",SB,2B,low,lift_peak_in 2.63 outside 4.28-
aceb0850-c4d2-40da-8170-218f3e6a8a6b,HOME,59.681176870926365,3.8,181.0,123.0,R,0.15,10.16,9.0,PASS,0.972,PASS,663559,"Falter, Bailey",SB,2B,high,
2c698b7b-7001-4d4d-a160-6ebd5d39a336,HOME,59.719364376739925,3.8,180.0,126.0,L,0.2,12.42,7.0,PASS,0.904,PASS,664776,"Cousins, Jake",SB,3B,high,
df873023-102d-40e4-a73b-5cd304905a8b,HOME,59.649480262626334,3.8,184.0,112.0,R,0.11,24.93,9.0,PASS,1.207,PASS,664285,"Valdez, Framber",SB,2B,high,
df15442d-5831-475f-9232-c5203e7545a9,AWAY,59.68680246761692,7.699999999999999,176.0,117.0,L,0.27,20.61,9.0,PASS,0.988,cut_in_window,682243,"Miller, Bryce",CS,2B,high,
a347fe66-21b4-4ca6-9290-414ac2213090,HOME,59.70298837080281,3.9,180.0,115.0,R,0.1,20.38,9.0,PASS,1.089,PASS,641482,"Cortes, Nestor",SB,2B,high,
cd93f40c-623d-4add-b116-a8bcff92e999,AWAY,59.66729632563524,7.699999999999999,177.0,116.0,L,0.16,20.14,8.0,PASS,1.022,cut_in_window,682243,"Miller, Bryce",CS,2B,high,
16fd98bd-5427-407b-a642-e82f380fe42c,HOME,59.80745281400777,3.9,180.0,131.0,L,0.14,6.22,9.0,PASS,0.819,PASS,670766,"McCaughan, Darren",SB,2B,high,
b6250c10-211e-498e-8bf2-c6467df7b6fa,HOME,59.77105067355728,3.8,174.0,110.0,L,0.16,16.5,9.0,PASS,1.071,PASS,689958,"Walters, Andrew",SB,2B,high,
65902cab-cbe3-436a-aecc-a679203b989b,HOME,59.715151861808614,3.9,175.0,108.0,L,0.1,24.31,9.0,PASS,1.122,PASS,670036,"Festa, Matt",SB,3B,high,
7b26cd6b-4de8-4a37-8d1e-ca9c7e888fce,HOME,59.73918219368338,4.3,182.0,123.0,L,0.13,14.72,9.0,PASS,0.988,PASS,670766,"McCaughan, Darren",SB,3B,high,
67d0d73c-c8bc-47ec-be53-fc8b16e83602,AWAY,59.69857874788276,11.5,186.0,112.0,L,0.89,23.36,7.0,release_not_at_hand,,release_not_at_hand,670036,"Festa, Matt",SB,2B,not measured,release_not_at_hand
f830fd82-773b-437f-bdc6-3072a6466970,HOME,59.66721998762966,4.1,174.0,108.0,L,0.19,21.51,9.0,PASS,1.106,PASS,663878,"Pearson, Nate",CS,2B,high,
d92f139e-5abf-4730-9e82-a0f570a5a484,AWAY,59.7537209384068,8.4,178.0,,,0.1,,9.0,no_set_before_lift,,cut_in_window,642397,"Soto, Gregory",CS,2B,not measured,no_set_before_lift
7c15c67b-b8d1-435d-ab00-02469aa7bc4b,HOME,59.669661493783465,9.5,182.0,129.0,L,0.16,18.11,9.0,PASS,0.888,PASS,621107,"Eflin, Zach",CS,2B,high,
80fddbb0-667f-40c2-9abc-f3e1c6f945ad,HOME,59.76017555776164,4.0,185.0,130.0,L,0.26,17.69,9.0,PASS,0.92,PASS,665795,"Cabrera, Edward",SB,2B,high,
7aae3795-43b1-45cf-a67e-dd4f3e139a40,AWAY,59.76438751488493,8.899999999999999,175.0,116.0,L,0.27,13.68,9.0,PASS,0.987,cut_in_window,594798,"deGrom, Jacob",SB,2B,high,
fb91c8f2-e12c-4b0e-8e1a-41fb2c49a8d7,HOME,59.6987296665664,4.1,182.0,128.0,L,0.23,17.47,9.0,PASS,0.905,PASS,665795,"Cabrera, Edward",CS,2B,high,
c37bbc34-b955-4695-a6f5-7a8c4e88ead6,HOME,59.700801795652026,3.9,180.0,122.0,L,0.16,17.37,7.0,PASS,0.972,PASS,657376,"Schmidt, Clarke",CS,2B,high,
be69613f-a04f-40a7-8165-b361491cff7b,HOME,59.6865398386488,4.1,181.0,124.0,L,0.17,10.36,9.0,PASS,0.955,PASS,607200,"Fedde, Erick",SB,2B,high,
7c24c378-8af0-489b-b6fb-a404c0537bde,AWAY,,4.9,,,,,,,no_clip,,cut_in_window,680885,"Schwellenbach, Spencer",SB,2B,not measured,no_clip
7f8a869b-83be-4180-bbd6-5329de0b3e9c,HOME,59.79688578219244,4.6,191.0,134.0,R,0.12,12.81,9.0,PASS,0.953,PASS,593958,"Rodriguez, Eduardo",CS,3B,high,
a4414455-4e94-4a5f-9d02-34ca212d4c5e,AWAY,59.75669160148554,8.9,181.0,101.0,L,0.2,26.29,8.0,cut_in_window,,release_not_at_hand,665795,"Cabrera, Edward",SB,3B,not measured,cut_in_window
481febfd-be2b-4019-90bd-b42e82dc4472,AWAY,59.754262864269435,8.600000000000001,182.0,119.0,L,0.22,21.28,7.0,PASS,1.054,no_set_before_lift,665795,"Cabrera, Edward",SB,2B,high,
5d8b48b6-60c7-452c-a934-12a721600260,AWAY,59.755838405496014,8.5,198.0,114.0,R,0.91,24.18,9.0,release_not_at_hand,,release_not_at_hand,579328,"Kikuchi, Yusei",SB,2B,not measured,release_not_at_hand
0a4c8f1d-a185-406e-9a63-0d7d2ac4b86a,HOME,59.66580882928688,6.1,181.0,131.0,L,0.29,16.42,7.0,PASS,0.838,PASS,669711,"Weissert, Greg",CS,2B,high,
ccc35608-221d-4a62-842d-05d8b7adc2bd,AWAY,59.646513491748514,8.2,178.0,,,0.23,,9.0,no_set_before_lift,,no_set_before_lift,594798,"deGrom, Jacob",SB,2B,not measured,no_set_before_lift
8d609474-15ec-4fb6-a854-09af64a038e5,HOME,59.63394656515539,6.1,176.0,113.0,L,0.24,24.05,9.0,PASS,1.056,PASS,665871,"Assad, Javier",SB,2B,high,
b571cb8d-eb62-446e-b98b-7153b38aa065,HOME,59.73847821758081,4.1,180.0,115.0,R,0.12,24.26,9.0,PASS,1.088,PASS,500779,"Quintana, Jose",CS,2B,high,
a62eeacb-5733-4f00-83ac-913c82a420b7,AWAY,59.60273158404442,8.7,,,,,,,no_release,,no_release,678368,"Bellozo, Valente",SB,2B,not measured,no_release
2b56457d-761f-41b6-a080-faaaa78b9f77,HOME,59.658620118212454,4.1,173.0,114.0,L,0.14,18.78,9.0,PASS,0.989,PASS,605397,"Musgrove, Joe",SB,2B,high,
69eabdf0-0add-4fe0-875f-89d7d721cc6a,AWAY,59.688881441218605,10.5,185.0,,,0.15,,9.0,cut_in_window,,release_not_at_hand,677955,"Hill, Jaden",SB,2B,not measured,cut_in_window
4c9c8360-6677-4551-a8e5-173053a4ee94,AWAY,59.708822560112694,9.5,150.0,125.0,L,0.1,2.39,6.0,implausible_delivery,,implausible_delivery,669372,"Ginn, J.T.",CS,2B,not measured,implausible_delivery
f1962417-1065-4459-bf05-71133c37a7ea,AWAY,59.61755222426882,7.9,174.0,,,0.13,,9.0,no_set_before_lift,,no_set_before_lift,542881,"Anderson, Tyler",SB,2B,not measured,no_set_before_lift
cbde122c-cd98-47de-91bb-f7142efcaaad,HOME,59.70332748081925,4.0,182.0,116.0,R,0.11,14.4,7.0,PASS,1.105,PASS,607536,"Freeland, Kyle",SB,2B,high,
07dfe1be-2e57-41c3-89aa-d2cabec9293c,AWAY,59.70874892698972,7.8,181.0,118.0,L,0.14,26.18,8.0,PASS,1.055,no_set_before_lift,656605,"Keller, Mitch",SB,3B,high,
9f10bdd4-78d4-4659-b63f-2a65de952fa5,HOME,59.64873522589197,3.9,178.0,104.0,L,0.13,25.29,9.0,PASS,1.241,PASS,670280,"Bednar, David",SB,3B,high,
64a5878d-3581-4242-99a5-9b4c253f5b41,HOME,59.66874098956512,4.0,183.0,123.0,L,0.14,12.73,9.0,PASS,1.006,PASS,670280,"Bednar, David",SB,2B,high,
23bc1dde-f54a-49a6-a086-c5cca4e3d327,HOME,59.701940876304334,3.8,176.0,122.0,R,0.16,11.97,9.0,PASS,0.904,PASS,542881,"Anderson, Tyler",SB,2B,high,
fae0d158-39d0-4fb5-98f5-e6a92bf99995,HOME,59.70838316605292,3.9,184.0,132.0,L,0.13,9.2,9.0,PASS,0.871,PASS,623167,"Flexen, Chris",SB,2B,high,
2f6bae52-d602-40ae-ad78-d9db101a71b3,HOME,59.68782488739204,5.6,180.0,120.0,L,0.16,13.36,7.0,PASS,1.005,PASS,677955,"Hill, Jaden",SB,2B,high,
1eb428b4-8c05-4724-9b67-5d0fe82ed40c,AWAY,59.77100974082736,7.9,175.0,95.0,R,0.16,19.42,9.0,cut_in_window,,cut_in_window,641302,"Alexander, Tyler",SB,3B,not measured,cut_in_window
c0ca2c06-9c4e-4dc2-b606-698731ddbde7,AWAY,59.7248453605238,7.699999999999999,179.0,122.0,L,0.16,21.07,7.0,PASS,0.954,release_not_at_hand,689225,"Brieske, Beau",SB,2B,high,
b03347c6-91b6-45f9-88af-5ad942560be3,HOME,59.764306988004265,3.9,179.0,121.0,R,0.16,21.05,9.0,PASS,0.97,PASS,676282,"Cantillo, Joey",SB,2B,high,
22646c01-1313-44b8-80fc-7fd02f29c694,HOME,59.70616039633518,3.9,178.0,119.0,L,0.07,21.35,9.0,PASS,0.988,PASS,694297,"Pfaadt, Brandon",SB,2B,high,
9d66fe96-8cf7-447d-a113-d3941fd295d1,HOME,59.761619390065256,3.9,186.0,126.0,R,0.09,21.44,9.0,PASS,1.004,PASS,571578,"Corbin, Patrick",SB,2B,high,
d3cc3a86-bcd4-4171-99c8-e77d05a57986,HOME,59.72876336887867,3.9,182.0,121.0,R,0.15,22.85,8.0,PASS,1.021,PASS,571578,"Corbin, Patrick",CS,2B,high,
7da7a607-97aa-47d3-be25-7a48a4949a60,HOME,59.75833990018387,3.8,183.0,122.0,L,0.33,13.89,8.0,PASS,1.021,PASS,543037,"Cole, Gerrit",SB,2B,low,release_to_wrist 0.33 outside -0.32
5b51908a-f2d8-40aa-a3f4-f85f644ac8b1,AWAY,59.65350199902693,9.8,,,,,,,no_release,,cut_in_window,669302,"Gilbert, Logan",SB,2B,not measured,no_release
58f354ea-6155-45f4-af5d-52b823714254,HOME,59.6978209636432,3.8,181.0,123.0,R,0.14,5.23,8.0,PASS,0.972,PASS,641835,"Mayza, Tim",CS,3B,high,
00f24f83-e216-4aca-b912-79319c828532,HOME,59.71109681141411,3.9,179.0,111.0,L,0.23,19.38,9.0,PASS,1.139,PASS,600917,"Leclerc, José",SB,3B,high,
35061687-871e-445f-8aa0-678372201c83,AWAY,59.672208785075185,6.3,,,,,,,no_release,,no_set_before_lift,680744,"Madden, Ty",SB,2B,not measured,no_release
b5501700-6694-4507-bae6-0c8275177025,HOME,59.63491589080184,3.8,175.0,99.0,L,0.11,23.68,7.0,PASS,1.274,PASS,683004,"Leiter, Jack",SB,3B,high,
627e2e99-f9a7-44af-a815-78d05aba818d,AWAY,59.633794290515965,11.4,192.0,,,1.04,,5.0,release_not_at_hand,,release_not_at_hand,676105,"Criswell, Jeff",SB,2B,not measured,release_not_at_hand
6ce74142-a3ca-4dec-923e-7075ce7f7a06,HOME,59.68177172653678,3.8,177.0,136.0,L,0.38,3.98,9.0,PASS,0.687,PASS,657044,"Thompson, Ryan",SB,2B,low,release_to_wrist 0.38 outside -0.32; lift_peak_in 3.98 outside 4.28-; delivery_s 0.687 outside 0.7-1.31
1312e54c-bda3-4e5f-9cf0-ff7dcb67ea80,HOME,59.62781332207463,3.9,178.0,115.0,R,0.09,20.88,9.0,PASS,1.057,PASS,650911,"Sánchez, Cristopher",CS,2B,high,
55b10a3d-4f5d-44e3-a562-ef2efa690145,HOME,59.67795410353139,4.1,198.0,138.0,L,0.13,17.22,9.0,PASS,1.005,PASS,657097,"Webb, Jacob",SB,2B,high,
070a1b4e-39b9-4eac-b6cf-ad31222bf8ba,AWAY,59.74101165134113,7.699999999999999,180.0,110.0,L,0.19,36.22,9.0,PASS,1.172,cut_in_window,621242,"Díaz, Edwin",SB,2B,high,
8c5f6881-39e1-4ba6-aa49-aa128a47c044,HOME,59.62391071701575,3.9,180.0,130.0,L,0.19,12.59,9.0,PASS,0.839,PASS,594902,"Lively, Ben",SB,2B,high,
f5908ff4-a105-45c4-adfc-fe60692b192a,HOME,59.67895131174524,4.0,176.0,116.0,L,0.29,13.09,9.0,PASS,1.005,PASS,669622,"Bender, Anthony",CS,2B,high,
46b2f417-93ae-4d60-baf3-9b02fea0eca5,HOME,59.63780256550642,3.9,178.0,124.0,R,0.14,7.12,9.0,PASS,0.905,PASS,669022,"Gore, MacKenzie",SB,2B,high,
86435540-e548-45f6-abef-2d9dd5130bd5,HOME,59.688318194559585,3.9,193.0,124.0,L,0.11,17.08,5.0,PASS,1.156,PASS,676254,"Walker, Ryan",SB,2B,high,
37e8f45d-5ca4-4ea5-824e-6cd632c1ee00,HOME,59.74691208042731,4.0,175.0,108.0,L,0.23,21.86,9.0,PASS,1.121,PASS,672710,"Contreras, Roansy",SB,2B,high,
eaaf3f04-f5ef-44ab-bdcf-b1c9d8ed087a,AWAY,,2.5,,,,,,,no_clip,,no_release,701581,"Festa, David",SB,2B,not measured,no_clip
6ac7c76c-59bd-4078-91db-f83d71205b00,AWAY,59.65227090860593,7.8,178.0,116.0,R,0.11,18.38,6.0,PASS,1.039,not_cf_view,607074,"Rodón, Carlos",SB,3B,high,
fdf19c75-4e13-4e2a-a844-3dc51ecf155c,AWAY,59.68993827286247,8.2,,,,,,,no_release,,no_release,607074,"Rodón, Carlos",SB,2B,not measured,no_release
f6e4c7a2-3e12-4874-9585-634ac25cf595,AWAY,59.67677079699512,8.7,178.0,120.0,L,0.19,20.39,9.0,PASS,0.972,cut_in_window,656730,"Megill, Trevor",SB,2B,high,
b14e2f77-af07-4080-afa4-fe3584630b4b,HOME,59.71917522790752,4.1,180.0,123.0,R,0.17,5.71,8.0,PASS,0.954,PASS,669022,"Gore, MacKenzie",CS,2B,high,
2e0d6838-29a8-4e12-9476-6d63fd80befe,AWAY,59.681552643404544,8.1,177.0,117.0,R,0.13,27.36,8.0,not_cf_view,,not_cf_view,690544,"Horn, Bailey",SB,3B,not measured,not_cf_view
dce24ba2-7498-4233-8e0c-425fff169256,AWAY,59.66671875665923,8.3,181.0,125.0,L,0.14,16.11,9.0,PASS,0.939,no_set_before_lift,670124,"Oller, Adam",CS,2B,high,
72e13548-486e-4e4d-a050-9bc8a8a1a8c7,AWAY,59.79376744243866,8.1,178.0,,,0.16,,9.0,no_set_before_lift,,no_set_before_lift,668678,"Gallen, Zac",SB,2B,not measured,no_set_before_lift
cd196683-62a9-40ca-9295-399af6971927,HOME,59.685844726592265,4.1,178.0,121.0,L,0.16,4.36,9.0,PASS,0.955,PASS,657044,"Thompson, Ryan",SB,3B,high,
636ad309-6c42-490c-a82c-61b33c0e94e8,AWAY,,4.6,,,,,,,no_clip,,cut_in_window,663485,"Sands, Cole",SB,2B,not measured,no_clip
0aad6328-e8f7-4e06-aded-c4af4e736b11,HOME,59.73837470835557,4.1,182.0,131.0,L,0.14,13.13,9.0,PASS,0.854,PASS,689147,"Kerkering, Orion",SB,2B,high,
fda4134c-9d9b-4468-8fb6-8b5194386c85,HOME,59.660467109648266,4.2,205.0,137.0,L,0.39,15.0,6.0,PASS,1.14,PASS,656234,"Bird, Jake",SB,2B,low,release_to_wrist 0.39 outside -0.32
939021e3-0159-43df-adbe-ebdf76294f39,AWAY,,4.2,,,,,,,no_clip,,no_release,663485,"Sands, Cole",CS,2B,not measured,no_clip
14b320de-36ea-48e3-9371-61f379d62077,HOME,59.697779988806666,5.8,177.0,113.0,L,0.1,17.03,8.0,PASS,1.072,PASS,684320,"Rodríguez, Yariel",SB,2B,high,
a164bfe2-ccef-4f26-8ccd-b64862673da2,AWAY,59.74408980640251,7.9,184.0,125.0,L,0.78,14.78,9.0,release_not_at_hand,,release_not_at_hand,669724,"Hanifee, Brenan",SB,2B,not measured,release_not_at_hand
0f0a1d5b-a1ea-4398-9506-6a2c861b2301,HOME,59.682262999838954,3.9,179.0,108.0,L,0.14,35.64,8.0,PASS,1.19,PASS,621242,"Díaz, Edwin",SB,2B,high,
983bc14b-c828-48f9-b975-4cc9786a0f64,AWAY,59.799108065531,6.9,,,,,,,no_release,,no_set_before_lift,808967,"Yamamoto, Yoshinobu",SB,2B,not measured,no_release
38833bb8-31e3-4966-8f63-7a0502322794,HOME,59.66156580811503,3.8,178.0,110.0,R,0.18,30.22,7.0,PASS,1.14,PASS,608331,"Fried, Max",SB,3B,high,
58578dfc-9b86-4d1f-843c-516f5b60252b,AWAY,59.67333934370268,9.4,151.0,125.0,L,0.11,3.7,7.0,implausible_delivery,,not_cf_view,622608,"Senzatela, Antonio",CS,2B,not measured,implausible_delivery
33661662-6651-441e-8e53-88b02929a377,AWAY,59.72268584677228,4.8,,,,,,,no_release,,no_release,663704,"McArthur, James",SB,2B,not measured,no_release
11a65180-d176-4765-b246-e940ef029dcc,AWAY,59.63882846881481,8.4,177.0,104.0,L,0.1,4.58,9.0,cut_in_window,,cut_in_window,681293,"Arrighetti, Spencer",CS,2B,not measured,cut_in_window
2b59e7cf-dca4-4ba9-8869-778dce862860,HOME,59.67763487977491,3.9,172.0,113.0,L,0.13,14.86,9.0,PASS,0.989,PASS,605463,"Scott, Tayler",CS,2B,high,
796ff088-f014-4119-8768-769ea911e3f6,HOME,59.66487879921833,3.9,180.0,112.0,R,0.11,23.43,8.0,PASS,1.14,PASS,640455,"Manaea, Sean",CS,2B,high,
4d84662b-3cb6-4d18-920f-8c0dbaf569c5,HOME,59.65003929492365,3.9,175.0,117.0,L,0.15,9.18,8.0,PASS,0.972,PASS,518876,"Kelly, Merrill",SB,2B,high,
04781c35-e410-4e6a-be1b-51a94afc8163,HOME,59.764394162287616,4.1,179.0,134.0,L,0.27,5.61,7.0,PASS,0.753,PASS,657044,"Thompson, Ryan",SB,2B,high,
a75d3069-c32f-4378-ac08-e4ec8e40ce2e,AWAY,59.72752573773397,8.4,178.0,119.0,L,0.2,14.95,9.0,PASS,0.988,cut_in_window,681293,"Arrighetti, Spencer",SB,2B,high,
a091ed8d-f195-4bd5-be02-1295b7659bc4,AWAY,59.79223528924716,11.5,192.0,109.0,L,0.96,24.38,6.0,release_not_at_hand,,release_not_at_hand,686563,"Cannon, Jonathan",SB,2B,not measured,release_not_at_hand
f0c426e7-52b1-420b-9831-215a46b434a7,HOME,59.683863210090955,3.9,177.0,110.0,R,0.14,35.22,9.0,PASS,1.123,PASS,656457,"Gilbert, Tyler",SB,2B,high,
ceaf5757-ceaf-4825-b681-329ef646c846,HOME,59.636969712752936,3.9,176.0,107.0,L,0.12,19.23,9.0,PASS,1.157,PASS,506433,"Darvish, Yu",SB,2B,high,
e45042cf-6b5a-49f8-ba38-65dceba9053a,HOME,59.62709823641901,3.9,180.0,120.0,R,0.23,15.38,9.0,PASS,1.006,PASS,621383,"Banks, Tanner",SB,2B,high,
71358b2f-bb8d-4b9d-893e-63b59251b2cb,HOME,59.63916590856185,3.8,180.0,124.0,R,0.22,13.56,9.0,PASS,0.939,PASS,621383,"Banks, Tanner",SB,3B,high,
1663d223-aae3-465a-8a49-e52fae8339b6,AWAY,59.67258389336201,9.4,170.0,115.0,L,0.19,16.15,9.0,PASS,0.922,cut_in_window,683409,"Chivilli, Angel",SB,2B,high,
25295a9c-d35c-46fa-aa5f-5ad6f3a5dff9,AWAY,59.693414092836456,8.2,179.0,124.0,L,0.31,14.56,9.0,PASS,0.921,cut_in_window,518886,"Kimbrel, Craig",SB,2B,high,
ae4176ea-0826-496f-a861-a459cc2e262d,HOME,59.7629770816361,4.0,177.0,110.0,L,0.11,13.12,9.0,PASS,1.121,PASS,544150,"Suárez, Albert",SB,2B,high,
893edef4-3859-429e-bb37-d7238dacbbdf,HOME,59.65312810693376,3.9,179.0,119.0,L,0.23,20.51,9.0,PASS,1.006,PASS,674285,"Salazar, Eduardo",SB,3B,high,
b6f5b0de-c045-4b36-b70d-3cbbb40496d9,HOME,59.64130455721725,3.9,200.0,135.0,R,0.12,22.49,9.0,PASS,1.09,PASS,666142,"Ragans, Cole",CS,2B,high,
f70bda24-4330-4529-b913-a651350c6252,HOME,59.6382090143542,3.8,176.0,114.0,L,0.19,19.62,9.0,PASS,1.04,PASS,656288,"Canning, Griffin",CS,2B,high,
d7d6b978-a292-40eb-bb6e-8506cb398e4f,HOME,59.70937693026003,3.9,176.0,101.0,R,0.12,24.17,9.0,PASS,1.256,PASS,671109,"Eder, Jake",SB,2B,high,
fceb497b-80a4-4166-ae69-a4e7ccb27ffc,HOME,59.75293379412398,3.9,180.0,122.0,L,0.17,11.53,8.0,PASS,0.971,PASS,605135,"Bassitt, Chris",SB,2B,high,
195fae51-f74f-4361-a32e-1bf059f09298,HOME,59.75078540774506,4.0,180.0,119.0,L,0.22,17.53,9.0,PASS,1.021,PASS,554430,"Wheeler, Zack",SB,2B,high,
1fa5ed0f-a2d5-46e1-bf7d-91712d3c8309,AWAY,59.67890080227937,7.4,174.0,114.0,L,0.16,15.36,9.0,PASS,1.005,no_release,543518,"McGough, Scott",SB,3B,high,
ea345223-c720-4761-b12c-b7c2a56b76af,AWAY,59.70570259978374,10.0,180.0,,,0.17,,9.0,cut_in_window,,no_set_before_lift,593423,"Montas, Frankie",SB,2B,not measured,cut_in_window
27060636-8737-4205-8a7f-9716f51b823f,AWAY,59.659651555249695,7.9,179.0,,,0.22,,9.0,not_cf_view,,not_cf_view,681911,"Vesia, Alex",SB,2B,not measured,not_cf_view
917761e3-76e1-435c-b810-5e4a1bc3adf9,HOME,59.735186688311686,4.0,177.0,106.0,R,0.17,21.59,9.0,PASS,1.189,PASS,605483,"Snell, Blake",SB,2B,high,
d3766295-99cd-4a29-b0e2-18f22d9f782b,HOME,59.702310041216506,3.9,196.0,131.0,R,0.15,18.39,9.0,PASS,1.089,PASS,663559,"Falter, Bailey",SB,2B,high,
a17485e4-fb99-4cb9-8a4d-8a7ffeab7842,HOME,59.611759311153,3.9,156.0,115.0,L,0.05,6.85,7.0,PASS,0.688,PASS,663372,"Feltner, Ryan",SB,2B,low,delivery_s 0.688 outside 0.7-1.31
f446927f-fa96-42ea-89a5-f1aa8f147f15,HOME,59.68266110655081,3.9,177.0,121.0,L,0.2,14.13,9.0,PASS,0.938,PASS,660600,"Paredes, Enoli",SB,2B,high,
f23a816a-d8bd-4107-8b09-4832921a3667,HOME,59.84801753441917,3.9,179.0,115.0,L,0.19,18.01,9.0,PASS,1.069,PASS,669212,"Morgan, Eli",SB,2B,high,
4daf53b1-37ce-43ee-b6e6-15f408f85252,AWAY,59.630374498076506,7.9,180.0,118.0,L,0.22,24.97,9.0,PASS,1.04,no_set_before_lift,572955,"Johnson, Pierce",SB,3B,high,
a40b3d47-34e6-473f-9b81-144f5c5cc843,AWAY,59.53867450372034,9.9,,,,,,,no_release,,release_not_at_hand,663559,"Falter, Bailey",SB,3B,not measured,no_release
3f96d03c-4bbf-448d-b5ed-4458c905b299,HOME,59.69530981274018,3.9,179.0,126.0,L,0.2,13.59,9.0,PASS,0.888,PASS,593423,"Montas, Frankie",CS,2B,high,
7669380d-58a5-4992-8a05-7986b6df5737,HOME,59.575907797088874,4.0,198.0,127.0,R,0.13,31.93,7.0,PASS,1.192,PASS,663559,"Falter, Bailey",SB,3B,high,
f130f5cc-6c84-4213-a4c2-466c7e69d208,AWAY,59.640813986664966,8.2,176.0,122.0,L,0.18,16.25,9.0,PASS,0.905,cut_in_window,686613,"Brown, Hunter",SB,2B,high,
2dbfb7bd-ae77-48eb-8cae-ee60845330fc,HOME,59.760572159284415,3.9,199.0,141.0,L,0.23,16.76,9.0,PASS,0.971,PASS,663554,"Mize, Casey",SB,2B,high,
49e3ed6b-1d46-4e8e-af2b-a50ba30fea5b,HOME,59.73661076769189,3.9,180.0,116.0,L,0.2,25.25,8.0,PASS,1.071,PASS,656876,"Rasmussen, Drew",SB,2B,high,
a3f04af3-d578-40e8-a8c8-74bef6f847bf,AWAY,59.75944408535618,5.0,175.0,112.0,L,0.17,19.56,9.0,not_cf_view,,not_cf_view,682243,"Miller, Bryce",SB,2B,not measured,not_cf_view
e0976a79-ae44-408b-9dc5-1f404e43b0d3,HOME,59.7649246297895,3.9,181.0,125.0,L,0.18,11.24,8.0,PASS,0.937,PASS,624522,"Thompson, Keegan",SB,2B,high,
45f0be4c-ca66-4030-add9-f59306cb0526,HOME,59.73539307938113,3.9,178.0,116.0,L,0.18,16.77,9.0,PASS,1.038,PASS,656876,"Rasmussen, Drew",SB,3B,high,
e578808e-9575-4773-bf7e-d07b46bfeb2e,AWAY,59.719214919326674,9.0,,,,,,,no_release,,no_set_before_lift,656848,"Petersen, Michael",SB,2B,not measured,no_release
dafc545a-9341-4310-be08-9be4fcab43d2,AWAY,59.76620333225346,7.8,186.0,126.0,L,0.64,6.57,9.0,release_not_at_hand,,release_not_at_hand,605400,"Nola, Aaron",SB,2B,not measured,release_not_at_hand
9b4ecc54-1557-49c9-b445-574a50fd2b02,HOME,59.71318862158138,3.9,183.0,133.0,R,0.14,9.2,9.0,PASS,0.837,PASS,687792,"Herz, DJ",SB,2B,high,
f077a29c-1325-4453-b779-a2ca85b35f3c,HOME,59.67530513462647,3.9,180.0,100.0,L,0.15,10.26,9.0,PASS,1.341,PASS,445276,"Jansen, Kenley",SB,3B,low,delivery_s 1.341 outside 0.7-1.31
60c02eff-acce-4614-8c0e-1fbe408f1166,HOME,59.77923754117624,3.9,181.0,121.0,L,0.21,8.68,9.0,PASS,1.004,PASS,445276,"Jansen, Kenley",SB,2B,high,
fd054f3d-e841-4653-976e-39bc1de525be,HOME,59.731690658144,5.5,182.0,125.0,L,0.19,16.69,9.0,PASS,0.954,PASS,685801,"Bigge, Hunter",CS,2B,high,
4271ac32-5da8-4d2c-91cb-592825e97b6d,HOME,59.66022772745462,3.9,180.0,116.0,R,0.12,20.15,9.0,PASS,1.073,PASS,500779,"Quintana, Jose",SB,3B,high,
47c41c9c-385d-4924-a00b-b8d5c9b4c1d0,HOME,59.748738747650606,6.1,264.0,214.0,L,0.16,21.06,5.0,PASS,0.837,PASS,682243,"Miller, Bryce",SB,2B,high,
0ac86e30-7710-4e97-b52d-dbf9acf5a423,AWAY,59.66448890871407,9.8,,,,,,,no_release,,cut_in_window,605121,"Anderson, Justin",SB,2B,not measured,no_release
8356179e-fd50-4977-aa95-15037058486c,HOME,59.75186157218415,3.9,173.0,128.0,R,0.14,2.55,9.0,PASS,0.753,PASS,677960,"Weathers, Ryan",SB,2B,low,lift_peak_in 2.55 outside 4.28-
3ccfff5d-1408-4feb-be69-13fc02bedc3e,AWAY,59.71716376283755,8.0,181.0,,,0.73,,3.0,release_not_at_hand,,release_not_at_hand,676105,"Criswell, Jeff",SB,2B,not measured,release_not_at_hand
12202930-57e0-4a7e-baab-b4827c2199e6,AWAY,59.77752203210871,7.3,174.0,127.0,L,0.21,3.55,9.0,PASS,0.786,no_release,689017,"Knack, Landon",SB,2B,low,lift_peak_in 3.55 outside 4.28-
d597b72b-5caa-4924-ad7a-602662059c20,HOME,59.75209721498972,3.9,184.0,126.0,L,0.19,12.85,9.0,PASS,0.971,PASS,641927,"Ober, Bailey",SB,2B,high,
89a70fd9-cff1-4403-b2d0-10492f2702d4,HOME,59.704430967554174,5.6,178.0,120.0,L,0.31,8.79,5.0,PASS,0.971,PASS,595014,"Treinen, Blake",SB,2B,high,
220298f9-3caa-4d01-ae11-0c9c1cf7274b,AWAY,59.77279909162485,7.699999999999999,184.0,125.0,L,0.76,9.04,8.0,release_not_at_hand,,release_not_at_hand,595014,"Treinen, Blake",SB,2B,not measured,release_not_at_hand
f2489963-35a1-4749-b0a8-fe8247119904,HOME,59.66807028036343,5.5,181.0,116.0,L,0.29,13.59,6.0,PASS,1.089,PASS,607200,"Fedde, Erick",SB,2B,high,
f498156d-5d12-40ee-b702-84ba74ecd6a8,AWAY,59.678860445811814,11.4,180.0,127.0,L,0.39,2.86,9.0,PASS,0.888,cut_in_window,681799,"Roberts, Ethan",CS,2B,low,release_to_wrist 0.39 outside -0.32; lift_peak_in 2.86 outside 4.28-
58cde102-e265-44e0-a92e-82e5775adf79,HOME,59.7408050693795,4.0,174.0,113.0,R,0.13,23.98,9.0,PASS,1.021,PASS,685107,"Veneziano, Anthony",SB,2B,high,
fff7df17-e161-49f0-ad8a-9d56991a93b8,HOME,59.75495447241564,3.9,183.0,112.0,R,0.12,21.62,9.0,PASS,1.188,PASS,579328,"Kikuchi, Yusei",SB,3B,high,
bfebfdd0-a4a1-4c14-8289-5b1cff2abf2e,AWAY,59.61962524438762,7.1,,,,,,,no_release,,no_release,657376,"Schmidt, Clarke",SB,2B,not measured,no_release
1baf02f6-e106-4815-8faa-b14af9ebacdb,AWAY,59.62950202740307,10.0,182.0,132.0,L,0.23,2.18,8.0,PASS,0.839,cut_in_window,665871,"Assad, Javier",CS,2B,low,lift_peak_in 2.18 outside 4.28-
eb133923-d6aa-40f9-b949-ac5b602e6b30,AWAY,59.64300325129729,11.7,157.0,115.0,L,0.3,5.47,7.0,cut_in_window,,not_cf_view,665795,"Cabrera, Edward",SB,3B,not measured,cut_in_window
b047f788-981f-4f75-93cb-1b249dc1f55b,HOME,59.66612203601984,3.8,179.0,112.0,R,0.14,17.27,9.0,PASS,1.123,PASS,605177,"Chafin, Andrew",CS,2B,high,
488e67b6-5fe8-4959-a74d-19a5d85f501e,AWAY,,3.9,,,,,,,no_clip,,release_not_at_hand,660600,"Paredes, Enoli",SB,2B,not measured,no_clip
dfa408d2-fc24-457c-85bf-58d72349cab0,HOME,59.62657655771661,5.6,179.0,118.0,L,0.33,15.74,7.0,PASS,1.023,PASS,657277,"Webb, Logan",SB,2B,low,release_to_wrist 0.33 outside -0.32
ce67a617-30d1-4146-a717-51253447081d,AWAY,59.717119230657374,3.5999999999999996,,,,,,,no_release,,not_cf_view,669302,"Gilbert, Logan",SB,2B,not measured,no_release
388eeaf8-db7f-49c7-adbe-b67bf55bfd7e,AWAY,59.726993147851736,8.4,188.0,,,0.9,,4.0,cut_in_window,,release_not_at_hand,678394,"Bello, Brayan",SB,2B,not measured,cut_in_window
1c954513-be58-4efc-aedc-cf077beba3bf,HOME,59.68311592489026,3.9,179.0,126.0,L,0.08,10.02,9.0,PASS,0.888,PASS,682847,"Ortiz, Luis",SB,2B,high,
dde606ec-7df3-4187-94a4-20baea22f84f,AWAY,59.75008237151273,7.4,178.0,123.0,L,0.21,17.18,9.0,PASS,0.921,no_release,656427,"Flaherty, Jack",SB,2B,high,
aae2fb4a-6717-4e3e-aaec-888d5138cee4,HOME,59.67306532933465,3.9,178.0,118.0,L,0.19,18.93,7.0,PASS,1.005,PASS,665871,"Assad, Javier",SB,2B,high,
9aa3ded5-2cd0-4563-9e0d-156babcb9ffb,AWAY,59.7274059904145,7.699999999999999,175.0,111.0,L,0.2,24.12,9.0,PASS,1.072,cut_in_window,665871,"Assad, Javier",SB,2B,high,
8b9cc56f-5096-4c06-b4c5-37762f8c21e1,AWAY,59.777392851290934,7.1,,,,,,,no_release,,no_release,686580,"Slaten, Justin",SB,2B,not measured,no_release
4ef42cb0-4c02-4385-87c7-18a9864bb02e,AWAY,59.597777343701296,7.699999999999999,180.0,,,0.3,,9.0,not_cf_view,,not_cf_view,665871,"Assad, Javier",SB,3B,not measured,not_cf_view
3357ba7f-803c-4aff-a101-4bffa1c90000,HOME,59.770818518151785,3.9,181.0,140.0,L,0.17,2.45,8.0,PASS,0.686,PASS,656605,"Keller, Mitch",SB,2B,low,lift_peak_in 2.45 outside 4.28-; delivery_s 0.686 outside 0.7-1.31
f20bd7ec-2d67-4a71-a104-d3def2e55b99,HOME,59.68443869406684,3.9,175.0,115.0,L,0.29,14.06,6.0,PASS,1.005,PASS,543037,"Cole, Gerrit",SB,2B,high,
c45d437e-90b0-4f7a-855b-24dd153305b3,HOME,59.671655210345094,3.8,178.0,112.0,L,0.26,17.58,9.0,PASS,1.106,PASS,672710,"Contreras, Roansy",SB,2B,high,
d0c1a8f4-004c-43f9-8c80-bd7eca762d2d,HOME,59.714270426454064,3.9,183.0,123.0,R,0.16,24.94,9.0,PASS,1.005,PASS,656849,"Peterson, David",SB,3B,high,
b613e281-8b5b-474f-a6bf-f6fd340062bd,HOME,59.66382960523502,3.9,184.0,121.0,L,0.4,8.74,9.0,PASS,1.056,PASS,493603,"Ottavino, Adam",SB,2B,low,release_to_wrist 0.4 outside -0.32
48a3dac1-fda9-4ac8-8926-31e9ff0454cb,HOME,59.7295921431856,3.9,180.0,113.0,L,0.13,19.56,5.0,PASS,1.122,PASS,670955,"Uceta, Edwin",SB,2B,high,
2e6ef7fc-07bb-4140-98a3-fdab15878f06,HOME,59.68486673565787,3.9,178.0,114.0,L,0.15,16.58,9.0,PASS,1.072,PASS,455119,"Martin, Chris",SB,2B,high,
c8bcbd6f-32ea-4716-b63e-9d3171c96015,AWAY,59.76236622566782,8.5,178.0,119.0,R,0.1,21.39,9.0,PASS,0.987,cut_in_window,686747,"La Sorsa, Joe",SB,2B,high,
c25760ca-bf4d-4a24-a752-e72cd7eb1931,HOME,59.73540829237642,4.0,180.0,126.0,L,0.14,10.07,8.0,PASS,0.904,PASS,594798,"deGrom, Jacob",SB,2B,high,
01807949-c38a-426b-8ab6-ada32ced42f9,AWAY,59.67005519480106,7.5,,,,,,,no_release,,release_not_at_hand,686539,"Cronin, Declan",CS,2B,not measured,no_release
8cfe76e8-e643-4ca5-abf8-0a9f9d3ee553,HOME,59.72878198612066,3.8,201.0,133.0,L,0.12,16.13,9.0,PASS,1.138,PASS,677955,"Hill, Jaden",SB,2B,high,
30620c17-93ca-44b6-87c4-8e127fcf4f92,HOME,59.74384758251235,3.9,189.0,119.0,L,0.52,16.73,7.0,PASS,1.172,PASS,543859,"Tonkin, Michael",SB,2B,low,release_to_wrist 0.52 outside -0.32
cbbd615b-6621-420d-8cac-76f6e0c2d47a,HOME,59.75704045394384,3.9,176.0,112.0,L,0.17,17.93,9.0,PASS,1.071,PASS,701581,"Festa, David",SB,2B,high,
cb7d8ea0-4830-4181-9f67-648f4589ec2d,AWAY,59.74612082551176,7.0,,,,,,,no_release,,no_release,450203,"Morton, Charlie",SB,2B,not measured,no_release
b1f2540d-ea96-44ba-b5c6-a455a8ed8679,AWAY,59.63594787376408,9.5,180.0,116.0,R,0.15,17.25,9.0,PASS,1.073,release_not_at_hand,571927,"Matz, Steven",SB,3B,high,
4f9fb1fe-89e1-4ebb-bbfc-18a320c78f1b,AWAY,,4.1,,,,,,,no_clip,,no_release,672456,"Montero, Keider",SB,2B,not measured,no_clip
8c2582de-7365-4bd0-bdb1-ee370a93ac86,HOME,59.73127228240038,3.9,181.0,136.0,L,0.5,5.93,9.0,PASS,0.753,PASS,678692,"Henriquez, Ronny",SB,2B,low,release_to_wrist 0.5 outside -0.32
07dec56c-015b-48b7-bc21-73a58a6765bd,HOME,59.67431480922527,3.9,178.0,120.0,L,0.12,28.62,9.0,PASS,0.972,PASS,608371,"Sims, Lucas",CS,2B,high,
42e35d54-eac4-4730-9fcb-6898b9101111,AWAY,59.782130897291424,13.1,180.0,102.0,L,0.21,24.35,9.0,PASS,1.305,no_set_before_lift,668678,"Gallen, Zac",SB,3B,high,
44bd8d81-31cb-4866-8757-5e575849d544,AWAY,59.74757105239263,5.9,,,,,,,no_release,,no_release,656605,"Keller, Mitch",SB,2B,not measured,no_release
82958b99-b77c-41ff-8f84-acaf249f9dae,AWAY,,4.0,,,,,,,no_clip,,cut_in_window,493603,"Ottavino, Adam",SB,3B,not measured,no_clip
5496f016-4d5c-4060-b566-e5068a93453c,HOME,59.715945771465464,3.9,181.0,129.0,L,0.15,14.63,6.0,PASS,0.871,PASS,434378,"Verlander, Justin",SB,2B,high,
462cabf3-a037-4796-9faf-03172bfdc3eb,AWAY,59.7670811793834,5.9,,,,,,,no_release,,no_release,678020,"Halvorsen, Seth",SB,2B,not measured,no_release
6911ed73-ad95-4825-adb5-81b761242f9a,AWAY,59.7535103693931,7.6,188.0,115.0,L,0.48,41.0,9.0,PASS,1.222,no_set_before_lift,670871,"Zuñiga, Guillo",SB,2B,low,release_to_wrist 0.48 outside -0.32
c204a3eb-6cd8-41b6-b919-d3e058d506f2,AWAY,59.699054393709325,8.3,176.0,110.0,R,0.15,18.94,9.0,PASS,1.106,cut_in_window,605177,"Chafin, Andrew",SB,2B,high,
1055511d-d093-4c53-a053-943fae5d88b5,HOME,59.64913214638392,3.9,178.0,119.0,L,0.12,16.85,8.0,PASS,0.989,PASS,700187,"Taylor, Troy",SB,2B,high,
4c556d40-6f81-4721-93b6-7828f89b0734,AWAY,59.74119416978273,9.5,257.0,,,,,9.0,cut_in_window,,no_release,684320,"Rodríguez, Yariel",CS,2B,not measured,cut_in_window
407da939-d4b2-4b36-9dca-8aa0a116ad85,HOME,59.66025057305241,3.9,176.0,106.0,R,0.09,23.92,9.0,PASS,1.173,PASS,676664,"Sears, JP",SB,3B,high,
5f56ac1a-c4c4-4705-8ace-eb296ca09776,HOME,59.6996753672716,3.9,175.0,119.0,L,0.16,21.17,9.0,PASS,0.938,PASS,615698,"Quantrill, Cal",SB,2B,high,
4231d6cc-20c1-450d-92f4-dcdf2b49311f,AWAY,59.771072040060595,8.399999999999999,174.0,115.0,R,0.14,23.31,7.0,PASS,0.987,cut_in_window,681911,"Vesia, Alex",SB,2B,high,
547ac8dd-e26e-4640-adb5-379564621f91,AWAY,59.750037068746984,6.7,,,,,,,not_cf_view,,no_set_before_lift,679156,"Pennington, Walter",SB,3B,not measured,not_cf_view
6b1b05ff-c9a1-48b0-a3be-d123d0980a04,AWAY,59.67964082886013,7.5,,,,,,,no_release,,no_release,656730,"Megill, Trevor",SB,2B,not measured,no_release
d4b0fd9d-4f0a-4dfb-b9b5-5c0a1bd6d405,HOME,59.69195755682215,3.8,172.0,111.0,R,0.14,16.6,9.0,PASS,1.022,PASS,676664,"Sears, JP",SB,2B,high,
bf96c51f-4e65-4035-97d0-1ca2b3b0d992,AWAY,59.707850883469845,10.1,181.0,132.0,L,0.46,2.16,6.0,PASS,0.821,cut_in_window,543294,"Hendricks, Kyle",CS,2B,low,release_to_wrist 0.46 outside -0.32; lift_peak_in 2.16 outside 4.28-
cfd4b130-2c4a-411e-9c08-1c91108feeba,AWAY,59.73787261248302,4.9,177.0,118.0,R,0.11,20.85,9.0,PASS,0.988,not_cf_view,607074,"Rodón, Carlos",SB,2B,high,
cd605027-042d-41f3-be8c-ada268cf15db,AWAY,59.65239322331268,7.6,,,,,,,no_release,,no_release,684320,"Rodríguez, Yariel",SB,2B,not measured,no_release
eb08a2a7-83cd-42df-a5f4-788e9f172a8e,HOME,59.81265323313876,5.5,176.0,117.0,L,0.14,9.17,9.0,PASS,0.986,PASS,605452,"Ross, Joe",SB,2B,high,
6896dfd2-d50f-4eb9-b284-d3f9c67c327e,HOME,59.70502872712195,3.9,180.0,113.0,L,0.19,36.26,9.0,PASS,1.122,PASS,656730,"Megill, Trevor",SB,3B,high,
2a9efaf6-d9c5-4cd9-a842-1073a8de6193,HOME,59.58829902491874,5.6,146.0,119.0,L,0.12,5.52,9.0,PASS,0.453,PASS,593423,"Montas, Frankie",SB,2B,low,delivery_s 0.453 outside 0.7-1.31
c24feef0-d3e6-41ce-a331-fc1bbbb08298,AWAY,59.68743605357817,9.7,,,,,,,no_release,,cut_in_window,663623,"Irvin, Jake",SB,2B,not measured,no_release
7ff83418-f760-4d1f-8817-a2d853ce4fe7,AWAY,59.72334284359638,7.5,,,,,,,no_release,,no_release,680732,"Burke, Sean",SB,2B,not measured,no_release
edff8aee-653e-4ddc-ba2e-27868c98c26f,HOME,59.65980548335709,3.8,180.0,106.0,L,0.22,34.08,8.0,PASS,1.24,PASS,621242,"Díaz, Edwin",SB,3B,high,
ba2ed048-d4aa-40de-815f-08d78badf96c,HOME,59.68654413556019,3.8,180.0,112.0,L,0.18,19.6,9.0,PASS,1.139,PASS,641154,"López, Pablo",SB,2B,high,
5d90dcaa-9cc7-43e9-8684-3d3788300773,HOME,59.744708617103704,3.9,175.0,120.0,L,0.1,17.24,8.0,PASS,0.921,PASS,670036,"Festa, Matt",SB,2B,high,
db11a120-d9a4-4792-8608-678b683167e2,AWAY,59.672089703702554,7.3,,,,,,,no_release,,cut_in_window,677955,"Hill, Jaden",SB,2B,not measured,no_release
e8b0b44b-35a8-4e85-89b8-31013a3daf40,AWAY,59.696855373826594,7.9,194.0,129.0,L,0.86,11.21,9.0,release_not_at_hand,,release_not_at_hand,683155,"Estes, Joey",SB,2B,not measured,release_not_at_hand
dcdf2c74-0f2c-4063-98d6-b485efa07f84,AWAY,59.64954832741538,11.8,251.0,,,0.78,,8.0,release_not_at_hand,,release_not_at_hand,657044,"Thompson, Ryan",SB,2B,not measured,release_not_at_hand
8ccacd72-8cf5-44a9-ae06-054b4d94997a,AWAY,,4.4,,,,,,,no_clip,,cut_in_window,621242,"Díaz, Edwin",SB,2B,not measured,no_clip
020c3760-6c27-4bce-a0c6-dfaa94c7f339,AWAY,59.71324373397971,9.7,179.0,133.0,L,0.12,5.61,5.0,PASS,0.77,cut_in_window,657044,"Thompson, Ryan",SB,3B,high,
3b1c01e0-c34f-418f-b3e8-e876014c09ea,AWAY,,4.0,,,,,,,no_clip,,no_release,621242,"Díaz, Edwin",SB,3B,not measured,no_clip
55d95a60-4393-46ee-ad56-f622698d9a40,AWAY,59.75432219758889,7.1,,,,,,,no_release,,no_release,670059,"Holderman, Colin",CS,2B,not measured,no_release
f7b103db-4a65-49cb-adf4-b96e94949f1f,AWAY,59.67447535875276,7.699999999999999,177.0,108.0,L,0.18,24.38,9.0,PASS,1.156,cut_in_window,662253,"Muñoz, Andrés",SB,2B,high,
ba538a26-9167-45a0-82f1-be657ec349ee,AWAY,59.67591259333141,9.4,150.0,105.0,L,0.11,38.39,9.0,PASS,0.754,release_not_at_hand,642207,"Williams, Devin",SB,2B,high,
b3880bfa-867d-4f54-ba9a-a09fee601fcb,AWAY,59.730938447479744,8.4,,,,,,,no_release,,cut_in_window,571656,"Farmer, Buck",CS,2B,not measured,no_release
30bab514-9efc-4da7-a4d9-6584a6dac7e7,AWAY,,3.8,,,,,,,no_clip,,not_cf_view,621242,"Díaz, Edwin",SB,2B,not measured,no_clip
89238120-f8ce-4b67-9664-7464f921d43d,HOME,59.685519058203674,3.9,180.0,108.0,L,0.16,25.28,9.0,PASS,1.206,PASS,605400,"Nola, Aaron",CS,2B,high,
0cfd5690-5a3f-476f-a1fa-9076de54510e,HOME,59.5998750024933,4.0,178.0,121.0,L,0.19,18.82,9.0,PASS,0.956,PASS,605135,"Bassitt, Chris",SB,2B,high,
3807d2e0-ab90-4ef2-a905-875777bf2e02,AWAY,59.71313529995941,7.9,175.0,132.0,L,0.34,11.57,9.0,PASS,0.72,not_cf_view,622253,"Tate, Dillon",CS,2B,low,release_to_wrist 0.34 outside -0.32
b6e16435-daf5-4c87-ae28-cd64670537bb,AWAY,59.68417126041364,8.0,182.0,,,0.66,,9.0,cut_in_window,,cut_in_window,686613,"Brown, Hunter",SB,2B,not measured,cut_in_window
6cb55cf7-348d-4fe1-8eb1-974827da1894,HOME,59.844727194306664,3.9,179.0,118.0,L,0.22,10.01,9.0,PASS,1.019,PASS,668873,"Kilian, Caleb",SB,3B,high,
b804ae96-c973-4cdb-8a83-36dfedc70e26,AWAY,59.65740054490224,9.7,202.0,126.0,L,0.51,19.39,9.0,PASS,1.274,release_not_at_hand,622253,"Tate, Dillon",SB,2B,low,release_to_wrist 0.51 outside -0.32
80a031b3-91ed-4403-ba27-789f682784de,HOME,59.70275085250026,3.9,179.0,122.0,L,0.22,13.05,9.0,PASS,0.955,PASS,571882,"Law, Derek",CS,3B,high,
7083e5e2-bb5c-4015-a4f1-62a1b1ff3afc,AWAY,59.69823516862391,8.2,181.0,125.0,L,0.46,13.33,9.0,PASS,0.938,cut_in_window,641927,"Ober, Bailey",CS,2B,low,release_to_wrist 0.46 outside -0.32
24118d70-d568-4332-8e43-1e901917bbb9,HOME,59.67398696825432,3.9,174.0,118.0,L,0.08,8.74,9.0,PASS,0.938,PASS,687765,"Spence, Mitch",SB,2B,high,
f2721bb5-9b89-4652-a04b-9b6f990eec44,HOME,59.67531726536177,3.8,183.0,125.0,R,0.18,16.97,9.0,PASS,0.972,PASS,573204,"Thielbar, Caleb",CS,2B,high,
621a0a51-3753-40fa-9825-1deb201ff21d,HOME,59.719649423539494,3.9,173.0,113.0,L,0.16,24.22,9.0,PASS,1.005,PASS,622250,"Sborz, Josh",SB,2B,high,
2734b498-5a23-4309-bad0-67fd06497593,HOME,59.670224040618145,3.9,181.0,128.0,L,0.13,12.18,9.0,PASS,0.888,PASS,686563,"Cannon, Jonathan",SB,2B,high,
96a57a59-1a8a-42d7-8da8-52797656c367,HOME,59.75654739948359,4.0,176.0,124.0,L,0.21,10.15,9.0,PASS,0.87,PASS,571882,"Law, Derek",SB,2B,high,
4cbb17f4-231e-4b43-aec6-104252e00ae5,AWAY,59.724383032376515,7.8,181.0,129.0,L,0.15,12.89,9.0,PASS,0.871,no_set_before_lift,686730,"Spiers, Carson",CS,2B,high,
3fef3580-efee-42f5-8cf6-d33a83ebe5ef,AWAY,59.735487821910894,8.2,178.0,130.0,R,0.14,7.84,8.0,PASS,0.804,cut_in_window,669373,"Skubal, Tarik",CS,2B,high,
54c4e745-664d-4e2b-b71a-9376e76a0142,HOME,59.6726918557064,3.9,173.0,113.0,L,0.14,10.31,9.0,PASS,1.005,PASS,687765,"Spence, Mitch",SB,2B,high,
82aa5bcc-c757-48f2-a1f4-60d7f1d22089,HOME,59.749020357987774,3.9,183.0,124.0,R,0.2,9.04,9.0,PASS,0.987,PASS,663559,"Falter, Bailey",SB,2B,high,
21b15ba4-9a7e-458e-97fb-7303b9833aec,AWAY,59.71991541191313,7.8,175.0,103.0,L,0.3,15.55,9.0,cut_in_window,,cut_in_window,543135,"Eovaldi, Nathan",SB,2B,not measured,cut_in_window
c0ebe1f6-06da-4dae-9f8f-5d0856faa14e,AWAY,59.679326068168045,4.7,,,,,,,not_cf_view,,no_release,681402,"Varland, Gus",SB,2B,not measured,not_cf_view
24f78567-2234-45c5-a8c7-dc1f8c103cfa,AWAY,59.745280506210605,7.8,,,,,,,no_release,,no_release,640448,"Finnegan, Kyle",SB,2B,not measured,no_release
9c2fe334-6c30-4447-ab60-05fbaf71c197,HOME,59.67168091879408,3.8,155.0,114.0,L,0.48,7.88,9.0,PASS,0.687,PASS,663372,"Feltner, Ryan",SB,2B,low,release_to_wrist 0.48 outside -0.32; delivery_s 0.687 outside 0.7-1.31
42d83926-d718-44b9-9e00-e7a1695a4a2d,AWAY,59.691205300683066,8.5,176.0,128.0,L,0.19,4.79,9.0,PASS,0.804,cut_in_window,678394,"Bello, Brayan",SB,2B,high,
43e3b8bf-86cc-4163-913e-b8b089688669,HOME,59.67196604560823,4.0,178.0,117.0,L,0.13,19.73,9.0,PASS,1.022,PASS,686563,"Cannon, Jonathan",SB,2B,high,
19c0c1d8-8c2a-4dcd-b371-c6e7e86b6d20,HOME,59.79878516882382,4.0,209.0,156.0,R,0.09,9.64,8.0,PASS,0.886,PASS,663738,"Lynch IV, Daniel",SB,2B,high,
b2edb113-e58c-4f01-a6c9-a3898d973f1c,HOME,59.74167772994032,4.1,180.0,121.0,L,0.12,20.2,9.0,PASS,0.988,PASS,669923,"Kirby, George",SB,2B,high,
56e9d8be-52ff-4b45-8bef-d7fcc20790a4,AWAY,59.721371872952446,10.0,180.0,,,0.14,,9.0,no_set_before_lift,,no_set_before_lift,596001,"Junis, Jakob",CS,2B,not measured,no_set_before_lift
3fca269f-d2e7-41b5-8d2a-031040dbf860,AWAY,59.66435092137144,7.8,176.0,113.0,R,0.16,24.3,8.0,PASS,1.056,not_cf_view,681911,"Vesia, Alex",CS,2B,high,
293ad3ed-35a2-48cd-a113-ddb365e635bc,HOME,59.58646824825202,3.9,180.0,118.0,L,0.11,21.13,9.0,PASS,1.041,PASS,573186,"Stroman, Marcus",SB,2B,high,
7f4a9967-8acc-4d88-a303-6ec9e2e1024a,AWAY,59.73583943667794,12.1,251.0,,,1.35,,9.0,not_cf_view,,not_cf_view,682847,"Ortiz, Luis",SB,2B,not measured,not_cf_view
b100880f-18b7-4852-8095-b2a087dadc44,AWAY,59.69979344790936,7.6,185.0,122.0,L,0.09,31.23,9.0,PASS,1.055,cut_in_window,681869,"Dubin, Shawn",SB,2B,high,
448df179-89d9-49af-8ec7-2b052a899942,HOME,59.55165452038605,3.8,183.0,120.0,L,0.11,24.67,8.0,PASS,1.058,PASS,669923,"Kirby, George",SB,3B,high,
a4a816e5-7332-42a6-b841-048a5db498b6,HOME,59.72482207979501,4.0,181.0,119.0,L,0.24,25.78,9.0,PASS,1.038,PASS,681799,"Roberts, Ethan",SB,2B,high,
4f5c7d6c-f83e-4511-93c6-dc0830c415cf,HOME,59.689371637397215,3.9,178.0,121.0,L,0.2,12.26,9.0,PASS,0.955,PASS,690925,"Beeter, Clayton",SB,2B,high,
6910d5ff-60cd-4925-ac20-3839b99999fd,HOME,59.63371532612188,3.8,180.0,121.0,L,0.17,19.81,9.0,PASS,0.989,PASS,573186,"Stroman, Marcus",CS,2B,high,
57cd8aa2-0ac7-4224-a7de-d0db5e35cf8a,HOME,59.66204677258619,3.8,172.0,116.0,L,0.17,21.19,8.0,PASS,0.939,PASS,696131,"Black, Mason",CS,2B,high,
ef915a91-9a3e-4e95-b6e1-69c933f8de81,AWAY,59.67489613874413,10.1,192.0,,,0.68,,9.0,cut_in_window,,release_not_at_hand,682847,"Ortiz, Luis",SB,2B,not measured,cut_in_window
88a67f90-b254-4e74-8f9f-7f7ed8d0a059,AWAY,59.73410028968273,9.3,181.0,123.0,L,0.29,26.83,9.0,PASS,0.971,no_set_before_lift,642547,"Peralta, Freddy",SB,2B,high,
3cdd71f7-7faa-42df-b374-ba1283ded90b,HOME,59.66261104198523,5.6,177.0,115.0,L,0.3,31.04,3.0,PASS,1.039,PASS,669387,"Mlodzinski, Carmen",SB,3B,low,ball_pts 3.0 outside 5-
4e1b9267-a58f-44f0-b23f-b3fea4e66d53,AWAY,59.687183311789326,7.0,,,,,,,no_release,,no_release,595014,"Treinen, Blake",SB,2B,not measured,no_release
bf24608f-c6fc-4e2d-8f87-18f59c102bf5,HOME,59.769258737041866,6.2,174.0,132.0,L,0.15,5.24,9.0,PASS,0.703,PASS,656605,"Keller, Mitch",SB,2B,high,
4db914d9-ddf0-440e-82f7-317382ac5b80,AWAY,59.65553235908142,8.3,181.0,,,0.39,,9.0,cut_in_window,,cut_in_window,640448,"Finnegan, Kyle",SB,2B,not measured,cut_in_window
f5ca237c-50cc-4038-8829-d703387e4e8b,HOME,59.69632446020358,5.6,183.0,130.0,L,0.12,9.15,9.0,PASS,0.888,PASS,661395,"Duran, Jhoan",CS,2B,high,
9a0789de-25c7-44e2-ad37-4c3d1eaac37c,AWAY,59.72192513368984,7.9,175.0,108.0,L,0.21,32.4,9.0,PASS,1.122,no_set_before_lift,656605,"Keller, Mitch",SB,3B,high,
3042e3a7-d5b8-4cad-8fed-dc6b1257db41,HOME,59.66975231423568,3.9,181.0,115.0,L,0.12,21.16,9.0,PASS,1.106,PASS,695243,"Miller, Mason",SB,2B,high,
d2722ade-3d53-4d8d-893b-9d09a0ec86a9,AWAY,59.75313066431422,7.5,,,,,,,no_release,,no_release,701581,"Festa, David",SB,2B,not measured,no_release
b294b2e1-510c-4aa4-b11b-7abf6019981b,HOME,59.68333618444811,3.8,178.0,127.0,L,0.21,9.04,2.0,PASS,0.855,PASS,669854,"Blanco, Ronel",SB,2B,low,ball_pts 2.0 outside 5-
b6f4cc5c-e9d8-4d87-b61a-26036781fad4,HOME,59.67648356768599,3.9,186.0,119.0,R,0.12,21.89,9.0,PASS,1.123,PASS,656457,"Gilbert, Tyler",SB,2B,high,
e9628262-4133-4e39-8236-3f1696700424,HOME,59.632228946185485,3.9,176.0,105.0,L,0.12,21.81,6.0,PASS,1.191,PASS,506433,"Darvish, Yu",SB,2B,high,
ed90c382-db8a-45de-9650-b9a126d96e2a,AWAY,59.67309202004878,7.8,183.0,123.0,R,0.14,20.7,5.0,PASS,1.005,no_set_before_lift,664849,"Young, Danny",SB,2B,high,
9150148d-0fb0-4a57-9f15-601dbd362cde,HOME,59.746794999800315,5.6,131.0,67.0,L,0.18,18.84,9.0,PASS,1.071,PASS,693433,"Woo, Bryan",SB,2B,high,
2c1532a0-db43-4eb8-bbf5-516670353a7a,HOME,59.7500505761553,4.0,202.0,140.0,L,0.12,20.54,7.0,PASS,1.038,PASS,683627,"Molina, Anthony",SB,2B,high,
0f5a0d82-3564-4111-bf2b-34358a0441fb,HOME,59.66411314083677,3.9,185.0,117.0,R,0.1,27.54,7.0,PASS,1.14,PASS,640455,"Manaea, Sean",SB,2B,high,
41f0f04a-1498-474e-bfc2-fb7b3a86699e,HOME,59.63442709344576,3.9,180.0,110.0,R,0.11,35.4,9.0,PASS,1.174,PASS,640455,"Manaea, Sean",SB,3B,high,
35badff3-c14b-497d-8e6a-a924d12ac8ca,AWAY,59.67165633712243,8.5,184.0,116.0,L,0.64,7.9,9.0,release_not_at_hand,,cut_in_window,493603,"Ottavino, Adam",SB,2B,not measured,release_not_at_hand
e2c50b95-aa8e-45e1-b2c4-f24b0315d6e4,HOME,59.76486669235635,4.0,187.0,114.0,R,0.15,25.36,8.0,PASS,1.221,PASS,666214,"Wentz, Joey",SB,3B,high,
3aa630fe-0141-4d1d-b697-37cf89fceb8b,AWAY,59.71723443842403,7.8,184.0,117.0,R,0.14,26.76,7.0,PASS,1.122,release_not_at_hand,624133,"Suarez, Ranger",SB,3B,high,
6adf91b0-52e5-4ddf-a7ee-88c775e950fb,HOME,59.67417752272647,3.9,181.0,120.0,L,0.2,24.73,5.0,PASS,1.022,PASS,692285,"Guerrero, Luis",CS,2B,high,
26a6017b-7430-4956-be58-217ef0f53f33,AWAY,59.64778196267995,10.1,184.0,,,0.58,,9.0,cut_in_window,,no_set_before_lift,493603,"Ottavino, Adam",SB,2B,not measured,cut_in_window
e34ad070-d1e5-4af1-b5ed-5603b190ce29,AWAY,59.71693387593676,9.7,150.0,115.0,L,0.1,14.58,8.0,not_cf_view,,no_release,676508,"Casparius, Ben",SB,3B,not measured,not_cf_view
842e0644-f328-4444-b0de-8674746e6bfc,AWAY,59.702056687660345,7.8,184.0,122.0,L,0.83,11.61,9.0,not_cf_view,,release_not_at_hand,683003,"Jones, Jared",SB,3B,not measured,not_cf_view
03a547a7-314b-4a16-af58-e768b07f4fdf,AWAY,,3.9,,,,,,,no_clip,,cut_in_window,500779,"Quintana, Jose",SB,2B,not measured,no_clip
037f2544-6236-4614-a9f7-cb71c53f5814,HOME,59.697613313786086,3.9,181.0,119.0,L,0.12,30.28,9.0,PASS,1.039,PASS,681190,"Vásquez, Randy",SB,2B,high,
faf724aa-ffba-475a-aa1e-964b827b1310,HOME,59.596825844831145,3.9,174.0,117.0,L,0.11,14.9,6.0,PASS,0.956,PASS,683155,"Estes, Joey",SB,3B,high,
9e499a06-7e91-4706-bd49-0cff6e024ec9,HOME,59.72722514700902,4.1,182.0,130.0,L,0.12,11.54,9.0,PASS,0.871,PASS,695076,"Lowder, Rhett",CS,2B,high,
f61d6658-6d35-4ff1-94bc-52688d9e472a,AWAY,59.73684150191557,5.9,,,,,,,not_cf_view,,cut_in_window,681190,"Vásquez, Randy",SB,3B,not measured,not_cf_view
1fbbe6ea-9508-4601-9092-d13668ebad69,AWAY,59.69535263706474,8.3,176.0,108.0,R,0.07,18.26,9.0,not_cf_view,,cut_in_window,519008,"McFarland, T.J.",SB,2B,not measured,not_cf_view
488043e2-d35b-41b1-9a4d-190d7633d4c7,HOME,59.718530290868166,4.1,182.0,114.0,L,0.18,29.16,6.0,PASS,1.139,PASS,668338,"Miller, Tyson",CS,2B,high,
9fcc055c-9443-4670-a381-0cbab48d63b0,AWAY,59.589437412379056,8.5,181.0,122.0,L,0.3,18.26,9.0,not_cf_view,,cut_in_window,675540,"Curry, Xzavion",SB,2B,not measured,not_cf_view
4d376e1b-0fbc-4ca1-99dd-fb9d8ce3c428,HOME,59.725251990594856,3.9,177.0,125.0,R,0.21,8.95,9.0,PASS,0.871,PASS,650893,"Cabrera, Génesis",SB,2B,high,
59570744-b17e-4ecb-8439-af958cc183a8,HOME,59.757211915965605,4.1,179.0,124.0,L,0.23,15.56,9.0,PASS,0.92,PASS,657585,"Garrett, Reed",SB,2B,high,
c90651a8-11f2-4baf-b6e3-91ca7e94bd0a,HOME,59.815184504734745,4.0,202.0,144.0,L,0.17,9.05,4.0,PASS,0.97,PASS,676105,"Criswell, Jeff",SB,2B,low,ball_pts 4.0 outside 5-
a02e51ea-39f6-40aa-a593-6e15cd5d7ce9,AWAY,59.69298841083555,7.9,183.0,128.0,L,0.2,13.78,8.0,PASS,0.921,release_not_at_hand,689147,"Kerkering, Orion",SB,2B,high,
722a36c2-1a70-4eb9-8a09-1bfae589eda4,HOME,59.68104525630422,5.6,179.0,125.0,L,0.17,18.5,9.0,PASS,0.905,PASS,695076,"Lowder, Rhett",SB,2B,high,
d594e48a-423f-4fe1-aa4b-fb19930280bb,AWAY,59.66363544654052,10.1,180.0,117.0,L,0.17,22.62,7.0,PASS,1.056,cut_in_window,679525,"Marsh, Alec",SB,2B,high,
6da133d4-a56b-4b29-b6b1-cf803bba8ea4,AWAY,59.69837925783776,7.8,179.0,,,0.17,,9.0,no_set_before_lift,,no_set_before_lift,686799,"Kochanowicz, Jack",SB,2B,not measured,no_set_before_lift
b704483c-d959-42c6-9ef4-b9665a2acf1a,HOME,59.68274256099589,4.0,180.0,119.0,L,0.13,22.81,8.0,PASS,1.022,PASS,663362,"Waldron, Matt",SB,2B,high,
8835c119-d3d8-4657-984d-0fc2b0c39964,HOME,59.731320084378815,3.9,184.0,118.0,L,0.48,14.65,9.0,PASS,1.105,PASS,607067,"Rea, Colin",SB,2B,low,release_to_wrist 0.48 outside -0.32
de4f135f-d3e9-40e6-b3c1-e4d74295ad4e,HOME,59.6658562511449,3.9,181.0,122.0,L,0.11,16.58,9.0,PASS,0.989,PASS,663554,"Mize, Casey",SB,2B,high,
5cdea9cf-ecc8-45a8-9b0f-40d57e259bfb,HOME,59.72998467601517,4.1,178.0,120.0,L,0.23,13.88,9.0,PASS,0.971,PASS,607067,"Rea, Colin",SB,2B,high,
d76deed2-b40f-4212-b01d-3fc9ae6a46c6,AWAY,59.718019373489085,8.1,178.0,123.0,L,0.24,15.02,7.0,not_cf_view,,not_cf_view,664139,"Gibaut, Ian",SB,2B,not measured,not_cf_view
fc29141c-0c5e-4ff0-841a-5d20f7b1557e,HOME,59.71180627684064,3.9,201.0,145.0,L,0.19,12.69,9.0,PASS,0.938,PASS,624522,"Thompson, Keegan",SB,2B,high,
d6ea5938-3c89-4d8c-b29e-81db695406f3,AWAY,59.669571726460994,8.0,177.0,124.0,L,0.18,7.02,9.0,PASS,0.888,no_set_before_lift,668873,"Kilian, Caleb",SB,2B,high,
d96bd8b2-e28e-4270-a4da-4610fcd489b9,HOME,59.77892409727339,3.9,180.0,125.0,L,0.15,19.48,9.0,PASS,0.92,PASS,628317,"Maeda, Kenta",SB,2B,high,
af3e1857-98cd-439f-b612-b81a1ec51318,AWAY,59.64946156314989,7.9,180.0,118.0,L,0.15,9.24,9.0,PASS,1.039,no_set_before_lift,671131,"Rutledge, Jackson",CS,2B,high,
092dd857-20ab-421d-a651-37b0f48c473a,HOME,59.75181583661039,4.1,205.0,145.0,L,0.33,21.14,9.0,PASS,1.004,PASS,686752,"Pepiot, Ryan",CS,2B,low,release_to_wrist 0.33 outside -0.32
c7648d09-fabf-4862-bc71-49c6763d791b,HOME,59.728589627211214,4.0,179.0,124.0,L,0.24,3.49,9.0,PASS,0.921,PASS,605400,"Nola, Aaron",SB,2B,low,lift_peak_in 3.49 outside 4.28-
926a6970-0398-4471-ac19-e9ddb9b33a4d,HOME,59.654364802359034,3.9,180.0,117.0,R,0.16,13.67,9.0,PASS,1.056,PASS,663559,"Falter, Bailey",CS,2B,high,
70537e86-451c-4eb3-9883-aa42ae47765b,AWAY,59.65672184327968,7.8,191.0,115.0,R,0.61,12.1,7.0,release_not_at_hand,,release_not_at_hand,666214,"Wentz, Joey",SB,2B,not measured,release_not_at_hand
f73be26d-db16-486b-9132-497ab317d024,HOME,59.64994165694282,4.0,177.0,114.0,R,0.07,21.15,9.0,PASS,1.056,PASS,642232,"Yarbrough, Ryan",CS,2B,high,
b81f7c4d-989d-418e-95af-a4167f171af9,HOME,59.6684120362753,3.9,178.0,126.0,L,0.14,14.55,9.0,PASS,0.871,PASS,670871,"Zuñiga, Guillo",SB,2B,high,
9a3658b0-a121-4439-acbf-cd8627283fc6,AWAY,59.70796303229748,11.0,195.0,150.0,L,0.15,4.61,9.0,PASS,0.754,not_cf_view,628452,"Iglesias, Raisel",SB,2B,high,
d65f5863-7b00-493b-964c-7d1105bc5725,AWAY,59.61856685029639,5.3,,,,,,,not_cf_view,,no_release,680885,"Schwellenbach, Spencer",SB,2B,not measured,not_cf_view
