play_id,feed,fps,seconds,release_frame,lift_frame,lead_foot,release_to_wrist,lift_peak_in,ball_pts,qa,home_qa,pitcher_id,pitcher_name,result,base,delivery_s,confidence,why
3792d578-1d3f-48b6-bb4f-cd38449fb2cd,AWAY,59.71332516523442,44.5,196.0,,,0.93,,9.0,not_cf_view,not_cf_view,595014,"Treinen, Blake",SB,2B,,not measured,not_cf_view
c7b8890d-0750-4cef-9527-712a915ee168,AWAY,59.67516687486525,25.9,215.0,,,0.81,,9.0,cut_in_window,release_not_at_hand,808963,"Sasaki, Roki",SB,2B,,not measured,cut_in_window
78852045-d16c-3542-a605-a9ba9f8b5c2d,AWAY,59.67276918271285,29.9,180.0,123.0,R,0.2,14.33,8.0,PASS,cut_in_window,669022,"Gore, MacKenzie",CS,2B,0.955,high,
6554dc70-6020-35e9-847c-e6fd16fa009e,HOME,59.6990350067332,22.8,172.0,117.0,L,0.25,12.03,9.0,PASS,PASS,670059,"Holderman, Colin",SB,2B,0.921,high,
2f1d7084-55fe-3e05-ad5f-0af355de87f3,HOME,59.779050998236585,15.0,172.0,107.0,L,0.15,20.93,9.0,PASS,PASS,645261,"Alcantara, Sandy",SB,2B,1.087,high,
2b211ef8-8800-3588-85ef-7392312eebf0,HOME,59.79527237695699,28.8,181.0,110.0,L,0.16,19.76,9.0,PASS,PASS,605447,"Romano, Jordan",SB,2B,1.187,high,
5b3f0055-975d-30ab-bda5-9a2713cd3fc2,HOME,59.68621397053664,14.8,179.0,120.0,R,0.08,25.81,8.0,PASS,PASS,519242,"Sale, Chris",SB,3B,0.989,high,
98c5d60b-e18a-3be8-a00d-22cb42fb13b3,HOME,59.64366119086907,30.2,188.0,126.0,R,0.37,23.41,8.0,PASS,PASS,519242,"Sale, Chris",SB,3B,1.04,low,release_to_wrist 0.37 outside -0.32
3894b152-758f-309b-a700-d687904cda59,AWAY,,21.5,,,,,,,no_clip,no_release,595014,"Treinen, Blake",SB,2B,,not measured,no_clip
a7fb395b-a7a4-38ee-990d-aa9c9be4270d,HOME,59.82335119769598,27.9,180.0,125.0,L,0.15,8.85,9.0,PASS,PASS,683769,"Gaddis, Hunter",SB,2B,0.919,high,
578aa9c0-c536-34f8-bacd-af8017a4c2f3,HOME,59.70473606103151,27.1,176.0,118.0,L,0.2,12.51,9.0,PASS,PASS,668678,"Gallen, Zac",SB,2B,0.971,high,
274a8430-7a50-3001-be5a-7e43045aa854,HOME,59.68861690205108,14.2,177.0,114.0,R,0.13,24.41,6.0,PASS,PASS,641302,"Alexander, Tyler",CS,2B,1.055,high,
404b9563-0fd8-32b1-ade7-6de0c9f7b297,HOME,59.70662142136123,17.5,182.0,125.0,L,0.27,13.31,9.0,PASS,PASS,554430,"Wheeler, Zack",CS,2B,0.955,high,
d34fc20a-d488-3be5-915b-5aecca6dc286,HOME,59.712765324868116,25.2,176.0,118.0,L,0.14,6.37,8.0,PASS,PASS,455119,"Martin, Chris",SB,2B,0.971,high,
18fd96ba-10f2-3c93-bd7f-441b6724c27b,HOME,59.65307453131652,35.8,186.0,131.0,R,0.43,11.46,9.0,PASS,PASS,607481,"Bummer, Aaron",SB,3B,0.922,low,release_to_wrist 0.43 outside -0.32
2b2b6568-a050-34ca-8eae-6c4752c3230f,AWAY,59.678592301558396,43.0,181.0,,,0.12,,9.0,no_set_before_lift,no_set_before_lift,605447,"Romano, Jordan",SB,3B,,not measured,no_set_before_lift
e4d57139-ad78-3b31-84d6-e15a6250c711,HOME,59.690607356212695,7.4,181.0,112.0,R,0.12,17.78,9.0,PASS,PASS,621363,"Poche, Colin",SB,3B,1.156,high,
beb58de7-ccad-3c8f-ace5-4181d3a1c287,AWAY,59.781271490958474,9.100000000000001,178.0,122.0,L,0.15,10.51,9.0,PASS,not_cf_view,664208,"Maton, Phil",SB,2B,0.937,high,
7e5f0b6b-36b0-3ebf-a96a-08ba0f0dd176,HOME,59.76290867348065,10.2,175.0,106.0,L,0.13,16.17,9.0,PASS,PASS,622786,"Tinoco, Jesus",SB,3B,1.155,high,
30be6932-91b6-39ee-b95e-06faa146b0da,AWAY,59.72301038327633,14.0,188.0,104.0,L,1.29,15.32,9.0,cut_in_window,release_not_at_hand,592426,"Jackson, Luke",SB,2B,,not measured,cut_in_window
43bb3e02-ce87-3f70-b091-7ba789140d3c,HOME,59.64559071978873,9.9,170.0,99.0,L,0.15,23.38,9.0,PASS,PASS,645261,"Alcantara, Sandy",SB,3B,1.19,high,
846e6eef-812f-313a-b2b1-1eff477453f7,AWAY,59.7885257699618,13.9,,,,,,,no_release,no_release,645261,"Alcantara, Sandy",SB,2B,,not measured,no_release
c09d0b0f-b8de-3443-8c48-1f4888032666,AWAY,59.72110045008663,9.3,,,,,,,not_cf_view,no_release,683004,"Leiter, Jack",SB,2B,,not measured,not_cf_view
317e892e-e83d-3c27-8806-22d021166e76,AWAY,59.69375354451916,13.8,193.0,,,1.1,,8.0,release_not_at_hand,cut_in_window,592791,"Taillon, Jameson",SB,3B,,not measured,release_not_at_hand
45c10c1b-aa97-3d40-8b3b-4cd089b232ed,AWAY,59.7215919902806,13.1,176.0,121.0,L,0.09,10.18,9.0,PASS,cut_in_window,518876,"Kelly, Merrill",SB,2B,0.921,high,
321dca1b-07fb-3ed4-bd1e-1be47af7fa08,HOME,59.72105521578263,7.4,181.0,108.0,L,0.2,16.45,6.0,PASS,PASS,664126,"Fairbanks, Pete",SB,2B,1.222,high,
90945cc6-001a-3795-bf1c-97189a4ea370,AWAY,,6.5,,,,,,,no_clip,not_cf_view,544150,"Suárez, Albert",SB,2B,,not measured,no_clip
87fad66c-9f32-340c-a45c-fe83cc5f6a2f,AWAY,59.774964838255976,19.3,176.0,113.0,L,0.15,13.24,8.0,PASS,not_cf_view,656557,"Houck, Tanner",SB,2B,1.054,high,
d685c07b-35a4-3476-8d70-fbc787dda775,HOME,59.69898445394223,6.4,177.0,117.0,L,0.26,11.08,9.0,PASS,PASS,544150,"Suárez, Albert",CS,2B,1.005,high,
f78e3923-d37e-3b2d-be6a-48d27a6b1661,HOME,59.74281513557797,6.6,183.0,126.0,L,0.22,9.6,8.0,PASS,PASS,664126,"Fairbanks, Pete",CS,2B,0.954,high,
85e3c97d-5732-3938-8575-fb20891607fc,AWAY,59.69776118274551,16.4,176.0,108.0,L,0.19,22.26,6.0,PASS,release_not_at_hand,683004,"Leiter, Jack",SB,2B,1.139,high,
566f28cf-bff9-3867-ab9d-a48406b87c09,AWAY,59.823539980285425,18.1,179.0,119.0,L,0.23,26.49,8.0,PASS,cut_in_window,686752,"Pepiot, Ryan",CS,3B,1.003,high,
6a791a08-00e6-39b8-ae37-ac856868ab9c,AWAY,59.70459549616806,9.4,181.0,121.0,L,0.17,25.88,9.0,PASS,not_cf_view,686752,"Pepiot, Ryan",SB,2B,1.005,high,
b1ba870f-5546-38f7-8ba3-3d5602586d41,HOME,59.811844464641005,6.5,175.0,119.0,L,0.12,10.71,9.0,PASS,PASS,518876,"Kelly, Merrill",SB,2B,0.936,high,
dcb3f142-5de9-3c72-ad33-f9822bd5e3fd,AWAY,59.79117054405569,18.6,181.0,121.0,L,0.56,22.42,5.0,PASS,release_not_at_hand,687362,"Gillispie, Connor",SB,2B,1.003,low,release_to_wrist 0.56 outside -0.32
f41e8ae0-b016-3d43-b1c6-5aa501dffb55,AWAY,59.63814790418453,15.3,,,,,,,no_release,not_cf_view,687362,"Gillispie, Connor",SB,2B,,not measured,no_release
95a81587-eb95-3e06-866f-7f77abe9dc61,HOME,59.72011765754524,7.0,192.0,150.0,L,0.1,3.81,7.0,PASS,PASS,656557,"Houck, Tanner",SB,2B,0.703,low,lift_peak_in 3.81 outside 4.28-
8d8c89f6-f238-351d-8a07-8a5723d43618,HOME,59.779552663329206,9.4,154.0,121.0,L,0.12,13.46,9.0,PASS,PASS,674370,"Bido, Osvaldo",SB,2B,0.552,low,delivery_s 0.552 outside 0.7-1.31
8ff421f5-139a-33c7-b06f-28e56ca28815,HOME,59.77059351305072,7.0,175.0,125.0,L,0.15,11.17,9.0,PASS,PASS,623149,"Sewald, Paul",SB,2B,0.837,high,
7e5c61ed-2d01-3dd2-8f00-a6c91558c193,AWAY,,2.3,,,,,,,no_clip,not_cf_view,656288,"Canning, Griffin",CS,2B,,not measured,no_clip
f54fe33b-e658-308e-874e-02aa3892fe65,HOME,59.757754167441476,9.6,181.0,124.0,L,0.13,19.7,9.0,PASS,PASS,686563,"Cannon, Jonathan",SB,2B,0.954,high,
5695c0f4-d242-3029-8c1c-2101bea8ac7c,AWAY,59.79851561371786,14.3,174.0,118.0,L,0.17,23.79,9.0,PASS,cut_in_window,607625,"Lugo, Seth",CS,2B,0.936,high,
b456fbb9-779c-3a0b-8b3b-616bf6bd7d8f,HOME,59.64848002557697,6.4,174.0,116.0,L,0.17,14.07,9.0,PASS,PASS,607200,"Fedde, Erick",SB,2B,0.972,high,
1d0173d3-52f9-300f-aa99-2be4f2d31819,HOME,59.734637281566876,6.6,177.0,120.0,R,0.1,17.99,5.0,PASS,PASS,666157,"Lodolo, Nick",SB,2B,0.954,high,
be5bb4eb-3fef-3c61-b98b-3ed13c3c0256,HOME,59.72531593731636,7.0,186.0,118.0,R,0.6,9.83,4.0,PASS,PASS,663559,"Falter, Bailey",SB,2B,1.139,low,release_to_wrist 0.6 outside -0.32; ball_pts 4.0 outside 5-
71443ad2-1477-3716-8b7d-95e337c93d89,HOME,59.79207139218112,10.3,181.0,116.0,L,0.54,16.97,9.0,PASS,PASS,674370,"Bido, Osvaldo",SB,3B,1.087,low,release_to_wrist 0.54 outside -0.32
83b52c9a-912b-3c7a-b98c-3fb3382e9c89,HOME,59.74907547256373,7.2,183.0,125.0,L,0.13,15.18,8.0,PASS,PASS,683409,"Chivilli, Angel",SB,2B,0.971,high,
a35ffd18-0ac8-3f4f-8f79-dda016f04811,HOME,59.741287497781194,6.7,180.0,121.0,L,0.15,16.85,9.0,PASS,PASS,650556,"Abreu, Bryan",SB,2B,0.988,high,
349ca372-8901-3f54-a9d6-b9b5df6b4a97,AWAY,59.76194046864665,11.7,,,,,,,no_release,no_release,670059,"Holderman, Colin",SB,2B,,not measured,no_release
36f1378f-5f3c-36e5-bb2a-524b34dedc51,AWAY,59.79830740384128,13.6,,,,,,,no_release,no_release,621111,"Buehler, Walker",SB,2B,,not measured,no_release
572b1534-ef4f-351b-8945-8055bbe33224,HOME,59.83998193509979,7.7,179.0,117.0,R,0.16,20.28,9.0,PASS,PASS,666200,"Luzardo, Jesús",SB,2B,1.036,high,
c099ce22-5769-32d8-951f-0b2c808f7578,HOME,59.76386967273608,7.3,182.0,113.0,R,0.11,22.29,9.0,PASS,PASS,670970,"Morejon, Adrian",SB,2B,1.155,high,
0e859594-0455-35a4-8cea-e4cff6f48b0e,AWAY,59.81734346904987,19.1,179.0,115.0,L,0.23,21.15,8.0,PASS,cut_in_window,678692,"Henriquez, Ronny",SB,2B,1.07,high,
6f5865fb-e265-3fb4-aa4f-a8c8ab65f0df,HOME,59.788881069669245,7.5,176.0,125.0,L,0.24,17.5,9.0,PASS,PASS,628317,"Maeda, Kenta",SB,2B,0.853,high,
bbed589f-478a-376d-a227-b4c4b68d4fa1,HOME,59.72506926194552,7.2,174.0,119.0,L,0.13,16.81,9.0,PASS,PASS,661395,"Duran, Jhoan",SB,2B,0.921,high,
86471111-d87f-36e4-ab47-9dead283878e,HOME,59.76062364717862,6.7,176.0,124.0,L,0.15,13.23,9.0,PASS,PASS,657746,"Ryan, Joe",SB,2B,0.87,high,
ab61acf1-2e62-3bc6-8811-99a62f675ecf,AWAY,59.73551626084114,17.1,176.0,106.0,L,0.22,12.87,8.0,cut_in_window,cut_in_window,676534,"Faucher, Calvin",SB,2B,,not measured,cut_in_window
d0a2e8c9-0aa0-3546-95d0-5b69b923b1f3,AWAY,59.771571585371674,14.399999999999999,180.0,,,0.12,,8.0,cut_in_window,cut_in_window,666200,"Luzardo, Jesús",SB,2B,,not measured,cut_in_window
0b648376-84a1-35da-ae8d-d2d7a807a281,AWAY,59.67158848381898,17.4,173.0,119.0,L,0.25,6.13,6.0,PASS,no_release,668909,"Williams, Gavin",CS,2B,0.905,high,
76820e0d-1fa9-35ff-8567-029ac79abf0a,AWAY,,6.4,,,,,,,no_clip,cut_in_window,593576,"Neris, Héctor",SB,3B,,not measured,no_clip
5e4867bc-f48e-33a2-89a1-07c959848799,HOME,59.754069176429304,6.8,180.0,114.0,L,0.32,15.41,9.0,PASS,PASS,593576,"Neris, Héctor",SB,2B,1.105,high,
b8f098ec-77e2-3923-9509-7eda1ca3ebab,AWAY,59.84695054046372,21.1,263.0,,,,,9.0,cut_in_window,cut_in_window,670280,"Bednar, David",SB,2B,,not measured,cut_in_window
6dac6623-db21-3eeb-a971-4b4dcafd90b1,HOME,59.68377286884472,6.6,181.0,125.0,L,0.12,16.0,9.0,PASS,PASS,677976,"Dobnak, Randy",SB,2B,0.938,high,
d95f8c42-63b6-3b01-9f79-e21357b382ab,HOME,59.77756799973579,7.3,177.0,124.0,L,0.15,8.72,6.0,PASS,PASS,594798,"deGrom, Jacob",SB,2B,0.887,high,
893f00b4-35b1-382e-8e21-72f28c103011,HOME,59.69724499512921,6.8,171.0,109.0,R,0.15,12.78,6.0,PASS,PASS,573124,"Rogers, Taylor",SB,3B,1.039,high,
f4996726-3ddf-3c9e-8cbb-9a2f7840574a,AWAY,,0.0,,,,,,,no_clip,no_clip,700363,"Smith-Shawver, AJ",SB,2B,,not measured,no_clip
649a7314-376a-3589-8d5b-fd21989c18a1,HOME,59.837859679159706,6.5,179.0,112.0,L,0.2,17.17,9.0,PASS,PASS,669212,"Morgan, Eli",SB,3B,1.12,high,
6a4935ba-0708-3129-881c-d50b582acbce,AWAY,59.735753369811825,11.600000000000001,,,,,,,no_release,no_release,605135,"Bassitt, Chris",SB,2B,,not measured,no_release
0e506237-62e0-3511-bad2-7f2a43c36ddc,AWAY,59.745065091569494,8.7,178.0,124.0,R,0.17,3.14,8.0,PASS,not_cf_view,571760,"Heaney, Andrew",SB,2B,0.904,low,lift_peak_in 3.14 outside 4.28-
0b019229-6cef-3888-99b3-6db6472c0ecb,HOME,59.733733027684714,6.8,180.0,121.0,L,0.16,12.11,9.0,PASS,PASS,594798,"deGrom, Jacob",SB,2B,0.988,high,
956a6c56-7d69-3b13-bee8-5595be4a779d,HOME,59.71035563086468,6.5,183.0,126.0,L,0.18,13.83,9.0,PASS,PASS,686993,"Sterner, Justin",CS,2B,0.955,high,
4ca37749-72d2-3e66-854f-1c5daea9478a,HOME,59.70472721890676,6.7,174.0,119.0,R,0.11,13.54,9.0,PASS,PASS,656271,"Burke, Brock",SB,2B,0.921,high,
fcf32080-96ce-3217-8d88-ec7821997cd2,HOME,59.68681443376958,7.6,180.0,117.0,L,0.19,9.31,8.0,PASS,PASS,663372,"Feltner, Ryan",SB,2B,1.056,high,
613d5d54-4215-39d7-af8e-fe9268836e21,HOME,59.801069910298395,6.7,177.0,116.0,L,0.22,21.0,9.0,PASS,PASS,573186,"Stroman, Marcus",SB,2B,1.02,high,
62944f37-e04e-3428-8b05-7fc5686e55ba,AWAY,59.682491805023886,19.200000000000003,179.0,,,0.47,,8.0,camera_moved,camera_moved,641755,"Kinley, Tyler",SB,3B,,not measured,camera_moved
82412290-d969-3008-b4f1-915d7b266d4d,AWAY,59.799542930016855,20.5,,,,,,,no_release,no_release,656234,"Bird, Jake",CS,3B,,not measured,no_release
9f4b2a16-2f43-3bfd-b54d-26b9149cd7ba,HOME,59.74905397331209,6.0,172.0,122.0,L,0.19,4.29,9.0,PASS,PASS,571945,"Mikolas, Miles",SB,2B,0.837,high,
cf5915d4-bec7-334b-89d2-9f2c91c8b801,HOME,59.63870723898555,3.9,179.0,125.0,L,0.15,23.65,9.0,PASS,PASS,669387,"Mlodzinski, Carmen",SB,2B,0.905,high,
40587565-8e39-30d6-909b-cf0f443c981d,AWAY,59.807607745097556,8.9,177.0,119.0,R,0.18,5.74,3.0,PASS,no_release,666214,"Wentz, Joey",SB,2B,0.97,low,ball_pts 3.0 outside 5-
6128b6dc-a26e-3d9c-a0f7-4de19a6980df,AWAY,59.79127978447938,7.1,,,,,,,no_release,no_release,687847,"Church, Marc",SB,2B,,not measured,no_release
1c1c851a-e867-3b7c-aafd-d85acd0aa14f,AWAY,59.8128984422394,7.4,,,,,,,no_release,no_release,677958,"Rocker, Kumar",SB,2B,,not measured,no_release
4c9651ef-d6f7-3d79-a544-22eec85abaf5,AWAY,59.712070874861574,7.3,,,,,,,no_release,cut_in_window,647336,"Soroka, Michael",SB,2B,,not measured,no_release
4066e385-8af6-3769-b17a-44cf1b4cbed3,HOME,59.681760532866086,3.9,179.0,131.0,L,0.16,7.23,8.0,PASS,PASS,669854,"Blanco, Ronel",SB,2B,0.804,high,
cd79c7fa-f911-3f76-ac40-cac34a35f20b,AWAY,59.74932046512865,11.4,233.0,,,1.39,,5.0,not_cf_view,cut_in_window,445926,"Chavez, Jesse",SB,2B,,not measured,not_cf_view
08cb4cf3-d70c-315a-970c-1c2f179a8892,AWAY,59.81908728589691,8.0,175.0,,,0.16,,8.0,no_set_before_lift,cut_in_window,682847,"Ortiz, Luis",SB,2B,,not measured,no_set_before_lift
4a8f5db3-3400-30ef-bc6b-55a8c9b3a6f7,HOME,59.63033592489365,3.8,179.0,125.0,L,0.23,15.43,9.0,PASS,PASS,656876,"Rasmussen, Drew",SB,2B,0.906,high,
5207f1f3-dec2-3792-8882-d083451923e8,HOME,59.746657995032905,3.7,175.0,111.0,R,0.42,30.99,9.0,PASS,PASS,663542,"Hudson, Bryan",SB,3B,1.071,low,release_to_wrist 0.42 outside -0.32
f783c9c7-ce5e-3140-b573-42b82314a88b,AWAY,59.76142858272136,8.3,179.0,119.0,L,0.21,20.46,8.0,PASS,cut_in_window,608371,"Sims, Lucas",CS,2B,1.004,high,
b366ca43-9220-3ee4-8046-fb4651963df8,HOME,59.66302679994637,3.9,179.0,121.0,L,0.24,17.88,9.0,PASS,PASS,656876,"Rasmussen, Drew",SB,2B,0.972,high,
6b669765-16ed-3a9e-876e-bd8c002d6ca2,AWAY,59.79113178360846,7.9,179.0,,,0.14,,9.0,no_set_before_lift,cut_in_window,663542,"Hudson, Bryan",SB,2B,,not measured,no_set_before_lift
c9dae356-a0b2-30a6-817f-593f27379104,HOME,59.67646970770505,3.7,179.0,131.0,L,0.2,8.31,7.0,PASS,PASS,669854,"Blanco, Ronel",SB,2B,0.804,high,
5d31240c-3c1d-343b-b653-0c457500fdec,AWAY,59.791993110826034,7.4,176.0,,,0.2,,7.0,cut_in_window,no_set_before_lift,688297,"Roycroft, Chris",SB,2B,,not measured,cut_in_window
7697e6aa-268e-3d12-9300-bb2e593aaf32,HOME,59.61471232221384,4.1,181.0,127.0,L,0.2,18.27,9.0,PASS,PASS,663978,"Paddack, Chris",SB,3B,0.906,high,
6ce80996-6c06-3cb0-a296-10963d297879,HOME,59.69939202882234,3.9,179.0,116.0,R,0.13,15.42,7.0,PASS,PASS,656794,"Newcomb, Sean",CS,2B,1.055,high,
bef22712-0dd6-31b0-aa05-f29c524bf610,HOME,59.813230256502976,3.7,177.0,113.0,L,0.28,20.0,9.0,PASS,PASS,669302,"Gilbert, Logan",SB,2B,1.07,high,
04a44c51-5fb0-3dda-ba98-4cf3ee1ccfd3,AWAY,59.76932628103543,8.0,178.0,117.0,R,0.13,24.67,8.0,PASS,cut_in_window,676282,"Cantillo, Joey",SB,2B,1.021,high,
b7ab613d-c483-3d10-aab7-6eaaa6da8723,HOME,59.75103734439834,3.7,182.0,126.0,L,0.15,19.14,9.0,PASS,PASS,802419,"Harrington, Thomas",SB,2B,0.937,high,
61cadfe7-1031-3963-886a-f038765912ca,HOME,59.63099556908575,3.9,179.0,112.0,L,0.15,15.18,9.0,PASS,PASS,543294,"Hendricks, Kyle",SB,3B,1.124,high,
fa43134b-039e-35d8-abef-0cffba7567ed,HOME,59.69283064231973,5.5,229.0,193.0,L,0.08,15.69,9.0,PASS,PASS,645261,"Alcantara, Sandy",SB,2B,0.603,low,delivery_s 0.603 outside 0.7-1.31
93b21e95-1edb-34b8-93be-516bba63d9dc,HOME,59.68019972656482,3.7,178.0,127.0,L,0.27,4.84,9.0,PASS,PASS,673540,"Senga, Kodai",CS,2B,0.855,high,
c5f0383b-4596-3db0-a2b6-b9c4b682bd38,HOME,59.69691247285431,3.8,179.0,120.0,L,0.19,8.24,6.0,PASS,PASS,493603,"Ottavino, Adam",SB,2B,0.988,high,
9be619b3-4198-3597-8ce8-a833ff032f9c,HOME,59.6408296702083,3.8,183.0,118.0,R,0.1,22.86,9.0,PASS,PASS,669461,"Liberatore, Matthew",CS,2B,1.09,high,
872e18ea-fb1a-308d-aef0-f288a97cb7c1,AWAY,59.82527371425726,9.2,182.0,118.0,L,0.77,14.21,9.0,not_cf_view,not_cf_view,664139,"Gibaut, Ian",SB,2B,,not measured,not_cf_view
cfccee0f-569d-3d35-9b59-f85f0ac57f0a,HOME,59.83610531930369,3.7,175.0,115.0,L,0.21,10.38,8.0,PASS,PASS,669203,"Burnes, Corbin",SB,2B,1.003,high,
751a9d13-f31e-33f8-b927-07c153d4ce25,HOME,59.748888266805565,3.7,174.0,115.0,L,0.22,23.79,9.0,PASS,PASS,572955,"Johnson, Pierce",SB,2B,0.987,high,
9f7dd472-25f1-34fc-9cce-6936312e9e75,HOME,59.73464812770482,3.7,178.0,109.0,L,0.19,20.52,9.0,PASS,PASS,595014,"Treinen, Blake",SB,2B,1.155,high,
f2707ad0-5ff4-36c8-a1bd-7945c594e535,HOME,59.7609561752988,3.9,181.0,125.0,L,0.14,15.03,6.0,PASS,PASS,547179,"Lorenzen, Michael",SB,3B,0.937,high,
d1a3a92e-41f1-3cfd-bc85-fdd4c0268da4,HOME,59.766004477170654,5.4,177.0,122.0,L,0.15,16.01,9.0,PASS,PASS,669724,"Hanifee, Brenan",SB,2B,0.92,high,
95caebf2-5f44-352f-9f3c-d7314e1951dd,HOME,59.72382048331416,3.7,179.0,120.0,R,0.22,33.69,9.0,PASS,PASS,666142,"Ragans, Cole",SB,2B,0.988,high,
06aafa33-113a-36be-912c-2201b1406022,AWAY,59.78927659772414,8.8,158.0,126.0,L,0.1,17.74,9.0,PASS,no_release,682842,"Uribe, Abner",CS,2B,0.535,low,delivery_s 0.535 outside 0.7-1.31
1e147433-1de9-31db-bb1a-e1936a25d14d,HOME,59.63497505392916,3.8,178.0,113.0,R,0.18,35.76,9.0,PASS,PASS,664285,"Valdez, Framber",SB,2B,1.09,high,
68658c39-2ed9-3a66-ac9d-3faf83ee170c,HOME,59.69411935814716,3.6,179.0,108.0,L,0.14,25.0,8.0,PASS,PASS,683004,"Leiter, Jack",SB,3B,1.189,high,
74bafba6-f5b3-36f8-a660-a1c8c6030d61,HOME,59.81471679393118,3.7,177.0,111.0,L,0.13,21.49,8.0,PASS,PASS,670955,"Uceta, Edwin",CS,2B,1.103,high,
1ca94f69-57b8-38ed-9e32-c7fa37932701,HOME,59.759361855385905,4.3,177.0,118.0,R,0.14,18.81,9.0,PASS,PASS,607074,"Rodón, Carlos",CS,2B,0.987,high,
b639553a-a28d-3908-8af7-85aaff047a3e,HOME,59.69393414172604,5.7,178.0,109.0,L,0.11,8.53,9.0,PASS,PASS,489446,"Yates, Kirby",SB,2B,1.156,high,
2b0d917c-c415-3094-bfdb-6cb98ade0577,HOME,59.68906798150325,3.8,181.0,121.0,R,0.15,7.46,7.0,PASS,PASS,622780,"Perdomo, Angel",SB,2B,1.005,high,
308f7fd7-7f7f-31ad-b505-99ac6b384ebc,HOME,59.736657988225396,4.0,179.0,114.0,L,0.23,27.13,9.0,PASS,PASS,621242,"Díaz, Edwin",SB,2B,1.088,high,
2931e859-a700-35dd-af0a-b8cf0ee87ba1,AWAY,59.79933999246971,7.5,190.0,,,0.87,,8.0,release_not_at_hand,release_not_at_hand,694738,"Roupp, Landen",SB,2B,,not measured,release_not_at_hand
a20d2a1d-0889-3b57-ace8-df862bd08557,AWAY,59.77604343400068,8.0,179.0,120.0,L,0.15,23.27,9.0,PASS,cut_in_window,686752,"Pepiot, Ryan",SB,2B,0.987,high,
15b03c2c-0e1e-358f-85ed-98d0940476ff,HOME,59.78889785040502,3.8,180.0,111.0,R,0.16,22.62,9.0,PASS,PASS,676395,"Garcia, Robert",SB,2B,1.154,high,
65bfecc4-2a2f-3cfb-bbc7-57ee176d61e3,AWAY,59.73240568831013,8.1,180.0,120.0,L,0.18,27.33,9.0,PASS,cut_in_window,686752,"Pepiot, Ryan",SB,2B,1.004,high,
b4b50092-01f0-38a3-a442-70d0f71bafa6,HOME,59.7197269134028,3.7,179.0,114.0,R,0.13,15.69,8.0,PASS,PASS,605488,"Springs, Jeffrey",SB,2B,1.088,high,
e2d65829-e530-3b79-95f0-2dcad8557c50,AWAY,59.70957977169992,7.5,187.0,122.0,L,0.87,13.24,9.0,release_not_at_hand,release_not_at_hand,670059,"Holderman, Colin",SB,2B,,not measured,release_not_at_hand
3b5e1b33-3a3f-34e2-845a-e11c19f891cc,AWAY,59.63545674864151,6.3,,,,,,,no_release,no_release,687765,"Spence, Mitch",SB,2B,,not measured,no_release
f1b82093-fb83-3dd2-9e30-9a206501279e,HOME,59.69196501331015,3.6,183.0,118.0,R,0.14,17.02,9.0,PASS,PASS,605488,"Springs, Jeffrey",SB,3B,1.089,high,
e8cba1b6-a4bb-3295-bcc4-8368cfccc4b1,AWAY,59.79484223726332,7.6,192.0,113.0,L,0.88,16.0,9.0,release_not_at_hand,release_not_at_hand,518876,"Kelly, Merrill",SB,2B,,not measured,release_not_at_hand
b0e85280-acd9-4fea-a05e-0b4e843d624c,AWAY,59.70307669855253,8.0,176.0,116.0,L,0.08,22.79,9.0,PASS,cut_in_window,686613,"Brown, Hunter",SB,2B,1.005,high,
313bbabe-f39e-4e23-a42a-a91eed6a5677,AWAY,59.77106554141684,7.6,,,,,,,no_release,cut_in_window,686613,"Brown, Hunter",SB,2B,,not measured,no_release
c587156f-3032-389e-9f6b-1875b681fc59,AWAY,59.74868335796318,7.7,180.0,118.0,R,0.1,16.04,9.0,PASS,cut_in_window,678821,"Peralta, Luis",SB,2B,1.038,high,
c4280f24-4318-3e8a-9a20-c55b9ece479d,HOME,59.773241196097345,3.9,179.0,117.0,L,0.19,18.22,9.0,PASS,PASS,641755,"Kinley, Tyler",SB,2B,1.037,high,
7fc4c3a0-7fe3-3d7e-aa6a-b079f3cdb3c0,AWAY,59.79783271700576,8.7,183.0,129.0,L,0.16,14.27,9.0,PASS,cut_in_window,622608,"Senzatela, Antonio",SB,2B,0.903,high,
aaeca10e-6eb6-3c19-a512-e4852f123765,AWAY,59.74747875804018,5.3,,,,,,,no_release,no_release,656557,"Houck, Tanner",SB,2B,,not measured,no_release
b773e59d-ae36-3440-bab5-5a97a9664729,AWAY,59.80660557050172,9.4,181.0,106.0,L,0.91,10.63,6.0,cut_in_window,release_not_at_hand,518876,"Kelly, Merrill",SB,2B,,not measured,cut_in_window
0bc51782-be78-3798-a216-99a15bc19f0e,AWAY,59.779334834025555,5.300000000000001,,,,,,,not_cf_view,release_not_at_hand,571946,"Miller, Shelby",SB,2B,,not measured,not_cf_view
e319aa0a-57c0-384c-b2ca-5a99c0c05b1e,HOME,59.79900606649201,3.6,174.0,116.0,L,0.17,12.13,9.0,PASS,PASS,592836,"Walker, Taijuan",CS,2B,0.97,high,
4dde2b60-52ad-3ba5-8c87-0c4a19d8fb80,HOME,59.764300343588765,3.6,182.0,96.0,L,0.1,18.83,9.0,PASS,PASS,493603,"Ottavino, Adam",SB,3B,1.439,low,delivery_s 1.439 outside 0.7-1.31
0acc3b9e-1939-3c54-b112-45131062824e,HOME,59.70888600910229,3.9,183.0,120.0,L,0.26,16.5,9.0,PASS,PASS,684320,"Rodríguez, Yariel",SB,2B,1.055,high,
b22335a8-52ca-3965-83f6-53b117595fee,AWAY,59.7993373114374,8.9,187.0,118.0,L,0.76,14.7,9.0,release_not_at_hand,release_not_at_hand,684320,"Rodríguez, Yariel",SB,2B,,not measured,release_not_at_hand
a9c56e51-9f59-3fb6-94f7-9117e9166149,AWAY,,3.7,,,,,,,no_clip,no_set_before_lift,666200,"Luzardo, Jesús",SB,2B,,not measured,no_clip
2e0abda0-9434-3c4f-9252-bf354a715c59,AWAY,59.77960881872233,8.5,186.0,116.0,L,1.12,15.0,5.0,not_cf_view,no_release,663423,"Thornton, Trent",SB,2B,,not measured,not_cf_view
98ba7c50-c6b0-379a-9c78-799fa6fc1cb0,HOME,59.594847432570816,3.7,178.0,107.0,R,0.11,19.75,9.0,PASS,PASS,666200,"Luzardo, Jesús",SB,3B,1.191,high,
fa8c159b-cf08-3ec2-9664-344641063ecc,HOME,59.67197738794756,3.7,183.0,108.0,R,0.1,27.22,7.0,PASS,PASS,642048,"Saucedo, Tayler",SB,2B,1.257,high,
7d67a885-0c2a-3bd8-b445-74d028564fc8,AWAY,59.80998771415208,8.1,,,,,,,no_release,no_release,666808,"Doval, Camilo",SB,3B,,not measured,no_release
b89e1336-3d24-342d-94d2-b7a994a37e2d,AWAY,,4.0,,,,,,,no_clip,no_release,641793,"Littell, Zack",SB,2B,,not measured,no_clip
fc08045f-238f-3cff-bc9d-c663c9b0c9a5,AWAY,,3.6,,,,,,,no_clip,no_release,641793,"Littell, Zack",SB,3B,,not measured,no_clip
89fb0277-af37-370e-91ba-bc7031b7d917,HOME,59.72669326263318,4.1,191.0,127.0,L,0.54,4.42,8.0,PASS,PASS,664875,"Lawrence, Justin",CS,2B,1.072,low,release_to_wrist 0.54 outside -0.32
1c9fe2e1-a246-3c35-abba-a116156131ae,HOME,59.6293044904179,3.7,181.0,114.0,L,0.15,23.99,9.0,PASS,PASS,656605,"Keller, Mitch",SB,3B,1.124,high,
f6e553a0-8102-3d31-a01e-62dd8d34d7b6,AWAY,59.76624455149223,9.1,182.0,,,0.2,,9.0,cut_in_window,no_set_before_lift,608331,"Fried, Max",SB,2B,,not measured,cut_in_window
1b48754f-c985-3d3a-af59-b925a67215f9,AWAY,,3.3,,,,,,,no_clip,no_release,685801,"Bigge, Hunter",SB,2B,,not measured,no_clip
7eca599a-e007-3d6e-950d-638cd49e86d1,HOME,59.76189503649498,3.7,175.0,122.0,L,0.19,7.58,9.0,PASS,PASS,607259,"Martinez, Nick",CS,2B,0.887,high,
91f72815-b169-3845-b022-4fabc8d49c87,AWAY,59.780141922485086,12.100000000000001,188.0,115.0,L,1.23,8.36,8.0,release_not_at_hand,not_cf_view,663372,"Feltner, Ryan",SB,2B,,not measured,release_not_at_hand
103604ae-0025-3410-a47a-81f7cf8fdff5,AWAY,59.831922308881545,8.4,182.0,111.0,L,0.25,17.19,3.0,PASS,cut_in_window,666808,"Doval, Camilo",SB,3B,1.187,low,ball_pts 3.0 outside 5-
dee18b0d-9d08-3f52-ab84-630741518208,HOME,59.63928211154098,3.8,179.0,123.0,L,0.12,9.88,6.0,PASS,PASS,607259,"Martinez, Nick",SB,2B,0.939,high,
1b692988-08f8-3f64-8cec-c819792d1c41,AWAY,,3.8,,,,,,,no_clip,no_set_before_lift,605447,"Romano, Jordan",SB,2B,,not measured,no_clip
3dcea64a-6741-393a-9210-cdc0865c0d1e,HOME,59.74742342865438,3.9,180.0,122.0,L,0.45,12.11,9.0,PASS,PASS,607200,"Fedde, Erick",SB,2B,0.971,low,release_to_wrist 0.45 outside -0.32
64b1050c-948d-399d-bb30-e7e9c455cbb7,HOME,59.77500366790402,3.6,181.0,129.0,L,0.16,7.65,7.0,PASS,PASS,600917,"Leclerc, José",SB,2B,0.87,high,
bd8cec0b-fbcb-3114-aee2-6a2edb8cc832,HOME,59.702517874796456,3.7,175.0,122.0,L,0.32,19.3,9.0,PASS,PASS,669711,"Weissert, Greg",SB,2B,0.888,high,
6bc7d7cf-8933-33d4-860e-dc8df5bef4f0,AWAY,59.69536566922329,8.1,181.0,119.0,L,0.45,21.89,8.0,PASS,not_cf_view,689690,"Jacob, Alek",SB,2B,1.039,low,release_to_wrist 0.45 outside -0.32
1c4a46ec-264b-336f-8dc0-4b772ff0bf58,AWAY,59.802734037030625,8.1,177.0,111.0,L,0.16,18.28,9.0,PASS,cut_in_window,622554,"Domínguez, Seranthony",SB,2B,1.104,high,
5fd4cfc3-438c-3656-b19b-b45eba42ffa0,HOME,59.7568121378966,3.7,181.0,113.0,R,0.13,17.89,7.0,PASS,PASS,621363,"Poche, Colin",SB,2B,1.138,high,
e5880596-b51f-3c85-8370-52ded093c983,AWAY,59.731757109188294,6.8,,,,,,,no_release,no_set_before_lift,622554,"Domínguez, Seranthony",SB,3B,,not measured,no_release
af2d6cfe-27cf-3a8b-872c-b87098afe7f0,HOME,59.70054640602484,3.9,179.0,121.0,R,0.17,22.48,9.0,PASS,PASS,672335,"Pérez, Cionel",SB,3B,0.972,high,
973863fb-bf16-35a7-9cd8-7cfe69f69f76,AWAY,59.742004206963124,10.2,176.0,104.0,L,0.13,19.51,9.0,cut_in_window,no_set_before_lift,686826,"Jarvis, Bryce",CS,2B,,not measured,cut_in_window
db39940d-af5a-3e6c-b12a-3947f0ecbbeb,HOME,59.66947007555079,6.3,255.0,196.0,L,0.2,23.91,9.0,PASS,PASS,640448,"Finnegan, Kyle",CS,2B,0.989,high,
46fc8766-4240-3f40-b40a-60f8eb859d75,HOME,59.74065527299137,3.8,173.0,113.0,L,0.29,23.13,9.0,PASS,PASS,682243,"Miller, Bryce",SB,3B,1.004,high,
9b3ab9a0-4ac8-34bc-a605-c33ac1660d25,HOME,59.7794988757344,3.6,182.0,124.0,L,0.1,9.08,7.0,PASS,PASS,671737,"Bradley, Taj",SB,2B,0.97,high,
fa278eb1-391e-3d5e-8982-7b7436f1117b,HOME,59.62344482181423,3.6,175.0,112.0,R,0.09,22.51,9.0,PASS,PASS,592662,"Ray, Robbie",SB,2B,1.057,high,
3e6aca14-e307-3936-8e6b-1ba2d6530535,HOME,59.69533270935743,3.8,184.0,126.0,L,0.14,12.73,9.0,PASS,PASS,594798,"deGrom, Jacob",SB,2B,0.972,high,
0efa1f32-175f-3b38-a356-b92e5443ca09,HOME,59.608454270965225,3.8,180.0,126.0,L,0.2,5.89,5.0,PASS,PASS,664875,"Lawrence, Justin",SB,3B,0.906,high,
719bb15a-d288-3655-90b6-d47b0a72b833,HOME,59.801950853408734,3.7,173.0,120.0,L,0.1,2.56,9.0,PASS,PASS,660730,"Rodríguez, Elvin",CS,2B,0.886,low,lift_peak_in 2.56 outside 4.28-
0b2aa44d-dcd1-3d2b-8843-54eb1f82197e,AWAY,59.83528638314129,7.9,194.0,,,0.82,,9.0,release_not_at_hand,release_not_at_hand,670955,"Uceta, Edwin",SB,2B,,not measured,release_not_at_hand
cbbb2f73-c553-3be5-a6d8-cd01bb46c427,HOME,59.63818078610295,3.7,177.0,121.0,L,0.27,17.55,7.0,PASS,PASS,682243,"Miller, Bryce",CS,2B,0.939,high,
4ce2f450-1da1-3572-b188-5190cbab04fc,HOME,59.793585617578515,5.5,183.0,119.0,L,0.53,25.42,9.0,PASS,PASS,700363,"Smith-Shawver, AJ",SB,2B,1.07,low,release_to_wrist 0.53 outside -0.32
d31f9f2d-7eec-3560-aab0-aa372be474d3,AWAY,59.80721716170217,6.699999999999999,,,,,,,no_release,no_release,641927,"Ober, Bailey",SB,2B,,not measured,no_release
ea3c35e6-28e5-3acf-a7fd-0d6a77115b46,AWAY,59.856285158927896,9.0,183.0,101.0,L,0.78,23.75,6.0,cut_in_window,cut_in_window,615698,"Quantrill, Cal",CS,2B,,not measured,cut_in_window
29499e35-33ef-3181-89d6-beadf8c890dd,HOME,59.758972145679095,3.8,175.0,126.0,L,0.12,8.95,9.0,PASS,PASS,663903,"Singer, Brady",SB,2B,0.82,high,
803daf64-0ecd-3d58-925f-4b212d17efc8,AWAY,59.74282924706518,9.8,178.0,117.0,L,0.47,18.25,7.0,PASS,cut_in_window,689690,"Jacob, Alek",SB,2B,1.021,low,release_to_wrist 0.47 outside -0.32
cf775f09-613c-3e7b-a20b-40b91243c829,AWAY,59.82097612466179,5.1,182.0,119.0,R,0.31,17.24,9.0,PASS,not_cf_view,663559,"Falter, Bailey",SB,2B,1.053,high,
96148b4c-1bee-35ec-9c6d-9ba1625f7d42,AWAY,59.81478733565041,9.3,,,,,,,no_release,release_not_at_hand,681293,"Arrighetti, Spencer",SB,2B,,not measured,no_release
5f42c454-4e22-30ec-aae0-74984d5d20f2,HOME,59.65086698441475,3.8,178.0,112.0,R,0.13,22.54,9.0,PASS,PASS,592662,"Ray, Robbie",SB,2B,1.106,high,
a93a445b-45bc-3c8b-9edc-6ff8493ecd72,AWAY,59.71989895196805,9.6,186.0,118.0,L,1.06,18.19,4.0,release_not_at_hand,no_release,689690,"Jacob, Alek",CS,2B,,not measured,release_not_at_hand
ae2719ae-f5dc-380b-8368-c9e78068651b,HOME,59.8009518648597,3.7,175.0,123.0,L,0.26,15.36,8.0,PASS,PASS,666171,"Zeferjahn, Ryan",SB,2B,0.87,high,
a42665e4-7906-3dbc-8cbc-374cc8f59aeb,HOME,59.79194236759292,3.6,177.0,102.0,L,0.23,26.2,7.0,PASS,PASS,642207,"Williams, Devin",SB,3B,1.254,high,
1f1f7aac-f5b2-33e9-a5c8-4a84e0e8124b,HOME,59.77603910681314,3.6,179.0,105.0,L,0.12,16.74,9.0,PASS,PASS,592094,"Adam, Jason",SB,3B,1.238,high,
b048abe1-64b6-33e0-a8e6-54b9a6e031e6,AWAY,59.655708980012214,9.4,179.0,123.0,L,0.17,13.65,7.0,PASS,no_release,683155,"Estes, Joey",SB,2B,0.939,high,
e3c109ed-5fc4-3a63-8c6f-34741eea0b2d,HOME,59.75190042876159,3.6,176.0,113.0,L,0.04,3.72,8.0,PASS,PASS,669467,"Pallante, Andre",SB,2B,1.054,low,lift_peak_in 3.72 outside 4.28-
553a712a-5bb9-3c1f-9d10-a72c570d2b6d,AWAY,,3.6,,,,,,,no_clip,no_set_before_lift,571945,"Mikolas, Miles",SB,2B,,not measured,no_clip
893cdbca-342a-31e6-92bf-21f2268bafba,AWAY,59.669393607151896,8.3,179.0,117.0,L,0.2,17.01,6.0,PASS,cut_in_window,656876,"Rasmussen, Drew",SB,2B,1.039,high,
486d68f0-51d2-3415-9db9-c08090e116b0,HOME,59.76467658594285,3.6,178.0,116.0,L,0.14,9.9,5.0,PASS,PASS,677958,"Rocker, Kumar",SB,2B,1.037,high,
3e1b723e-0292-3422-b0b7-99a32a0f982f,AWAY,59.730243557076165,7.6,187.0,119.0,R,0.73,5.55,9.0,release_not_at_hand,release_not_at_hand,571760,"Heaney, Andrew",SB,2B,,not measured,release_not_at_hand
42a464cd-c65b-3a9f-82b4-6494b94be9a2,AWAY,59.7125430180522,5.2,179.0,125.0,L,0.21,16.99,7.0,PASS,not_cf_view,656876,"Rasmussen, Drew",SB,2B,0.904,high,
44dd33fd-3aea-3256-a57f-39ec0ce6594b,AWAY,59.783740038967025,7.699999999999999,181.0,123.0,L,0.23,21.76,6.0,PASS,no_set_before_lift,695549,"Jobe, Jackson",CS,2B,0.97,high,
4ba3a8a6-8b78-3a3c-91d8-1941545fe895,HOME,59.72415744460401,3.6,180.0,112.0,L,0.16,17.4,9.0,PASS,PASS,666808,"Doval, Camilo",SB,3B,1.139,high,
52267efc-df72-3fb1-a85b-77609ad9c4d8,AWAY,59.723542703956504,8.4,176.0,122.0,R,0.18,12.15,9.0,PASS,cut_in_window,621345,"Minter, A.J.",SB,2B,0.904,high,
12b56d8b-00a8-3f4f-b5da-f21515f959e6,AWAY,59.59781408461896,11.5,178.0,104.0,L,0.19,18.04,7.0,cut_in_window,cut_in_window,657097,"Webb, Jacob",SB,2B,,not measured,cut_in_window
c71bdee9-bcd0-37f7-a3f7-934d388b7bd2,HOME,59.68495960880481,3.7,177.0,127.0,L,0.28,8.98,9.0,PASS,PASS,682847,"Ortiz, Luis",SB,2B,0.838,high,
6a705926-6d94-3970-acbf-716dbdf88c40,AWAY,59.701360966240856,7.699999999999999,177.0,,,0.28,,9.0,not_cf_view,not_cf_view,655889,"Rodríguez, Manuel",SB,2B,,not measured,not_cf_view
09e58c6b-2f97-3f00-b9ce-5836e3517328,HOME,59.72349552941561,3.7,179.0,115.0,L,0.17,30.92,9.0,PASS,PASS,605347,"López, Jorge",SB,2B,1.072,high,
f2ac0706-07e7-34d5-8607-164dea8ab53a,AWAY,59.79113776027279,9.9,177.0,94.0,L,0.2,22.69,9.0,cut_in_window,cut_in_window,622554,"Domínguez, Seranthony",SB,2B,,not measured,cut_in_window
84c8ea4e-77f7-3f57-b142-8b58bf290ddf,AWAY,59.78348782526492,8.1,182.0,144.0,L,0.14,3.46,9.0,PASS,cut_in_window,694477,"Patrick, Chad",CS,2B,0.636,low,lift_peak_in 3.46 outside 4.28-; delivery_s 0.636 outside 0.7-1.31
f26dbd3c-ee0d-33b6-bcae-638864b62d01,HOME,59.73955383290705,3.8,177.0,112.0,R,0.16,12.18,9.0,PASS,PASS,542881,"Anderson, Tyler",SB,3B,1.088,high,
5ef924a0-eb27-37ec-810e-d1932391880e,AWAY,59.82057097590887,11.4,178.0,,,0.13,,8.0,cut_in_window,cut_in_window,622554,"Domínguez, Seranthony",SB,3B,,not measured,cut_in_window
970ba105-d908-33d3-969c-d900645e8df5,AWAY,59.74792675406084,6.8,,,,,,,no_release,no_release,670970,"Morejon, Adrian",SB,2B,,not measured,no_release
089bdbd7-8c2b-300b-87df-14114e145cf2,AWAY,,0.0,,,,,,,no_clip,no_clip,519151,"Pressly, Ryan",SB,2B,,not measured,no_clip
bec11c2c-6381-3daf-b59b-cdc1c117d10b,AWAY,59.75704316360817,5.800000000000001,183.0,119.0,L,0.7,23.51,9.0,release_not_at_hand,no_release,668881,"Greene, Hunter",SB,2B,,not measured,release_not_at_hand
b89197b7-3e6e-328f-9367-89d484a7195a,HOME,59.67092549497147,3.6,184.0,130.0,L,0.2,6.97,9.0,PASS,PASS,680573,"Woods Richardson, Simeon",CS,2B,0.905,high,
c5ed9659-b662-34e6-89ca-5d00d86d9ab0,HOME,59.790078347677515,3.6,177.0,116.0,R,0.18,18.05,9.0,PASS,PASS,669461,"Liberatore, Matthew",CS,2B,1.02,high,
919d99ec-1485-3a13-b430-e44dedc8cd3d,AWAY,,0.0,,,,,,,no_clip,no_clip,605463,"Scott, Tayler",SB,2B,,not measured,no_clip
a8e93e1d-32ac-3d66-a667-7c0625aa4043,AWAY,59.77958818505917,7.6,,,,,,,no_release,cut_in_window,669160,"May, Dustin",SB,2B,,not measured,no_release
06a19ba9-e6f3-3dcf-9730-5cf21ac5b404,HOME,59.73914614831324,3.7,174.0,124.0,L,0.12,4.77,9.0,PASS,PASS,657044,"Thompson, Ryan",SB,2B,0.837,high,
4cc74ae8-526d-38eb-b43d-8039f4799011,HOME,59.77890880798781,3.7,178.0,123.0,R,0.1,6.77,9.0,PASS,PASS,657006,"Steele, Justin",CS,2B,0.92,high,
b5ae5337-6d0c-3084-b976-312ddb16e976,HOME,59.67346512962287,3.7,174.0,120.0,L,0.17,11.02,9.0,PASS,PASS,668678,"Gallen, Zac",SB,2B,0.905,high,
6e89e3df-8521-3f0b-bc6d-c102c2b7ca2c,HOME,59.75605469436535,3.7,183.0,129.0,L,0.24,4.38,9.0,PASS,PASS,673540,"Senga, Kodai",SB,2B,0.904,high,
8c19258c-8f5d-350f-a8e7-0111fcb8905b,AWAY,59.732857145282054,9.9,256.0,,,1.74,,3.0,cut_in_window,cut_in_window,543135,"Eovaldi, Nathan",SB,2B,,not measured,cut_in_window
3bc7f9db-47af-37aa-b57b-8bf4f72d8787,HOME,59.812977418256615,3.8,175.0,114.0,L,0.27,13.91,8.0,PASS,PASS,669160,"May, Dustin",SB,2B,1.02,high,
a5452dd6-a4bf-38da-9ff8-53fd78f66bd9,HOME,59.77292149920645,3.6,185.0,116.0,L,0.38,36.0,9.0,PASS,PASS,621244,"Berríos, José",SB,2B,1.154,low,release_to_wrist 0.38 outside -0.32
afa02151-1d8a-304b-95bc-5709c879029d,AWAY,59.71777820374821,11.2,242.0,,,1.01,,9.0,release_not_at_hand,release_not_at_hand,650556,"Abreu, Bryan",SB,2B,,not measured,release_not_at_hand
9da99d08-8b14-3853-bdda-8efa034dd7d6,HOME,59.70533122680678,5.3,178.0,112.0,L,0.16,19.3,9.0,PASS,PASS,543135,"Eovaldi, Nathan",SB,2B,1.105,high,
35c248cd-f50f-3767-98c9-020f90c0f21e,AWAY,59.658986288253566,7.2,152.0,120.0,L,0.06,17.7,9.0,PASS,cut_in_window,669713,"Wesneski, Hayden",SB,2B,0.536,low,delivery_s 0.536 outside 0.7-1.31
39551f22-9dd7-3553-8a72-0b3577429d7b,AWAY,,0.0,,,,,,,no_clip,no_clip,543135,"Eovaldi, Nathan",SB,3B,,not measured,no_clip
8071807f-1645-3d47-91ca-3f7dca9f6a4a,HOME,59.76828056670343,5.4,180.0,111.0,L,0.19,19.74,6.0,PASS,PASS,543135,"Eovaldi, Nathan",SB,2B,1.154,high,
4455e17c-2b05-337a-99db-531f08bbce43,AWAY,59.75559959764563,7.7,,,,,,,no_release,cut_in_window,642520,"Garabito, Gerson",SB,2B,,not measured,no_release
718d38b6-131e-3702-9196-93d9c3f1d9c3,AWAY,59.826201099338,6.699999999999999,,,,,,,no_release,no_release,690916,"Fitts, Richard",SB,2B,,not measured,no_release
f0198c50-029b-3e0f-9c55-425e8058bdc8,HOME,59.724100622126045,3.5,177.0,126.0,L,0.29,18.16,7.0,PASS,PASS,669711,"Weissert, Greg",SB,2B,0.854,high,
503ffab0-1135-30e9-9ddc-5b6e225fbc96,AWAY,59.805252418258114,6.699999999999999,,,,,,,no_release,no_release,592094,"Adam, Jason",CS,2B,,not measured,no_release
8ea8bc47-c1d0-3e98-b1b1-a7c371bfaa5c,HOME,59.7764545475554,3.8,176.0,123.0,L,0.23,12.92,9.0,PASS,PASS,622491,"Castillo, Luis",CS,2B,0.887,high,
da9d531b-117b-3741-9060-6ca420a2bc6a,AWAY,59.72087447913694,9.100000000000001,226.0,,,0.76,,9.0,not_cf_view,no_release,622491,"Castillo, Luis",SB,2B,,not measured,not_cf_view
51faa278-fd24-34f6-9c2a-36bbc83133db,AWAY,59.776914182852295,7.7,189.0,117.0,R,0.49,22.09,5.0,PASS,no_set_before_lift,519242,"Sale, Chris",SB,3B,1.204,low,release_to_wrist 0.49 outside -0.32
8f86e95d-97d5-3cb3-bd67-93e4fa4c6749,AWAY,59.803947357887,9.100000000000001,189.0,,,0.96,,9.0,release_not_at_hand,release_not_at_hand,642547,"Peralta, Freddy",SB,3B,,not measured,release_not_at_hand
725c4a76-f4f3-3e62-a3f8-8d9c3d52bcd9,AWAY,59.81615417668957,8.0,179.0,118.0,R,0.08,22.94,9.0,PASS,cut_in_window,571578,"Corbin, Patrick",SB,2B,1.02,high,
897e8392-7962-3dfc-8ced-5e3602693dd6,AWAY,59.78129339970735,7.9,182.0,,,0.27,,9.0,cut_in_window,cut_in_window,661403,"Clase, Emmanuel",SB,2B,,not measured,cut_in_window
0dc2f654-50a0-3316-90f0-1603cb42f42f,HOME,59.78873794235611,4.0,184.0,123.0,L,0.32,14.51,7.0,PASS,PASS,519151,"Pressly, Ryan",CS,2B,1.02,high,
769beb8d-c721-3b1c-bc5b-d0477284cfca,AWAY,59.817988823147594,4.4,,,,,,,not_cf_view,no_release,640462,"Puk, A.J.",SB,2B,,not measured,not_cf_view
91f86344-8027-3477-b8f8-cffa1ac60e13,HOME,59.72517894215607,5.9,255.0,185.0,R,0.08,18.86,9.0,PASS,PASS,640462,"Puk, A.J.",SB,3B,1.172,high,
b10e6be3-3c9a-3e6a-8aaa-720a4fad89f5,AWAY,59.76151771703485,7.4,178.0,115.0,R,0.1,23.62,9.0,PASS,not_cf_view,571578,"Corbin, Patrick",SB,2B,1.054,high,
01f47f18-bd59-3ffe-be39-fd28f5837243,HOME,59.81762271474526,3.8,181.0,123.0,L,0.16,16.16,9.0,PASS,PASS,594902,"Lively, Ben",SB,2B,0.97,high,
994c09d5-1667-3dda-bf7d-76685ef03dde,AWAY,59.75446937379921,7.5,174.0,101.0,R,0.09,22.6,9.0,PASS,cut_in_window,664285,"Valdez, Framber",SB,2B,1.222,high,
cc4acd97-d5da-3914-8e94-aada32a6d253,AWAY,59.81995467872173,7.1,,,,,,,no_release,no_release,455119,"Martin, Chris",SB,3B,,not measured,no_release
084df9ce-b708-3cff-8b61-0d32b343c07e,HOME,59.798825608464206,3.9,178.0,118.0,L,0.15,24.46,9.0,PASS,PASS,687362,"Gillispie, Connor",SB,2B,1.003,high,
acb6a2f2-463c-31a3-8d18-e8c72d327728,HOME,59.892769470645945,4.2,178.0,125.0,L,0.22,11.64,9.0,PASS,PASS,605280,"Holmes, Clay",CS,2B,0.885,high,
4ed49bd6-b2f9-3e03-b633-b37219540698,HOME,59.78942456324555,4.2,173.0,110.0,R,0.14,16.47,9.0,PASS,PASS,607536,"Freeland, Kyle",SB,3B,1.054,high,
78cdebb2-b2f1-3d89-8c82-88d0c55c34f5,AWAY,59.78836109988771,8.899999999999999,174.0,99.0,R,0.23,13.2,7.0,cut_in_window,cut_in_window,680736,"Wrobleski, Justin",SB,2B,,not measured,cut_in_window
f853b886-5805-371e-a92d-7984f6d4ae59,AWAY,59.706764389228326,7.699999999999999,193.0,,,0.27,,9.0,no_set_before_lift,no_set_before_lift,543294,"Hendricks, Kyle",CS,2B,,not measured,no_set_before_lift
e3c9eaec-1474-3f54-ab2a-48e9fa6c7c24,AWAY,59.74213344441848,6.9,,,,,,,no_release,no_release,642547,"Peralta, Freddy",SB,2B,,not measured,no_release
19c6e23a-83f2-3096-a2f0-3ec4eb2a926c,AWAY,59.72581566479621,10.1,262.0,,,1.2,,7.0,not_cf_view,no_release,445276,"Jansen, Kenley",SB,2B,,not measured,not_cf_view
f1d18857-ff93-3e25-ae04-4bcbf4ed5bc7,HOME,59.83191871890287,5.8,177.0,118.0,L,0.14,22.42,9.0,PASS,PASS,678215,"Arias, Luarbert",SB,2B,0.986,high,
7179326c-5920-3f00-90e0-967f4faf6cdd,AWAY,,0.0,,,,,,,no_clip,no_clip,686642,"Ellard, Fraser",CS,2B,,not measured,no_clip
19667594-c9a7-382e-8139-0183c79eec57,HOME,59.75910441022191,4.1,177.0,123.0,L,0.13,3.04,9.0,PASS,PASS,678226,"Hernández, Daysbel",SB,2B,0.904,low,lift_peak_in 3.04 outside 4.28-
da88bb64-f938-3239-bd76-d52613c1bdbf,HOME,59.78024219384767,4.1,174.0,115.0,R,0.17,14.94,2.0,PASS,PASS,678821,"Peralta, Luis",SB,3B,0.987,low,ball_pts 2.0 outside 5-
434fc3df-e352-3023-b34e-ae5d19aa45e4,HOME,59.81509672149408,4.4,179.0,126.0,L,0.1,13.56,8.0,PASS,PASS,656605,"Keller, Mitch",SB,2B,0.886,high,
92437181-8a0c-32fb-9f1a-cbb782dcdbb5,HOME,59.86173457834374,3.9,178.0,111.0,L,0.16,41.58,9.0,PASS,PASS,592332,"Gausman, Kevin",SB,2B,1.119,high,
06cdf672-df24-32e1-a9ff-27ee0510c25a,HOME,59.78724513342632,5.9,178.0,123.0,L,0.11,10.82,8.0,PASS,PASS,674370,"Bido, Osvaldo",SB,2B,0.92,high,
7a9697ad-ce3e-36f7-bdb6-640bebda13d0,HOME,59.68918036936049,4.0,177.0,114.0,L,0.22,20.78,8.0,PASS,PASS,681799,"Roberts, Ethan",CS,2B,1.055,high,
40e726db-6691-3e06-bd2a-ce439e5aecce,HOME,59.794002856290945,4.2,180.0,119.0,L,0.18,11.84,9.0,PASS,PASS,592094,"Adam, Jason",SB,2B,1.02,high,
80640c45-7f6d-3632-b40c-b5d9807d650c,HOME,59.65093158553649,4.1,178.0,117.0,L,0.16,20.51,9.0,PASS,PASS,674285,"Salazar, Eduardo",SB,2B,1.023,high,
4a665e02-eaf1-3be6-a916-8e1b3b63d8a7,HOME,59.73227687186661,4.2,181.0,111.0,L,0.13,18.61,7.0,PASS,PASS,554340,"García, Yimi",SB,2B,1.172,high,
d3073d2c-13cf-38f4-bb58-ef1ce8bda353,HOME,59.756535119679526,4.2,182.0,127.0,L,0.1,12.37,9.0,PASS,PASS,680704,"Sandlin, Nick",CS,2B,0.92,high,
38fd8851-e18b-30c9-a5bf-146b4e244961,AWAY,59.68925529015073,7.6,182.0,118.0,L,0.18,18.59,7.0,PASS,release_not_at_hand,605135,"Bassitt, Chris",SB,2B,1.072,high,
3c547ee1-c109-3577-b72d-d7bdfe1e63ff,AWAY,59.83049903193276,7.6,178.0,118.0,L,0.09,16.96,6.0,PASS,release_not_at_hand,660853,"De Los Santos, Enyel",SB,2B,1.003,high,
e2e642c0-4d31-32f3-ad66-acbc16bae59a,AWAY,59.7372778900956,5.300000000000001,180.0,,,0.18,,8.0,cut_in_window,not_cf_view,605135,"Bassitt, Chris",SB,2B,,not measured,cut_in_window
a2b1f563-a487-300c-861d-b5d8e25a21d5,AWAY,59.69321071009777,7.699999999999999,175.0,120.0,L,0.98,10.91,9.0,release_not_at_hand,cut_in_window,641927,"Ober, Bailey",SB,2B,,not measured,release_not_at_hand
49b1ba84-dcda-3684-ac50-dec035c0edc1,HOME,59.71089661273144,4.0,183.0,130.0,L,0.18,8.64,9.0,PASS,PASS,669060,"Wilson, Bryse",SB,2B,0.888,high,
c9507b9d-bc1d-3206-bffe-b788c6cd6741,AWAY,59.8007369604202,8.9,179.0,116.0,L,0.25,16.61,5.0,PASS,no_release,682990,"Priester, Quinn",SB,2B,1.053,high,
edb5f9a5-77a9-36cd-a160-3a68973de79b,AWAY,59.79573537015159,9.4,177.0,110.0,R,0.18,24.5,9.0,PASS,release_not_at_hand,592662,"Ray, Robbie",SB,2B,1.12,high,
1f1c4577-3bfe-3a4b-a9fd-5e1af9a713a6,AWAY,59.753916665774284,8.1,174.0,110.0,L,0.12,17.78,9.0,PASS,cut_in_window,608566,"Márquez, Germán",SB,2B,1.071,high,
c25a3647-c506-3b59-a7b9-41f322386a02,HOME,59.72289412411642,5.7,176.0,124.0,L,0.58,17.19,8.0,PASS,PASS,681857,"Olson, Reese",SB,2B,0.871,low,release_to_wrist 0.58 outside -0.32
4f7af32d-1073-3036-8db2-2ef2b5a7fc85,AWAY,,4.4,,,,,,,no_clip,not_cf_view,663559,"Falter, Bailey",SB,2B,,not measured,no_clip
6cab7418-d2e9-3111-9ed3-ba2debc4bbe3,HOME,59.77230549845238,3.8,180.0,113.0,R,0.18,38.61,9.0,PASS,PASS,680729,"McDaniels, Garrett",SB,3B,1.121,high,
7a9fa9ba-6141-37f8-b9b6-46c76dcddf1c,HOME,59.7519210669892,3.9,182.0,118.0,R,0.15,36.16,7.0,PASS,PASS,680729,"McDaniels, Garrett",SB,2B,1.071,high,
0c8932c7-f30d-33b9-bf69-340a1bab4159,AWAY,59.76651215916486,4.7,181.0,112.0,L,0.2,23.84,9.0,PASS,not_cf_view,665795,"Cabrera, Edward",SB,2B,1.154,high,
e8445416-bd29-3830-bd4d-a1ff4eee13b1,HOME,59.80977366523101,4.1,179.0,128.0,R,0.13,5.74,4.0,PASS,PASS,680730,"Parker, Mitchell",SB,2B,0.853,low,ball_pts 4.0 outside 5-
d9a68b5a-bea3-3420-b624-6b1101a5f21c,HOME,59.68705744188456,3.8,182.0,118.0,R,0.19,16.12,9.0,PASS,PASS,656794,"Newcomb, Sean",SB,2B,1.072,high,
f94a8474-e927-332b-ac6a-fb96300dcf7d,HOME,59.65178183269469,4.0,181.0,121.0,R,0.15,14.87,9.0,PASS,PASS,656794,"Newcomb, Sean",SB,2B,1.006,high,
dd4f33c4-2e5b-3573-942a-44a4ecc609ce,HOME,59.77855703122843,4.0,180.0,110.0,L,0.32,24.07,9.0,PASS,PASS,605400,"Nola, Aaron",SB,2B,1.171,high,
68e451cb-cbc2-36e5-90ec-258bc0bd9ea0,HOME,59.70617624470448,3.7,179.0,110.0,L,0.2,22.99,9.0,PASS,PASS,605400,"Nola, Aaron",SB,2B,1.156,high,
da86d31e-afd6-346c-9cf4-69751ffcfcfe,HOME,59.67881334692497,3.9,177.0,112.0,L,0.14,12.75,9.0,PASS,PASS,594798,"deGrom, Jacob",SB,2B,1.089,high,
9ce6d1ca-62e0-398a-b173-d601250f7645,HOME,59.75626858469869,3.9,168.0,108.0,R,0.11,13.39,8.0,PASS,PASS,593958,"Rodriguez, Eduardo",SB,3B,1.004,high,
742164c1-6ea8-3c3f-b732-959e9bce3a89,HOME,59.66924910607867,3.8,183.0,122.0,R,0.17,15.95,9.0,PASS,PASS,656794,"Newcomb, Sean",SB,2B,1.022,high,
5f71ad6b-22d8-3b05-b421-599799923fde,AWAY,59.78636123634296,5.800000000000001,,,,,,,no_release,no_release,682243,"Miller, Bryce",SB,2B,,not measured,no_release
598ba03c-e696-3db9-94cd-3aa7a125cb1c,HOME,59.70387913151708,4.0,182.0,121.0,L,0.18,17.26,9.0,PASS,PASS,672578,"Hernández, Carlos",SB,2B,1.022,high,
3ae3c44e-4691-3b8f-b762-a0b851296af6,HOME,59.69743412270727,3.8,178.0,119.0,L,0.19,3.41,9.0,PASS,PASS,669467,"Pallante, Andre",SB,3B,0.988,low,lift_peak_in 3.41 outside 4.28-
d0cc5abe-bd8a-3537-b252-2a4aa85a5e61,HOME,59.67776929959069,4.0,181.0,126.0,L,0.29,16.86,9.0,PASS,PASS,689225,"Brieske, Beau",SB,2B,0.922,high,
bbdfd954-43a5-3642-89ca-7c8b8c46fbcf,HOME,59.625088300206066,3.8,179.0,121.0,L,0.15,16.57,9.0,PASS,PASS,676440,"Bibee, Tanner",CS,2B,0.973,high,
b2fd0b9b-b684-3375-93ae-1607fd41da27,AWAY,59.76635381371788,7.1,159.0,102.0,R,0.21,10.58,9.0,PASS,no_release,676664,"Sears, JP",SB,2B,0.954,high,
0482ab15-e058-3468-b026-ff2cc55a96eb,HOME,59.623713336697925,4.0,178.0,120.0,L,0.19,14.75,9.0,PASS,PASS,682243,"Miller, Bryce",SB,2B,0.973,high,
ccb109f7-09af-37f7-ba2e-5fbca998e3fc,AWAY,,0.0,,,,,,,no_clip,no_clip,663559,"Falter, Bailey",SB,2B,,not measured,no_clip
ac552a1f-3070-363e-872e-594e1d31b8e9,HOME,59.73564872073163,3.9,182.0,125.0,L,0.16,13.74,9.0,PASS,PASS,693821,"Elder, Bryce",SB,2B,0.954,high,
242f4317-6ef2-3fc4-a2c8-09b04f199541,AWAY,59.7168112144924,7.800000000000001,174.0,113.0,R,0.07,24.78,9.0,PASS,not_cf_view,642232,"Yarbrough, Ryan",SB,2B,1.021,high,
06f52750-e635-3165-a244-9c587d3a4906,AWAY,59.767441693324606,11.7,253.0,,,1.8,,9.0,not_cf_view,not_cf_view,594798,"deGrom, Jacob",SB,2B,,not measured,not_cf_view
326fbf39-577e-3a63-8720-5a46865ad71f,HOME,59.697585475584106,4.1,182.0,115.0,L,0.14,23.6,9.0,PASS,PASS,572955,"Johnson, Pierce",SB,2B,1.122,high,
8ef25be2-e593-3aec-8a6a-1ed17ca3f7d0,AWAY,59.80037947098722,9.5,,,,,,,no_release,not_cf_view,663436,"Martin, Davis",SB,2B,,not measured,no_release
cee2a136-6958-3a0b-95ef-a38b92d7a44b,AWAY,59.82835534344009,7.9,194.0,,,1.2,,8.0,cut_in_window,release_not_at_hand,693821,"Elder, Bryce",SB,2B,,not measured,cut_in_window
8515a402-670f-3f03-b3c9-4feffd7b15d0,AWAY,59.71321534685441,9.6,180.0,,,0.11,,9.0,cut_in_window,no_release,678024,"Vasil, Mike",SB,2B,,not measured,cut_in_window
493d2df7-6b59-3943-9262-ddc3bab6d5b0,HOME,59.75575766075559,4.5,180.0,114.0,R,0.1,15.53,9.0,PASS,PASS,669276,"Lee, Dylan",SB,2B,1.104,high,
b9f0c0d3-77b3-309b-a846-46c9380ecc9a,AWAY,59.78049590521625,6.9,,,,,,,no_release,no_release,700363,"Smith-Shawver, AJ",CS,2B,,not measured,no_release
56632361-691a-3037-89f5-346cc76a4108,AWAY,59.80693900391718,8.1,169.0,110.0,L,0.11,19.49,9.0,PASS,cut_in_window,801403,"Dollander, Chase",SB,2B,0.987,high,
7deef204-97e1-3d35-ba9c-fe27d05b9302,AWAY,59.71024958252471,10.5,180.0,118.0,R,0.12,8.28,8.0,PASS,cut_in_window,547973,"Chapman, Aroldis",SB,2B,1.038,high,
d8a4ac4a-9821-3972-93a9-5d9dc3bc5d6e,HOME,59.75414135731608,4.1,178.0,124.0,L,0.17,7.88,6.0,PASS,PASS,669203,"Burnes, Corbin",CS,2B,0.904,high,
77b5a86f-97b6-3068-912b-4dde00310b37,AWAY,59.790662008429116,7.800000000000001,176.0,115.0,L,0.3,17.2,9.0,PASS,no_set_before_lift,676962,"Brown, Ben",SB,2B,1.02,high,
202c9b56-2554-32d7-bb39-2ea58df4e864,HOME,59.78049590521625,4.2,178.0,114.0,R,0.17,28.73,9.0,PASS,PASS,527048,"Pérez, Martín",SB,2B,1.071,high,
a0e000fb-b993-3d89-b860-6777b2017c3d,AWAY,59.71801628722346,2.3,,,,,,,not_cf_view,not_cf_view,677958,"Rocker, Kumar",SB,2B,,not measured,not_cf_view
e49cb0e4-723a-3423-962d-6208d36b54a4,HOME,59.66280128230498,4.0,147.0,112.0,L,0.09,17.23,9.0,PASS,PASS,678495,"Rodríguez, Randy",SB,2B,0.587,low,delivery_s 0.587 outside 0.7-1.31
4619ec62-d5c2-3a18-a15e-90045b9fb3b0,AWAY,59.74289078161627,9.4,148.0,107.0,R,0.1,17.45,7.0,PASS,no_set_before_lift,621363,"Poche, Colin",SB,2B,0.686,low,delivery_s 0.686 outside 0.7-1.31
8012e27a-39c9-3783-8c04-d4f7ef98ca21,AWAY,59.817782111453674,10.1,,,,,,,no_release,cut_in_window,643338,"Green, Chad",CS,2B,,not measured,no_release
aa6ef31e-2322-366a-b19c-ddf3b57c7b24,AWAY,59.744249732833815,7.699999999999999,179.0,119.0,L,0.25,15.56,9.0,PASS,cut_in_window,642585,"Bautista, Félix",SB,2B,1.004,high,
676e7d55-68ba-39f5-9708-b53343ea4483,AWAY,59.75708502024292,9.9,180.0,,,0.15,,9.0,cut_in_window,no_release,656876,"Rasmussen, Drew",SB,2B,,not measured,cut_in_window
61103041-97fd-373c-aa78-764d03b0991d,HOME,59.75178114250385,4.0,179.0,118.0,L,0.14,17.92,9.0,PASS,PASS,678024,"Vasil, Mike",SB,2B,1.021,high,
0b80d65e-2cf6-3ccc-9b9e-67f1589b5be5,AWAY,59.733354033650954,9.3,251.0,,,1.47,,5.0,release_not_at_hand,no_release,656986,"Sousa, Bennett",SB,2B,,not measured,release_not_at_hand
311b2032-e45c-3cb9-93dc-6d642f9963c1,AWAY,59.746598553436854,8.3,178.0,,,0.35,,9.0,no_set_before_lift,cut_in_window,682847,"Ortiz, Luis",SB,2B,,not measured,no_set_before_lift
c22c841b-5ead-376b-9176-b4a4a469461f,AWAY,59.8459488728868,7.699999999999999,176.0,118.0,R,0.25,10.83,9.0,PASS,cut_in_window,669022,"Gore, MacKenzie",CS,3B,0.969,high,
085bcb3e-c532-3a97-a0f1-480eb67b0e07,AWAY,59.76339823876754,4.8,,,,,,,no_release,not_cf_view,700249,"Povich, Cade",SB,2B,,not measured,no_release
8e9d62d4-f4e1-3202-bda1-c74b2fea1a44,HOME,59.697585475584106,4.0,182.0,121.0,R,0.15,16.2,8.0,PASS,PASS,656222,"Beeks, Jalen",SB,2B,1.022,high,
a7e2a3ac-113d-3070-b8f1-256fa022cb60,AWAY,59.8256301754642,5.5,176.0,94.0,R,0.13,15.82,9.0,cut_in_window,not_cf_view,669022,"Gore, MacKenzie",SB,2B,,not measured,cut_in_window
8ada07cf-3004-3d95-9714-5c59989b6b68,AWAY,59.71175949226688,11.2,195.0,,,1.05,,7.0,release_not_at_hand,release_not_at_hand,572955,"Johnson, Pierce",SB,2B,,not measured,release_not_at_hand
c2082426-8e60-3598-b10d-4a3c37b24177,HOME,59.66984150198351,4.0,176.0,120.0,L,0.18,21.62,9.0,PASS,PASS,615698,"Quantrill, Cal",SB,2B,0.938,high,
616a2d61-e96c-3c18-b969-9205d528b898,HOME,59.722587289344304,6.4,264.0,204.0,L,0.27,19.15,9.0,PASS,PASS,666974,"Cano, Yennier",CS,3B,1.005,high,
c4fd1c59-b3a5-307e-bee1-17eb97202c00,AWAY,59.81577695838963,7.5,,,,,,,not_cf_view,not_cf_view,543135,"Eovaldi, Nathan",CS,2B,,not measured,not_cf_view
a346085d-859d-38f7-ab18-b227ce2c3d1d,HOME,59.76256890727234,5.9,176.0,114.0,L,0.15,26.55,6.0,PASS,PASS,671212,"Boyle, Joe",SB,2B,1.037,high,
bc7e9f9b-c83a-38be-8479-476d52a1dc5f,AWAY,59.74745553124703,9.3,195.0,123.0,L,0.87,27.6,5.0,cut_in_window,release_not_at_hand,671212,"Boyle, Joe",SB,2B,,not measured,cut_in_window
86dcffd0-4392-37c7-ad54-74fc53192387,HOME,59.74989600224126,5.9,178.0,111.0,R,0.18,25.8,5.0,PASS,PASS,682254,"Montgomery, Mason",SB,2B,1.121,high,
e29d1480-dba3-3645-988a-6970848cf959,AWAY,59.71791005056329,7.4,180.0,127.0,R,0.19,11.45,8.0,PASS,no_release,700249,"Povich, Cade",SB,2B,0.888,high,
3fc72f8b-3532-38ad-8802-acb0d30e54f9,HOME,59.67572290182628,4.0,181.0,108.0,R,0.13,21.72,8.0,PASS,PASS,640462,"Puk, A.J.",SB,2B,1.223,high,
70a23004-696f-3429-b887-421903196320,AWAY,59.79812024255986,7.8,181.0,121.0,R,0.07,22.33,9.0,PASS,release_not_at_hand,519242,"Sale, Chris",SB,2B,1.003,high,
6bd52ea6-03fe-384a-a749-e24776499605,HOME,59.7731485299799,5.6,178.0,124.0,L,0.11,14.13,8.0,PASS,PASS,669387,"Mlodzinski, Carmen",SB,2B,0.903,high,
59b6545d-ddd4-3087-bd2f-4cbfc2a77094,AWAY,59.668401254930664,10.7,180.0,122.0,R,0.34,24.48,9.0,PASS,not_cf_view,519242,"Sale, Chris",SB,2B,0.972,low,release_to_wrist 0.34 outside -0.32
768db9a8-2d41-34a9-afea-bfbbfdaacd2c,AWAY,59.742764724457835,7.0,,,,,,,no_release,no_release,669461,"Liberatore, Matthew",SB,2B,,not measured,no_release
03d99b99-baff-3fa5-b079-e8bb291b73df,AWAY,59.59288229569707,8.1,175.0,114.0,L,0.12,4.31,9.0,cut_in_window,cut_in_window,592094,"Adam, Jason",SB,2B,,not measured,cut_in_window
11498595-30c4-380b-b9b6-08520aedae51,HOME,59.66320552821392,4.1,180.0,129.0,L,0.34,33.13,5.0,PASS,PASS,695418,"Lord, Brad",CS,2B,0.855,low,release_to_wrist 0.34 outside -0.32
9b6b282f-5b56-3698-b2f1-17c271a4582c,AWAY,59.70332849351237,9.7,180.0,121.0,L,0.12,17.67,8.0,PASS,release_not_at_hand,674285,"Salazar, Eduardo",SB,2B,0.988,high,
93f6caaf-449d-3eb4-9adb-7db0b9455a13,HOME,59.575266878423975,4.2,184.0,122.0,L,0.13,20.39,8.0,PASS,PASS,657746,"Ryan, Joe",SB,2B,1.041,high,
b449e6d9-c4a9-3674-b916-705186ae5d73,HOME,59.63234546066378,4.0,181.0,126.0,L,0.21,19.65,7.0,PASS,PASS,543243,"Gray, Sonny",CS,2B,0.922,high,
d78f7739-797a-3f29-b636-c783d656125c,AWAY,59.656637922334234,7.8,198.0,,,0.52,,9.0,no_set_before_lift,no_set_before_lift,664285,"Valdez, Framber",SB,2B,,not measured,no_set_before_lift
0f5da54b-750b-3a9f-bd3d-3d27e231dcae,AWAY,59.68062799075219,9.6,199.0,119.0,R,0.61,21.24,9.0,release_not_at_hand,release_not_at_hand,687922,"Lucas, Easton",SB,2B,,not measured,release_not_at_hand
17c6e439-f79f-35d4-8bea-3f5320a8e132,AWAY,59.83254811368977,8.0,178.0,120.0,L,0.16,22.7,8.0,PASS,cut_in_window,687362,"Gillispie, Connor",SB,2B,0.969,high,
aed5122e-0c21-3529-9200-2a4182213ee8,AWAY,59.78821684964814,9.5,191.0,118.0,L,0.99,25.87,5.0,release_not_at_hand,release_not_at_hand,434378,"Verlander, Justin",CS,2B,,not measured,release_not_at_hand
394ad4d7-32b1-368d-a519-3dafb6c44d88,HOME,59.73844851567482,4.1,178.0,118.0,L,0.17,16.74,7.0,PASS,PASS,657097,"Webb, Jacob",CS,2B,1.004,high,
c3ed6756-f172-3a8c-a55d-4de404cb55e4,HOME,59.80162088127786,4.0,181.0,118.0,L,0.18,13.78,8.0,PASS,PASS,656731,"Megill, Tylor",SB,2B,1.053,high,
1ece6d34-ca25-39b9-acc5-de23ce9dd749,AWAY,59.76921690005409,8.3,177.0,130.0,R,0.08,3.46,9.0,PASS,cut_in_window,663947,"Holton, Tyler",SB,2B,0.786,low,lift_peak_in 3.46 outside 4.28-
7837120a-f123-396a-8156-e4248f991f26,AWAY,59.757325705660946,8.2,,,,,,,no_release,release_not_at_hand,681895,"Sisk, Evan",SB,2B,,not measured,no_release
790e4383-762e-36d8-bd98-198049f54954,HOME,59.75754620575893,4.2,178.0,118.0,L,0.24,11.73,8.0,PASS,PASS,656731,"Megill, Tylor",SB,2B,1.004,high,
72f47769-5390-39bb-b8c6-8bcf285fee72,AWAY,59.76615765500034,7.2,,,,,,,no_release,no_release,656234,"Bird, Jake",CS,2B,,not measured,no_release
a3b85ae5-62e0-39bb-9123-f12449a75332,HOME,59.72142105114542,6.0,180.0,128.0,L,0.2,14.67,9.0,PASS,PASS,668820,"Kranick, Max",CS,2B,0.871,high,
fc0bbb93-a8af-3409-a9e9-08db2ebb28b4,HOME,59.73703388177815,4.1,178.0,121.0,L,0.18,17.3,9.0,PASS,PASS,656427,"Flaherty, Jack",SB,2B,0.954,high,
6e52c91b-0456-3c07-a892-9a6b57daf900,AWAY,59.7501749929642,9.899999999999999,194.0,123.0,L,1.08,20.66,6.0,release_not_at_hand,cut_in_window,686752,"Pepiot, Ryan",SB,2B,,not measured,release_not_at_hand
061f88b7-fcd1-3970-9487-26ee5afd7328,AWAY,59.78777686342483,8.6,179.0,,,0.59,,9.0,cut_in_window,release_not_at_hand,656240,"Blewett, Scott",SB,2B,,not measured,cut_in_window
5bd6764b-4d54-3494-8bd0-ba4d4b2601ae,AWAY,59.84085427978179,5.4,,,,,,,no_release,no_release,605130,"Barlow, Scott",SB,3B,,not measured,no_release
35b88c60-839f-3192-8b38-861c03a79e21,AWAY,59.71207899447808,8.3,186.0,112.0,L,0.84,18.03,9.0,release_not_at_hand,release_not_at_hand,605130,"Barlow, Scott",SB,2B,,not measured,release_not_at_hand
0544f328-b92a-3f43-ac8f-69598b99bf0d,HOME,59.740020282105654,4.2,177.0,109.0,L,0.42,19.86,6.0,PASS,PASS,592094,"Adam, Jason",SB,2B,1.138,low,release_to_wrist 0.42 outside -0.32
473a2c18-9947-3b6b-8b45-3faf41823c85,AWAY,59.78497385299175,8.100000000000001,,,,,,,no_release,no_release,434378,"Verlander, Justin",SB,2B,,not measured,no_release
099e45c8-2710-3a67-92e5-6542fbcca519,AWAY,59.889464638739774,8.0,198.0,121.0,R,0.81,19.33,5.0,release_not_at_hand,no_release,579328,"Kikuchi, Yusei",SB,2B,,not measured,release_not_at_hand
55f588ab-90fa-3411-b1e9-8ed7d4a23d90,HOME,59.781678972846265,4.0,178.0,108.0,R,0.17,22.17,9.0,PASS,PASS,666200,"Luzardo, Jesús",SB,3B,1.171,high,
9e811991-7f7b-3c1a-96b8-4ff79990fe45,HOME,59.73861734795474,5.9,179.0,119.0,L,0.21,26.05,7.0,PASS,PASS,656605,"Keller, Mitch",SB,2B,1.004,high,
33ab5954-7411-3b17-822a-1cc5c38eee93,AWAY,59.806986543428025,7.8999999999999995,174.0,,,0.14,,9.0,no_set_before_lift,no_set_before_lift,681190,"Vásquez, Randy",SB,3B,,not measured,no_set_before_lift
a376e780-a01a-3259-9cc7-bc7e9f48c4e8,AWAY,59.75909448149595,7.8999999999999995,175.0,121.0,R,0.79,15.72,9.0,release_not_at_hand,release_not_at_hand,573204,"Thielbar, Caleb",SB,3B,,not measured,release_not_at_hand
698e00c6-6fe1-346f-b324-cdbf8b497763,HOME,59.710986189596596,4.2,178.0,117.0,L,0.18,16.72,9.0,PASS,PASS,669724,"Hanifee, Brenan",SB,2B,1.022,high,
c9fedf52-7913-3192-afb0-766bc204b66f,AWAY,59.70963983162049,11.5,188.0,120.0,L,0.72,16.57,9.0,release_not_at_hand,cut_in_window,664747,"Díaz, Alexis",SB,2B,,not measured,release_not_at_hand
f9d0dbc4-b677-3088-b384-ef3cbb2088af,HOME,59.774818445140994,4.1,173.0,109.0,L,0.2,6.86,9.0,PASS,PASS,663372,"Feltner, Ryan",SB,2B,1.071,high,
3a77bd33-c0f9-3e32-88fc-59c0510556c2,AWAY,59.78883093753975,8.6,159.0,101.0,R,0.15,14.82,9.0,PASS,cut_in_window,671106,"Allen, Logan",SB,2B,0.97,high,
23d98c54-140d-3c3e-96d1-664f7b9d929f,AWAY,59.706577945243914,8.4,181.0,124.0,R,0.13,13.84,9.0,PASS,cut_in_window,669276,"Lee, Dylan",SB,2B,0.955,high,
56837d06-e62c-3993-aa45-20bea1ca395b,HOME,59.62372913565388,4.1,177.0,117.0,R,0.12,16.13,9.0,PASS,PASS,663559,"Falter, Bailey",CS,2B,1.006,high,
071f6097-b594-3722-92dc-71a9f7866790,HOME,59.688799926191265,4.0,180.0,121.0,L,0.16,10.92,9.0,PASS,PASS,607259,"Martinez, Nick",SB,2B,0.988,high,
e78eb60f-e242-37ca-a11e-8558049633f7,HOME,59.76652183948073,5.8,179.0,119.0,L,0.15,24.81,8.0,PASS,PASS,572955,"Johnson, Pierce",SB,2B,1.004,high,
d6ed0b51-3cb6-3ef6-b367-a0e1da339ad5,AWAY,59.7484219376654,9.0,176.0,113.0,L,0.27,21.99,9.0,PASS,not_cf_view,643377,"Jax, Griffin",SB,2B,1.054,high,
91317944-ec65-3cca-8dce-f83e4ec08b6b,HOME,59.71037281796836,4.6,182.0,115.0,L,0.25,25.33,9.0,PASS,PASS,675911,"Strider, Spencer",CS,2B,1.122,high,
3957f378-e951-3a47-909c-8144fa6a7012,AWAY,59.80911497022912,11.1,176.0,121.0,L,0.16,7.94,9.0,PASS,cut_in_window,607259,"Martinez, Nick",SB,2B,0.92,high,
88516b4f-b7e3-3c16-8ce5-a13b5e0ce285,AWAY,59.70292087568634,12.7,182.0,,,0.41,,4.0,no_set_before_lift,no_set_before_lift,605463,"Scott, Tayler",SB,2B,,not measured,no_set_before_lift
28619249-e988-3da8-a6f7-b6e22a57db2f,AWAY,59.71875869670794,9.100000000000001,185.0,,,0.78,,9.0,cut_in_window,cut_in_window,621242,"Díaz, Edwin",CS,2B,,not measured,cut_in_window
8f751c64-0bc4-3ac3-bad1-d42e829ea406,HOME,59.74472707522404,4.3,177.0,117.0,L,0.18,17.92,7.0,PASS,PASS,682243,"Miller, Bryce",SB,2B,1.004,high,
90d0813b-1c08-31ea-b024-b861d4f389c7,AWAY,,0.0,,,,,,,no_clip,no_clip,605463,"Scott, Tayler",SB,2B,,not measured,no_clip
60992637-238d-3bed-ada0-6f95c488e6ab,HOME,59.70116361071932,4.1,178.0,119.0,R,0.22,14.58,9.0,PASS,PASS,656271,"Burke, Brock",SB,3B,0.988,high,
89fbdd11-55e0-310e-98c0-bf7626777463,AWAY,59.77423505827255,8.7,180.0,122.0,R,0.11,14.06,9.0,PASS,cut_in_window,656794,"Newcomb, Sean",CS,2B,0.97,high,
7ff4c282-fde6-38fe-9ee8-30421669be4a,AWAY,59.79171584809421,8.8,177.0,116.0,L,0.24,21.15,8.0,PASS,cut_in_window,694297,"Pfaadt, Brandon",CS,2B,1.02,high,
ebf21658-90bc-3400-acf0-73f7ce1c8eb1,AWAY,59.75083180760026,8.8,178.0,100.0,R,0.11,18.18,9.0,PASS,no_set_before_lift,518397,"Alexander, Scott",SB,3B,1.305,high,
7203fe8c-1f42-326b-a4ea-9b5a6deaf5d9,HOME,59.879635883426246,4.3,181.0,119.0,L,0.23,12.58,9.0,PASS,PASS,643410,"Leiter Jr., Mark",CS,2B,1.035,high,
58659b8b-082a-3a2e-9d16-27076a63f2f0,HOME,59.67053506127645,4.0,175.0,116.0,L,0.17,11.47,9.0,PASS,PASS,607259,"Martinez, Nick",CS,2B,0.989,high,
9c441e6a-f871-3930-a4ba-11c882137f4a,AWAY,59.73164808250838,8.399999999999999,192.0,110.0,L,0.76,24.14,9.0,release_not_at_hand,cut_in_window,641793,"Littell, Zack",CS,3B,,not measured,release_not_at_hand
7c60011b-ecc1-3554-ab45-d0cd6925dae2,AWAY,59.669767690174105,8.8,180.0,119.0,L,0.15,14.13,9.0,PASS,not_cf_view,678024,"Vasil, Mike",SB,3B,1.022,high,
304b0ecc-3ae4-36da-8fdd-4ef08ee21deb,AWAY,59.65210827331081,8.2,,,,,,,no_release,no_release,678024,"Vasil, Mike",SB,2B,,not measured,no_release
30856a87-ac80-37fd-b371-be634c187588,AWAY,59.68103800797957,9.899999999999999,181.0,113.0,L,0.22,25.75,9.0,PASS,cut_in_window,601713,"Pivetta, Nick",CS,2B,1.139,high,
221a81ad-bc14-3cae-9b43-ac2ef31e4bde,HOME,59.69123173484666,3.9,182.0,113.0,L,0.32,24.23,9.0,PASS,PASS,605400,"Nola, Aaron",CS,2B,1.156,high,
4f418372-7d3b-3a78-9c69-df1b0e0ec681,AWAY,59.7088424486781,6.1,,,,,,,no_release,not_cf_view,596001,"Junis, Jakob",CS,2B,,not measured,no_release
b5ea08fb-7840-3458-b06e-bdd3c3fd3ce8,AWAY,59.71486309849603,8.0,,,,,,,no_release,no_release,682254,"Montgomery, Mason",SB,2B,,not measured,no_release
c1bc57f8-f53a-3b2e-8411-051fac736b23,AWAY,59.744063156554404,8.3,176.0,,,0.24,,9.0,no_set_before_lift,no_set_before_lift,665795,"Cabrera, Edward",SB,2B,,not measured,no_set_before_lift
6a27fc20-f7cd-35f7-83be-833ec093959a,HOME,59.853820047795075,4.8,179.0,125.0,L,0.17,10.84,9.0,PASS,PASS,656288,"Canning, Griffin",SB,2B,0.902,high,
5ab4cb53-c583-3c87-8728-c04c713ea517,AWAY,59.598779458547035,5.5,,,,,,,no_release,no_release,665795,"Cabrera, Edward",SB,3B,,not measured,no_release
b90dacb1-234d-3b1b-a8fe-7f1142adb8d8,HOME,59.75959955960637,4.0,179.0,127.0,L,0.12,17.49,9.0,PASS,PASS,663855,"Hicks, Jordan",SB,2B,0.87,high,
97ee6c3b-77b5-342a-a222-6489e8ff677b,AWAY,59.691925565370674,23.2,174.0,117.0,L,0.25,20.63,8.0,PASS,cut_in_window,665795,"Cabrera, Edward",SB,2B,0.955,high,
d50955f6-76aa-3e1f-848d-0a691a963cd9,HOME,59.668550416430136,5.8,174.0,107.0,L,0.24,22.61,9.0,PASS,PASS,665795,"Cabrera, Edward",SB,2B,1.123,high,
31b32943-3cae-3086-8529-d6b3629dfb4c,HOME,59.70731354280482,4.6,177.0,121.0,R,0.16,10.53,7.0,PASS,PASS,573124,"Rogers, Taylor",SB,2B,0.938,high,
27f5a291-d9b1-3936-b189-04ef06fce6e5,HOME,59.74489623395368,4.9,179.0,109.0,L,0.21,19.87,9.0,PASS,PASS,642585,"Bautista, Félix",SB,2B,1.172,high,
95c5a00f-e41f-3114-a16d-398273d9cb49,HOME,59.73873477175987,4.5,180.0,125.0,L,0.19,17.54,9.0,PASS,PASS,656288,"Canning, Griffin",SB,2B,0.921,high,
663dbaae-2a88-3a2a-a4ed-7e2611fcc81e,HOME,59.75217180403052,4.5,175.0,117.0,L,0.13,21.14,5.0,PASS,PASS,676106,"Hancock, Emerson",CS,2B,0.971,high,
f42c9be9-a42d-3b40-811c-f4d8ae3e2ad2,HOME,59.72690526146442,5.0,176.0,117.0,L,0.13,14.27,5.0,PASS,PASS,664139,"Gibaut, Ian",CS,2B,0.988,high,
76ff78c6-e751-3aaf-a0c9-1c10983ae130,AWAY,59.754129332540515,9.8,177.0,111.0,L,0.25,21.23,7.0,PASS,no_set_before_lift,665795,"Cabrera, Edward",SB,2B,1.105,high,
58dce3bf-a9de-3114-8250-5da8feb4160c,HOME,59.768417305746006,4.0,179.0,125.0,L,0.12,21.38,8.0,PASS,PASS,592866,"Williams, Trevor",SB,2B,0.903,high,
a77e8c42-5708-3533-bf93-35c51693d4d3,HOME,59.704192862635125,5.5,175.0,125.0,L,0.12,6.74,5.0,PASS,PASS,663903,"Singer, Brady",SB,2B,0.837,high,
d6eeb726-7008-31aa-a3f3-c67987ecd372,HOME,59.63281645424009,4.0,182.0,130.0,L,0.12,5.04,9.0,PASS,PASS,571945,"Mikolas, Miles",SB,2B,0.872,high,
50cca5aa-3161-3738-bcff-43d24a61b207,HOME,59.697029677951896,4.5,182.0,114.0,L,0.25,18.01,6.0,PASS,PASS,669372,"Ginn, J.T.",SB,2B,1.139,high,
a0a913f4-e670-38e2-a57d-bf8569668cd8,AWAY,59.82724440668366,10.8,172.0,103.0,R,0.17,38.15,9.0,PASS,no_set_before_lift,666214,"Wentz, Joey",SB,3B,1.153,high,
006ec94f-23d2-3021-a0be-84360a93fa20,HOME,59.67768179488152,6.2,183.0,123.0,L,0.2,15.96,9.0,PASS,PASS,686993,"Sterner, Justin",SB,2B,1.005,high,
b6ee9929-d290-3f21-aa00-f78e9d3bb6ee,HOME,59.67957227183923,4.1,180.0,129.0,L,0.21,7.95,7.0,PASS,PASS,664208,"Maton, Phil",SB,2B,0.855,high,
5af14a65-872a-3ac1-9806-2b9ee2affc38,HOME,59.688152360896,11.9,184.0,121.0,L,0.2,19.8,9.0,PASS,PASS,693433,"Woo, Bryan",SB,2B,1.055,high,
0515c7f4-0924-3002-84be-1f7a7096dd33,AWAY,,4.5,,,,,,,no_clip,cut_in_window,554340,"García, Yimi",CS,2B,,not measured,no_clip
a2420e7e-1ce0-3622-8842-03f44a1f9248,AWAY,59.719597382300485,8.6,181.0,128.0,L,0.15,19.93,8.0,PASS,cut_in_window,695549,"Jobe, Jackson",SB,2B,0.887,high,
c13c51d1-989c-3cff-a854-4e401d7bf4b1,AWAY,59.765735765648515,8.3,178.0,118.0,L,0.62,13.42,9.0,release_not_at_hand,release_not_at_hand,682847,"Ortiz, Luis",SB,2B,,not measured,release_not_at_hand
da789a13-7449-37fd-a736-3e00ee9463a9,AWAY,,4.7,,,,,,,no_clip,cut_in_window,643338,"Green, Chad",SB,2B,,not measured,no_clip
a7bafb51-e832-3352-91fd-5f5011d1d16b,AWAY,,6.1,,,,,,,no_clip,cut_in_window,693821,"Elder, Bryce",SB,2B,,not measured,no_clip
08f61ec8-2539-3ec8-b54f-3edb02c83ef1,HOME,59.76397452786212,4.2,180.0,122.0,R,0.18,6.35,9.0,PASS,PASS,673513,"Matsui, Yuki",SB,2B,0.97,high,
81d8a349-6cd8-3abf-86ca-872ef69b33ee,AWAY,59.7330900897528,9.3,182.0,,,1.04,,2.0,cut_in_window,no_release,594902,"Lively, Ben",SB,2B,,not measured,cut_in_window
a240913f-9967-3936-a0ab-4ef654ae4dae,HOME,59.72182203944784,3.9,176.0,117.0,L,0.21,20.69,7.0,PASS,PASS,615698,"Quantrill, Cal",SB,2B,0.988,high,
8be90546-70ae-3b5d-aee7-0145de71226c,AWAY,59.792768438535894,7.8999999999999995,175.0,113.0,R,0.15,21.97,9.0,camera_moved,cut_in_window,642397,"Soto, Gregory",SB,3B,,not measured,camera_moved
b2d609fc-9146-36e3-872e-30377ff6ac71,AWAY,59.859978693250476,7.6,174.0,,,0.23,,9.0,no_set_before_lift,no_release,672841,"Vargas, Carlos",CS,2B,,not measured,no_set_before_lift
a0d706da-8e65-3127-bc05-880cb22afa1b,HOME,59.70546704461442,6.7,178.0,129.0,L,0.21,10.62,9.0,PASS,PASS,669302,"Gilbert, Logan",SB,2B,0.821,high,
e0d024a5-1471-3989-9ad1-07c2107fd354,AWAY,59.60198800038658,8.6,155.0,,,0.11,,9.0,no_set_before_lift,no_release,622554,"Domínguez, Seranthony",SB,2B,,not measured,no_set_before_lift
7713b3c7-8b14-321c-92d6-f574d026280c,AWAY,59.7526550849792,7.0,,,,,,,no_release,no_release,694477,"Patrick, Chad",CS,2B,,not measured,no_release
bdffba36-6745-3afc-8212-83f5d8e15a29,AWAY,59.69817032453368,7.9,178.0,121.0,R,0.34,5.79,7.0,not_cf_view,cut_in_window,657571,"Ferguson, Caleb",SB,3B,,not measured,not_cf_view
efea6c25-ccf0-3f71-9bb4-235afe612e07,AWAY,59.744578225202346,8.5,176.0,,,0.16,,9.0,no_set_before_lift,cut_in_window,669302,"Gilbert, Logan",SB,2B,,not measured,no_set_before_lift
9a62d9ac-808e-31ed-bac1-4c51b1420c3a,HOME,59.77025807054136,4.4,179.0,110.0,R,0.11,10.48,9.0,PASS,PASS,676979,"Crochet, Garrett",SB,2B,1.154,high,
b28db8fa-fc90-3a57-b881-8cccc2c9dae4,HOME,59.80790652040809,4.2,176.0,113.0,R,0.13,19.9,9.0,PASS,PASS,667463,"King, John",SB,2B,1.053,high,
c77e17ec-d2e9-31d2-99f8-19723c70eb02,AWAY,59.7820558085538,4.800000000000001,173.0,128.0,L,0.12,3.48,8.0,cut_in_window,not_cf_view,543294,"Hendricks, Kyle",SB,2B,,not measured,cut_in_window
b9606c68-868a-39d8-876b-752b95e549ee,HOME,59.80388501547295,4.0,178.0,119.0,L,0.21,20.82,9.0,PASS,PASS,641329,"Baker, Bryan",SB,2B,0.987,high,
4d964dd9-3d9b-3f0d-ac6e-c02cab8191c2,HOME,59.73918744991379,4.1,179.0,117.0,L,0.22,21.59,9.0,PASS,PASS,663554,"Mize, Casey",SB,2B,1.038,high,
3e34f93d-48da-31fc-a4ac-7a4a2d6c08f7,HOME,59.71351942944424,3.9,174.0,118.0,R,0.09,12.88,9.0,PASS,PASS,669461,"Liberatore, Matthew",SB,2B,0.938,high,
ea7835a4-33bd-3226-a80d-8a829a286aa9,HOME,59.7268406856099,5.5,184.0,115.0,L,0.37,35.2,7.0,PASS,PASS,471911,"Carrasco, Carlos",SB,2B,1.155,low,release_to_wrist 0.37 outside -0.32
0b3b86c0-6f67-3dc8-aeef-405eca705ae8,HOME,59.76694205098882,3.8,178.0,126.0,R,0.13,5.46,8.0,PASS,PASS,657571,"Ferguson, Caleb",SB,2B,0.87,high,
ac1b79e5-5993-3cd4-9085-31cbaf5d41ee,HOME,59.748615508016826,3.8,176.0,125.0,R,0.11,9.1,9.0,PASS,PASS,687287,"Monteverde, Patrick",SB,2B,0.854,high,
e3d6acae-6b69-3ed5-9618-3c44fe1fc536,AWAY,59.801952635660456,7.5,179.0,,,0.26,,5.0,no_set_before_lift,cut_in_window,615698,"Quantrill, Cal",SB,3B,,not measured,no_set_before_lift
ba1d23c4-40e6-3699-92b9-810269de5d9c,AWAY,59.7874852420307,5.6,,,,,,,no_release,no_release,669713,"Wesneski, Hayden",SB,3B,,not measured,no_release
d3a2eefd-f24b-32bc-bb9e-afb132351c4e,HOME,59.74331887100022,3.7,177.0,119.0,R,0.09,27.78,7.0,PASS,PASS,519242,"Sale, Chris",SB,2B,0.971,high,
a30cf5dc-f514-34d2-b323-64bc79f26566,HOME,59.73394982382515,3.7,176.0,113.0,L,0.22,18.82,9.0,PASS,PASS,801403,"Dollander, Chase",SB,2B,1.055,high,
e8c57edc-f1d3-3f1a-bace-85c3d4c29bb0,AWAY,59.759360965225454,4.5,,,,,,,no_release,no_release,521230,"Hendriks, Liam",SB,2B,,not measured,no_release
b0ad0313-2167-317d-8307-293dd0606580,AWAY,59.77408054180998,9.100000000000001,180.0,157.0,L,0.32,4.33,9.0,cut_in_window,cut_in_window,571946,"Miller, Shelby",SB,2B,,not measured,cut_in_window
a9d25024-0116-3fc2-9bc3-1d2eae61c91b,HOME,59.73177381568315,3.7,178.0,118.0,L,0.22,15.03,9.0,PASS,PASS,666120,"Anderson, Ian",SB,2B,1.004,high,
d1e2ecd4-c998-380d-a126-90b54b5dbbf3,AWAY,59.68930949162054,7.199999999999999,,,,,,,no_release,no_release,679358,"Orze, Eric",SB,2B,,not measured,no_release
cfe3636c-c173-3a2a-99ab-3a7d4b84908e,HOME,59.874149492036416,4.1,179.0,121.0,R,0.25,15.95,9.0,PASS,PASS,607536,"Freeland, Kyle",SB,3B,0.969,high,
dd4ff6ea-11a5-3f29-9f95-9478ea012a20,HOME,59.795889852378004,4.0,178.0,121.0,R,0.15,22.18,9.0,PASS,PASS,621381,"Strahm, Matt",SB,2B,0.953,high,
172f6eee-ab98-370f-ace8-3616fdfcf537,HOME,59.7790030499649,4.0,177.0,119.0,R,0.15,37.45,9.0,PASS,PASS,657514,"Bernardino, Brennan",SB,2B,0.97,high,
4154492d-95e5-3d81-8bd4-df13baf60cc8,AWAY,59.80546835085104,12.7,244.0,,,0.7,,3.0,release_not_at_hand,release_not_at_hand,641755,"Kinley, Tyler",SB,2B,,not measured,release_not_at_hand
3a72ddec-98bc-3789-b308-8847a70f457e,AWAY,,3.8,,,,,,,no_clip,release_not_at_hand,592094,"Adam, Jason",SB,2B,,not measured,no_clip
3cbd8225-3a12-3d74-9742-9061ca57f014,AWAY,59.74643824176937,10.0,179.0,115.0,L,0.14,23.05,8.0,PASS,release_not_at_hand,657746,"Ryan, Joe",SB,2B,1.071,high,
f22255c5-9ad7-3206-b86a-1f67058bf196,HOME,59.69868445808067,4.0,183.0,120.0,L,0.52,7.05,6.0,PASS,PASS,687765,"Spence, Mitch",SB,2B,1.055,low,release_to_wrist 0.52 outside -0.32
b3c9e979-2526-3691-a3fe-9d83583e5e1d,HOME,59.67191066909696,4.4,175.0,127.0,L,0.24,4.91,9.0,PASS,PASS,687765,"Spence, Mitch",SB,2B,0.804,high,
3c978ff8-f54c-3f67-a300-8f48a79817cb,AWAY,59.80949982326461,12.0,181.0,102.0,L,0.19,26.23,9.0,cut_in_window,cut_in_window,592791,"Taillon, Jameson",SB,2B,,not measured,cut_in_window
906a4892-b03a-36d0-9286-2fddc3473b2e,AWAY,59.83699168732797,8.5,176.0,,,0.12,,9.0,cut_in_window,no_set_before_lift,689254,"Fluharty, Mason",CS,2B,,not measured,cut_in_window
178f238c-7716-3a6e-8980-c9eb6d4288f5,AWAY,59.669220453860305,9.7,177.0,143.0,L,0.25,6.43,5.0,cut_in_window,cut_in_window,607192,"Glasnow, Tyler",SB,2B,,not measured,cut_in_window
1aaa826b-aed8-3e72-b2b9-dba1140182d1,AWAY,59.71761193081651,9.600000000000001,175.0,,,0.22,,9.0,no_set_before_lift,cut_in_window,450203,"Morton, Charlie",SB,2B,,not measured,no_set_before_lift
ab6276ea-3c51-3b16-bc33-9ea3e747547b,HOME,59.86472401377381,3.8,178.0,122.0,L,0.23,27.94,9.0,PASS,PASS,687362,"Gillispie, Connor",CS,3B,0.935,high,
86e5ee92-54c5-3dbd-b51d-33f5f1d4bcc4,HOME,59.81551764373534,4.0,184.0,115.0,R,0.14,18.51,6.0,PASS,PASS,666200,"Luzardo, Jesús",CS,2B,1.154,high,
a0d50147-cbf1-38d7-9bf2-82cb48233387,AWAY,59.688437888221145,7.8,183.0,110.0,R,0.12,30.91,8.0,PASS,no_set_before_lift,656945,"Scott, Tanner",CS,2B,1.223,high,
1771eb89-cd55-33a7-a7cc-da1591a64121,AWAY,59.76070629026175,8.2,178.0,105.0,L,0.13,30.6,7.0,PASS,no_release,661403,"Clase, Emmanuel",SB,3B,1.222,high,
5e2a04c5-f883-357c-ad6f-4a6e6b1ac88d,HOME,59.82077647606671,3.9,178.0,109.0,R,0.19,16.6,9.0,PASS,PASS,605488,"Springs, Jeffrey",SB,3B,1.153,high,
36af3fd3-b7a0-3bfd-aac0-4718a77ec23b,AWAY,59.778822334661974,7.8,178.0,,,0.2,,9.0,cut_in_window,no_set_before_lift,605488,"Springs, Jeffrey",SB,2B,,not measured,cut_in_window
69c28c70-f08e-3697-9999-441380116cbd,HOME,59.86709707046286,3.8,182.0,121.0,L,0.12,20.49,6.0,PASS,PASS,678020,"Halvorsen, Seth",SB,2B,1.019,high,
da6b6ef5-f14d-35f8-91af-0af6ab8c3857,HOME,59.87170349251604,3.7,177.0,135.0,R,0.17,4.55,9.0,PASS,PASS,669373,"Skubal, Tarik",CS,2B,0.702,high,
6b689c88-1d2f-3fc7-8529-4cba2edfaf9b,AWAY,59.68669378116836,8.5,178.0,117.0,L,0.17,24.05,9.0,PASS,cut_in_window,686752,"Pepiot, Ryan",SB,2B,1.022,high,
7c4e2dad-b0aa-355e-8e3f-d8199303eb02,AWAY,59.81258722668971,7.9,179.0,,,0.49,,9.0,no_set_before_lift,release_not_at_hand,605488,"Springs, Jeffrey",SB,2B,,not measured,no_set_before_lift
8a686f45-7848-31bf-a9be-3257dd2a86d9,HOME,59.668508287292816,4.0,180.0,125.0,L,0.19,21.34,9.0,PASS,PASS,687362,"Gillispie, Connor",SB,2B,0.922,high,
eb7aa01d-5b9e-396b-a905-f29ca2e3fe87,AWAY,59.8113747574806,8.1,180.0,125.0,L,0.12,13.55,5.0,PASS,release_not_at_hand,656234,"Bird, Jake",SB,2B,0.92,high,
5e92b18b-b460-338c-b2a4-7309ec59939b,HOME,59.71169056867216,3.8,175.0,104.0,R,0.16,17.11,7.0,PASS,PASS,605488,"Springs, Jeffrey",SB,3B,1.189,high,
cb539902-f00a-3300-bb24-dcb7065d7f92,AWAY,59.703084339405315,8.399999999999999,,,,,,,no_release,no_set_before_lift,666214,"Wentz, Joey",SB,2B,,not measured,no_release
6cdefb03-66d8-3cc7-a3d9-5af2f320957e,AWAY,59.81813069157439,7.9,181.0,121.0,L,0.76,5.97,9.0,release_not_at_hand,release_not_at_hand,687765,"Spence, Mitch",CS,2B,,not measured,release_not_at_hand
b06d64b7-fd1d-331e-9799-d573721d7324,HOME,59.76320949172993,3.7,179.0,116.0,L,0.19,17.28,9.0,PASS,PASS,518585,"Cruz, Fernando",SB,2B,1.054,high,
62cd734b-76be-377e-a7d4-25e28c810cf7,AWAY,59.73139538139429,8.0,175.0,,,0.2,,9.0,no_set_before_lift,cut_in_window,682990,"Priester, Quinn",CS,2B,,not measured,no_set_before_lift
b199450a-d603-3ea8-b2cb-16f3917daa5b,AWAY,59.71026814002316,8.2,181.0,,,0.76,,6.0,release_not_at_hand,release_not_at_hand,678692,"Henriquez, Ronny",SB,2B,,not measured,release_not_at_hand
660335e9-ca95-3a35-9c0c-7e6ddfb5b2e4,AWAY,59.7369789731778,8.3,181.0,119.0,L,0.18,26.12,5.0,PASS,release_not_at_hand,592332,"Gausman, Kevin",SB,2B,1.038,high,
0a626ba9-4abf-3281-984d-00f15efebe2c,AWAY,59.73548551013095,8.8,184.0,121.0,L,0.61,7.42,8.0,release_not_at_hand,cut_in_window,680885,"Schwellenbach, Spencer",SB,2B,,not measured,release_not_at_hand
ac540eb2-d81d-31e1-beaa-34564503df73,AWAY,59.68666259694396,8.600000000000001,179.0,,,0.3,,5.0,no_set_before_lift,no_set_before_lift,664747,"Díaz, Alexis",SB,3B,,not measured,no_set_before_lift
7644a55a-281f-3ffd-af49-e9da3f46ee0d,AWAY,59.67818698095753,8.5,178.0,,,0.2,,9.0,no_set_before_lift,no_set_before_lift,682990,"Priester, Quinn",CS,3B,,not measured,no_set_before_lift
435357c1-29ea-33fc-a38e-bde804d2f3e2,AWAY,59.725145474805004,8.4,177.0,100.0,L,0.12,32.5,9.0,PASS,no_set_before_lift,664747,"Díaz, Alexis",SB,3B,1.289,high,
db9eb82f-310f-3fb9-819d-b733551a1aef,AWAY,59.78953752007112,12.5,142.0,112.0,L,0.1,9.65,9.0,PASS,cut_in_window,664747,"Díaz, Alexis",SB,3B,0.502,low,delivery_s 0.502 outside 0.7-1.31
b9b3558c-1a64-3597-b44f-587b2f04d0c5,AWAY,59.762008003468914,7.5,183.0,122.0,L,0.66,15.56,9.0,release_not_at_hand,release_not_at_hand,672782,"Gómez, Yoendrys",SB,2B,,not measured,release_not_at_hand
90e189b8-bcc5-32c9-b196-40a33ebca7ec,HOME,59.82387617961719,3.6,180.0,115.0,L,0.23,20.68,8.0,PASS,PASS,676974,"Meyer, Max",SB,2B,1.087,high,
8c4b3373-0735-3383-a81e-25eec98b8fda,AWAY,59.770317502276264,9.3,215.0,,,0.4,,9.0,no_set_before_lift,no_set_before_lift,686613,"Brown, Hunter",SB,3B,,not measured,no_set_before_lift
81d4d370-f9ab-3c1e-8546-0bf2cfd2a08c,AWAY,59.80280880005796,7.4,173.0,119.0,R,0.11,15.97,8.0,PASS,not_cf_view,666157,"Lodolo, Nick",CS,2B,0.903,high,
93833458-c40c-3274-80e5-0659f0b3ea86,HOME,59.75562494058805,3.6,180.0,120.0,L,0.14,21.8,9.0,PASS,PASS,686613,"Brown, Hunter",SB,2B,1.004,high,
5e15e3f0-a79c-3668-aa97-b7683cf440c7,HOME,59.6938247370903,3.5,175.0,117.0,R,0.12,17.95,7.0,PASS,PASS,666157,"Lodolo, Nick",SB,2B,0.972,high,
5c8e0162-0e1a-3fd1-82d5-f905f2495f45,AWAY,59.66985692795669,22.2,184.0,120.0,L,0.16,15.9,9.0,PASS,cut_in_window,605447,"Romano, Jordan",SB,2B,1.073,high,
5a891244-4e0d-3376-b9b7-b696132e1ec8,HOME,59.68222181233696,3.6,180.0,130.0,L,0.22,20.48,9.0,PASS,PASS,701542,"Warren, Will",SB,2B,0.838,high,
746d005d-3494-37b4-8448-5c47815f5ec4,AWAY,59.663997487831686,4.4,,,,,,,no_release,not_cf_view,665795,"Cabrera, Edward",SB,2B,,not measured,no_release
ae0b5bd9-64d7-3b5a-ab92-455196ecbd27,HOME,59.876199678754716,3.6,178.0,119.0,L,0.22,11.99,9.0,PASS,PASS,643410,"Leiter Jr., Mark",SB,3B,0.985,high,
943b6800-29c5-37ce-b154-2232dca67fa9,HOME,59.72561696759442,3.6,179.0,125.0,R,0.11,23.49,9.0,PASS,PASS,685107,"Veneziano, Anthony",SB,3B,0.904,high,
f8d6186a-300f-32ed-a722-d68fd5d8948f,AWAY,59.67992746039346,7.6,,,,,,,no_release,cut_in_window,665795,"Cabrera, Edward",SB,2B,,not measured,no_release
af7bfe85-8b5a-3bf3-a1f6-6e160610b7a7,HOME,59.86660312198466,3.7,175.0,123.0,L,0.16,6.16,9.0,PASS,PASS,641793,"Littell, Zack",CS,2B,0.869,high,
974ef41c-2664-3bc8-92b4-9b1d859844f2,HOME,59.776233000651054,3.5,174.0,108.0,R,0.11,22.97,9.0,PASS,PASS,682052,"Lopez, Jacob",SB,2B,1.104,high,
9079f6f1-6baf-3866-83fa-3ac88ce03c6b,HOME,59.759381537829164,5.1,177.0,114.0,R,0.09,25.11,9.0,PASS,PASS,571578,"Corbin, Patrick",SB,2B,1.054,high,
35b4b7cc-b575-3675-a910-680a1219e2e9,AWAY,59.82333723228331,8.1,176.0,106.0,L,0.16,4.36,9.0,cut_in_window,cut_in_window,641793,"Littell, Zack",SB,2B,,not measured,cut_in_window
02e21040-c601-330f-81d5-195239590f9d,HOME,59.72936291771136,5.1,184.0,123.0,L,0.15,11.51,9.0,PASS,PASS,669160,"May, Dustin",SB,2B,1.021,high,
2f36f6e1-b3cd-38da-997f-463e9c7784b3,HOME,59.753828240273116,3.6,180.0,118.0,L,0.12,13.16,8.0,PASS,PASS,682243,"Miller, Bryce",SB,2B,1.038,high,
d192fd67-42ed-3310-9aa6-5e039ac689fa,HOME,59.71684942264623,3.7,180.0,119.0,L,0.22,16.39,9.0,PASS,PASS,682243,"Miller, Bryce",SB,2B,1.021,high,
5086ebbc-81cc-32b0-88e9-fce7f759a81e,HOME,59.73771722806265,3.7,178.0,117.0,L,0.19,10.61,9.0,PASS,PASS,663372,"Feltner, Ryan",SB,2B,1.021,high,
af766c98-a684-3143-ab59-e4a45d2657cf,HOME,59.67873295326552,3.6,178.0,113.0,L,0.17,18.21,9.0,PASS,PASS,682243,"Miller, Bryce",SB,2B,1.089,high,
b2be2db9-1d29-3dc3-a779-7cf20a2876a9,HOME,59.81847347154257,3.6,178.0,114.0,L,0.14,20.85,6.0,PASS,PASS,678394,"Bello, Brayan",CS,2B,1.07,high,
3ebd01f9-81ed-39c7-a3d7-4adedada5e62,AWAY,59.82466770465022,5.0,,,,,,,no_release,no_release,663436,"Martin, Davis",SB,2B,,not measured,no_release
f520df74-a6a9-3bca-bb6c-99bf7a817da7,HOME,59.8022471454563,3.6,175.0,119.0,L,0.12,11.66,9.0,PASS,PASS,694297,"Pfaadt, Brandon",SB,2B,0.936,high,
4af9a06d-764a-3b87-b548-dcf707c1cb60,AWAY,59.77173467822546,5.2,,,,,,,not_cf_view,cut_in_window,489446,"Yates, Kirby",SB,2B,,not measured,not_cf_view
a5003445-8355-3a76-9709-b3f098bf114d,HOME,59.794542697167756,3.6,177.0,114.0,L,0.21,17.87,9.0,PASS,PASS,683769,"Gaddis, Hunter",SB,2B,1.054,high,
98e86d9d-8def-391e-b023-a3efc0400315,AWAY,59.807889808493925,7.7,,,,,,,no_release,not_cf_view,601713,"Pivetta, Nick",SB,2B,,not measured,no_release
329e0ef5-7039-338c-a411-22a084d173d1,AWAY,59.82979924689126,9.600000000000001,177.0,114.0,L,0.24,8.08,6.0,PASS,cut_in_window,678024,"Vasil, Mike",SB,2B,1.053,high,
6e7df3a1-2655-35ba-883e-d99514de7d41,HOME,59.80083281950791,5.3,178.0,118.0,L,0.24,10.76,7.0,PASS,PASS,663372,"Feltner, Ryan",SB,2B,1.003,high,
73c4e36d-f375-3089-96f4-440462b3fbe3,HOME,59.72428305044146,3.6,174.0,115.0,R,0.13,20.81,8.0,PASS,PASS,571578,"Corbin, Patrick",SB,2B,0.988,high,
e303b235-7aa0-31a3-9b83-c5e3c1a18d07,AWAY,59.78125114019405,11.8,246.0,,,1.0,,9.0,cut_in_window,release_not_at_hand,693821,"Elder, Bryce",SB,2B,,not measured,cut_in_window
bf8c0405-2d4b-309d-92ab-bb9bf3a3eddb,HOME,59.73556390538953,3.6,164.0,122.0,L,0.17,2.05,9.0,PASS,PASS,605218,"Edwards Jr., Carl",SB,2B,0.703,low,lift_peak_in 2.05 outside 4.28-
1cf9bf4f-e295-3cc0-8129-5d3ec37f4fcc,AWAY,59.7119775201967,7.7,179.0,129.0,L,0.18,4.55,8.0,PASS,cut_in_window,669060,"Wilson, Bryse",SB,2B,0.837,high,
f36e2dda-ee83-37f8-977c-3f0f0b3994d0,AWAY,59.70073623998222,7.800000000000001,190.0,122.0,R,0.51,17.24,6.0,PASS,cut_in_window,694363,"Shuster, Jared",SB,2B,1.139,low,release_to_wrist 0.51 outside -0.32
84031c8d-d215-3528-ac98-e6a9ce886d32,HOME,59.778232246972024,3.7,175.0,118.0,L,0.2,17.44,9.0,PASS,PASS,681857,"Olson, Reese",CS,3B,0.954,high,
71aabe44-6a83-36c4-a687-00e7826817bc,AWAY,59.746633766637075,7.300000000000001,187.0,,,0.89,,9.0,release_not_at_hand,cut_in_window,676263,"Dreyer, Jack",SB,3B,,not measured,release_not_at_hand
1790e1e3-aab8-3b2d-bc55-7385e69b1930,HOME,59.69317878379814,3.7,175.0,126.0,L,0.24,14.27,9.0,PASS,PASS,686799,"Kochanowicz, Jack",SB,2B,0.821,high,
6587dcc9-9d44-3613-921b-da04d6fad067,HOME,59.734309958100894,5.2,174.0,109.0,L,0.34,22.73,7.0,PASS,PASS,689690,"Jacob, Alek",SB,2B,1.088,low,release_to_wrist 0.34 outside -0.32
058f87a4-f6ff-3d4b-9ab8-7a2450fa7faf,HOME,59.714101738570506,3.6,181.0,116.0,L,0.1,13.24,8.0,PASS,PASS,670174,"Winckowski, Josh",SB,2B,1.089,high,
fb50dc34-3cac-3d8d-973c-ac5c2388c8c2,HOME,59.83930949334746,3.7,173.0,113.0,L,0.17,16.99,6.0,PASS,PASS,684974,"Yoho, Craig",CS,3B,1.003,high,
2f94ac46-aca2-3ef3-aba8-c5eaf774c6e7,AWAY,59.69764249587736,8.3,179.0,149.0,L,0.1,2.45,9.0,cut_in_window,cut_in_window,472610,"García, Luis",SB,2B,,not measured,cut_in_window
79acf68e-6ca6-3b9d-9702-d5ac0125d789,AWAY,59.79091595508929,8.3,181.0,110.0,L,0.17,15.73,9.0,cut_in_window,cut_in_window,592866,"Williams, Trevor",SB,2B,,not measured,cut_in_window
c7a8e5cf-a4c4-3aa5-a1e3-f0c6e2cc9cb4,AWAY,59.78957391624477,6.699999999999999,,,,,,,no_release,no_release,645261,"Alcantara, Sandy",SB,2B,,not measured,no_release
e9d891a2-4c91-34eb-97e3-e463a1a9e40a,HOME,59.7421427659119,3.6,179.0,127.0,L,0.16,16.82,9.0,PASS,PASS,687849,"Kent, Zak",SB,2B,0.87,high,
47733430-952f-35c7-827a-c72bdb785ed9,AWAY,59.7420890302839,7.4,220.0,,,0.5,,9.0,no_set_before_lift,no_set_before_lift,678692,"Henriquez, Ronny",SB,2B,,not measured,no_set_before_lift
5c0ba528-c402-36fb-aeee-852b5f9ef7fb,AWAY,59.78477481068155,8.9,194.0,119.0,L,0.98,14.13,9.0,release_not_at_hand,not_cf_view,687473,"Gusto, Ryan",SB,2B,,not measured,release_not_at_hand
5c59841e-10cd-3e83-9d8e-09da330b0b40,HOME,59.79150309563547,3.6,177.0,105.0,L,0.23,46.41,9.0,PASS,PASS,621242,"Díaz, Edwin",SB,3B,1.204,high,
a7fdacd0-5a0e-3bbc-a627-1b331c362d58,HOME,59.695475043975016,3.6,160.0,107.0,L,0.13,18.97,9.0,PASS,PASS,676106,"Hancock, Emerson",SB,2B,0.888,high,
bc56df85-0f02-35ea-9d41-0dcdad7428ca,AWAY,59.74366665660881,7.8999999999999995,175.0,119.0,R,0.13,23.81,9.0,PASS,cut_in_window,685107,"Veneziano, Anthony",SB,2B,0.937,high,
968db0fd-32ce-34d3-8cb4-b9e6828f3ee6,AWAY,59.71166080570667,7.9,178.0,130.0,R,0.16,3.07,9.0,PASS,cut_in_window,676263,"Dreyer, Jack",SB,2B,0.804,low,lift_peak_in 3.07 outside 4.28-
6b6c6129-a40f-398b-90f4-73b537797459,AWAY,59.692424530093035,7.2,178.0,,,0.2,,9.0,no_set_before_lift,no_set_before_lift,682847,"Ortiz, Luis",SB,2B,,not measured,no_set_before_lift
7b3eb592-331d-3edd-8278-61eac574eb4d,AWAY,59.757307486835074,6.5,,,,,,,no_release,no_release,702352,"Bivens, Spencer",CS,3B,,not measured,no_release
402becab-39b4-3980-b262-1e5db3f2b67c,HOME,59.730492254544245,3.6,178.0,111.0,R,0.19,7.6,9.0,PASS,PASS,676979,"Crochet, Garrett",SB,2B,1.122,high,
280de45c-89b6-3e22-9039-f81c0a49f5e1,HOME,59.80939689568245,3.7,179.0,113.0,L,0.1,18.22,9.0,PASS,PASS,608566,"Márquez, Germán",CS,2B,1.104,high,
036f6bb6-348b-3367-8c58-fce7c4cc28e9,AWAY,59.76295533082885,8.399999999999999,178.0,103.0,L,0.14,10.61,9.0,cut_in_window,cut_in_window,642585,"Bautista, Félix",SB,2B,,not measured,cut_in_window
854e25e9-6e4e-3f5e-b1a7-db4365288321,HOME,59.66274292339879,3.7,199.0,136.0,L,0.2,16.72,9.0,PASS,PASS,669371,"Henry, Cole",SB,2B,1.056,high,
e1314af6-14be-315d-a3bb-594e9ba5a398,HOME,59.7303696871186,3.7,180.0,112.0,R,0.24,26.64,9.0,PASS,PASS,676979,"Crochet, Garrett",SB,3B,1.138,high,
db60b9d6-3499-3311-af7b-4002b6fa9801,HOME,59.71771659561459,3.9,198.0,141.0,R,0.11,11.74,9.0,PASS,PASS,669022,"Gore, MacKenzie",SB,2B,0.954,high,
9476ce54-6187-36e0-92ce-67e33f47dd10,AWAY,59.67525041627398,7.5,178.0,121.0,L,0.15,18.77,4.0,PASS,cut_in_window,656876,"Rasmussen, Drew",SB,2B,0.955,low,ball_pts 4.0 outside 5-
9684db22-c3c9-3c47-b6aa-99e43056e81a,HOME,59.77304681197612,3.6,179.0,119.0,L,0.15,17.46,6.0,PASS,PASS,801403,"Dollander, Chase",SB,2B,1.004,high,
662ccf23-7c00-3270-a755-0836c5ab07b1,HOME,59.62182524465487,3.8,180.0,126.0,L,0.15,17.01,9.0,PASS,PASS,547179,"Lorenzen, Michael",SB,2B,0.906,high,
9c8c22f7-e327-35a8-a0e3-15e71f85f6f7,HOME,59.785342152462114,3.7,179.0,127.0,L,0.17,14.09,9.0,PASS,PASS,675848,"Mejia, Juan",SB,2B,0.87,high,
b1f8f606-9024-3b09-baf3-6a6e243996ae,AWAY,,3.3,,,,,,,no_clip,no_release,678495,"Rodríguez, Randy",CS,2B,,not measured,no_clip
4cd13363-1819-3b11-ab30-14dcbea46c92,AWAY,59.76131229712439,7.2,180.0,,,0.24,,9.0,no_set_before_lift,no_set_before_lift,607067,"Rea, Colin",SB,2B,,not measured,no_set_before_lift
344059e4-8f1f-395a-a52b-beca1fd47e38,HOME,59.76257335018037,3.6,180.0,128.0,L,0.17,3.67,9.0,PASS,PASS,672578,"Hernández, Carlos",SB,2B,0.87,low,lift_peak_in 3.67 outside 4.28-
c26595db-8529-334a-8e21-702e346175ae,HOME,59.776090120526185,3.7,177.0,126.0,L,0.24,13.47,9.0,PASS,PASS,669713,"Wesneski, Hayden",CS,2B,0.853,high,
505357b1-c757-3802-9fd7-d36e6962a797,HOME,59.73855596682753,3.7,176.0,126.0,L,0.22,2.13,8.0,PASS,PASS,808967,"Yamamoto, Yoshinobu",SB,2B,0.837,low,lift_peak_in 2.13 outside 4.28-
62661822-48ab-39c4-8d4e-3e13d3c73f28,AWAY,59.81785295432482,7.6,179.0,111.0,R,0.75,17.86,7.0,release_not_at_hand,cut_in_window,671096,"Abbott, Andrew",SB,2B,,not measured,release_not_at_hand
3bf90257-c5c4-3ba6-a1d9-021f7a03d85f,AWAY,59.852414130846114,4.7,174.0,120.0,L,0.21,11.5,9.0,PASS,not_cf_view,622663,"Severino, Luis",CS,2B,0.902,high,
e68e04e1-e437-30e8-b2cd-9be1525f558e,AWAY,59.84248927097833,5.0,179.0,152.0,R,0.09,2.64,9.0,cut_in_window,not_cf_view,663893,"Little, Brendon",CS,2B,,not measured,cut_in_window
d10c81f6-e4e1-374d-9ba2-cde6be0bc7d5,AWAY,59.730740419666375,7.1,174.0,,,0.12,,9.0,no_set_before_lift,no_set_before_lift,663562,"Davis, Noah",SB,2B,,not measured,no_set_before_lift
bfa3ef00-8230-3de3-8c44-2c69a121f11b,AWAY,,0.0,,,,,,,no_clip,no_clip,663893,"Little, Brendon",CS,2B,,not measured,no_clip
86533095-4af4-32d9-9f5e-695ea5bb24c5,AWAY,59.773125752550754,6.6,,,,,,,no_release,no_release,592836,"Walker, Taijuan",SB,2B,,not measured,no_release
788f5146-a57f-3d95-b59a-57026edd22fe,HOME,59.69952928133192,3.6,173.0,101.0,R,0.1,22.53,9.0,PASS,PASS,656457,"Gilbert, Tyler",SB,2B,1.206,high,
7f71890d-0491-381e-8fe9-2e58fe300c30,HOME,59.84061572141505,5.2,197.0,119.0,R,0.38,22.45,8.0,PASS,PASS,641302,"Alexander, Tyler",SB,2B,1.303,low,release_to_wrist 0.38 outside -0.32
979d20d8-2d12-3619-adba-9e834230ffc6,AWAY,59.76339535204988,7.3,177.0,114.0,R,0.16,21.76,9.0,not_cf_view,not_cf_view,681911,"Vesia, Alex",CS,2B,,not measured,not_cf_view
b20391db-f7ae-3318-ba6e-3d5c77ab22c6,AWAY,59.786087948763964,8.6,191.0,,,0.57,,8.0,no_set_before_lift,no_release,694477,"Patrick, Chad",SB,2B,,not measured,no_set_before_lift
8932fb53-c051-3f5f-90db-dcf72f4c3d9d,AWAY,59.658782573380186,8.8,175.0,119.0,L,0.21,23.44,9.0,PASS,cut_in_window,614179,"Ruiz, José",SB,2B,0.939,high,
b9e510dd-bda3-32e9-9c3b-be2bee0d64c0,AWAY,59.76235557012585,5.5,,,,,,,not_cf_view,cut_in_window,689690,"Jacob, Alek",SB,2B,,not measured,not_cf_view
cb0dc27c-0595-38ce-b5ed-b7f1fb9cab04,HOME,59.709166601014225,4.5,179.0,128.0,L,0.45,5.32,9.0,PASS,PASS,669358,"Baz, Shane",SB,2B,0.854,low,release_to_wrist 0.45 outside -0.32
af70fa6d-f058-349f-bf72-2951b33911f3,AWAY,59.790186816957345,12.6,251.0,,,,,9.0,cut_in_window,cut_in_window,688642,"Agnos, Zach",CS,2B,,not measured,cut_in_window
04db3a87-e1c6-3ea0-8ac4-e13784127864,AWAY,59.79169345505979,8.2,173.0,125.0,L,0.15,12.13,9.0,PASS,cut_in_window,656302,"Cease, Dylan",CS,2B,0.803,high,
f65573de-e054-3a4c-8e0b-feaae7ccfd68,HOME,59.80601205370978,4.1,180.0,122.0,L,0.15,17.58,9.0,PASS,PASS,518876,"Kelly, Merrill",SB,2B,0.97,high,
838d921b-497c-3067-b1b0-636489c0aec0,HOME,59.816115165144495,5.5,180.0,115.0,R,0.12,18.71,9.0,PASS,PASS,605488,"Springs, Jeffrey",SB,3B,1.087,high,
31816fea-3a56-3fb8-802c-99271840ea09,HOME,59.741179612524164,5.4,178.0,123.0,R,0.25,17.63,8.0,PASS,PASS,579328,"Kikuchi, Yusei",SB,2B,0.921,high,
dc0dcba9-defd-320a-95ab-98e4b92ead46,HOME,59.79695866024147,5.1,177.0,114.0,R,0.12,26.17,9.0,PASS,PASS,664285,"Valdez, Framber",SB,2B,1.054,high,
9bb8af85-3ed6-37b9-b296-a79248ab1453,AWAY,59.69068757826675,10.5,,,,,,,no_release,cut_in_window,592779,"Stewart, Brock",SB,2B,,not measured,no_release
3f256223-fb62-33fe-9f58-89acbebf8323,HOME,59.74402924712595,4.5,174.0,121.0,L,0.2,10.26,9.0,PASS,PASS,680573,"Woods Richardson, Simeon",SB,2B,0.887,high,
7a6f7166-a9fa-39b8-9a05-80e2b90ccdac,AWAY,,0.0,,,,,,,no_clip,no_clip,680573,"Woods Richardson, Simeon",SB,3B,,not measured,no_clip
6c80e4ae-fba3-39ad-9224-33fcd966980f,AWAY,59.81286734902102,8.8,175.0,,,0.17,,9.0,cut_in_window,no_set_before_lift,622554,"Domínguez, Seranthony",SB,2B,,not measured,cut_in_window
6a856d29-e0e2-31ff-a295-26e0ec69de5c,HOME,59.81360689634506,4.0,176.0,110.0,L,0.19,23.18,9.0,PASS,PASS,656302,"Cease, Dylan",SB,2B,1.103,high,
a6a57432-6ec0-375b-a61d-5e1eff090a7b,AWAY,59.82877867052641,8.6,176.0,,,0.41,,7.0,no_set_before_lift,cut_in_window,656557,"Houck, Tanner",CS,2B,,not measured,no_set_before_lift
f69a15ab-993e-3838-bb65-c5b6ad8a2f58,HOME,59.699249734348,4.1,179.0,150.0,L,0.15,5.08,9.0,PASS,PASS,657044,"Thompson, Ryan",SB,2B,0.486,low,delivery_s 0.486 outside 0.7-1.31
124775bd-e7ed-3418-837d-ecd365caeabe,AWAY,59.799721993702306,5.7,189.0,122.0,L,0.3,4.18,9.0,cut_in_window,not_cf_view,695418,"Lord, Brad",CS,2B,,not measured,cut_in_window
c507fd8c-1e4b-3bb5-ab29-66464a23fd1a,AWAY,59.716159268288074,8.2,179.0,111.0,L,0.19,38.88,9.0,PASS,cut_in_window,621111,"Buehler, Walker",SB,2B,1.139,high,
13c97b3d-d970-3f08-a15b-1067be42b492,AWAY,59.86879397508987,8.0,178.0,125.0,R,0.16,4.91,7.0,PASS,cut_in_window,657571,"Ferguson, Caleb",SB,3B,0.885,high,
ac668870-c927-30bd-a3e7-a5d4d80997cd,AWAY,59.79150512621694,4.300000000000001,,,,,,,no_release,no_release,668716,"Murdock, Noah",SB,2B,,not measured,no_release
1d40da0b-9601-336f-b012-79357eb69fee,HOME,59.81936896430387,3.5,182.0,130.0,L,0.17,6.2,9.0,PASS,PASS,542888,"Armstrong, Shawn",SB,2B,0.869,high,
b93dcf74-41cd-301e-ba63-16d88194095f,AWAY,59.73171779741418,8.1,180.0,104.0,L,0.14,27.25,9.0,cut_in_window,cut_in_window,681190,"Vásquez, Randy",SB,2B,,not measured,cut_in_window
c90640bd-03f5-31cf-acc7-2d97b9766227,HOME,59.752677636246915,3.7,178.0,114.0,R,0.11,13.27,9.0,PASS,PASS,607481,"Bummer, Aaron",SB,3B,1.071,high,
1e1a20cd-d559-33fd-adeb-7676e4ec515b,HOME,59.74480968084212,3.6,174.0,110.0,R,0.08,14.2,9.0,PASS,PASS,607481,"Bummer, Aaron",SB,2B,1.071,high,
45fd77b2-77c1-3ed3-ba55-c69f9bba5037,AWAY,59.70730153956383,7.2,178.0,121.0,L,0.14,12.52,9.0,PASS,cut_in_window,669721,"Daniel, Davis",SB,2B,0.955,high,
dcd51a6c-c9b6-3f4b-8765-1db98589bdcf,AWAY,59.78460461024708,5.1,177.0,113.0,R,0.12,4.06,9.0,cut_in_window,not_cf_view,669373,"Skubal, Tarik",SB,2B,,not measured,cut_in_window
7445c33d-677d-3335-89d5-ca9924fffd8e,HOME,59.768469714407296,3.6,182.0,130.0,L,0.23,13.14,9.0,PASS,PASS,657746,"Ryan, Joe",CS,2B,0.87,high,
5c53e2a9-0305-3d38-baa2-e23247d6cd39,AWAY,59.79380960958572,7.4,160.0,,,0.23,,9.0,no_set_before_lift,no_set_before_lift,683004,"Leiter, Jack",SB,2B,,not measured,no_set_before_lift
9d7d2acf-92c3-3328-baff-60b550c295e1,HOME,59.67566608248109,3.9,182.0,130.0,L,0.24,8.13,9.0,PASS,PASS,592791,"Taillon, Jameson",CS,2B,0.871,high,
f4d177e2-cf56-35ed-81d9-035c882bb9ec,AWAY,59.8327634524375,7.199999999999999,,,,,,,no_release,no_release,687134,"Blalock, Bradley",CS,3B,,not measured,no_release
0e9178b5-95c2-3ddf-83d9-367c545775e2,HOME,59.75468751862491,4.2,179.0,123.0,L,0.24,8.33,9.0,PASS,PASS,607200,"Fedde, Erick",SB,2B,0.937,high,
074e46a3-bf18-3198-9cd5-cccb54c99219,HOME,59.794503449378084,3.7,175.0,102.0,R,0.19,29.67,9.0,PASS,PASS,664991,"Wolfram, Grant",SB,2B,1.221,high,
1b812c0d-e8b5-3e23-b945-3d16c3c65ba4,HOME,59.73472642994016,3.7,178.0,128.0,R,0.14,10.1,9.0,PASS,PASS,669373,"Skubal, Tarik",SB,2B,0.837,high,
8155071c-1cb2-3a78-a41a-f79235cbc0ed,HOME,59.73648321179401,3.9,184.0,114.0,R,0.13,22.07,9.0,PASS,PASS,681911,"Vesia, Alex",SB,2B,1.172,high,
5b249fad-d0de-30fb-a5d7-adb420a4cc83,HOME,59.67965312883856,4.7,181.0,126.0,L,0.18,6.87,8.0,PASS,PASS,643338,"Green, Chad",CS,2B,0.922,high,
9fd711ed-f567-3c94-8d03-ac37fa130676,AWAY,59.82249792709517,9.5,179.0,116.0,L,0.21,14.82,7.0,PASS,no_release,687134,"Blalock, Bradley",SB,3B,1.053,high,
eb43b185-d5ba-3427-b73a-3db17d724e36,AWAY,59.87760410362941,7.2,,,,,,,no_release,no_release,687134,"Blalock, Bradley",SB,2B,,not measured,no_release
5107095a-a1fc-3083-90c1-9cceac51cb6e,HOME,59.71287487369164,4.2,182.0,134.0,R,0.12,10.34,9.0,PASS,PASS,671106,"Allen, Logan",CS,2B,0.804,high,
c0123736-33b8-3d9a-98c4-fe6b63274b9b,HOME,59.76798143851508,3.9,177.0,125.0,L,0.16,17.21,8.0,PASS,PASS,656288,"Canning, Griffin",SB,2B,0.87,high,
c932b3d0-ca78-30d3-b463-301362543873,AWAY,59.71850479844496,8.2,175.0,122.0,L,0.16,6.66,7.0,PASS,cut_in_window,542888,"Armstrong, Shawn",SB,2B,0.887,high,
6df5fb60-1e68-39b5-90e1-61e25d33002e,HOME,59.71913345049066,6.2,254.0,199.0,L,0.27,12.12,9.0,PASS,PASS,683409,"Chivilli, Angel",CS,2B,0.921,high,
7578e4b7-8659-3e80-bc67-5c36e3619a85,HOME,59.76180651403691,7.3,255.0,195.0,L,0.16,7.87,9.0,PASS,PASS,663372,"Feltner, Ryan",SB,2B,1.004,high,
e1e6a2b7-cba4-38ab-a778-0b6d7ef1e7b8,HOME,59.78582127669343,4.6,177.0,114.0,L,0.13,17.45,9.0,PASS,PASS,669622,"Bender, Anthony",SB,2B,1.054,high,
857330dc-cc94-33f5-8876-e2e4bf7ecc0c,AWAY,59.842364123897276,8.899999999999999,174.0,119.0,L,0.17,10.59,7.0,PASS,no_release,693821,"Elder, Bryce",CS,2B,0.919,high,
aa7f2c15-99cd-3463-b8a6-7292fc445f35,AWAY,59.8203029865077,7.6,187.0,117.0,L,0.71,18.89,7.0,release_not_at_hand,release_not_at_hand,665795,"Cabrera, Edward",SB,2B,,not measured,release_not_at_hand
fe9155fc-0e5e-3201-ad00-90a5b261c634,AWAY,59.71201561949182,8.5,176.0,117.0,L,0.24,18.98,9.0,PASS,cut_in_window,665795,"Cabrera, Edward",SB,2B,0.988,high,
325619a3-aba3-3928-84ad-6ccdeca2f9da,HOME,59.68776876340102,6.0,256.0,193.0,L,0.19,7.17,6.0,PASS,PASS,663372,"Feltner, Ryan",SB,2B,1.055,high,
68ad1b83-3567-3735-a604-c5818bc5c8f6,HOME,59.73686159314754,4.3,173.0,109.0,L,0.18,14.96,9.0,PASS,PASS,645261,"Alcantara, Sandy",SB,2B,1.071,high,
40422f31-774e-3fdf-ae62-e19964121a5f,HOME,59.710718632744346,5.2,172.0,108.0,R,0.19,20.54,9.0,PASS,PASS,676263,"Dreyer, Jack",SB,2B,1.072,high,
3e747dd2-49aa-3bba-ac39-777de05939e3,HOME,59.772863120143455,4.7,182.0,129.0,L,0.17,17.25,9.0,PASS,PASS,642547,"Peralta, Freddy",SB,2B,0.887,high,
104b3f39-69c2-3232-aec5-e40eaa8fe41e,AWAY,59.788320563083005,6.1,,,,,,,no_release,no_release,669060,"Wilson, Bryse",SB,2B,,not measured,no_release
9d64ca25-ebb7-360c-8ef2-f55cb9940256,HOME,59.70136353765691,4.2,183.0,121.0,L,0.16,12.66,9.0,PASS,PASS,678024,"Vasil, Mike",SB,2B,1.039,high,
79ad29db-36c3-37d8-985e-31c118be6ad5,HOME,59.81302721644934,6.5,181.0,110.0,R,0.11,26.8,9.0,PASS,PASS,676979,"Crochet, Garrett",CS,3B,1.187,high,
b7f2fb38-ee8e-3efb-955c-33bafad0fefd,HOME,59.64721664800381,4.5,177.0,124.0,R,0.13,9.01,9.0,PASS,PASS,593958,"Rodriguez, Eduardo",SB,2B,0.889,high,
ea81c241-4134-330c-babc-fbaaa956a955,AWAY,59.8243556916892,6.8,182.0,137.0,L,0.24,2.91,5.0,PASS,no_release,669060,"Wilson, Bryse",CS,2B,0.752,low,lift_peak_in 2.91 outside 4.28-
f548f664-09c4-391b-8364-375c7e403e25,HOME,59.69168651364998,4.1,174.0,108.0,L,0.16,19.74,9.0,PASS,PASS,645261,"Alcantara, Sandy",SB,2B,1.106,high,
7b3f5733-f6ba-3252-8303-3cd32bc20dfc,AWAY,59.72035985799432,20.6,179.0,109.0,R,0.13,27.37,9.0,PASS,cut_in_window,676979,"Crochet, Garrett",SB,2B,1.172,high,
f93ba8ad-b583-3ef8-9bae-28267fb10afc,HOME,59.647321654508254,3.9,182.0,132.0,L,0.22,9.28,9.0,PASS,PASS,661403,"Clase, Emmanuel",CS,2B,0.838,high,
2cdf26ba-97aa-3e85-a001-e01a3c0ec820,AWAY,59.700960958420794,8.1,179.0,115.0,L,0.67,8.0,9.0,release_not_at_hand,cut_in_window,679358,"Orze, Eric",SB,2B,,not measured,release_not_at_hand
9f854926-76b7-39cb-afd9-01945efd0997,HOME,59.64852522388001,4.1,172.0,109.0,L,0.23,19.09,8.0,PASS,PASS,608566,"Márquez, Germán",SB,2B,1.056,high,
1c6cb113-3582-3b1f-bab8-4e70b1186fbb,AWAY,59.74617121777066,9.7,169.0,104.0,L,0.3,12.79,4.0,cut_in_window,cut_in_window,655889,"Rodríguez, Manuel",SB,2B,,not measured,cut_in_window
9f92858e-cdcb-3136-b026-da26cd99b71f,HOME,59.617330217942815,5.4,181.0,111.0,R,0.14,16.66,9.0,PASS,PASS,656986,"Sousa, Bennett",SB,3B,1.174,high,
740da173-7830-3652-83e8-615f0441b5a6,AWAY,59.80428349239586,7.9,178.0,,,0.11,,9.0,cut_in_window,cut_in_window,657649,"Koenig, Jared",CS,2B,,not measured,cut_in_window
19efa093-2c22-36ea-b5f7-ad322a4ef8ae,AWAY,59.73266052432002,6.699999999999999,,,,,,,no_release,no_release,676106,"Hancock, Emerson",SB,2B,,not measured,no_release
9033c615-57a0-30ed-96e2-cc4a6b5b6af0,AWAY,59.729399849378034,8.3,198.0,,,0.72,,9.0,cut_in_window,cut_in_window,641302,"Alexander, Tyler",SB,2B,,not measured,cut_in_window
ef6fef3c-56c3-3072-8cf8-4098545eb794,HOME,59.750042800890256,3.6,181.0,126.0,L,0.21,14.51,9.0,PASS,PASS,656876,"Rasmussen, Drew",SB,2B,0.921,high,
809984ca-459c-384c-a47f-6284d023101a,AWAY,59.86718130753379,8.100000000000001,177.0,,,0.18,,9.0,no_set_before_lift,cut_in_window,542881,"Anderson, Tyler",SB,3B,,not measured,no_set_before_lift
92bf78ba-77b5-3fd2-833b-df71a1aa2e04,HOME,59.84501675148973,3.9,180.0,109.0,R,0.14,28.2,9.0,PASS,PASS,641778,"Lauer, Eric",SB,2B,1.186,high,
bb728dfc-48b3-3785-9536-82f83cd5c14c,AWAY,59.80168621770471,4.4,,,,,,,no_release,no_release,656876,"Rasmussen, Drew",CS,2B,,not measured,no_release
f3b42096-1eae-347e-9fea-27f2f65d7497,HOME,59.71449573921645,3.7,185.0,131.0,L,0.35,15.82,9.0,PASS,PASS,676106,"Hancock, Emerson",CS,2B,0.904,low,release_to_wrist 0.35 outside -0.32
5f33d882-063a-3f3b-b773-3d181cbce91e,AWAY,59.82587266330518,9.5,180.0,127.0,L,0.11,2.47,9.0,PASS,cut_in_window,694738,"Roupp, Landen",CS,2B,0.886,low,lift_peak_in 2.47 outside 4.28-
955d70b6-8c51-32fc-ac37-6e39027a2007,AWAY,59.731300480103265,7.9,181.0,,,0.13,,9.0,no_set_before_lift,cut_in_window,641778,"Lauer, Eric",SB,2B,,not measured,no_set_before_lift
b12a440c-0ca6-3cc9-a018-7f1fb7ca9926,HOME,59.69438345294839,5.4,177.0,113.0,L,0.12,19.06,6.0,PASS,PASS,605130,"Barlow, Scott",CS,2B,1.072,high,
95c60653-09af-3f29-9124-2dd527f9f9b2,AWAY,59.7450266095157,5.6,,,,,,,no_release,no_release,471911,"Carrasco, Carlos",SB,2B,,not measured,no_release
38d45648-58f1-3de3-80e5-5569533be38b,AWAY,59.781247887112556,7.5,186.0,120.0,L,0.87,23.52,6.0,release_not_at_hand,release_not_at_hand,674285,"Salazar, Eduardo",SB,2B,,not measured,release_not_at_hand
dc0c4327-cef4-3261-a3ee-170647016f36,HOME,59.80861244019139,3.8,175.0,122.0,L,0.11,9.23,6.0,PASS,PASS,663903,"Singer, Brady",SB,2B,0.886,high,
3cdae78e-bb7f-3d68-82a0-04da1e957134,HOME,59.768540579630326,3.8,175.0,122.0,L,0.22,5.45,9.0,PASS,PASS,571945,"Mikolas, Miles",SB,2B,0.887,high,
62e34d0d-3d5c-343c-b43a-2dc2bf96479b,AWAY,59.75204384152367,7.6,183.0,126.0,L,0.78,9.74,8.0,release_not_at_hand,release_not_at_hand,663903,"Singer, Brady",SB,2B,,not measured,release_not_at_hand
5423a02a-ae87-3c1c-865f-72fad186b898,AWAY,59.656285424430315,8.0,178.0,122.0,R,0.15,6.41,8.0,PASS,cut_in_window,571927,"Matz, Steven",SB,2B,0.939,high,
87118c46-8d21-392d-b2b9-fc4312ef0c8e,HOME,59.80137135021567,3.8,182.0,114.0,L,0.27,30.72,9.0,PASS,PASS,592779,"Stewart, Brock",SB,2B,1.137,high,
113c3759-6234-3bc5-873c-6773bfb4285c,HOME,59.81437721534731,3.6,179.0,117.0,L,0.11,22.97,9.0,PASS,PASS,669622,"Bender, Anthony",SB,3B,1.037,high,
ee98104c-735e-3150-83d9-d31e6b1d7daf,HOME,59.78978806501637,3.9,178.0,119.0,L,0.14,18.46,9.0,PASS,PASS,669622,"Bender, Anthony",SB,2B,0.987,high,
184bbd9f-cc6c-3f3d-b27e-d081694ecf91,AWAY,59.73031385987079,8.0,181.0,123.0,R,0.15,13.14,9.0,PASS,cut_in_window,656222,"Beeks, Jalen",SB,2B,0.971,high,
a4e958be-3232-3b62-a849-fad82b5872b2,AWAY,59.81610988002231,7.0,,,,,,,no_release,no_release,801403,"Dollander, Chase",SB,2B,,not measured,no_release
c7441b81-4bfc-3395-8924-dea79132bee2,AWAY,59.80682019638231,8.3,181.0,100.0,L,0.18,17.21,9.0,cut_in_window,cut_in_window,682847,"Ortiz, Luis",SB,2B,,not measured,cut_in_window
d03c28e1-00cd-3bde-9bdf-35ce1f468f69,HOME,59.778315709007515,3.6,181.0,115.0,L,0.2,20.33,9.0,PASS,PASS,592094,"Adam, Jason",SB,2B,1.104,high,
c93468d0-6571-3ee8-9675-c60c4b04029f,AWAY,,0.0,,,,,,,no_clip,no_clip,641154,"López, Pablo",SB,2B,,not measured,no_clip
e29b1b42-82d4-3b57-9047-2742ec241c53,AWAY,59.85236894670369,7.6,180.0,155.0,L,0.45,2.26,9.0,implausible_delivery,implausible_delivery,643511,"Rogers, Tyler",SB,2B,,not measured,implausible_delivery
09e48556-63dc-3d4d-af48-7e812aa97d97,AWAY,59.815355258155044,10.2,182.0,124.0,L,0.13,12.0,9.0,PASS,not_cf_view,680573,"Woods Richardson, Simeon",CS,2B,0.97,high,
9157583e-3276-33f9-838b-1ab4c2fc6953,AWAY,59.66095452923778,8.1,190.0,113.0,L,1.09,17.16,6.0,release_not_at_hand,cut_in_window,663554,"Mize, Casey",SB,2B,,not measured,release_not_at_hand
d42610ee-5cc4-333d-b456-9e7a4317ed19,HOME,59.74528593098092,3.8,178.0,114.0,R,0.14,15.5,8.0,PASS,PASS,605488,"Springs, Jeffrey",SB,2B,1.071,high,
a68c7283-23b0-3f86-9a72-847f29b58741,HOME,59.70257018887763,3.5,178.0,109.0,R,0.13,37.42,9.0,PASS,PASS,680729,"McDaniels, Garrett",SB,2B,1.156,high,
73dd7e81-5f66-39cb-941d-07feb160a2f1,HOME,59.72178054025135,3.7,183.0,123.0,R,0.12,20.51,9.0,PASS,PASS,663465,"Allard, Kolby",CS,2B,1.005,high,
6fd36175-9ce2-37e5-b081-63c4797d9c81,HOME,59.72883490606544,4.2,177.0,116.0,R,0.1,20.3,9.0,PASS,PASS,669461,"Liberatore, Matthew",SB,2B,1.021,high,
afa30e70-574b-3fa3-8354-d4cb9eed45e8,AWAY,59.80248807882501,5.3999999999999995,178.0,117.0,L,0.16,18.18,9.0,PASS,not_cf_view,623437,"Topa, Justin",SB,2B,1.02,high,
7275d595-e92e-3d1b-868f-0149816a5399,AWAY,59.71521728769558,8.600000000000001,180.0,117.0,L,0.14,24.92,9.0,PASS,cut_in_window,621244,"Berríos, José",SB,2B,1.055,high,
8e8bd308-07c9-3d94-b65b-7f38f133fe15,AWAY,59.71182553762278,5.7,,,,,,,not_cf_view,cut_in_window,434378,"Verlander, Justin",CS,2B,,not measured,not_cf_view
300902b3-ff91-366b-89b3-1be8a0110ab8,AWAY,59.807373653686824,7.3,,,,,,,no_release,no_release,694477,"Patrick, Chad",SB,2B,,not measured,no_release
01320254-41e9-330a-bb77-6c1f3785d7c8,HOME,59.76495126549276,5.3,174.0,110.0,L,0.15,19.54,8.0,PASS,PASS,669358,"Baz, Shane",SB,3B,1.071,high,
08201250-5f44-3baa-8e06-e501cb3a8c9d,HOME,59.75086635894589,4.1,174.0,107.0,L,0.18,18.35,9.0,PASS,PASS,669358,"Baz, Shane",SB,3B,1.121,high,
2e8f4936-9fbe-3848-b053-a85f767ec50e,AWAY,59.74695407685098,8.2,182.0,134.0,L,0.23,5.48,9.0,PASS,cut_in_window,669358,"Baz, Shane",SB,2B,0.803,high,
d70883bd-9560-3e8c-9d81-d1c5235e18b1,HOME,59.655744979475266,3.8,176.0,125.0,L,0.23,4.01,9.0,PASS,PASS,673540,"Senga, Kodai",CS,2B,0.855,low,lift_peak_in 4.01 outside 4.28-
6555829f-6006-381a-a2b8-5708ebdfa585,AWAY,59.68378067083173,8.1,178.0,121.0,L,0.23,12.02,9.0,PASS,no_set_before_lift,592836,"Walker, Taijuan",SB,2B,0.955,high,
b380b578-cec1-3f2c-9ee3-31cb4a42951d,AWAY,59.777890726555505,7.7,179.0,126.0,L,0.12,13.01,7.0,PASS,release_not_at_hand,605280,"Holmes, Clay",SB,3B,0.887,high,
f75bd212-20cc-3afe-ac31-f08230fb5f76,AWAY,59.67396523210353,6.5,181.0,120.0,L,0.16,26.16,9.0,PASS,no_release,686563,"Cannon, Jonathan",CS,2B,1.022,high,
d1eee521-05ac-30b9-8e37-7ce292135129,AWAY,59.83633498234407,9.5,,,,,,,no_release,cut_in_window,680684,"Hoglund, Gunnar",CS,2B,,not measured,no_release
ef614cdf-6792-35f9-a4c8-fe77709f9fad,HOME,59.65327454744522,3.7,178.0,114.0,L,0.23,16.29,5.0,PASS,PASS,669371,"Henry, Cole",SB,2B,1.073,high,
639fff3b-cbd2-3c06-8995-40b070fca8b8,HOME,59.7317381272109,5.2,179.0,124.0,L,0.13,16.55,4.0,PASS,PASS,663574,"Santillan, Tony",CS,3B,0.921,low,ball_pts 4.0 outside 5-
16afe8f0-13ea-3a3b-899a-c676259c3da7,HOME,59.69001473940548,3.8,180.0,130.0,L,0.24,10.57,9.0,PASS,PASS,605280,"Holmes, Clay",CS,2B,0.838,high,
6f2f0974-e3a1-3a3a-b175-03c83e876474,HOME,59.726472605905506,3.7,179.0,109.0,L,0.13,23.76,5.0,PASS,PASS,668881,"Greene, Hunter",SB,2B,1.172,high,
499fba47-d904-34c3-85f0-4ff3392bc7e7,AWAY,59.805108306940596,8.4,183.0,,,0.29,,8.0,cut_in_window,cut_in_window,679358,"Orze, Eric",SB,2B,,not measured,cut_in_window
55c42d9a-84b2-30c3-9d84-4897292bb8d2,HOME,59.676622219373826,5.5,180.0,112.0,L,0.13,23.37,9.0,PASS,PASS,596001,"Junis, Jakob",SB,2B,1.139,high,
45378952-9d6a-3626-844a-1c601517096b,AWAY,,4.1,,,,,,,no_clip,cut_in_window,656302,"Cease, Dylan",SB,2B,,not measured,no_clip
fd38fb09-2afd-3e90-86a4-e84c1dee6485,HOME,59.65216616213733,3.7,178.0,130.0,L,0.21,11.55,9.0,PASS,PASS,605280,"Holmes, Clay",SB,3B,0.805,high,
4a8ee5c3-2e9d-389e-8b27-01ec85810457,AWAY,,3.7,,,,,,,no_clip,no_set_before_lift,593974,"Peralta, Wandy",SB,3B,,not measured,no_clip
ea328e9a-cb49-34f9-9211-d637fb15b892,HOME,59.71282801788185,3.6,182.0,120.0,L,0.19,25.75,9.0,PASS,PASS,656605,"Keller, Mitch",SB,2B,1.038,high,
d4846fda-85b4-3e56-9514-7516724bc83d,AWAY,59.76305246765282,7.5,183.0,105.0,L,0.62,30.38,9.0,release_not_at_hand,cut_in_window,660896,"Alcala, Jorge",SB,3B,,not measured,release_not_at_hand
c9253743-8a2b-32b3-b0f5-6a4b3c936850,AWAY,59.75651450061689,10.4,180.0,,,0.13,,6.0,cut_in_window,cut_in_window,657746,"Ryan, Joe",SB,3B,,not measured,cut_in_window
b780a6cd-965d-3f6b-8111-5ce0273267e0,AWAY,59.73680431869899,9.2,,,,,,,no_release,not_cf_view,660896,"Alcala, Jorge",SB,2B,,not measured,no_release
c2266d37-692e-3a11-915a-98b85f9c7759,AWAY,59.745344688227036,7.300000000000001,180.0,121.0,L,0.25,18.32,9.0,PASS,cut_in_window,605135,"Bassitt, Chris",SB,2B,0.988,high,
34807d66-9ba5-3fda-905c-1779db79b76a,HOME,59.78262421167731,3.7,183.0,126.0,L,0.14,13.94,9.0,PASS,PASS,657746,"Ryan, Joe",SB,2B,0.953,high,
245544f0-fb0f-3839-a5cb-9dab1458a945,AWAY,59.66321257600539,4.9,178.0,125.0,L,0.11,12.53,9.0,PASS,not_cf_view,656427,"Flaherty, Jack",SB,2B,0.888,high,
c21fc3d2-e8ec-3f4a-8e85-4bee2796e58e,HOME,59.8277474017303,3.6,182.0,126.0,L,0.11,20.72,9.0,PASS,PASS,592866,"Williams, Trevor",SB,2B,0.936,high,
d4af429c-ba5a-3060-9094-ce91f500ce1a,HOME,59.753198480703084,3.7,176.0,105.0,L,0.15,24.04,8.0,PASS,PASS,670280,"Bednar, David",SB,3B,1.188,high,
91c75fe5-569d-35ea-8187-efbf06103177,AWAY,59.800664451827245,6.0,,,,,,,no_release,release_not_at_hand,518585,"Cruz, Fernando",SB,2B,,not measured,no_release
447d382f-f32f-3df1-bb37-16b22d079f3e,AWAY,59.82333769556249,8.9,191.0,119.0,R,0.69,18.24,9.0,release_not_at_hand,release_not_at_hand,666157,"Lodolo, Nick",SB,2B,,not measured,release_not_at_hand
83186125-b792-3bbd-ae12-0fad0c1521b2,HOME,59.8280378478973,3.7,184.0,124.0,L,0.58,11.52,6.0,PASS,PASS,691172,"Zulueta, Yosver",SB,2B,1.003,low,release_to_wrist 0.58 outside -0.32
07d917e3-5d3d-3b25-96a3-8ccd434ec814,AWAY,59.7309999679189,7.300000000000001,174.0,122.0,R,0.11,16.24,5.0,PASS,release_not_at_hand,678606,"Ferrer, José A.",CS,2B,0.871,high,
2d421853-046f-3404-80f1-7aea1be7fcbd,HOME,59.780596366512114,3.6,180.0,124.0,L,0.13,8.95,4.0,PASS,PASS,808963,"Sasaki, Roki",SB,2B,0.937,low,ball_pts 4.0 outside 5-
012f218c-6f60-3486-b858-26ef7878272d,AWAY,59.76927574611051,7.5,177.0,121.0,L,0.15,16.28,9.0,PASS,cut_in_window,668909,"Williams, Gavin",SB,2B,0.937,high,
8c0802d5-72d0-32b4-bf3b-fdb40792455a,HOME,59.755665722379604,5.2,181.0,131.0,L,0.09,28.44,8.0,PASS,PASS,669711,"Weissert, Greg",SB,2B,0.837,high,
14b337c9-9750-348e-bd79-0a7261710cb6,HOME,59.73720734512363,3.7,181.0,118.0,L,0.14,12.4,8.0,PASS,PASS,641927,"Ober, Bailey",CS,2B,1.055,high,
9ec914b7-6fbb-3e3e-8886-cc2a2df5b6bf,AWAY,59.67586712921872,6.9,,,,,,,no_release,no_release,674370,"Bido, Osvaldo",SB,2B,,not measured,no_release
4b7d4233-0e94-3094-89b3-e33601aaa2b9,AWAY,59.77820225645536,9.0,178.0,121.0,L,0.14,15.87,9.0,PASS,cut_in_window,668909,"Williams, Gavin",CS,2B,0.954,high,
c82f0d23-6487-389f-8612-888db72b9db2,HOME,59.76356071009443,5.4,178.0,124.0,L,0.26,6.37,5.0,PASS,PASS,621053,"Ferguson, Tyler",SB,2B,0.904,high,
4a19cec8-fb50-384c-b0bd-6263146f19b8,HOME,59.80190854204006,5.2,178.0,119.0,L,0.15,8.58,8.0,PASS,PASS,643410,"Leiter Jr., Mark",SB,2B,0.987,high,
5f712d04-effe-36e1-971d-1ca9087248ef,HOME,59.825318959873535,3.7,178.0,118.0,L,0.14,15.28,8.0,PASS,PASS,643410,"Leiter Jr., Mark",SB,3B,1.003,high,
ce9a92e6-c996-3c10-b97a-64c210b33981,HOME,59.65103798768909,3.7,178.0,114.0,L,0.15,22.65,6.0,PASS,PASS,622491,"Castillo, Luis",CS,2B,1.073,high,
c5a50d8d-cb3a-3b63-bc17-20e55edacd70,AWAY,59.781266523652,10.7,180.0,,,0.13,,9.0,no_set_before_lift,no_set_before_lift,681190,"Vásquez, Randy",SB,2B,,not measured,no_set_before_lift
09430325-01b5-371b-9bc2-b48d96282759,HOME,59.77697615464338,3.9,178.0,120.0,R,0.09,26.2,8.0,PASS,PASS,642232,"Yarbrough, Ryan",SB,3B,0.97,high,
764ad29b-8f69-3af8-9c93-cabb20726ef2,AWAY,59.708977967505604,7.699999999999999,,,,,,,no_release,no_release,674370,"Bido, Osvaldo",SB,2B,,not measured,no_release
cfd1e102-3dd4-3782-a526-571996525afa,AWAY,,0.0,,,,,,,no_clip,no_clip,669711,"Weissert, Greg",SB,2B,,not measured,no_clip
8e3be5df-7eee-374d-abd8-4efc58aa9a5a,HOME,59.799828744063845,3.7,176.0,118.0,R,0.14,17.4,8.0,PASS,PASS,666157,"Lodolo, Nick",SB,3B,0.97,high,
15c60eb7-a669-3473-a313-b06a31aafe21,AWAY,,1.0,,,,,,,no_clip,not_cf_view,628452,"Iglesias, Raisel",SB,2B,,not measured,no_clip
7c837db3-3e88-3fa4-a29a-174730e429f4,HOME,59.78690992943293,3.8,179.0,128.0,R,0.17,6.69,7.0,PASS,PASS,669022,"Gore, MacKenzie",SB,2B,0.853,high,
a9cc93be-5795-3832-b6d0-e492f9f274f3,HOME,59.76115709703665,4.0,179.0,121.0,R,0.11,21.74,9.0,PASS,PASS,595345,"Okert, Steven",SB,2B,0.971,high,
03ee0445-f24d-3b43-be42-8a626892a14b,HOME,59.82373364194783,4.1,182.0,127.0,L,0.15,11.84,9.0,PASS,PASS,689147,"Kerkering, Orion",SB,2B,0.919,high,
e97e3284-d778-3221-aff9-03cb17c8ac8b,HOME,59.75586652089804,4.1,172.0,106.0,L,0.27,18.2,7.0,PASS,PASS,669622,"Bender, Anthony",SB,2B,1.104,high,
8e19c64b-27c9-3103-8507-430529a8935c,HOME,59.72241693537081,3.9,179.0,130.0,L,0.14,4.48,9.0,PASS,PASS,607200,"Fedde, Erick",SB,2B,0.82,high,
51e2a633-9855-302b-83b3-ac7f7dfd6a31,AWAY,59.74584555229716,6.0,181.0,122.0,L,0.18,3.62,9.0,PASS,no_release,669467,"Pallante, Andre",SB,2B,0.988,low,lift_peak_in 3.62 outside 4.28-
4d2748f6-ee25-3c14-a26d-198c5b2402b7,HOME,59.84276271230035,3.8,180.0,112.0,R,0.16,21.8,9.0,PASS,PASS,676979,"Crochet, Garrett",CS,2B,1.136,high,
8fbcbb6b-3bc0-37cb-9d2c-83c3e59983cd,HOME,59.759367125054794,3.9,179.0,117.0,R,0.21,5.04,8.0,PASS,PASS,571760,"Heaney, Andrew",SB,3B,1.037,high,
cbb037e9-6a29-3211-93c0-8ccaef8958d6,AWAY,59.704857325532835,7.9,178.0,118.0,R,0.18,12.05,9.0,PASS,cut_in_window,676664,"Sears, JP",SB,2B,1.005,high,
16826db5-913b-35d0-8b82-30df19ae7e7c,AWAY,59.77411506919941,9.5,264.0,,,,,8.0,cut_in_window,no_release,594798,"deGrom, Jacob",SB,2B,,not measured,cut_in_window
20c757ca-4e16-3638-a5d6-4af3f6f4756e,HOME,59.73334156531839,3.7,176.0,115.0,R,0.1,23.6,9.0,PASS,PASS,595345,"Okert, Steven",SB,2B,1.021,high,
7e0bedb8-97e5-303a-aa3d-17ab31a8e661,AWAY,59.81484238852936,14.9,185.0,,,0.27,,9.0,no_set_before_lift,no_set_before_lift,661403,"Clase, Emmanuel",SB,2B,,not measured,no_set_before_lift
66484002-b680-3bb7-8a0a-699edc3c5a47,AWAY,59.79201062969078,7.6,180.0,117.0,L,0.26,18.51,9.0,PASS,cut_in_window,592779,"Stewart, Brock",SB,2B,1.054,high,
ee2928cb-13cc-32a6-bcf7-865002d62acc,AWAY,59.80377310728743,5.9,,,,,,,no_release,not_cf_view,665795,"Cabrera, Edward",SB,2B,,not measured,no_release
94ed4c03-f97d-3c7d-844e-598a29730405,HOME,59.737881428855104,3.5,180.0,117.0,R,0.13,24.92,9.0,PASS,PASS,624133,"Suarez, Ranger",SB,2B,1.055,high,
a74f38dd-12b4-3f29-b7b0-b40827a7c1af,AWAY,59.82217806177513,11.7,194.0,113.0,L,0.83,16.58,6.0,cut_in_window,cut_in_window,642547,"Peralta, Freddy",CS,2B,,not measured,cut_in_window
923efc04-8d47-35e3-8de6-ee4a06836a66,HOME,59.7732687930696,3.6,181.0,120.0,L,0.13,12.16,5.0,PASS,PASS,669160,"May, Dustin",SB,2B,1.021,high,
c3b724fa-9981-3932-9e6c-dee9659671af,AWAY,59.81895589633365,7.3,180.0,118.0,L,0.15,22.14,9.0,cut_in_window,not_cf_view,669854,"Blanco, Ronel",CS,2B,,not measured,cut_in_window
f1385e4f-9a7c-3b8b-a46d-a5f2a90171f5,AWAY,59.794713054698576,7.6,176.0,,,0.13,,6.0,no_set_before_lift,cut_in_window,656986,"Sousa, Bennett",SB,3B,,not measured,no_set_before_lift
c95ccfe2-657d-334f-a163-fac667ad782e,HOME,59.808002099293674,3.5,177.0,114.0,L,0.25,14.46,9.0,PASS,PASS,601713,"Pivetta, Nick",SB,2B,1.053,high,
90b6c5da-add5-3225-9087-16d44148ef66,HOME,59.79444918063844,3.5,176.0,112.0,L,0.14,19.56,9.0,PASS,PASS,645261,"Alcantara, Sandy",SB,2B,1.07,high,
955d8e6a-922a-398e-a01c-7ad0f175dc0f,HOME,59.85805782821046,3.5,181.0,124.0,R,0.12,10.11,9.0,PASS,PASS,685126,"Eisert, Brandon",SB,3B,0.952,high,
fb7f9ca2-5789-38fc-8c57-0a613d19a2d4,HOME,59.72154522330042,3.5,182.0,129.0,L,0.21,20.46,9.0,PASS,PASS,673965,"Freeman, Caleb",SB,2B,0.887,high,
574564c7-6e6d-3981-93f1-6ec38a0752e3,HOME,59.81154506219383,3.4,180.0,124.0,L,0.23,14.06,9.0,PASS,PASS,681343,"Smith, Shane",SB,2B,0.936,high,
41865297-621f-3b09-af1c-4f90f942cb66,AWAY,59.808205668814715,7.8999999999999995,182.0,117.0,L,0.75,15.08,9.0,release_not_at_hand,cut_in_window,681343,"Smith, Shane",SB,2B,,not measured,release_not_at_hand
e414e54c-4cd1-3803-818b-94482f2e57f9,HOME,59.83543748261327,3.6,173.0,112.0,R,0.15,9.09,9.0,PASS,PASS,673513,"Matsui, Yuki",SB,2B,1.019,high,
fff42aba-3846-333d-8ce3-16bcb639e36e,AWAY,59.61654052330074,7.7,178.0,,,0.12,,9.0,no_set_before_lift,no_set_before_lift,571510,"Boyd, Matthew",SB,2B,,not measured,no_set_before_lift
759a3c74-2b24-3f6d-ab55-ff841f4acc32,AWAY,59.728148323164376,4.9,178.0,130.0,L,0.14,136.62,8.0,cut_in_window,not_cf_view,645261,"Alcantara, Sandy",SB,2B,,not measured,cut_in_window
44cc1f1a-ec9a-31b1-8b7c-78b0bcfa6c8f,HOME,59.813879635616594,3.5,179.0,117.0,R,0.14,17.72,9.0,PASS,PASS,607074,"Rodón, Carlos",SB,2B,1.037,high,
4b0af98a-5059-318f-8f0d-8188283d87f1,HOME,59.646564864664676,3.5,179.0,130.0,L,0.13,3.39,9.0,PASS,PASS,571945,"Mikolas, Miles",CS,2B,0.822,low,lift_peak_in 3.39 outside 4.28-
91684043-0caa-3201-b986-5592aac19448,HOME,59.77025373331878,3.5,172.0,113.0,L,0.19,17.25,8.0,PASS,PASS,676508,"Casparius, Ben",SB,2B,0.987,high,
da2564a7-ef26-300d-93f8-ced10c4b6c45,HOME,59.81348483224354,3.5,180.0,136.0,R,0.17,10.87,9.0,PASS,PASS,666142,"Ragans, Cole",SB,2B,0.736,high,
1bebd1e4-1faa-395d-824f-0cb1fb16a5f6,AWAY,59.83462523080217,6.4,,,,,,,no_release,no_release,622663,"Severino, Luis",SB,2B,,not measured,no_release
f64f7fe2-1c9e-38df-9032-71b2b03b7776,AWAY,59.85028465379287,7.9,181.0,110.0,L,0.28,33.02,5.0,PASS,cut_in_window,621242,"Díaz, Edwin",CS,2B,1.186,high,
c57934e2-eaed-3749-9ac2-e4f02b835b6c,AWAY,59.68468737103503,7.6,176.0,106.0,R,0.2,22.64,9.0,PASS,cut_in_window,656986,"Sousa, Bennett",SB,2B,1.173,high,
8b1d63f0-6f76-3788-952b-ca4bd31afe1f,HOME,59.69718817591925,3.8,185.0,123.0,L,0.53,12.43,9.0,PASS,PASS,605463,"Scott, Tayler",SB,2B,1.039,low,release_to_wrist 0.53 outside -0.32
b5184d6e-0515-318a-87da-368c19f5b262,AWAY,59.78058457992299,6.4,,,,,,,no_release,no_release,686993,"Sterner, Justin",SB,2B,,not measured,no_release
d1e4b9f2-8723-3077-98c8-dd5ff513bf7a,AWAY,59.74430329894073,7.1,,,,,,,no_release,no_release,679358,"Orze, Eric",CS,2B,,not measured,no_release
58681a5e-0342-3186-87b9-cf9af6abfad5,AWAY,59.800105937715564,8.1,187.0,116.0,R,0.92,23.26,9.0,release_not_at_hand,release_not_at_hand,681911,"Vesia, Alex",SB,2B,,not measured,release_not_at_hand
8396004f-914b-31e2-9570-a418d98181ef,HOME,59.70339215930161,3.6,180.0,120.0,R,0.11,21.07,8.0,PASS,PASS,519242,"Sale, Chris",SB,3B,1.005,high,
4cfa977a-ddd6-3cc5-bbba-147a3ecc3199,HOME,59.8379703020153,3.5,184.0,131.0,L,0.12,18.69,9.0,PASS,PASS,642701,"Santana, Dennis",CS,2B,0.886,high,
4b2c7c5a-9ce8-3a5c-ae57-bec1d6a8325a,AWAY,59.80911408314306,8.0,181.0,,,0.24,,9.0,no_set_before_lift,no_set_before_lift,607455,"Banda, Anthony",SB,2B,,not measured,no_set_before_lift
235fa2f6-e4f1-3151-add6-407057d3b349,HOME,59.83136419203652,3.5,175.0,121.0,L,0.17,16.04,9.0,PASS,PASS,676106,"Hancock, Emerson",SB,2B,0.903,high,
5e32fb0f-396a-3505-9390-467a22806881,AWAY,59.788663681846806,7.0,,,,,,,no_release,no_release,472610,"García, Luis",CS,2B,,not measured,no_release
e6e90261-95c8-3eae-9dcc-89548ff625d1,AWAY,59.84862123351213,9.5,260.0,,,0.64,,6.0,cut_in_window,no_release,554340,"García, Yimi",SB,2B,,not measured,cut_in_window
1dc21b05-4418-3f50-b356-dc78a5890b36,AWAY,59.764584718373996,7.0,,,,,,,no_release,no_release,669461,"Liberatore, Matthew",SB,2B,,not measured,no_release
1cc5f934-ae03-3021-834f-a73718b63de4,AWAY,,0.0,,,,,,,no_clip,no_clip,570632,"Ureña, José",SB,2B,,not measured,no_clip
4b4ebdc3-c5e0-394e-b657-41e7019523c7,HOME,59.656786271450855,3.8,181.0,123.0,L,0.29,16.75,6.0,PASS,PASS,594902,"Lively, Ben",SB,2B,0.972,high,
a2d9c3f3-878f-381b-a3ed-99af21e8cce8,AWAY,59.70433046537054,6.6,,,,,,,no_release,cut_in_window,682847,"Ortiz, Luis",SB,2B,,not measured,no_release
67c9992c-20fd-3577-8a94-cd13a61abe1e,AWAY,59.827403752999565,7.8,188.0,129.0,L,0.82,15.28,7.0,release_not_at_hand,release_not_at_hand,594902,"Lively, Ben",CS,2B,,not measured,release_not_at_hand
a3fddd37-a4ff-345f-9797-b49090bc598e,AWAY,59.76914109530574,35.0,178.0,116.0,R,0.17,17.56,9.0,PASS,cut_in_window,670970,"Morejon, Adrian",SB,3B,1.037,high,
b10e8be1-7fb0-3c88-88df-2ef9e6f2c929,HOME,59.85175482987527,3.8,175.0,119.0,L,0.14,7.31,9.0,PASS,PASS,643338,"Green, Chad",CS,2B,0.936,high,
6d553e03-70d8-3264-b953-d1ec252f05d5,HOME,59.681961458715556,4.1,179.0,119.0,R,0.09,28.41,8.0,PASS,PASS,519242,"Sale, Chris",SB,2B,1.005,high,
efd2095d-a4ac-33a2-919e-97ea56a011e7,AWAY,59.78503258735662,7.6,178.0,112.0,L,0.14,27.19,9.0,PASS,cut_in_window,434378,"Verlander, Justin",CS,2B,1.104,high,
1fe6a25a-d2eb-39d4-85e5-dcaeeb72713d,HOME,59.80341046910832,3.7,176.0,123.0,L,0.16,21.62,9.0,PASS,PASS,607625,"Lugo, Seth",SB,2B,0.886,high,
0838e7fb-a39f-3735-a5e4-97844c87993c,HOME,59.688609789370894,5.2,166.0,120.0,L,0.05,19.79,8.0,PASS,PASS,656876,"Rasmussen, Drew",SB,2B,0.771,high,
a283a8c3-a519-3b1d-b732-82f3774bb338,AWAY,59.73769356648186,7.7,182.0,126.0,L,0.76,3.68,9.0,release_not_at_hand,cut_in_window,678226,"Hernández, Daysbel",SB,2B,,not measured,release_not_at_hand
2bf6e839-695b-34c6-ac63-35d777bccbaa,HOME,59.708655637739255,3.6,180.0,122.0,L,0.19,19.02,9.0,PASS,PASS,656876,"Rasmussen, Drew",SB,3B,0.971,high,
5363fd91-c176-33ff-9eac-9d69993ce37e,HOME,59.711367640715586,3.6,178.0,122.0,L,0.18,11.98,9.0,PASS,PASS,663623,"Irvin, Jake",SB,2B,0.938,high,
b2ba05f8-5c58-3a2c-814f-a6165db3e5e4,HOME,59.771763235289455,3.5,181.0,122.0,R,0.14,35.88,9.0,PASS,PASS,595345,"Okert, Steven",SB,2B,0.987,high,
dec939cf-8827-36c1-befc-a689103184ca,AWAY,59.805567182018635,7.0,,,,,,,no_release,no_release,664062,"Gonsolin, Tony",SB,2B,,not measured,no_release
3ebca1fe-9d56-34d7-8c3b-0b5df847098b,HOME,59.782907298836136,3.7,175.0,118.0,L,0.12,18.32,9.0,PASS,PASS,676106,"Hancock, Emerson",SB,2B,0.953,high,
3c503f9e-4e08-3e55-aa68-fb907636e47b,AWAY,59.75770530411632,7.8,177.0,,,0.37,,9.0,cut_in_window,release_not_at_hand,655889,"Rodríguez, Manuel",SB,2B,,not measured,cut_in_window
59e1507d-afbc-3758-a25b-84cff3090ce7,AWAY,59.79886565308503,10.600000000000001,181.0,125.0,L,0.88,19.56,9.0,not_cf_view,not_cf_view,668716,"Murdock, Noah",SB,2B,,not measured,not_cf_view
54ab9127-4796-3a08-9997-453fec90f5bb,AWAY,59.843447091482524,7.9,176.0,,,0.27,,9.0,cut_in_window,cut_in_window,673540,"Senga, Kodai",CS,2B,,not measured,cut_in_window
5824909f-ee2a-33f7-8149-c2f9983a2133,AWAY,59.84490394416065,7.1,174.0,117.0,L,0.19,23.01,8.0,PASS,cut_in_window,695549,"Jobe, Jackson",SB,2B,0.952,high,
1aeebd5c-0465-3fd2-b7d4-e0b0795f32b1,AWAY,59.685338893354235,6.8,,,,,,,no_release,release_not_at_hand,592662,"Ray, Robbie",SB,3B,,not measured,no_release
ff9f35e8-a8d1-3a6b-adc8-9f2f627b92e8,HOME,59.782675937840246,5.6,254.0,190.0,L,0.14,23.89,8.0,PASS,PASS,647336,"Soroka, Michael",CS,2B,1.071,high,
d87f494c-50c7-349d-b332-0b7e4870d167,HOME,59.7905156170448,3.5,178.0,117.0,R,0.15,19.66,9.0,PASS,PASS,620454,"Castillo, José",SB,3B,1.02,high,
976f87fa-23a0-3d94-9716-26a4d29337a7,AWAY,59.76425532854567,4.6,178.0,106.0,R,0.17,22.27,9.0,PASS,not_cf_view,605177,"Chafin, Andrew",SB,2B,1.205,high,
2b258e32-1f8f-3a7d-89f8-66fd490f442c,AWAY,59.78684134723096,7.1,175.0,114.0,L,0.15,18.75,9.0,PASS,not_cf_view,686563,"Cannon, Jonathan",SB,2B,1.02,high,
58286855-99d7-3b1e-af18-51c62f8d541e,HOME,59.795708711313175,5.4,252.0,187.0,L,0.26,34.82,9.0,PASS,PASS,661403,"Clase, Emmanuel",SB,2B,1.087,high,
d2174511-b91b-35ef-931d-e9c6364f9359,AWAY,59.76816271071292,10.7,181.0,113.0,L,0.2,17.13,9.0,PASS,cut_in_window,642207,"Williams, Devin",SB,3B,1.138,high,
a427582d-735a-38d0-8acd-93cc490ddc97,HOME,59.685295713510584,3.6,180.0,127.0,L,0.17,6.54,9.0,PASS,PASS,680573,"Woods Richardson, Simeon",CS,2B,0.888,high,
bca840be-fd86-30b1-87a4-0c873a993f65,AWAY,59.823908681444664,7.9,174.0,,,0.18,,9.0,cut_in_window,cut_in_window,518876,"Kelly, Merrill",SB,2B,,not measured,cut_in_window
32a6cbe2-8de9-325c-9035-2c7a3309d14f,HOME,59.7854192918691,5.1,178.0,125.0,L,0.19,20.38,8.0,PASS,PASS,668716,"Murdock, Noah",SB,2B,0.887,high,
5bb4a9b4-0c39-3c79-9871-ac5aad1f889f,AWAY,59.71766647633258,7.5,175.0,126.0,L,0.25,5.99,9.0,PASS,cut_in_window,678368,"Bellozo, Valente",CS,2B,0.821,high,
1c7727ec-e6c9-3fed-b696-1c6913d5abdf,AWAY,59.72825654325229,6.7,185.0,113.0,L,0.94,21.3,7.0,release_not_at_hand,no_release,663554,"Mize, Casey",SB,2B,,not measured,release_not_at_hand
fe51cea8-7505-3e5c-b875-bf6af90368d3,HOME,59.74235373482997,3.5,178.0,127.0,L,0.15,12.31,9.0,PASS,PASS,655889,"Rodríguez, Manuel",SB,2B,0.854,high,
f1d72d9f-e57f-3a6b-a301-4b92c0cebed0,AWAY,59.65102596398932,7.1,180.0,111.0,R,0.16,23.31,8.0,PASS,no_set_before_lift,656641,"Latz, Jacob",SB,2B,1.157,high,
d7120438-66f4-3ed6-ad89-e9163c855ee4,AWAY,59.783868916291105,7.0,180.0,116.0,R,0.09,22.3,9.0,PASS,cut_in_window,666200,"Luzardo, Jesús",CS,2B,1.071,high,
3f4a2a91-38f6-3844-878a-3879122f34ca,HOME,59.807393009331314,5.4,230.0,178.0,L,0.14,11.89,4.0,PASS,PASS,663436,"Martin, Davis",SB,2B,0.869,low,ball_pts 4.0 outside 5-
a2204ee1-9d98-3de8-bc26-849734e187fc,HOME,59.7342591292583,5.1,179.0,131.0,L,0.13,7.65,9.0,PASS,PASS,628452,"Iglesias, Raisel",SB,2B,0.804,high,
5e86d3d5-0ffa-39a6-b5e8-33034a1de534,AWAY,59.75940006249349,6.6,,,,,,,no_release,no_release,665152,"Kremer, Dean",SB,2B,,not measured,no_release
4f56dd59-0b51-3c5e-89c1-08d1949aa42b,AWAY,59.7247211760082,7.0,,,,,,,no_release,no_release,666974,"Cano, Yennier",SB,2B,,not measured,no_release
d549a272-16ba-34eb-b12d-607e02e70ef5,AWAY,59.732340679942325,8.0,183.0,124.0,R,0.11,17.47,8.0,PASS,cut_in_window,666157,"Lodolo, Nick",SB,2B,0.988,high,
5ec364f8-3494-31dd-a37b-7c8715cfdd86,HOME,59.754735506522664,5.7,230.0,167.0,L,0.21,14.51,9.0,PASS,PASS,678024,"Vasil, Mike",SB,2B,1.054,high,
c2809712-9263-30e6-b1a8-74b4d19e681f,HOME,59.794233273985206,3.5,177.0,113.0,R,0.12,21.86,9.0,PASS,PASS,666200,"Luzardo, Jesús",SB,2B,1.07,high,
667d4344-0c1e-3695-9771-3ca011887e36,HOME,59.738643434972,3.6,181.0,116.0,L,0.15,23.88,9.0,PASS,PASS,678394,"Bello, Brayan",SB,2B,1.088,high,
939320c7-9e04-3b8c-895e-158de1514e7f,HOME,59.79703345856187,3.5,177.0,117.0,R,0.25,13.43,8.0,PASS,PASS,621237,"Alvarado, José",CS,2B,1.003,high,
d98355f7-6d3c-3e77-9486-4458e5accd54,HOME,59.78764462984939,3.5,173.0,118.0,L,0.12,11.89,9.0,PASS,PASS,641401,"Brogdon, Connor",CS,2B,0.92,high,
5192dc30-7a42-3e8c-b7d4-8fe7f2e25e9f,HOME,59.76012077834936,3.6,183.0,114.0,L,0.35,24.7,9.0,PASS,PASS,678394,"Bello, Brayan",SB,2B,1.155,low,release_to_wrist 0.35 outside -0.32
a5b78060-bb70-3d9f-b447-6e2f0d497218,HOME,59.66824768742958,3.6,178.0,119.0,R,0.11,19.7,9.0,PASS,PASS,676680,"Cosgrove, Tom",SB,2B,0.989,high,
70e98488-7249-36ca-9a7a-ef36c6e5ba58,AWAY,59.78927529874329,8.399999999999999,179.0,125.0,L,0.14,8.78,9.0,PASS,cut_in_window,641793,"Littell, Zack",SB,2B,0.903,high,
8c437c99-7896-36a7-8c28-1dc8ae8e9c1f,HOME,59.70435955738811,3.9,182.0,128.0,L,0.2,24.97,9.0,PASS,PASS,642701,"Santana, Dennis",SB,2B,0.904,high,
25da4763-77df-3454-a5ab-b6898cbb1c53,AWAY,59.699367029310025,7.9,177.0,119.0,L,0.15,7.91,9.0,PASS,no_set_before_lift,641793,"Littell, Zack",SB,2B,0.972,high,
820e1b04-ec4d-3cea-9363-a3dc0ea2e564,AWAY,59.73971760431886,2.4,,,,,,,not_cf_view,not_cf_view,668970,"Hollowell, Gavin",SB,2B,,not measured,not_cf_view
5cb46e23-49b5-3d00-8a85-ce144626e1b0,HOME,59.69321751986694,4.0,178.0,124.0,L,0.11,9.81,9.0,PASS,PASS,592791,"Taillon, Jameson",SB,2B,0.905,high,
5ea543d2-64ee-321a-a4c6-8fbdcc5534f3,AWAY,59.719815816749495,8.7,178.0,125.0,L,0.25,11.86,9.0,PASS,no_set_before_lift,669060,"Wilson, Bryse",SB,2B,0.887,high,
68141fb8-dde6-3d6d-a404-ceeb8382002f,AWAY,,4.1,,,,,,,no_clip,release_not_at_hand,690986,"Harrison, Kyle",SB,2B,,not measured,no_clip
31b372ca-6acf-3bd5-9de7-a02a45fc01a5,HOME,59.63591135539989,4.0,173.0,116.0,R,0.13,10.46,9.0,PASS,PASS,663687,"Harris, Hogan",SB,3B,0.956,high,
041beeeb-e90f-3cb3-b1b7-86fdeafc3e2c,AWAY,59.79314912623338,8.4,173.0,110.0,L,0.27,19.74,9.0,PASS,cut_in_window,571946,"Miller, Shelby",SB,2B,1.054,high,
2d3dcbd6-f10a-33db-92d4-6169cf5d8023,AWAY,59.697461368434226,13.1,253.0,,,2.5,,9.0,not_cf_view,cut_in_window,669060,"Wilson, Bryse",SB,2B,,not measured,not_cf_view
002f135a-8cdc-3e57-a511-8040bfdabfaf,HOME,59.70543026910459,3.9,180.0,126.0,L,0.26,14.17,9.0,PASS,PASS,669060,"Wilson, Bryse",SB,2B,0.904,high,
00ae1b38-59b1-3234-a254-52860a7879c5,HOME,59.7543080843129,4.0,179.0,124.0,L,0.4,12.13,8.0,PASS,PASS,668909,"Williams, Gavin",CS,2B,0.92,low,release_to_wrist 0.4 outside -0.32
1dad245c-585a-3717-8fef-5023333c24f0,HOME,59.72876115522451,5.2,178.0,127.0,L,0.22,11.79,6.0,PASS,PASS,605280,"Holmes, Clay",CS,2B,0.854,high,
3099cf7e-109e-3cfb-a475-abf0cf221b0f,AWAY,59.81423186615225,8.7,184.0,127.0,L,0.98,15.54,9.0,release_not_at_hand,cut_in_window,669711,"Weissert, Greg",SB,2B,,not measured,release_not_at_hand
73d4901b-693e-34a6-aa7d-e8c12bffc5f4,AWAY,59.670663836135176,7.9,182.0,126.0,L,0.17,22.7,9.0,PASS,no_release,592866,"Williams, Trevor",SB,2B,0.938,high,
381b41b6-1e7e-3f5c-9347-38fc09bb7ab9,AWAY,59.807889808493925,7.3999999999999995,,,,,,,no_release,no_release,681982,"Anderson, Grant",CS,2B,,not measured,no_release
308ca96a-c10a-33a9-812a-c1e0e4e3b398,HOME,59.69793519345054,3.5,191.0,124.0,L,0.54,13.71,9.0,PASS,PASS,605463,"Scott, Tayler",SB,2B,1.122,low,release_to_wrist 0.54 outside -0.32
d2febc52-405d-393e-8aa4-95bceb5b93e2,HOME,59.722966738870944,5.3,181.0,125.0,L,0.22,11.55,9.0,PASS,PASS,673929,"Leasure, Jordan",SB,2B,0.938,high,
7cec206c-3447-3dcb-b96f-78d32d22b9a7,HOME,59.73673277058865,5.3,150.0,123.0,L,0.13,5.07,8.0,PASS,PASS,665795,"Cabrera, Edward",SB,2B,0.452,low,delivery_s 0.452 outside 0.7-1.31
b5f6a40a-27d3-36bb-9b60-17c82f4e2291,HOME,59.73321035624924,3.8,186.0,124.0,R,0.14,15.11,9.0,PASS,PASS,607074,"Rodón, Carlos",SB,3B,1.038,high,
d461ebf8-d56c-304d-9507-affe1c3dfe65,HOME,59.729635296810805,3.6,184.0,112.0,R,0.09,25.17,9.0,PASS,PASS,656457,"Gilbert, Tyler",SB,2B,1.205,high,
013f5764-b6be-33b5-bde7-8f61cffae7c8,HOME,59.80853744929753,5.6,178.0,120.0,L,0.18,15.28,8.0,PASS,PASS,681343,"Smith, Shane",SB,2B,0.97,high,
562c369b-3245-392f-96d0-2b602ad42e91,HOME,59.714030566967345,3.6,148.0,111.0,R,0.06,9.2,9.0,PASS,PASS,676979,"Crochet, Garrett",SB,2B,0.62,low,delivery_s 0.62 outside 0.7-1.31
7ce96947-fcf7-3e69-86be-c1d96c93e60a,HOME,59.67710067078133,4.3,177.0,114.0,R,0.12,26.51,9.0,PASS,PASS,624133,"Suarez, Ranger",CS,2B,1.056,high,
0429c5bb-e3ae-3781-bcb7-e06a8fbd2776,AWAY,59.79263405635774,10.1,251.0,,,1.45,,9.0,not_cf_view,no_release,681343,"Smith, Shane",CS,2B,,not measured,not_cf_view
3ddc70a0-2d6a-3e54-8657-a83808efaa63,HOME,59.7919411689158,3.9,181.0,126.0,L,0.14,8.35,9.0,PASS,PASS,656731,"Megill, Tylor",SB,2B,0.92,high,
ad2f9d8a-6968-3cea-ad7a-8440072cbf26,AWAY,59.665898122232505,8.3,180.0,122.0,L,0.2,11.68,9.0,PASS,cut_in_window,669203,"Burnes, Corbin",SB,2B,0.972,high,
e0d46362-ca62-3770-85e9-c480009a43b4,HOME,59.724847871636634,3.9,181.0,118.0,R,0.09,25.44,8.0,PASS,PASS,641302,"Alexander, Tyler",SB,2B,1.055,high,
773e3030-a942-323b-a24b-e95dc25eed70,AWAY,,4.1,,,,,,,no_clip,cut_in_window,690990,"Horton, Cade",SB,2B,,not measured,no_clip
d301e8f2-ca43-34c6-91df-3c69630db0de,HOME,59.69473671237512,3.7,177.0,108.0,R,0.12,25.57,9.0,PASS,PASS,519141,"Pomeranz, Drew",SB,2B,1.156,high,
fa0da27c-47df-3350-9e83-c8946a02b4fb,AWAY,59.782568583891184,8.5,176.0,116.0,L,0.15,20.34,7.0,PASS,release_not_at_hand,700363,"Smith-Shawver, AJ",SB,2B,1.004,high,
c48dbbd5-90dc-357a-a366-c2dbc2a65578,AWAY,59.68477440701876,7.9,178.0,,,0.12,,7.0,no_set_before_lift,cut_in_window,672841,"Vargas, Carlos",SB,2B,,not measured,no_set_before_lift
fcd4ecb4-5963-36d3-b956-dd958c13429f,HOME,59.75206701519016,3.6,181.0,125.0,L,0.14,5.95,9.0,PASS,PASS,605154,"Brebbia, John",SB,3B,0.937,high,
10d0efed-de99-339e-b1bd-8ff39c37d912,AWAY,59.75999523282089,7.800000000000001,182.0,119.0,L,0.15,22.62,6.0,PASS,release_not_at_hand,656730,"Megill, Trevor",SB,2B,1.054,high,
a6b3ba8a-b5fa-3e6a-9541-f1f9f864c195,AWAY,59.82507008666473,8.4,184.0,110.0,L,0.88,81.05,7.0,cut_in_window,no_set_before_lift,606160,"Montero, Rafael",SB,2B,,not measured,cut_in_window
adaedc04-8249-34ca-8e34-3b36b1a33a62,HOME,59.71971311697325,3.5,178.0,125.0,L,0.27,7.35,6.0,PASS,PASS,669160,"May, Dustin",SB,2B,0.887,high,
6060ca63-3c70-3ad8-a400-c390730cf3bd,AWAY,59.659626922931785,9.2,178.0,110.0,L,0.15,4.52,6.0,cut_in_window,cut_in_window,669160,"May, Dustin",SB,2B,,not measured,cut_in_window
aaf76723-4e65-3133-a459-6349a6d50e38,HOME,59.75479002830726,3.5,178.0,125.0,R,0.13,8.77,8.0,PASS,PASS,669022,"Gore, MacKenzie",CS,2B,0.887,high,
073743e2-e3ac-367a-87fb-8b492dc5d6b2,AWAY,59.63535936753136,8.6,176.0,110.0,L,0.19,2.56,8.0,cut_in_window,cut_in_window,668678,"Gallen, Zac",SB,2B,,not measured,cut_in_window
014a8a37-183d-3142-8911-b4f41b9e18d5,HOME,59.754278746423246,3.5,177.0,121.0,L,0.17,16.18,9.0,PASS,PASS,656876,"Rasmussen, Drew",SB,2B,0.937,high,
33678287-35ee-3117-8cad-e96fd143b0cc,HOME,59.71336368035597,3.5,179.0,115.0,L,0.12,18.69,9.0,PASS,PASS,678024,"Vasil, Mike",CS,2B,1.072,high,
0723cfb1-f7a2-3b3d-8823-48b9f17684c3,HOME,59.730565221277395,3.5,178.0,125.0,L,0.14,8.99,9.0,PASS,PASS,641401,"Brogdon, Connor",SB,2B,0.887,high,
22347088-3886-3c70-b174-5fd9c9c42a0a,HOME,59.794784300281435,3.7,179.0,114.0,R,0.12,15.49,9.0,PASS,PASS,542881,"Anderson, Tyler",SB,3B,1.087,high,
98886890-1924-3d8e-be93-4a298cacb8bb,AWAY,,3.5,,,,,,,no_clip,cut_in_window,682120,"Herrin, Tim",SB,2B,,not measured,no_clip
65c8789d-e20c-347f-ab1c-798adbff314d,AWAY,59.713005657927816,10.1,176.0,119.0,L,0.13,18.83,9.0,PASS,cut_in_window,664062,"Gonsolin, Tony",CS,2B,0.955,high,
17d27cef-33ce-36ab-a99f-43100d623f59,HOME,59.707381796619835,3.6,178.0,111.0,R,0.12,25.74,9.0,PASS,PASS,682254,"Montgomery, Mason",SB,2B,1.122,high,
10c0d0fc-dc15-33d7-8868-2fd948df248f,AWAY,59.7705280511292,6.9,,,,,,,no_release,no_release,621366,"Borucki, Ryan",CS,2B,,not measured,no_release
a47379f7-793f-3101-ad53-d5f441727552,HOME,59.793917817835386,3.5,179.0,127.0,L,0.24,15.57,9.0,PASS,PASS,669724,"Hanifee, Brenan",CS,2B,0.87,high,
cfb39658-7dbf-3901-9003-689d483ae579,HOME,59.84977015785521,5.2,180.0,114.0,L,0.17,18.39,8.0,PASS,PASS,641154,"López, Pablo",SB,2B,1.103,high,
a1a4b47e-65d1-34bc-9965-ef8823ebf884,AWAY,59.8135946195077,8.5,178.0,112.0,R,0.31,8.9,8.0,cut_in_window,cut_in_window,519242,"Sale, Chris",SB,3B,,not measured,cut_in_window
87d00460-e0a8-303a-b73e-93f0e1633fe4,AWAY,59.713871034625754,7.0,,,,,,,no_release,no_release,678024,"Vasil, Mike",SB,2B,,not measured,no_release
55f7df01-86da-3c0c-a905-379313895e7d,HOME,59.72933463673623,3.5,178.0,120.0,L,0.12,20.29,9.0,PASS,PASS,681857,"Olson, Reese",SB,2B,0.971,high,
67781da2-375b-3118-9c55-5d03615387d1,AWAY,59.68664511315593,10.5,179.0,125.0,L,0.19,13.78,9.0,PASS,no_release,680732,"Burke, Sean",CS,2B,0.905,high,
8869ab4f-6bc9-35dc-b78d-2facc4a9fc63,AWAY,59.739170315433796,7.2,181.0,117.0,L,0.21,17.12,9.0,PASS,not_cf_view,645261,"Alcantara, Sandy",SB,2B,1.071,high,
7fdf1051-6a7f-3480-a06a-9b2a2179d2e0,HOME,59.7946825283073,3.5,177.0,121.0,L,0.19,15.85,9.0,PASS,PASS,681857,"Olson, Reese",SB,2B,0.937,high,
b8e3dcdb-1cad-3fb4-aec1-9a2a60b6c18d,AWAY,59.79413344011941,8.5,,,,,,,no_release,no_release,641154,"López, Pablo",CS,2B,,not measured,no_release
aa1089af-1467-3d24-8312-6491f2bbf498,AWAY,59.72665330508458,10.5,203.0,,,0.38,,7.0,cut_in_window,no_release,519242,"Sale, Chris",SB,2B,,not measured,cut_in_window
bb77676a-a0e4-3139-82d7-97110a2734b7,AWAY,59.6987167565557,8.7,196.0,119.0,L,0.67,14.77,7.0,release_not_at_hand,no_release,679358,"Orze, Eric",SB,2B,,not measured,release_not_at_hand
d6c93e6a-c462-3801-b2d2-07647298e4a8,HOME,59.73879725888185,3.6,176.0,114.0,L,0.16,14.52,9.0,PASS,PASS,668678,"Gallen, Zac",CS,2B,1.038,high,
90a71b78-39af-3b52-b090-7554d30ae929,AWAY,59.785757430075314,7.5,181.0,119.0,R,0.11,6.65,9.0,cut_in_window,no_set_before_lift,641778,"Lauer, Eric",CS,2B,,not measured,cut_in_window
edd192df-4163-32a9-9db2-f6d177a25ac8,AWAY,59.77507073621139,7.0,,,,,,,no_release,no_release,543056,"Coulombe, Danny",SB,2B,,not measured,no_release
ab782634-2985-362f-932e-5b0068c008ec,AWAY,59.80324858727045,10.7,178.0,119.0,L,0.12,15.63,8.0,PASS,cut_in_window,801403,"Dollander, Chase",SB,2B,0.987,high,
2cf46cf2-8565-32fd-b94e-a6d20b2b287b,HOME,59.663165573293774,3.6,178.0,109.0,L,0.36,25.23,9.0,PASS,PASS,642547,"Peralta, Freddy",SB,3B,1.156,low,release_to_wrist 0.36 outside -0.32
5dc3230e-68ac-3dee-8b72-b8d89b714d35,AWAY,59.866202115096655,8.1,175.0,127.0,L,0.25,10.45,9.0,PASS,cut_in_window,615698,"Quantrill, Cal",CS,2B,0.802,high,
56bcc0e2-3e0c-3816-84ba-c37dd65d2238,AWAY,59.871693727286946,7.4,179.0,119.0,L,0.26,22.89,9.0,PASS,cut_in_window,676130,"Buttó, José",SB,2B,1.002,high,
1d668be7-f4e6-33e7-a896-ab38a025d196,HOME,59.647979139504564,3.5,181.0,118.0,R,0.12,19.7,9.0,PASS,PASS,663465,"Allard, Kolby",SB,2B,1.056,high,
b63c6466-59be-3707-8921-6cd9d81225ce,AWAY,59.81760773660656,7.6,180.0,121.0,L,0.37,20.87,9.0,PASS,cut_in_window,642547,"Peralta, Freddy",SB,2B,0.986,low,release_to_wrist 0.37 outside -0.32
418534ca-474a-3aaf-b146-d931921f9bf8,AWAY,59.742809324397804,10.5,180.0,124.0,L,0.15,18.92,9.0,PASS,cut_in_window,615698,"Quantrill, Cal",SB,2B,0.937,high,
d00e1934-72cc-36cf-a03b-6b225984e541,AWAY,59.816837449865396,4.8,,,,,,,no_release,no_release,642547,"Peralta, Freddy",SB,3B,,not measured,no_release
30a3e559-684c-31dd-af51-8d0d55cede27,HOME,59.79349211782431,3.5,176.0,124.0,R,0.14,5.7,9.0,PASS,PASS,657571,"Ferguson, Caleb",SB,2B,0.87,high,
3a97d0cb-304b-349f-8b0c-985dbad6945d,HOME,59.602276632034034,3.5,182.0,124.0,R,0.1,27.88,9.0,PASS,PASS,663542,"Hudson, Bryan",SB,3B,0.973,high,
10366352-83a3-352c-a385-bc50b824a914,AWAY,59.75265296953713,7.5,186.0,130.0,L,0.75,7.99,7.0,release_not_at_hand,release_not_at_hand,628452,"Iglesias, Raisel",SB,2B,,not measured,release_not_at_hand
32a17ee6-5b64-3c3f-9d08-7609985f903b,HOME,59.658709186187124,3.5,178.0,110.0,R,0.22,20.9,9.0,PASS,PASS,663465,"Allard, Kolby",SB,2B,1.14,high,
33b91c7f-c341-33cd-9e8f-550b40d63f59,AWAY,59.69304423723394,7.0,174.0,110.0,R,0.11,24.25,9.0,PASS,not_cf_view,642100,"Speier, Gabe",SB,3B,1.072,high,
eab8f414-ebe5-3926-a1b2-ff835cb44d10,HOME,59.73046627095233,3.5,184.0,123.0,L,0.09,18.45,5.0,PASS,PASS,647336,"Soroka, Michael",CS,2B,1.021,high,
47d9c409-14a2-3f22-8df3-5a217e2440e1,HOME,59.82914177780761,3.5,177.0,119.0,L,0.18,15.96,9.0,PASS,PASS,656605,"Keller, Mitch",SB,2B,0.969,high,
e53a7c02-5d5f-31ce-aec7-ef61173d7f3b,AWAY,59.77929062522051,7.1,178.0,110.0,L,0.23,31.97,9.0,PASS,cut_in_window,621242,"Díaz, Edwin",SB,2B,1.138,high,
4e8bac5d-7537-3b62-99c5-5a4dea67e63c,HOME,59.63948425240332,3.5,182.0,126.0,R,0.1,18.77,9.0,PASS,PASS,671106,"Allen, Logan",SB,2B,0.939,high,
1e138674-186b-36b6-86b2-869a641e10a0,HOME,59.69424896869692,3.5,177.0,113.0,L,0.12,20.37,9.0,PASS,PASS,694297,"Pfaadt, Brandon",SB,2B,1.072,high,
812fa1d6-12fc-3a75-9593-e4654d4eb6db,AWAY,59.664854445444334,10.9,176.0,114.0,L,0.13,37.95,5.0,PASS,cut_in_window,662253,"Muñoz, Andrés",SB,2B,1.039,high,
c04c6583-777b-36fe-88d0-df25bce19b3a,AWAY,59.832043992538,9.9,176.0,100.0,L,0.25,17.09,9.0,cut_in_window,not_cf_view,608665,"Graveman, Kendall",CS,2B,,not measured,cut_in_window
1c9d9220-58df-319d-b204-33ea28dbeb18,HOME,59.64650673216087,3.5,179.0,119.0,R,0.11,15.42,9.0,PASS,PASS,671106,"Allen, Logan",SB,3B,1.006,high,
9e6cf98a-27bd-3c70-96ea-08a586806cf5,HOME,59.695676824636564,3.5,179.0,118.0,L,0.26,19.62,9.0,PASS,PASS,657240,"Merryweather, Julian",SB,2B,1.022,high,
e0f5b83d-b4c3-3f9d-a136-7f865f74343e,HOME,59.788964067469614,3.6,179.0,131.0,L,0.15,4.84,7.0,PASS,PASS,683004,"Leiter, Jack",SB,2B,0.803,high,
33a0828b-d181-3064-abe0-6599d7705afa,HOME,59.697427607534436,5.3,259.0,201.0,L,0.11,19.8,9.0,PASS,PASS,656420,"Feyereisen, J.P.",CS,2B,0.972,high,
2d002b65-a121-3e62-9ed9-c6905dde61f1,HOME,59.760564580070636,3.5,177.0,106.0,R,0.13,31.19,9.0,PASS,PASS,592662,"Ray, Robbie",SB,2B,1.188,high,
535e20f6-d508-3f74-b96e-73c0b921e0b5,HOME,59.72454316757259,3.6,180.0,118.0,L,0.15,15.86,8.0,PASS,PASS,641941,"Pagán, Emilio",SB,2B,1.038,high,
b767aab9-c7e1-3cc6-9f43-deea0c0be625,HOME,59.650485436893206,3.5,179.0,125.0,R,0.12,14.61,6.0,PASS,PASS,663460,"Bubic, Kris",CS,2B,0.905,high,
1d62a824-8cd0-3235-8dbe-c9e32220e161,AWAY,59.81845135493286,5.2,178.0,,,0.23,,8.0,cut_in_window,not_cf_view,687849,"Kent, Zak",CS,3B,,not measured,cut_in_window
51330d1f-5253-3e46-adf7-4776a248bcee,HOME,59.74613305240143,3.6,177.0,118.0,R,0.12,22.14,9.0,PASS,PASS,676282,"Cantillo, Joey",CS,2B,0.988,high,
08020e47-1ef0-35bf-a558-dafa0421b684,AWAY,59.73059653624118,6.2,,,,,,,no_release,cut_in_window,605135,"Bassitt, Chris",CS,2B,,not measured,no_release
b7fe18fd-55f5-383f-9502-7f25dd43f011,AWAY,59.78634726662081,7.3,,,,,,,no_release,release_not_at_hand,607200,"Fedde, Erick",SB,2B,,not measured,no_release
5852b010-145e-3f2b-8b82-9898c97819c8,HOME,59.75412995987835,3.5,183.0,121.0,R,0.18,15.55,9.0,PASS,PASS,623352,"Hader, Josh",SB,2B,1.038,high,
f17fd9d2-3a32-3fa0-ae30-c3789d045651,HOME,59.83378044290148,5.1,179.0,122.0,L,0.15,5.8,9.0,PASS,PASS,701542,"Warren, Will",SB,2B,0.953,high,
000b3475-9d1e-3497-9595-8f9b6ea13e9a,AWAY,59.789124706194976,7.300000000000001,191.0,139.0,R,0.49,19.16,9.0,cut_in_window,cut_in_window,666200,"Luzardo, Jesús",SB,2B,,not measured,cut_in_window
78a4e28d-d991-3efe-b2ee-d96f60d8e70e,AWAY,59.80141791297163,6.0,184.0,103.0,R,0.11,16.34,5.0,PASS,no_release,547973,"Chapman, Aroldis",SB,2B,1.354,low,delivery_s 1.354 outside 0.7-1.31
535630c6-de40-397f-a4b5-cb022c211838,HOME,59.77085548659049,4.2,175.0,116.0,L,0.25,21.14,8.0,PASS,PASS,666974,"Cano, Yennier",SB,2B,0.987,high,
14364c97-8094-35e2-8726-17990fc31779,AWAY,59.81476525291438,7.300000000000001,185.0,130.0,L,0.85,12.24,9.0,release_not_at_hand,release_not_at_hand,547179,"Lorenzen, Michael",CS,2B,,not measured,release_not_at_hand
73cb324b-d225-3a4c-870e-61e069a04527,AWAY,59.78061816759679,7.9,180.0,121.0,L,0.21,6.47,7.0,PASS,cut_in_window,592836,"Walker, Taijuan",SB,2B,0.987,high,
721912c1-b2b1-32c6-9908-1b921db7e9c9,AWAY,59.78627130066429,7.699999999999999,172.0,,,0.1,,9.0,no_set_before_lift,cut_in_window,672282,"Detmers, Reid",SB,2B,,not measured,no_set_before_lift
92877767-cc3f-3883-a684-72a9c373367c,HOME,59.825247303928,3.6,181.0,127.0,L,0.17,13.2,9.0,PASS,PASS,605135,"Bassitt, Chris",SB,2B,0.903,high,
ba2d29ed-a750-3cf7-bb84-d96011b1b6b3,AWAY,59.742959831063914,7.5,173.0,106.0,L,0.13,24.92,9.0,PASS,cut_in_window,702352,"Bivens, Spencer",SB,2B,1.121,high,
2cdf7062-8092-35a9-a526-ebf912a56f5e,HOME,59.76381475468417,3.8,171.0,116.0,L,0.14,4.31,9.0,PASS,PASS,808967,"Yamamoto, Yoshinobu",SB,2B,0.92,high,
e76e7e23-711a-3ba6-9763-2a79ab02b731,HOME,59.69107640680508,3.7,180.0,101.0,R,0.13,19.04,9.0,PASS,PASS,554431,"Matzek, Tyler",SB,2B,1.323,low,delivery_s 1.323 outside 0.7-1.31
8901b8c8-287f-3088-a259-0dc186328629,AWAY,59.65289966117153,7.2,190.0,136.0,R,0.67,8.25,9.0,release_not_at_hand,release_not_at_hand,607481,"Bummer, Aaron",SB,2B,,not measured,release_not_at_hand
a7c918e7-a1a1-3816-b3db-76a1541c745f,AWAY,59.79230043008497,8.5,183.0,117.0,L,0.15,8.22,5.0,cut_in_window,cut_in_window,693821,"Elder, Bryce",CS,2B,,not measured,cut_in_window
2c2ee7e8-9fbc-334e-a754-348d180ca1d1,AWAY,59.7364638332497,9.1,192.0,127.0,R,0.66,15.71,6.0,release_not_at_hand,release_not_at_hand,678606,"Ferrer, José A.",SB,2B,,not measured,release_not_at_hand
87b08246-d971-36d8-b00e-5b496589f59b,HOME,59.759881289626335,3.8,195.0,135.0,R,0.1,18.79,6.0,PASS,PASS,666157,"Lodolo, Nick",SB,2B,1.004,high,
1065fca6-fead-3382-9669-f79ee0c6c2c2,AWAY,59.925116586724194,5.4,181.0,124.0,L,0.14,23.08,9.0,PASS,not_cf_view,700363,"Smith-Shawver, AJ",SB,2B,0.951,high,
c07d569d-1c12-3b01-854c-9c779fd053d6,HOME,59.68907606717621,3.7,171.0,112.0,L,0.17,15.18,9.0,PASS,PASS,674370,"Bido, Osvaldo",SB,2B,0.988,high,
fe5c0af9-1a63-3c28-ae84-9a1f6d7fe426,HOME,59.75543021029606,3.6,178.0,127.0,L,0.19,22.05,7.0,PASS,PASS,592866,"Williams, Trevor",SB,2B,0.853,high,
6d7b2fe6-8534-3691-9cca-a3963fd9091d,AWAY,59.640441081823255,6.199999999999999,,,,,,,no_release,cut_in_window,674370,"Bido, Osvaldo",SB,2B,,not measured,no_release
9a34db17-81e3-3f26-a761-2e49baf1f904,AWAY,59.871573190332185,8.1,178.0,118.0,L,0.17,20.93,8.0,PASS,cut_in_window,592332,"Gausman, Kevin",SB,3B,1.002,high,
1427709a-73d7-39c9-b8bc-2872c722c400,HOME,59.75008721008238,5.4,261.0,200.0,R,0.14,21.58,8.0,PASS,PASS,687223,"Palmquist, Carson",SB,2B,1.021,high,
9ee90dd1-6613-3d63-9ea7-a037dd1874ad,AWAY,,3.4,,,,,,,no_clip,no_release,621121,"McCullers Jr., Lance",SB,2B,,not measured,no_clip
f3032c81-0868-3b3d-8023-5dd9802b6a7e,AWAY,59.74553999455898,8.0,181.0,109.0,R,0.23,30.91,8.0,PASS,cut_in_window,605177,"Chafin, Andrew",SB,3B,1.205,high,
e222fc7b-b6b7-3b28-8217-b13c7946335c,AWAY,59.77713343249677,10.600000000000001,207.0,,,0.77,,6.0,release_not_at_hand,no_set_before_lift,690990,"Horton, Cade",SB,2B,,not measured,release_not_at_hand
a5780904-5462-3866-af48-2d32e3a4543a,HOME,59.75719865496002,3.6,177.0,118.0,R,0.12,22.26,9.0,PASS,PASS,687223,"Palmquist, Carson",SB,3B,0.987,high,
abcb8d89-cc58-30ea-822b-f8ab19080ec1,AWAY,59.66924653177304,8.8,177.0,116.0,L,0.25,20.57,9.0,PASS,release_not_at_hand,676130,"Buttó, José",SB,2B,1.022,high,
bd27fb99-e48a-3cd3-8f63-c700f8e6a075,HOME,59.772863120143455,3.6,180.0,124.0,L,0.23,3.39,9.0,PASS,PASS,669467,"Pallante, Andre",SB,2B,0.937,low,lift_peak_in 3.39 outside 4.28-
94d0dd94-75aa-3dc7-817a-927819f1b1f4,HOME,59.75680370584829,3.5,175.0,118.0,L,0.38,17.8,9.0,PASS,PASS,623474,"Herget, Jimmy",SB,3B,0.954,low,release_to_wrist 0.38 outside -0.32
2de529a4-68f9-3f9e-a8bf-bac3cac10302,HOME,59.81559738762966,3.6,176.0,122.0,L,0.16,13.23,7.0,PASS,PASS,657746,"Ryan, Joe",SB,2B,0.903,high,
51e822cc-64b1-3f95-961a-a7bc885a4eb1,AWAY,59.79842051429359,6.7,181.0,131.0,L,0.16,3.27,9.0,PASS,not_cf_view,678226,"Hernández, Daysbel",SB,2B,0.836,low,lift_peak_in 3.27 outside 4.28-
f4b092bc-c3fe-35e0-ad28-b9653293465a,AWAY,59.77420504516741,8.7,185.0,118.0,L,0.77,22.06,9.0,release_not_at_hand,release_not_at_hand,657746,"Ryan, Joe",SB,3B,,not measured,release_not_at_hand
49c3056a-fcc4-3040-a5d5-1066677fc1ee,AWAY,59.774597195203306,10.0,176.0,102.0,R,0.13,12.65,9.0,cut_in_window,cut_in_window,700249,"Povich, Cade",CS,2B,,not measured,cut_in_window
c10e3007-13a0-3973-8da8-e1bdc2783866,AWAY,,0.0,,,,,,,no_clip,no_clip,605177,"Chafin, Andrew",SB,2B,,not measured,no_clip
b06afe06-b7b1-3a24-aadc-64ea40d4d647,HOME,59.52586449689197,3.7,174.0,112.0,L,0.14,26.35,7.0,PASS,PASS,670036,"Festa, Matt",SB,2B,1.042,high,
bd68803b-a4d0-3991-8e49-9b9969ff67e4,AWAY,59.77955662661058,15.5,246.0,,,2.3,,9.0,cut_in_window,cut_in_window,640448,"Finnegan, Kyle",CS,2B,,not measured,cut_in_window
34552a65-5958-3e8c-afe6-04249ae11513,AWAY,59.78229041902957,10.5,182.0,110.0,L,0.15,7.62,9.0,cut_in_window,cut_in_window,642585,"Bautista, Félix",CS,2B,,not measured,cut_in_window
564110ea-c043-3a37-982f-fed259ccd79f,AWAY,59.809203697296226,6.7,183.0,124.0,R,0.1,18.71,6.0,PASS,not_cf_view,519242,"Sale, Chris",SB,2B,0.986,high,
cddbc0df-064b-301e-a49e-8fb4a367275d,AWAY,59.7084921604008,9.7,180.0,117.0,R,0.17,7.01,9.0,PASS,not_cf_view,676979,"Crochet, Garrett",CS,2B,1.055,high,
b7e27a4e-9366-3411-91e9-22b419dd6e8f,AWAY,59.828148414217324,9.4,178.0,116.0,L,0.81,18.91,9.0,release_not_at_hand,no_release,676974,"Meyer, Max",SB,2B,,not measured,release_not_at_hand
2573af2b-6430-3d67-a534-20aa49eb133f,AWAY,59.71237585093315,12.899999999999999,182.0,111.0,L,0.13,14.32,8.0,cut_in_window,no_release,669724,"Hanifee, Brenan",SB,2B,,not measured,cut_in_window
8a5487be-fb9b-351d-adcc-7b755722cd3b,AWAY,59.81310571605245,13.4,179.0,110.0,R,0.96,27.28,9.0,release_not_at_hand,no_release,656457,"Gilbert, Tyler",SB,2B,,not measured,release_not_at_hand
f6f6a8b1-2451-34be-afa3-9a0d7cb54e2a,AWAY,59.80500147838856,10.2,180.0,129.0,R,0.15,9.37,9.0,PASS,cut_in_window,700249,"Povich, Cade",SB,2B,0.853,high,
02d88e9c-c39d-37cd-b659-55ab9a5b5053,AWAY,59.74128889406829,9.8,178.0,118.0,L,0.2,32.61,9.0,PASS,cut_in_window,662253,"Muñoz, Andrés",SB,2B,1.004,high,
d896e0d2-c9b6-3b7b-ad16-f71144c6689e,HOME,59.80253607051114,3.6,180.0,116.0,L,0.29,17.4,9.0,PASS,PASS,450203,"Morton, Charlie",SB,2B,1.07,high,
d6370945-a26e-34f8-b5ff-bdf6ce22b9a7,AWAY,,4.1,,,,,,,no_clip,cut_in_window,572955,"Johnson, Pierce",CS,2B,,not measured,no_clip
3415c6d0-4e31-326c-85e1-68fe950ca9a5,HOME,59.74927033466834,3.6,180.0,120.0,L,0.07,15.32,9.0,PASS,PASS,668678,"Gallen, Zac",SB,2B,1.004,high,
a909c769-b76a-3df5-9ce5-8cb7012afd99,AWAY,59.76317174867832,8.9,181.0,,,0.16,,9.0,no_set_before_lift,cut_in_window,680732,"Burke, Sean",SB,2B,,not measured,no_set_before_lift
e5f24fe5-cd87-3b35-ae6d-6e3ff7c3b7ff,HOME,59.75163602558395,3.8,173.0,105.0,R,0.14,19.46,9.0,PASS,PASS,672282,"Detmers, Reid",SB,2B,1.138,high,
7647413c-8a3c-33ca-a676-f879fae2dd62,AWAY,59.793345804849906,12.8,181.0,,,0.19,,7.0,cut_in_window,cut_in_window,680732,"Burke, Sean",SB,2B,,not measured,cut_in_window
a6d38ebb-0a5f-3f50-aa1c-352fde564701,AWAY,59.815399154136514,5.1,,,,,,,not_cf_view,cut_in_window,571510,"Boyd, Matthew",SB,3B,,not measured,not_cf_view
2f233f45-c278-3798-9fb0-2abdb394d6e9,HOME,59.77862410880946,3.6,178.0,119.0,L,0.15,14.83,9.0,PASS,PASS,678024,"Vasil, Mike",SB,2B,0.987,high,
3d59fcbb-f4f5-374c-bbbf-9b74e4cca2be,HOME,59.706558464600334,5.2,178.0,130.0,L,0.18,4.95,9.0,PASS,PASS,680732,"Burke, Sean",SB,2B,0.804,high,
26fcb909-e43c-39bd-853c-bbce7137fc48,AWAY,59.780989272943984,6.5,,,,,,,no_release,no_release,657376,"Schmidt, Clarke",SB,3B,,not measured,no_release
1cf332f6-34d7-3090-8204-08706823b918,HOME,59.78555271503795,3.4,175.0,115.0,R,0.11,20.6,9.0,PASS,PASS,642100,"Speier, Gabe",SB,2B,1.004,high,
0f22ebff-cbeb-3b02-916c-5ba316cece14,AWAY,59.82821571646218,9.0,,,,,,,no_release,no_release,686993,"Sterner, Justin",CS,2B,,not measured,no_release
34318625-f2f4-3d12-ae1b-7ca67a6ff0d7,HOME,59.73563802745297,3.5,181.0,128.0,L,0.15,2.36,6.0,PASS,PASS,608337,"Giolito, Lucas",SB,2B,0.887,low,lift_peak_in 2.36 outside 4.28-
ae728974-5557-38c8-8ea6-de61fe4120fb,HOME,59.78908541634128,3.5,179.0,123.0,L,0.13,12.8,9.0,PASS,PASS,683409,"Chivilli, Angel",SB,2B,0.937,high,
a11d1588-d1fd-33fc-9890-2399609954b7,HOME,59.67024720530985,5.1,175.0,113.0,L,0.21,18.62,8.0,PASS,PASS,678024,"Vasil, Mike",SB,2B,1.039,high,
3e86332a-3c6a-33b0-be2f-c699229381aa,HOME,59.79167061409326,3.6,177.0,116.0,L,0.22,19.21,9.0,PASS,PASS,641154,"López, Pablo",SB,2B,1.02,high,
912a12f9-65a5-3b3f-a143-687fab2e5bc0,HOME,59.61957036055645,3.5,176.0,113.0,L,0.13,21.44,9.0,PASS,PASS,608566,"Márquez, Germán",SB,2B,1.057,high,
c7fd7390-6320-3502-979d-037c67b0004f,AWAY,59.703341528889084,11.8,174.0,135.0,L,0.16,17.04,7.0,cut_in_window,not_cf_view,645261,"Alcantara, Sandy",SB,2B,,not measured,cut_in_window
ab1d70e9-9db3-37f6-9147-8c0c33c621d5,AWAY,,0.0,,,,,,,no_clip,no_clip,645261,"Alcantara, Sandy",SB,3B,,not measured,no_clip
53e411e6-4771-32c8-93db-e9f5e1f1da36,AWAY,59.82258498081669,6.9,181.0,124.0,R,0.2,6.82,9.0,PASS,not_cf_view,666214,"Wentz, Joey",SB,2B,0.953,high,
49098a17-2fef-3b51-9a2a-e1844aae9658,HOME,59.80774366737332,3.5,170.0,113.0,L,0.22,14.34,9.0,PASS,PASS,676508,"Casparius, Ben",CS,2B,0.953,high,
ca89e9da-475b-3dab-a81f-346a0a6c1701,AWAY,59.51806453688511,9.8,180.0,,,0.17,,5.0,cut_in_window,cut_in_window,608718,"Suter, Brent",CS,2B,,not measured,cut_in_window
c1e867ae-4726-39c3-95a8-8ddfe47d9e5f,HOME,59.753999767192205,3.6,178.0,116.0,R,0.14,22.13,9.0,PASS,PASS,669461,"Liberatore, Matthew",SB,3B,1.038,high,
e4c5a321-9f88-3e79-b6bb-464df7666a02,AWAY,59.784485108393454,9.399999999999999,188.0,,,0.8,,9.0,release_not_at_hand,no_release,678692,"Henriquez, Ronny",SB,2B,,not measured,release_not_at_hand
e152aa53-bc6c-3c75-860b-2156c85eab2e,AWAY,59.7593193413527,12.9,196.0,116.0,R,0.54,25.37,9.0,PASS,no_release,669062,"Miller, Erik",SB,2B,1.339,low,release_to_wrist 0.54 outside -0.32; delivery_s 1.339 outside 0.7-1.31
983fba5a-5fb2-3bc0-9d6a-a0d9d33bdbb5,AWAY,59.88179938457531,11.600000000000001,190.0,127.0,L,0.7,6.1,9.0,release_not_at_hand,cut_in_window,680885,"Schwellenbach, Spencer",SB,2B,,not measured,release_not_at_hand
9a9c67e1-7663-3af2-80e7-cf091e330c25,AWAY,59.67254955780288,8.8,,,,,,,no_release,no_release,615698,"Quantrill, Cal",SB,2B,,not measured,no_release
64c2162c-ceb8-35ee-bf41-1a5504142a92,AWAY,59.72795663517313,14.0,265.0,,,,,9.0,cut_in_window,no_release,621107,"Eflin, Zach",SB,2B,,not measured,cut_in_window
4b81fdd6-8d67-3a2a-99e8-01da32be61b5,HOME,59.6951761658769,3.6,174.0,103.0,R,0.14,23.53,8.0,PASS,PASS,664285,"Valdez, Framber",SB,3B,1.189,high,
c8f6c882-1e1e-3b91-822f-cbe2d582b60c,AWAY,59.81687690913449,10.6,176.0,,,0.14,,6.0,cut_in_window,release_not_at_hand,801403,"Dollander, Chase",SB,2B,,not measured,cut_in_window
f33366fa-88e9-3a65-b741-d39f4d130ffc,HOME,59.762689901265844,3.5,174.0,117.0,L,0.17,20.01,8.0,PASS,PASS,642547,"Peralta, Freddy",SB,2B,0.954,high,
89e80824-1dc2-3c58-b885-fc96ee5e0023,AWAY,59.80986617486692,10.1,,,,,,,no_release,release_not_at_hand,678394,"Bello, Brayan",SB,2B,,not measured,no_release
0db2d5ff-8eb9-34c4-bf79-6cb3b7315adb,HOME,59.689477499811325,3.6,181.0,138.0,L,0.38,3.3,9.0,PASS,PASS,688297,"Roycroft, Chris",CS,2B,0.72,low,release_to_wrist 0.38 outside -0.32; lift_peak_in 3.3 outside 4.28-
8ac4914c-cd0e-3adc-9e07-b00257905be1,HOME,59.76178003253467,3.7,176.0,121.0,L,0.18,13.54,9.0,PASS,PASS,690953,"Abel, Mick",CS,2B,0.92,high,
3ab993fa-c8e5-3dee-aab0-b3dc3982c838,AWAY,59.69606699933435,10.0,,,,,,,no_release,no_release,612434,"Castro, Miguel",SB,2B,,not measured,no_release
39007e85-49f7-3e4f-8cdd-2c88ace71ece,HOME,59.68648264489315,3.6,177.0,118.0,R,0.11,17.33,9.0,PASS,PASS,671096,"Abbott, Andrew",SB,2B,0.988,high,
0eba4e88-5603-31a4-adeb-d63c9f34b438,HOME,59.7123731163265,3.6,184.0,113.0,R,0.16,26.93,9.0,PASS,PASS,458677,"Wilson, Justin",SB,2B,1.189,high,
8a041f6a-21b4-3875-8541-4acdad1ca066,AWAY,59.69541455920258,9.9,,,,,,,no_release,no_release,676962,"Brown, Ben",SB,2B,,not measured,no_release
411bee56-3406-3c3e-a519-68fff991af6f,AWAY,59.713698971998305,11.7,178.0,120.0,L,0.15,5.07,9.0,PASS,cut_in_window,673540,"Senga, Kodai",SB,2B,0.971,high,
4eac6ff6-2fbd-35ee-a007-9c7a6a66693e,AWAY,59.66924087465776,6.800000000000001,,,,,,,no_release,no_release,650556,"Abreu, Bryan",SB,3B,,not measured,no_release
5ffd38f0-8907-3eac-957b-e8159c6e5841,AWAY,59.615226795784146,8.4,,,,,,,no_release,no_release,678692,"Henriquez, Ronny",SB,3B,,not measured,no_release
f944e711-57d6-3ca5-95ee-168ad3faf277,HOME,59.679607825972774,3.6,185.0,129.0,L,0.14,14.81,9.0,PASS,PASS,663436,"Martin, Davis",CS,2B,0.938,high,
cb31ec7c-0d34-3d8e-bc17-2f0ac74e46eb,AWAY,59.73986552587356,12.1,188.0,,,0.95,,7.0,cut_in_window,cut_in_window,676130,"Buttó, José",CS,2B,,not measured,cut_in_window
cc4805eb-49bc-34fd-9944-1c89abebea88,AWAY,59.80615768890244,10.4,175.0,115.0,L,0.1,18.2,9.0,PASS,cut_in_window,667755,"Soriano, José",SB,3B,1.003,high,
92cd1c4e-6080-376f-9d7f-519f4e81e059,HOME,59.63358475147152,3.6,184.0,122.0,R,0.14,27.91,6.0,PASS,PASS,623352,"Hader, Josh",SB,3B,1.04,high,
93329e3b-e3d4-3f0f-817c-1a43db01028b,HOME,59.828517822819244,5.0,176.0,112.0,L,0.27,6.25,9.0,PASS,PASS,445276,"Jansen, Kenley",SB,2B,1.07,high,
aa581348-1077-380e-a7fd-d10eeaa13b5a,HOME,59.75374215354901,3.5,176.0,116.0,L,0.17,18.93,9.0,PASS,PASS,667755,"Soriano, José",SB,2B,1.004,high,
837e2d05-ead8-3f22-9fd6-7e1040d2d5be,AWAY,,0.0,,,,,,,no_clip,no_clip,519151,"Pressly, Ryan",SB,2B,,not measured,no_clip
85c078f9-8e6b-36db-8feb-620a203436ad,AWAY,59.63383630128026,11.0,187.0,123.0,L,0.75,18.8,5.0,release_not_at_hand,release_not_at_hand,650556,"Abreu, Bryan",SB,2B,,not measured,release_not_at_hand
6d4d6a3e-32f3-3746-824a-cbeab2b704fe,HOME,59.77097803641825,5.4,180.0,117.0,L,0.15,24.11,5.0,PASS,PASS,622491,"Castillo, Luis",SB,2B,1.054,high,
af9e497e-57a6-3f75-bd96-ff1a2d5221cc,HOME,59.73683189069596,3.7,187.0,125.0,L,0.58,18.23,9.0,PASS,PASS,666974,"Cano, Yennier",SB,2B,1.038,low,release_to_wrist 0.58 outside -0.32
f57ea7ab-cfa7-37c1-8386-d640f462c5c4,AWAY,59.6816237756545,11.3,184.0,,,0.5,,9.0,cut_in_window,no_set_before_lift,666974,"Cano, Yennier",SB,2B,,not measured,cut_in_window
561a5ed6-dc46-3522-b040-f20fec471270,AWAY,59.72625466611365,13.100000000000001,182.0,106.0,L,0.2,26.65,9.0,cut_in_window,release_not_at_hand,656730,"Megill, Trevor",SB,2B,,not measured,cut_in_window
5636ba2b-ebbd-3aa8-8301-6e25e5269666,AWAY,59.69008905761287,11.7,183.0,146.0,L,0.63,6.46,9.0,cut_in_window,cut_in_window,676962,"Brown, Ben",SB,2B,,not measured,cut_in_window
34f4f0a4-b281-3dab-879b-e8891df17071,HOME,59.7668899116949,3.8,185.0,127.0,L,0.15,20.5,9.0,PASS,PASS,686752,"Pepiot, Ryan",SB,2B,0.97,high,
102c9631-d2eb-3cc3-b89e-63f0a424dce5,HOME,59.819827315938134,4.0,178.0,124.0,L,0.14,11.09,9.0,PASS,PASS,701542,"Warren, Will",CS,2B,0.903,high,
5c54d316-dcb4-37f9-a55a-da3cca17ab58,AWAY,59.71626873374127,7.7,,,,,,,not_cf_view,cut_in_window,596271,"Lawrence, Casey",SB,2B,,not measured,not_cf_view
0b758733-9931-3637-8536-4414aacedc7a,HOME,59.782065867461164,3.8,176.0,149.0,L,0.11,2.56,9.0,PASS,PASS,680684,"Hoglund, Gunnar",SB,2B,0.452,low,lift_peak_in 2.56 outside 4.28-; delivery_s 0.452 outside 0.7-1.31
8b1655a5-211f-31e0-aed1-f6281232591d,AWAY,,0.0,,,,,,,no_clip,no_clip,701656,"Henderson, Logan",SB,2B,,not measured,no_clip
17bbc9a9-15f2-3fb7-aa09-f47b4e6119c4,HOME,59.82554142223603,3.9,175.0,118.0,L,0.2,12.16,9.0,PASS,PASS,666808,"Doval, Camilo",CS,2B,0.953,high,
e5168e41-49ed-3518-87db-1d7a5b55abea,HOME,59.834460662157355,4.0,178.0,122.0,R,0.1,19.86,9.0,PASS,PASS,571578,"Corbin, Patrick",CS,2B,0.936,high,
170f826d-286c-3f3e-9d93-da8abdc805db,HOME,59.66740943997348,3.9,180.0,114.0,L,0.14,21.26,9.0,PASS,PASS,641793,"Littell, Zack",SB,2B,1.106,high,
af22c9a1-8c87-3654-b4bd-650c325ac3ea,AWAY,59.734197679579026,12.0,,,,,,,no_release,release_not_at_hand,642585,"Bautista, Félix",SB,2B,,not measured,no_release
420cc8fb-1ba5-33c2-97e5-f1d441b85d85,HOME,59.77980604106482,3.8,178.0,117.0,R,0.1,24.72,9.0,PASS,PASS,571578,"Corbin, Patrick",SB,2B,1.02,high,
79dd53bc-f327-3fbd-a054-b7534a394ed8,HOME,59.831438737853,3.8,179.0,114.0,L,0.19,24.68,9.0,PASS,PASS,675911,"Strider, Spencer",CS,2B,1.086,high,
2db1a79a-4cc6-3677-b803-8813e0e39977,HOME,59.7936927977886,4.0,180.0,117.0,L,0.17,18.42,9.0,PASS,PASS,806185,"Birdsong, Hayden",CS,2B,1.054,high,
76466e71-360c-3673-a8da-b9ad43d4844a,AWAY,59.74534606880282,12.0,175.0,,,0.14,,7.0,cut_in_window,cut_in_window,666200,"Luzardo, Jesús",SB,2B,,not measured,cut_in_window
9d3bcc18-21ae-3784-8a53-a617c878f2a5,AWAY,59.731018444031655,11.3,178.0,124.0,L,0.13,12.63,9.0,PASS,cut_in_window,607259,"Martinez, Nick",SB,2B,0.904,high,
20f64c60-fc4b-3915-84b5-96d91bc4c1f6,HOME,59.74661939434783,3.9,178.0,119.0,L,0.19,14.12,9.0,PASS,PASS,607259,"Martinez, Nick",SB,2B,0.988,high,
8465de10-d37f-3339-ad36-bbcdf9803841,HOME,59.650135386476265,3.9,183.0,119.0,R,0.1,26.41,9.0,PASS,PASS,595345,"Okert, Steven",SB,3B,1.073,high,
be8ac346-54c7-3a21-b818-b4cd9e4704f7,AWAY,59.76161924798682,9.2,164.0,118.0,L,0.23,12.42,8.0,PASS,no_release,687424,"Maldonado, Anthony",SB,2B,0.77,high,
5b9b75a0-e030-3df5-932c-8b012a9a6a16,HOME,59.79348435123669,3.8,179.0,111.0,R,0.16,21.66,9.0,PASS,PASS,666200,"Luzardo, Jesús",SB,2B,1.137,high,
329b904e-8fd7-33a1-b862-2ee4c1b25f47,AWAY,,0.0,,,,,,,no_clip,no_clip,656302,"Cease, Dylan",SB,2B,,not measured,no_clip
8d16981c-82e9-38c3-9690-1f34462ed6ed,AWAY,59.750937170984244,8.8,181.0,120.0,L,0.21,15.01,9.0,PASS,cut_in_window,676477,"Whitlock, Garrett",CS,2B,1.021,high,
9d866147-7755-34df-a1a2-3a6fdaaffde3,AWAY,59.72243442601461,8.4,178.0,,,0.14,,9.0,no_set_before_lift,cut_in_window,621111,"Buehler, Walker",SB,2B,,not measured,no_set_before_lift
9be95d40-2b4e-3dc2-8beb-36834fdafcfb,HOME,59.80632165741038,4.0,174.0,113.0,R,0.14,18.86,9.0,PASS,PASS,687223,"Palmquist, Carson",SB,3B,1.02,high,
8355d3cb-3322-3805-a0d8-366f6d11bc47,AWAY,59.77103873077419,5.7,179.0,116.0,R,0.14,16.55,9.0,PASS,not_cf_view,682120,"Herrin, Tim",CS,2B,1.054,high,
26d0d108-7aeb-3541-8ff6-0e88dd24a398,HOME,59.63222983667776,3.8,177.0,133.0,L,0.26,5.86,9.0,PASS,PASS,608372,"Sugano, Tomoyuki",SB,2B,0.738,high,
0e6bffa9-44e5-3fc9-b417-406cd59da160,HOME,59.82605639989458,3.7,178.0,123.0,R,0.06,19.99,9.0,PASS,PASS,642232,"Yarbrough, Ryan",SB,2B,0.919,high,
fdcb2dc2-66d0-36bd-8819-1494b93fea1e,HOME,59.73791860223255,3.8,182.0,112.0,L,0.31,18.17,9.0,PASS,PASS,612434,"Castro, Miguel",SB,2B,1.172,high,
cf7ceeca-cead-37bf-b7fa-e70ba3617711,HOME,59.75109037751825,3.8,179.0,112.0,R,0.15,24.44,9.0,PASS,PASS,676979,"Crochet, Garrett",SB,2B,1.121,high,
652d7850-9136-3414-bed4-755e15722705,AWAY,59.767926437535266,7.8,,,,,,,no_release,no_release,686613,"Brown, Hunter",SB,3B,,not measured,no_release
f36f31a1-e36d-3eed-82c7-e9d7dcc470a8,AWAY,59.83701286768738,8.5,175.0,124.0,L,0.18,7.37,5.0,PASS,not_cf_view,668933,"Ashcraft, Graham",CS,2B,0.852,high,
5f4bf298-ea42-3d13-90d9-7f1c5c5650cd,HOME,59.807800752979276,3.8,177.0,111.0,R,0.24,25.63,9.0,PASS,PASS,676979,"Crochet, Garrett",SB,3B,1.104,high,
8980eea9-8ef1-3aa0-8370-84cf891ac163,HOME,59.81404241456472,3.8,181.0,120.0,L,0.15,25.92,9.0,PASS,PASS,681190,"Vásquez, Randy",SB,2B,1.02,high,
f80ac8fb-2b3f-3471-85bc-251dbd7fc714,AWAY,59.768959923414585,8.1,,,,,,,no_release,no_release,669622,"Bender, Anthony",SB,2B,,not measured,no_release
e24a6c10-f8da-3728-bd3e-7d9065825c96,AWAY,59.740114528508336,8.0,,,,,,,no_release,no_release,686613,"Brown, Hunter",SB,2B,,not measured,no_release
38cde5a0-2d16-3ae1-a18d-fc15d4012cb3,HOME,59.744206287155734,3.8,180.0,122.0,L,0.28,15.36,9.0,PASS,PASS,681343,"Smith, Shane",SB,2B,0.971,high,
d964a952-7c00-3b26-9227-3de6b5cb027d,AWAY,59.785733111185436,8.1,175.0,,,0.09,,9.0,no_set_before_lift,cut_in_window,640454,"Krook, Matt",SB,3B,,not measured,no_set_before_lift
4ac44e3e-fda4-3dcb-84e6-d9ba22c07180,AWAY,59.7874509077172,8.1,,,,,,,no_release,no_release,666215,"Whitley, Forrest",SB,2B,,not measured,no_release
f334844e-7a6d-368e-bb5b-a96b946c95aa,AWAY,59.80349185944135,10.0,262.0,,,,,9.0,cut_in_window,no_release,669622,"Bender, Anthony",SB,3B,,not measured,cut_in_window
93bb781c-ac71-3816-9610-36a2ea15f705,AWAY,59.771146511106124,9.899999999999999,,,,,,,no_release,not_cf_view,686613,"Brown, Hunter",SB,2B,,not measured,no_release
4f8e3c0d-41be-35ff-b734-777cf59833de,AWAY,59.76241718394254,8.2,191.0,115.0,R,1.07,29.14,9.0,release_not_at_hand,release_not_at_hand,624133,"Suarez, Ranger",SB,3B,,not measured,release_not_at_hand
059d5d5e-2a92-31cf-bfe1-d8f78cf46002,AWAY,,0.0,,,,,,,no_clip,no_clip,624133,"Suarez, Ranger",SB,2B,,not measured,no_clip
dfebfc14-fe92-3474-84ca-8e35420c4010,AWAY,59.807804562711965,8.1,179.0,113.0,L,0.21,16.46,9.0,PASS,cut_in_window,643338,"Green, Chad",CS,2B,1.104,high,
c1f5027d-f38e-3b84-b0fa-0175c4930bae,HOME,59.815814478792106,5.4,178.0,113.0,L,0.56,19.23,7.0,PASS,PASS,608566,"Márquez, Germán",SB,2B,1.087,low,release_to_wrist 0.56 outside -0.32
9c557c19-1f42-3a9f-b266-4b11d351c00f,AWAY,,0.0,,,,,,,no_clip,no_clip,607481,"Bummer, Aaron",SB,2B,,not measured,no_clip
5761564f-e905-3688-baa5-9007a81795a1,AWAY,59.870610370260124,10.899999999999999,174.0,120.0,L,0.18,8.0,7.0,PASS,cut_in_window,641755,"Kinley, Tyler",SB,2B,0.902,high,
48c4d070-9547-3d93-986a-a4ba4f51b1ca,AWAY,59.73512795974439,7.6,,,,,,,no_release,no_release,608566,"Márquez, Germán",SB,2B,,not measured,no_release
2bcdec1e-bfb0-3821-8202-a55e6860661c,AWAY,59.803681109655734,8.8,180.0,,,0.15,,9.0,cut_in_window,cut_in_window,607074,"Rodón, Carlos",SB,2B,,not measured,cut_in_window
7bfb5a05-28fe-3d3c-918f-fc4e06d9a31f,AWAY,59.79689930957695,8.6,181.0,,,0.15,,7.0,no_set_before_lift,cut_in_window,601713,"Pivetta, Nick",SB,2B,,not measured,no_set_before_lift
2672ed14-be2e-3bf4-8d54-23d0c6569993,HOME,59.74427639271301,3.7,177.0,111.0,L,0.14,24.89,9.0,PASS,PASS,678394,"Bello, Brayan",SB,3B,1.105,high,
9e8b96fd-9c94-3360-ac6f-f317414ccb7e,AWAY,,4.0,,,,,,,no_clip,cut_in_window,668678,"Gallen, Zac",SB,2B,,not measured,no_clip
575f9585-02d3-3639-bb84-546e8975427a,HOME,59.7481028114463,3.6,189.0,125.0,R,0.53,20.0,8.0,PASS,PASS,519242,"Sale, Chris",SB,2B,1.071,low,release_to_wrist 0.53 outside -0.32
954d9e4e-222f-3b53-8968-19642f089932,AWAY,59.81392455352056,11.4,190.0,130.0,L,0.17,12.94,9.0,PASS,no_release,643338,"Green, Chad",CS,2B,1.003,high,
a5e09bc8-f417-3c3a-a744-e9af5c08e4f6,HOME,59.74941969141238,3.5,173.0,119.0,L,0.18,14.23,8.0,PASS,PASS,685299,"Gordon, Tanner",SB,2B,0.904,high,
f3daaeaa-6cb9-37e3-9ab7-206217fceaa4,HOME,59.779922478603574,3.6,180.0,116.0,L,0.26,18.95,9.0,PASS,PASS,641154,"López, Pablo",SB,2B,1.071,high,
f9755bd2-954d-33f0-978d-31d31c5b5d3c,HOME,59.815007617569854,3.8,179.0,126.0,L,0.17,22.8,9.0,PASS,PASS,695549,"Jobe, Jackson",SB,2B,0.886,high,
d3bf51ec-fe19-343a-8e6b-f176bbdae3c9,HOME,59.724498699564144,3.8,175.0,96.0,L,0.21,10.05,7.0,PASS,PASS,445276,"Jansen, Kenley",SB,2B,1.323,low,delivery_s 1.323 outside 0.7-1.31
37fc3647-56af-39af-8016-aab5a8123fa8,HOME,59.827903676854234,3.9,185.0,118.0,L,0.54,20.69,9.0,PASS,PASS,683232,"Mears, Nick",CS,2B,1.12,low,release_to_wrist 0.54 outside -0.32
417a7043-38cb-35c9-a163-85e7c95bf5bd,HOME,59.82887528388291,3.8,179.0,120.0,R,0.09,20.43,7.0,PASS,PASS,519242,"Sale, Chris",CS,2B,0.986,high,
e04fd3ef-f8f6-3b3c-a966-1343ad932d0c,AWAY,59.77608322011547,9.6,,,,,,,no_release,no_release,686993,"Sterner, Justin",SB,2B,,not measured,no_release
ff8eeb16-b08f-3c5e-ad1b-c1a494f32811,AWAY,59.838694495271724,7.8,,,,,,,no_release,cut_in_window,676106,"Hancock, Emerson",CS,2B,,not measured,no_release
59091d43-95df-34b0-b3c3-c7e2fb48fd0b,HOME,59.87724473861368,5.3,180.0,119.0,R,0.58,21.35,6.0,PASS,PASS,621366,"Borucki, Ryan",CS,2B,1.019,low,release_to_wrist 0.58 outside -0.32
cb5c3b47-1d24-34c8-9075-093f2b9ba34a,AWAY,,4.1,,,,,,,no_clip,cut_in_window,650893,"Cabrera, Génesis",CS,2B,,not measured,no_clip
934df49f-1024-3a09-8cb4-9c5f1297e098,AWAY,59.794424250207925,11.7,180.0,,,0.1,,9.0,cut_in_window,cut_in_window,641778,"Lauer, Eric",SB,2B,,not measured,cut_in_window
b03232f6-2d0e-3d3a-9dc9-e7123744cb66,HOME,59.75857737998952,3.5,176.0,110.0,L,0.1,18.93,8.0,PASS,PASS,695243,"Miller, Mason",SB,2B,1.104,high,
61ae653c-8564-38d5-a2f2-9884ce8f3d8f,AWAY,59.75547734416241,10.2,177.0,115.0,R,0.15,24.98,9.0,PASS,cut_in_window,621366,"Borucki, Ryan",SB,3B,1.038,high,
7f83f108-63e3-315e-a0ca-7bf1acc0f7e9,HOME,59.72335737667463,3.6,175.0,106.0,R,0.16,19.53,8.0,PASS,PASS,605488,"Springs, Jeffrey",SB,2B,1.155,high,
989d4b7a-c05c-3276-b2d6-26adb0bba3d1,HOME,59.69406009578668,3.6,199.0,144.0,L,0.24,29.47,9.0,PASS,PASS,690928,"Dobbins, Hunter",SB,2B,0.921,high,
07ad9837-563b-3832-913b-b47d63805c84,HOME,59.716897670303744,3.7,175.0,119.0,L,0.17,15.89,9.0,PASS,PASS,702674,"Dana, Caden",SB,2B,0.938,high,
a3a81ebf-2156-3a97-939f-42df20dbf483,AWAY,59.82981740826094,16.2,246.0,,,1.12,,9.0,not_cf_view,release_not_at_hand,608337,"Giolito, Lucas",CS,2B,,not measured,not_cf_view
4c496017-9657-3b7c-8b90-ba0b4768826b,AWAY,59.78639193301378,10.4,,,,,,,no_release,no_release,656605,"Keller, Mitch",CS,2B,,not measured,no_release
d1385c82-7628-3ba6-ab6e-652e7dc5f363,HOME,59.79392638026065,3.6,177.0,126.0,L,0.16,5.35,9.0,PASS,PASS,656605,"Keller, Mitch",CS,2B,0.853,high,
846cbbc5-ab43-3205-a98c-0e5754b6d9e6,AWAY,59.73942232926852,17.9,252.0,,,,,7.0,cut_in_window,release_not_at_hand,692285,"Guerrero, Luis",SB,2B,,not measured,cut_in_window
0d67512c-470b-374d-a680-35d043903fe3,AWAY,59.76335807163564,10.1,182.0,102.0,L,0.5,8.12,9.0,cut_in_window,not_cf_view,686580,"Slaten, Justin",SB,2B,,not measured,cut_in_window
4ad6c2ba-9c56-336a-bca7-84cfa662a49a,HOME,59.759250154631815,5.3,179.0,116.0,R,0.13,19.85,7.0,PASS,PASS,669461,"Liberatore, Matthew",SB,2B,1.054,high,
1ff7cacc-d386-3e47-85f6-09ea21639997,AWAY,59.68704239329065,10.6,,,,,,,no_release,no_release,661395,"Duran, Jhoan",SB,3B,,not measured,no_release
267697d2-5e33-3cbf-aa54-841d61098dc6,AWAY,59.75993346316687,16.0,179.0,,,0.07,,9.0,cut_in_window,cut_in_window,661395,"Duran, Jhoan",SB,2B,,not measured,cut_in_window
2f7ea9ab-8834-3fc8-85b9-a6e73c155c9f,AWAY,,4.6,,,,,,,no_clip,cut_in_window,663554,"Mize, Casey",SB,2B,,not measured,no_clip
0c1e7614-afdc-321b-a5c2-ec488cb2409d,AWAY,59.758619111608496,9.6,179.0,125.0,L,0.09,6.84,9.0,PASS,cut_in_window,552640,"Kittredge, Andrew",SB,2B,0.904,high,
309362c3-1bf9-34cb-b863-21cc09520960,HOME,59.79950008883524,4.1,175.0,110.0,R,0.18,16.56,9.0,PASS,PASS,650911,"Sánchez, Cristopher",SB,2B,1.087,high,
2edcf48c-050f-3231-b0da-a48f8468d6c2,AWAY,59.68303090090101,8.1,,,,,,,no_release,no_release,671305,"Otañez, Michel",SB,2B,,not measured,no_release
a59ea825-947f-3e56-94f6-b68989098f03,AWAY,59.74635630722987,8.3,199.0,,,0.64,,8.0,release_not_at_hand,release_not_at_hand,664285,"Valdez, Framber",SB,2B,,not measured,release_not_at_hand
6d3ea91f-6b80-32da-89d2-87e5e8db5de5,AWAY,59.68126338852794,10.6,,,,,,,no_release,no_release,669060,"Wilson, Bryse",SB,2B,,not measured,no_release
4edebc73-4519-3880-94a2-467c92e6386a,AWAY,59.73763231885559,10.7,198.0,114.0,R,0.41,20.29,9.0,PASS,no_set_before_lift,669461,"Liberatore, Matthew",SB,3B,1.406,low,release_to_wrist 0.41 outside -0.32; delivery_s 1.406 outside 0.7-1.31
17e7e8a8-9e21-34f4-8489-5e644a1729b3,HOME,59.81786227831922,4.3,178.0,120.0,R,0.17,14.71,7.0,PASS,PASS,607536,"Freeland, Kyle",SB,2B,0.97,high,
c0ed3133-d3a4-3d79-a408-0a683dbf3b97,AWAY,59.8022448494184,13.399999999999999,251.0,,,,,9.0,cut_in_window,release_not_at_hand,607067,"Rea, Colin",SB,2B,,not measured,cut_in_window
3835382b-12f2-35d5-8d9d-5789208be4f1,HOME,59.74005513981883,3.7,175.0,119.0,L,0.2,18.03,9.0,PASS,PASS,702674,"Dana, Caden",SB,2B,0.937,high,
6501b2a8-7c86-3bf2-9f23-d1e88d7447c2,AWAY,59.83010507897386,11.6,180.0,,,0.11,,8.0,cut_in_window,cut_in_window,656605,"Keller, Mitch",SB,2B,,not measured,cut_in_window
e01b6faf-7861-36cf-9579-e9dbb8fd6c5f,AWAY,59.73840268993493,10.2,186.0,124.0,L,0.88,10.36,9.0,release_not_at_hand,release_not_at_hand,621139,"Kriske, Brooks",CS,2B,,not measured,release_not_at_hand
8c834235-7415-3ea0-b03e-e5281d72790f,AWAY,59.76904950357982,3.0999999999999996,,,,,,,not_cf_view,not_cf_view,669060,"Wilson, Bryse",SB,2B,,not measured,not_cf_view
c18670e3-3692-3a5d-b27c-0023e022f177,AWAY,59.790066721038144,5.7,,,,,,,not_cf_view,not_cf_view,671096,"Abbott, Andrew",SB,2B,,not measured,not_cf_view
07e6afa6-6a4d-3d1e-9f50-fae86bc7651e,AWAY,59.7672858591106,11.5,177.0,,,0.13,,8.0,cut_in_window,not_cf_view,656550,"Holmes, Grant",SB,2B,,not measured,cut_in_window
b9691dc4-551b-366b-812a-fea89f4b88f5,AWAY,,3.7,,,,,,,no_clip,cut_in_window,621242,"Díaz, Edwin",SB,2B,,not measured,no_clip
623301e8-8e5f-35c6-b750-2ddc2e5f61b3,HOME,59.67421106392129,3.5,178.0,118.0,L,0.17,16.61,9.0,PASS,PASS,694297,"Pfaadt, Brandon",SB,2B,1.005,high,
4a491ee5-1022-3efb-b2a3-62ab3ad8d505,AWAY,59.75634560489273,12.700000000000001,177.0,131.0,L,0.2,4.68,8.0,not_cf_view,no_release,605135,"Bassitt, Chris",SB,2B,,not measured,not_cf_view
dae57252-cb0e-37a3-9ec3-80e362dda177,HOME,59.79052381607017,3.6,180.0,127.0,L,0.12,2.91,9.0,PASS,PASS,695243,"Miller, Mason",CS,2B,0.886,low,lift_peak_in 2.91 outside 4.28-
111fb7af-d679-3eaa-9b4f-dee8a08958ad,AWAY,59.76212618080368,10.5,181.0,130.0,L,0.15,2.28,9.0,PASS,no_set_before_lift,543294,"Hendricks, Kyle",SB,2B,0.853,low,lift_peak_in 2.28 outside 4.28-
ba46db4e-ef35-38fb-8fd8-edab108c5087,HOME,59.71606700217832,3.7,174.0,107.0,L,0.18,38.15,7.0,PASS,PASS,621111,"Buehler, Walker",SB,2B,1.122,high,
22c44255-d5e1-37f2-9ae2-141683606652,HOME,59.6787581821043,5.1,191.0,119.0,R,0.44,15.42,8.0,PASS,PASS,656222,"Beeks, Jalen",SB,2B,1.206,low,release_to_wrist 0.44 outside -0.32
6101ae14-5a1e-3fe5-97b5-fcbb1c3ab5cd,HOME,59.75106323784199,5.5,252.0,188.0,L,0.17,15.58,8.0,PASS,PASS,518489,"Brasier, Ryan",SB,2B,1.071,high,
5517913b-d6e5-3cee-a922-f47fb067b48d,AWAY,59.65948506530831,9.6,193.0,115.0,L,1.07,18.02,9.0,release_not_at_hand,no_release,605135,"Bassitt, Chris",SB,2B,,not measured,release_not_at_hand
0b47fcde-5fb2-36f3-af3d-3be2713502db,AWAY,59.85919660982842,8.399999999999999,,,,,,,no_release,no_release,608032,"Estévez, Carlos",CS,2B,,not measured,no_release
33cfe56a-0ee8-3b63-a876-44a59330d98e,AWAY,59.70848946730107,9.9,176.0,130.0,L,0.1,69.53,9.0,cut_in_window,cut_in_window,521230,"Hendriks, Liam",SB,2B,,not measured,cut_in_window
0b8f5294-d0eb-392b-8b20-9a3ed407d88e,HOME,59.78167405065883,3.7,178.0,107.0,R,0.11,27.41,9.0,PASS,PASS,592662,"Ray, Robbie",SB,3B,1.188,high,
5880b428-1892-3744-9b8f-32868e39407a,AWAY,59.76272490705473,10.8,181.0,121.0,L,0.15,9.28,9.0,PASS,no_release,641755,"Kinley, Tyler",SB,2B,1.004,high,
4dd51939-3744-311c-aadd-d378e7c5fb3c,HOME,59.65317585919545,3.6,181.0,133.0,L,0.17,3.04,9.0,PASS,PASS,689017,"Knack, Landon",SB,2B,0.805,low,lift_peak_in 3.04 outside 4.28-
72af53ca-98d9-35e4-94da-de14c0353bbc,HOME,59.79166210219286,3.6,184.0,123.0,L,0.43,13.19,9.0,PASS,PASS,642152,"Trivino, Lou",SB,2B,1.02,low,release_to_wrist 0.43 outside -0.32
ec5d841c-c7ec-3a2c-bb4d-eade67e579ab,HOME,59.76505582736735,3.7,189.0,128.0,R,0.15,16.99,9.0,PASS,PASS,671106,"Allen, Logan",CS,2B,1.021,high,
7a7c96a5-b2dd-392c-a185-d4bcdf0472f0,HOME,59.74090628686458,3.6,179.0,127.0,L,0.14,15.9,9.0,PASS,PASS,695418,"Lord, Brad",SB,2B,0.87,high,
02550d9c-217d-3505-a1e5-40a56cfd1b5b,AWAY,59.69702636992706,11.5,179.0,106.0,R,0.12,20.07,9.0,cut_in_window,not_cf_view,571578,"Corbin, Patrick",SB,2B,,not measured,cut_in_window
cf2aa450-ce69-347d-b259-094568102ec8,HOME,59.71030185765384,3.8,184.0,119.0,L,0.53,18.16,7.0,PASS,PASS,657585,"Garrett, Reed",SB,2B,1.089,low,release_to_wrist 0.53 outside -0.32
9a1e9847-d2ed-3522-9e4c-f258258649a8,HOME,59.634205942430356,5.4,152.0,124.0,L,0.54,6.71,7.0,PASS,PASS,663436,"Martin, Davis",CS,2B,0.47,low,release_to_wrist 0.54 outside -0.32; delivery_s 0.47 outside 0.7-1.31
61778fc1-4b88-3ee8-86ad-1734e5aa0067,HOME,59.623565811525076,3.9,181.0,124.0,L,0.26,7.1,7.0,PASS,PASS,673540,"Senga, Kodai",SB,3B,0.956,high,
cfbcf047-08dd-3cab-a1fd-9950faa9165d,AWAY,59.81999030486373,15.9,179.0,123.0,L,0.16,16.15,9.0,PASS,cut_in_window,663485,"Sands, Cole",CS,2B,0.936,high,
edaefe81-c303-3354-b44a-b92b5f576f35,AWAY,59.71623563218391,10.8,178.0,,,0.18,,8.0,cut_in_window,no_release,687223,"Palmquist, Carson",SB,2B,,not measured,cut_in_window
43f8ed3d-5ff1-3fa9-a933-b32c0ea49c7f,AWAY,59.71533490900193,11.3,179.0,122.0,L,0.3,22.11,9.0,PASS,cut_in_window,694477,"Patrick, Chad",SB,2B,0.955,high,
762f4ea4-f6a0-3164-9c17-41c7bd57f4a9,AWAY,59.744664732569454,11.3,180.0,126.0,L,0.39,11.91,8.0,PASS,cut_in_window,450203,"Morton, Charlie",SB,2B,0.904,low,release_to_wrist 0.39 outside -0.32
fd26cd41-f511-3264-85dc-833db0ad1aa5,AWAY,59.74934033426614,11.6,185.0,124.0,L,0.38,12.48,8.0,PASS,not_cf_view,607200,"Fedde, Erick",CS,2B,1.021,low,release_to_wrist 0.38 outside -0.32
3d761952-f7c6-3c9d-ba6c-5c1373af0021,HOME,59.73394879423139,5.6,178.0,120.0,L,0.16,10.43,9.0,PASS,PASS,607200,"Fedde, Erick",SB,2B,0.971,high,
db5f00c5-b98d-3bb0-a8c1-dd2e222ea4a5,AWAY,59.79161336899757,11.7,178.0,,,0.19,,9.0,no_set_before_lift,cut_in_window,623211,"Brazobán, Huascar",SB,2B,,not measured,no_set_before_lift
6f607eae-a834-3b33-a82f-7887321bfffc,HOME,59.789182650768964,3.8,171.0,102.0,R,0.12,35.6,8.0,PASS,PASS,677960,"Weathers, Ryan",SB,2B,1.154,high,
d3c3b94a-d5ec-39d0-b10f-8f49d4a66e96,AWAY,59.75132824989687,9.3,178.0,,,0.26,,9.0,no_set_before_lift,no_set_before_lift,677952,"Ashcraft, Braxton",SB,2B,,not measured,no_set_before_lift
86311895-50a2-3847-a7d2-e66478879c5d,HOME,59.716284656022445,3.9,172.0,110.0,L,0.14,27.57,9.0,PASS,PASS,681190,"Vásquez, Randy",CS,2B,1.038,high,
5658779a-2106-3a80-ae9b-763fbcb10177,HOME,59.781664984580665,3.8,174.0,127.0,L,0.17,9.61,9.0,PASS,PASS,596133,"Weaver, Luke",SB,2B,0.786,high,
31b32ab7-38bf-3ccb-8e9d-a4748057682f,AWAY,59.77688842726221,6.699999999999999,186.0,117.0,L,1.0,11.3,6.0,release_not_at_hand,no_release,643338,"Green, Chad",SB,2B,,not measured,release_not_at_hand
7ff17714-c849-38bb-937b-1e035d378726,AWAY,59.69897372612305,8.1,184.0,,,0.2,,7.0,no_set_before_lift,cut_in_window,690916,"Fitts, Richard",SB,2B,,not measured,no_set_before_lift
aa7e34a4-7b00-3cee-a39a-4c234996965c,HOME,59.78646547538377,5.9,256.0,186.0,R,0.17,26.26,9.0,PASS,PASS,666214,"Wentz, Joey",SB,3B,1.171,high,
9a053438-b8d3-3ffa-9bff-fef294011eee,HOME,59.79086084665062,3.9,180.0,116.0,L,0.15,24.12,9.0,PASS,PASS,675911,"Strider, Spencer",SB,2B,1.07,high,
748800b7-044d-35cf-b8c5-8c0a82c722bc,HOME,59.713918523675616,3.8,178.0,117.0,L,0.21,21.86,9.0,PASS,PASS,608566,"Márquez, Germán",SB,2B,1.022,high,
7607c7ae-9aa2-3ca3-8477-b2d63d7488d4,AWAY,59.75205946726166,8.6,189.0,119.0,L,0.69,20.94,9.0,release_not_at_hand,cut_in_window,641755,"Kinley, Tyler",SB,3B,,not measured,release_not_at_hand
16cad841-f941-346f-be5e-661086c87566,AWAY,59.789844703854506,9.6,,,,,,,no_release,cut_in_window,678020,"Halvorsen, Seth",CS,2B,,not measured,no_release
4498a284-883a-33a1-ac49-66964461f2a8,AWAY,59.68867466412475,18.9,,,,,,,no_release,no_release,669467,"Pallante, Andre",SB,2B,,not measured,no_release
5404c7e9-127f-3d07-b0c3-892ee6ec0cdc,HOME,59.75209452491524,3.7,179.0,116.0,L,0.13,2.79,9.0,PASS,PASS,669467,"Pallante, Andre",SB,3B,1.054,low,lift_peak_in 2.79 outside 4.28-
71c815d3-aba6-3e77-93e8-0b43b77cef58,AWAY,59.76719255471544,9.7,190.0,127.0,L,0.83,8.16,6.0,release_not_at_hand,release_not_at_hand,663903,"Singer, Brady",SB,2B,,not measured,release_not_at_hand
859c44c5-86e5-3c62-9c37-ce7e124da640,AWAY,59.76428922499887,7.2,,,,,,,no_release,no_release,641755,"Kinley, Tyler",SB,2B,,not measured,no_release
12b4b7e0-7e2b-312b-85d0-f574e143f8c9,HOME,59.75476281352925,3.7,175.0,108.0,R,0.11,17.62,9.0,PASS,PASS,542881,"Anderson, Tyler",SB,2B,1.121,high,
1862cf56-17f2-3434-aafd-c3f3f11e3d00,HOME,59.804572262677176,3.9,179.0,123.0,L,0.15,11.57,8.0,PASS,PASS,669160,"May, Dustin",CS,2B,0.936,high,
97123c0f-a9e9-3765-90ec-17d0e055ed8a,AWAY,59.746733970464824,9.0,178.0,125.0,L,0.33,14.61,6.0,PASS,cut_in_window,519151,"Pressly, Ryan",CS,2B,0.887,low,release_to_wrist 0.33 outside -0.32
ca193798-0cb2-3d86-a1a8-d2551c477530,AWAY,59.72679591671709,8.0,184.0,122.0,L,0.15,20.14,9.0,PASS,cut_in_window,608566,"Márquez, Germán",SB,2B,1.038,high,
161ca6d3-79c8-3c28-8725-64f2a27b9e08,HOME,59.83317976707901,3.6,179.0,125.0,L,0.34,10.41,9.0,PASS,PASS,656731,"Megill, Tylor",CS,2B,0.903,low,release_to_wrist 0.34 outside -0.32
61c23e9e-98a8-318f-8b01-721e0aecc13e,HOME,59.772040566009515,3.5,180.0,126.0,R,0.09,12.64,9.0,PASS,PASS,663738,"Lynch IV, Daniel",CS,2B,0.903,high,
14d9e8c3-50e2-3b6e-a51b-47620507e60b,HOME,59.64950626989639,3.7,176.0,124.0,L,0.23,8.11,9.0,PASS,PASS,663903,"Singer, Brady",SB,2B,0.872,high,
adb92de9-331d-317d-b9fb-7bd597f3fff7,HOME,59.7309132281152,3.6,178.0,124.0,L,0.29,6.68,9.0,PASS,PASS,669160,"May, Dustin",SB,2B,0.904,high,
a0125520-d923-335f-a866-db954b3e37d3,AWAY,59.761003755564275,6.5,,,,,,,no_release,no_release,686973,"Varland, Louis",SB,3B,,not measured,no_release
c5ca10ab-34f1-35cc-8b72-90f845ca1356,AWAY,59.745666018960954,6.6,,,,,,,no_release,no_release,686973,"Varland, Louis",SB,2B,,not measured,no_release
0391bf79-242d-397c-a312-7cfd6a007eb4,AWAY,59.68418958449488,7.300000000000001,220.0,,,0.6,,9.0,release_not_at_hand,no_set_before_lift,547973,"Chapman, Aroldis",SB,3B,,not measured,release_not_at_hand
d03782c0-df86-3286-aa5f-920fa4741565,HOME,59.72124018681095,3.5,177.0,116.0,L,0.14,16.57,9.0,PASS,PASS,690990,"Horton, Cade",SB,2B,1.021,high,
386a0d1f-36ba-37d1-bd44-e858dbc9a29e,AWAY,59.78703955332658,7.5,177.0,123.0,L,0.2,2.2,9.0,PASS,cut_in_window,669467,"Pallante, Andre",SB,2B,0.903,low,lift_peak_in 2.2 outside 4.28-
24a33e92-2556-313d-81ec-dd9bb2c69020,AWAY,,0.0,,,,,,,no_clip,no_clip,672282,"Detmers, Reid",CS,2B,,not measured,no_clip
bb5f194e-e6a9-3cc8-a77a-7006123178c7,AWAY,59.71756334064738,8.899999999999999,179.0,117.0,L,0.11,20.63,7.0,PASS,no_release,592426,"Jackson, Luke",SB,2B,1.038,high,
c8b644a6-8986-3e70-95f9-00559b2041af,AWAY,59.665587661769756,9.0,178.0,125.0,L,0.13,9.18,9.0,PASS,release_not_at_hand,685299,"Gordon, Tanner",SB,2B,0.888,high,
c71ea535-ee9b-3a33-bc9d-c227965603a0,AWAY,59.79054816221114,10.3,192.0,113.0,L,0.84,19.15,6.0,release_not_at_hand,not_cf_view,641154,"López, Pablo",SB,3B,,not measured,release_not_at_hand
2ac06057-14f6-34d6-b417-2617d6203492,HOME,59.70826598926789,3.7,173.0,105.0,R,0.12,23.25,9.0,PASS,PASS,579328,"Kikuchi, Yusei",SB,2B,1.139,high,
37ee0510-69a8-31d3-9050-dd926c63e204,AWAY,59.781504977759724,7.1,191.0,121.0,L,0.75,19.6,8.0,release_not_at_hand,release_not_at_hand,686993,"Sterner, Justin",SB,2B,,not measured,release_not_at_hand
cc198168-51b4-3164-8547-8d62b142dd49,HOME,59.71881665046501,3.5,179.0,110.0,R,0.14,26.95,8.0,PASS,PASS,641778,"Lauer, Eric",SB,2B,1.155,high,
c8a4232d-50c0-3ce6-a931-186d473421a0,AWAY,59.77493580799366,9.0,,,,,,,no_release,cut_in_window,641154,"López, Pablo",SB,2B,,not measured,no_release
68f3bdb1-76c7-33a7-8d4b-cf924189cbe7,HOME,59.70962267708617,3.5,180.0,122.0,L,0.6,23.91,6.0,PASS,PASS,680604,"Castaño, Blas",SB,2B,0.971,low,release_to_wrist 0.6 outside -0.32
01ab149c-f8f6-364b-9844-809e27df658c,HOME,59.7054392490197,3.5,176.0,123.0,L,0.15,19.82,8.0,PASS,PASS,592866,"Williams, Trevor",CS,2B,0.888,high,
a1d4401c-eb9b-3393-85ec-c81e1a5a23de,HOME,59.62634159268583,3.5,180.0,123.0,L,0.21,20.55,9.0,PASS,PASS,656876,"Rasmussen, Drew",SB,2B,0.956,high,
49711460-4527-38ea-9772-094c9045c4a7,HOME,59.78375515590005,3.5,180.0,115.0,L,0.17,20.41,9.0,PASS,PASS,645261,"Alcantara, Sandy",SB,2B,1.087,high,
f225162e-0a34-3b7a-879f-3e067e1d3640,HOME,59.651070912312676,3.5,181.0,113.0,L,0.16,12.79,9.0,PASS,PASS,672391,"Ort, Kaleb",SB,2B,1.14,high,
1642b819-46a6-3963-879f-c9735d6667dd,HOME,59.77592195376893,3.5,176.0,116.0,L,0.16,6.48,9.0,PASS,PASS,672391,"Ort, Kaleb",SB,2B,1.004,high,
ea71670f-36d3-325c-a636-35a70886eaa7,AWAY,59.73362191283835,7.1,176.0,111.0,L,0.15,17.84,8.0,PASS,cut_in_window,669371,"Henry, Cole",SB,2B,1.088,high,
c08ceb3b-b001-3afb-8ba6-7543330e64ec,HOME,59.70338665297623,3.7,179.0,121.0,L,0.18,13.3,8.0,PASS,PASS,687473,"Gusto, Ryan",SB,2B,0.971,high,
ba8f905d-9bdf-364f-8d79-4e7547136cc5,AWAY,59.812219968829744,7.4,171.0,108.0,R,0.18,13.6,9.0,PASS,cut_in_window,669022,"Gore, MacKenzie",SB,2B,1.053,high,
0e533144-a22c-3354-889d-741298066f41,HOME,59.81796756694337,3.9,174.0,120.0,L,0.26,17.92,9.0,PASS,PASS,676106,"Hancock, Emerson",CS,2B,0.903,high,
55bd4989-d53d-3e0c-814c-c413579fbf9f,HOME,59.80477384068206,3.8,180.0,115.0,L,0.23,25.46,9.0,PASS,PASS,605447,"Romano, Jordan",CS,2B,1.087,high,
074c5eed-692d-3f72-9db6-7f47bdcaccce,HOME,59.73225139066663,3.8,176.0,118.0,R,0.22,7.71,9.0,PASS,PASS,669022,"Gore, MacKenzie",CS,2B,0.971,high,
86d0cb74-e1fb-3b76-b7d3-8296b8bd6baf,HOME,59.79504828077594,3.5,177.0,120.0,L,0.14,10.05,9.0,PASS,PASS,687473,"Gusto, Ryan",SB,3B,0.953,high,
9e30eadc-aac1-3626-af63-318ee77508de,AWAY,,0.0,,,,,,,no_clip,no_clip,687473,"Gusto, Ryan",SB,2B,,not measured,no_clip
25a643fb-7c5f-3c26-8454-81d0d0d1aaf1,HOME,59.66108238258272,5.4,252.0,177.0,L,0.11,34.87,9.0,PASS,PASS,605347,"López, Jorge",SB,2B,1.257,high,
2dc648c3-6e7d-3ceb-9e0d-529074b4dd11,HOME,59.83692557804762,3.6,180.0,126.0,L,0.16,20.05,8.0,PASS,PASS,656240,"Blewett, Scott",CS,2B,0.902,high,
a3d22c67-1587-380e-992c-a02cae26df13,HOME,59.72542279623839,3.6,170.0,106.0,L,0.17,17.47,9.0,PASS,PASS,669371,"Henry, Cole",SB,2B,1.072,high,
db52281e-80d2-31fe-a9ae-91f10270d18a,HOME,59.72736584981483,3.5,178.0,123.0,L,0.23,23.34,9.0,PASS,PASS,700363,"Smith-Shawver, AJ",SB,2B,0.921,high,
5e712d33-9cd6-336f-9d8c-3a4bb1b3e690,HOME,59.76528018291359,3.6,179.0,111.0,L,0.16,21.42,9.0,PASS,PASS,669358,"Baz, Shane",SB,3B,1.138,high,
ff6fc448-8cf4-33a6-b93f-9758dd1bbbf0,AWAY,59.784310629961,7.2,177.0,112.0,R,0.08,22.8,8.0,PASS,no_set_before_lift,642100,"Speier, Gabe",SB,3B,1.087,high,
844449ca-3819-3676-b1b6-63a09e0c9b00,AWAY,59.723061949773644,5.8,174.0,120.0,L,0.21,13.17,9.0,not_cf_view,no_release,605135,"Bassitt, Chris",SB,2B,,not measured,not_cf_view
02aef057-040d-3760-94ee-12f25dca0119,HOME,59.673003993269205,5.4,176.0,109.0,L,0.17,37.91,9.0,PASS,PASS,662253,"Muñoz, Andrés",SB,2B,1.123,high,
3f0fccf1-b98c-3294-a770-f0342936b94c,AWAY,59.84728806974716,8.7,184.0,119.0,L,1.35,15.76,9.0,release_not_at_hand,not_cf_view,676083,"Junk, Janson",SB,2B,,not measured,release_not_at_hand
defcee16-c5e9-3f61-9ab4-b09c7c562fe0,HOME,59.69598911613063,3.5,176.0,116.0,L,0.18,22.87,9.0,PASS,PASS,615698,"Quantrill, Cal",SB,2B,1.005,high,
8b989209-cee8-3ce8-abca-b6242788b313,AWAY,59.80436619878446,7.1,178.0,116.0,L,0.19,15.86,9.0,not_cf_view,no_set_before_lift,672578,"Hernández, Carlos",SB,3B,,not measured,not_cf_view
acfa5610-95cd-3513-bd01-7da4fe113f54,HOME,59.740109593300815,3.6,176.0,113.0,L,0.25,25.94,9.0,PASS,PASS,640448,"Finnegan, Kyle",SB,2B,1.055,high,
2891857a-0627-3e41-9fe4-dc4a464350bb,AWAY,59.77577442836648,7.1,180.0,117.0,R,0.15,18.03,9.0,PASS,cut_in_window,669461,"Liberatore, Matthew",SB,2B,1.054,high,
998a3e53-1b31-3b0d-bf68-2aa7ded48577,HOME,59.66294502309752,3.5,180.0,122.0,L,0.19,9.87,9.0,PASS,PASS,687765,"Spence, Mitch",SB,2B,0.972,high,
78038422-318d-3bd3-8819-1c7ff6350706,HOME,59.80011367942402,5.1,175.0,120.0,L,0.36,21.39,9.0,PASS,PASS,607625,"Lugo, Seth",CS,2B,0.92,low,release_to_wrist 0.36 outside -0.32
13a471d0-5650-3fe0-98ea-5c05e575ea2f,HOME,59.67038309148506,3.6,180.0,110.0,R,0.21,23.34,9.0,PASS,PASS,694363,"Shuster, Jared",SB,2B,1.173,high,
b7ec633b-b29a-34ce-a795-692a29ede4bc,HOME,59.78677203269265,3.6,179.0,116.0,L,0.09,22.7,9.0,PASS,PASS,682847,"Ortiz, Luis",CS,2B,1.054,high,
a99c095d-2c47-366d-819a-34b70547518f,HOME,59.66845926721907,3.8,178.0,108.0,R,0.12,24.62,9.0,PASS,PASS,664285,"Valdez, Framber",CS,3B,1.173,high,
5d8a50f0-9314-3fa4-91da-5bb47047fdab,AWAY,59.723680828040834,4.9,,,,,,,not_cf_view,not_cf_view,676661,"Lazar, Max",SB,2B,,not measured,not_cf_view
8a1e9c9d-60d4-350f-a038-32bcbafeff04,HOME,59.7739490417405,3.7,178.0,126.0,L,0.1,11.65,7.0,PASS,PASS,687330,"Kelly, Kevin",SB,2B,0.87,high,
196a230f-4fa7-3bec-8804-37bd16c6e372,HOME,59.73857685471935,3.7,176.0,117.0,L,0.25,23.58,9.0,PASS,PASS,615698,"Quantrill, Cal",SB,2B,0.988,high,
ca31a4a6-89c4-3dbe-8613-ecfa8a200a58,HOME,59.69024936440938,3.9,180.0,129.0,L,0.14,7.5,9.0,PASS,PASS,592836,"Walker, Taijuan",SB,2B,0.854,high,
f82f103b-0ece-31a6-8711-84bdd2807fdb,HOME,59.78280209239807,3.8,178.0,122.0,R,0.22,12.44,9.0,PASS,PASS,650893,"Cabrera, Génesis",SB,2B,0.937,high,
12ec9b9f-4021-3136-81cd-e589fbbf3c4c,HOME,59.66651336197196,3.7,176.0,99.0,L,0.13,16.57,9.0,PASS,PASS,672391,"Ort, Kaleb",SB,3B,1.291,high,
02d78e7b-6d7a-3fb7-b7f0-96dff4a40d94,HOME,59.730846976125875,3.9,177.0,110.0,R,0.15,22.61,7.0,PASS,PASS,666200,"Luzardo, Jesús",SB,2B,1.122,high,
858fbdee-b214-3c89-8f17-335d245c338c,HOME,59.807808176344906,3.8,182.0,124.0,L,0.22,21.56,9.0,PASS,PASS,660896,"Alcala, Jorge",CS,2B,0.97,high,
b6a893b3-39fd-373d-9ace-185ac5bce2e5,HOME,59.71030957114456,3.8,172.0,113.0,L,0.24,18.29,9.0,PASS,PASS,571946,"Miller, Shelby",CS,2B,0.988,high,
6fa87432-05dc-33e0-b09f-acfc02de9030,AWAY,59.698674210100116,9.4,182.0,119.0,R,0.28,19.28,6.0,PASS,no_release,666157,"Lodolo, Nick",SB,2B,1.055,high,
d06adf24-e895-3017-938b-793ecf05554f,HOME,59.75297305036928,3.8,178.0,117.0,L,0.22,22.89,6.0,PASS,PASS,543243,"Gray, Sonny",SB,3B,1.021,high,
ec0bd365-c888-3b87-9db6-7e92c1265e41,HOME,59.72029398849418,3.9,183.0,123.0,L,0.33,20.38,9.0,PASS,PASS,682243,"Miller, Bryce",SB,2B,1.005,low,release_to_wrist 0.33 outside -0.32
5b335622-2e3c-3008-ba77-58d56ca5e8f9,HOME,59.73214785375638,5.9,254.0,193.0,L,0.21,24.36,9.0,PASS,PASS,666171,"Zeferjahn, Ryan",SB,2B,1.021,high,
bbbdab8c-0deb-341a-a476-3ae9f2b42728,HOME,59.74202308214528,3.9,179.0,127.0,L,0.22,12.92,6.0,PASS,PASS,665795,"Cabrera, Edward",CS,2B,0.87,high,
34610457-d379-3536-bae4-99cf194a820c,AWAY,59.65471646164253,6.9,,,,,,,no_release,no_release,665152,"Kremer, Dean",SB,2B,,not measured,no_release
e84fc2b3-e099-34a2-a9b6-82eedbc6b078,AWAY,59.64972486990099,9.1,177.0,125.0,L,0.23,4.02,9.0,PASS,no_release,605130,"Barlow, Scott",SB,2B,0.872,low,lift_peak_in 4.02 outside 4.28-
024d3778-abfc-3ee2-a847-2250746b4bae,HOME,59.701715026794965,3.9,178.0,129.0,L,0.24,10.14,7.0,PASS,PASS,622608,"Senzatela, Antonio",SB,2B,0.821,high,
98fc32a2-1e9e-3eef-89df-de442c0927b9,AWAY,59.79180739230155,4.6,184.0,,,0.85,,7.0,release_not_at_hand,not_cf_view,543294,"Hendricks, Kyle",SB,2B,,not measured,release_not_at_hand
158cf732-c6d0-3fe2-b740-707fc5173777,AWAY,59.62487969389432,9.9,177.0,109.0,R,0.15,23.6,9.0,PASS,not_cf_view,663559,"Falter, Bailey",SB,3B,1.14,high,
b0d899b3-4c5a-360f-b505-5fbb6d6e64b5,HOME,59.65133375341315,4.0,182.0,126.0,L,0.21,20.56,9.0,PASS,PASS,543243,"Gray, Sonny",CS,2B,0.939,high,
9d79f671-cb03-3a75-a3d4-815fdff20e89,AWAY,59.63399359322522,7.199999999999999,182.0,113.0,L,0.1,41.95,9.0,PASS,no_set_before_lift,621111,"Buehler, Walker",SB,2B,1.157,high,
cb7a998a-4387-350b-a12c-0d895c430763,HOME,59.73531752399729,4.0,181.0,126.0,L,0.45,14.24,8.0,PASS,PASS,663436,"Martin, Davis",SB,2B,0.921,low,release_to_wrist 0.45 outside -0.32
01b8e9c9-d88b-35b1-84f2-5e507cbfc418,AWAY,59.71850556051881,7.8,179.0,132.0,L,0.14,12.95,9.0,PASS,cut_in_window,656186,"Altavilla, Dan",SB,2B,0.787,high,
699d168b-506e-3c96-b291-7de9746e1018,HOME,59.83203515947957,4.2,197.0,141.0,L,0.22,15.65,8.0,PASS,PASS,672456,"Montero, Keider",CS,2B,0.936,high,
58755b62-3202-3d05-b15b-b4c5b2b45c14,HOME,59.65865633263161,3.8,180.0,115.0,R,0.12,19.04,9.0,PASS,PASS,500779,"Quintana, Jose",SB,2B,1.09,high,
2aa53511-cac0-3c3d-abba-b5ae88c0a8d8,HOME,59.76753898322277,5.4,179.0,117.0,L,0.31,23.75,9.0,PASS,PASS,643377,"Jax, Griffin",SB,2B,1.037,high,
c5677f94-4c0f-3eb6-9708-49c260dd941a,AWAY,59.75994647455176,6.0,,,,,,,no_release,cut_in_window,605447,"Romano, Jordan",SB,2B,,not measured,no_release
0000695e-8e01-370c-aa02-7548095b08c0,AWAY,,1.2,,,,,,,no_clip,not_cf_view,607200,"Fedde, Erick",SB,3B,,not measured,no_clip
d55709c2-a366-3a1f-a17a-7a5426e44313,AWAY,59.795802385590534,7.1,,,,,,,no_release,no_release,622491,"Castillo, Luis",CS,2B,,not measured,no_release
b2d393df-f31e-3aac-8db2-3f17909fab92,AWAY,59.69364245253599,7.3,198.0,,,0.78,,9.0,release_not_at_hand,release_not_at_hand,670955,"Uceta, Edwin",SB,3B,,not measured,release_not_at_hand
938d2b51-922f-3253-8045-b21b65dbf0bc,HOME,59.84205124332498,3.8,178.0,124.0,L,0.08,13.65,9.0,PASS,PASS,663562,"Davis, Noah",CS,2B,0.902,high,
5504c473-52aa-3392-a10b-f6a167e42fbe,AWAY,59.8286149804462,7.9,179.0,109.0,L,0.15,20.92,9.0,PASS,cut_in_window,605447,"Romano, Jordan",CS,2B,1.17,high,
56c1d585-596e-3edc-99f3-ea946a983a68,AWAY,,1.2,,,,,,,no_clip,not_cf_view,608717,"Stratton, Chris",SB,2B,,not measured,no_clip
7cf1d14f-2033-3aaf-8021-f8eb8bbd6cff,HOME,59.80767537236626,3.5,179.0,118.0,R,0.08,25.33,9.0,PASS,PASS,642232,"Yarbrough, Ryan",CS,3B,1.02,high,
634aefe8-5bcf-304f-b759-e66124f34a55,HOME,59.79212231713677,3.5,177.0,121.0,R,0.14,13.68,9.0,PASS,PASS,656222,"Beeks, Jalen",SB,2B,0.937,high,
dc7d13d3-450f-38e4-9909-63bb12ca5efd,AWAY,59.699316628701595,7.0,180.0,123.0,L,0.13,19.08,9.0,PASS,cut_in_window,686613,"Brown, Hunter",CS,2B,0.955,high,
895daae3-cf2d-3d82-98c8-bba3a4e19812,HOME,59.74207296910019,3.6,180.0,122.0,R,0.11,19.99,9.0,PASS,PASS,624133,"Suarez, Ranger",CS,2B,0.971,high,
ca19dd69-47a3-3448-b732-3dbed2d7527f,AWAY,59.78283704375071,7.7,178.0,115.0,R,0.17,32.59,4.0,PASS,cut_in_window,677960,"Weathers, Ryan",SB,3B,1.054,low,ball_pts 4.0 outside 5-
fe4543ec-fdc5-3634-81e4-6a0bdeb88336,AWAY,,1.1,,,,,,,no_clip,not_cf_view,594798,"deGrom, Jacob",CS,2B,,not measured,no_clip
bd86a77d-292b-3e5e-8b8f-5f5e7a9a2510,AWAY,59.76659926715865,4.4,,,,,,,no_release,no_release,592332,"Gausman, Kevin",SB,2B,,not measured,no_release
69d5be82-80c7-317a-8071-a7b4dc595f5f,AWAY,59.714581608485815,7.1,181.0,111.0,R,0.13,20.06,9.0,PASS,no_set_before_lift,500779,"Quintana, Jose",SB,3B,1.172,high,
671db632-777d-3a43-a5bc-487c95262f36,AWAY,59.75259173385841,7.3,181.0,123.0,L,0.21,28.82,9.0,PASS,cut_in_window,681190,"Vásquez, Randy",SB,2B,0.971,high,
baf77694-0fe9-374e-867c-b59c9c2ccfa1,AWAY,,4.2,,,,,,,no_clip,cut_in_window,607455,"Banda, Anthony",SB,2B,,not measured,no_clip
427c6c4c-2e59-3f66-bad5-f8f70b79d70c,AWAY,,3.4,,,,,,,no_clip,no_release,607200,"Fedde, Erick",SB,2B,,not measured,no_clip
0b25078a-0717-335a-8f40-54912d46468f,AWAY,59.75269546859685,8.600000000000001,,,,,,,no_release,cut_in_window,592332,"Gausman, Kevin",SB,2B,,not measured,no_release
10f68c4b-410c-33a9-aa85-59c4dc834901,AWAY,59.80518009514461,7.0,175.0,121.0,L,0.18,8.68,9.0,PASS,cut_in_window,607259,"Martinez, Nick",CS,2B,0.903,high,
82987ebc-0595-3baf-98f1-f6c69067ef40,HOME,59.666434092551256,3.6,176.0,118.0,L,0.16,15.52,9.0,PASS,PASS,657585,"Garrett, Reed",SB,2B,0.972,high,
f98f3d79-478e-32f9-9129-a301ec7f42a8,HOME,59.737691589525575,5.2,181.0,126.0,L,0.18,7.76,9.0,PASS,PASS,607259,"Martinez, Nick",SB,2B,0.921,high,
b34f06c7-9a89-3230-8f38-1258355d2707,AWAY,59.66396867469603,7.1,177.0,115.0,R,0.12,21.16,9.0,PASS,not_cf_view,687223,"Palmquist, Carson",SB,2B,1.039,high,
52d0fb0f-1990-3a71-9730-3a400c61aeea,HOME,59.68671021731329,3.7,177.0,100.0,R,0.12,35.3,9.0,PASS,PASS,607455,"Banda, Anthony",SB,2B,1.29,high,
d824e28f-54d9-3c80-9aea-0be95746199e,HOME,59.66995737860187,3.7,181.0,119.0,R,0.11,16.38,9.0,PASS,PASS,500779,"Quintana, Jose",SB,2B,1.039,high,
8c5e7011-da89-3c7b-a174-6d75b86539e3,HOME,59.6970139648372,3.7,178.0,112.0,R,0.13,35.59,8.0,PASS,PASS,677960,"Weathers, Ryan",SB,2B,1.106,high,
ed326e0c-7f75-3c67-8d9c-3f439464267e,AWAY,59.787262466082225,5.9,177.0,119.0,L,0.23,26.22,9.0,PASS,no_release,681190,"Vásquez, Randy",SB,2B,0.97,high,
acc47d39-b716-322c-8ec5-3f90c5f8ae0b,AWAY,59.80215857701115,7.2,172.0,100.0,R,0.13,31.35,9.0,PASS,no_set_before_lift,656945,"Scott, Tanner",SB,2B,1.204,high,
c6662def-7c09-3e8b-b398-62868caed9b4,HOME,59.762369813667114,3.8,176.0,116.0,L,0.16,15.79,9.0,PASS,PASS,592094,"Adam, Jason",SB,2B,1.004,high,
aa9d4f73-01dd-3134-add6-47e56fe173c8,HOME,59.8073346903197,3.8,178.0,128.0,L,0.23,13.8,9.0,PASS,PASS,663568,"Kolek, Stephen",SB,2B,0.836,high,
d176702d-db19-3ba1-a263-9721870c9fb3,HOME,59.783140926513425,3.7,178.0,106.0,L,0.14,37.73,9.0,PASS,PASS,621242,"Díaz, Edwin",SB,2B,1.204,high,
a8a42926-6d31-315c-ba2e-36c5278dd3b9,AWAY,59.73622427159438,7.7,182.0,110.0,L,0.23,17.5,9.0,PASS,cut_in_window,642207,"Williams, Devin",SB,2B,1.205,high,
6881746c-0f7d-3d18-9704-8e86e55d9b46,HOME,59.7676146597415,3.7,185.0,128.0,L,0.12,18.43,9.0,PASS,PASS,674285,"Salazar, Eduardo",SB,2B,0.954,high,
2cc1c5fc-5a3c-36fa-bd65-c0fb54e2989d,HOME,59.76730792522413,3.7,179.0,128.0,L,0.13,12.54,9.0,PASS,PASS,690990,"Horton, Cade",SB,2B,0.853,high,
7de94bf6-6593-34d6-aaec-e031da7b3fe4,HOME,59.80458447936338,3.8,181.0,127.0,L,0.18,22.87,8.0,PASS,PASS,592866,"Williams, Trevor",SB,3B,0.903,high,
55933d56-bcca-3cf2-b4bb-9ecc109572b4,AWAY,59.76022133415309,7.7,179.0,119.0,L,0.17,6.74,9.0,PASS,cut_in_window,445276,"Jansen, Kenley",SB,2B,1.004,high,
c3ec1569-a5b3-3a51-83b2-18105f665958,HOME,59.7816229549824,3.7,178.0,112.0,L,0.14,25.79,9.0,PASS,PASS,678394,"Bello, Brayan",SB,2B,1.104,high,
96aa8f97-ec26-37a2-8a3e-7324e8c1b965,AWAY,59.71148865366604,7.3,187.0,120.0,L,1.08,14.52,9.0,release_not_at_hand,release_not_at_hand,650556,"Abreu, Bryan",CS,2B,,not measured,release_not_at_hand
6c82aa61-9111-32e7-8503-89cec1cb40fd,HOME,59.74351754677861,3.7,179.0,118.0,R,0.15,19.88,9.0,PASS,PASS,607074,"Rodón, Carlos",SB,2B,1.021,high,
9e8601b7-32f2-385c-88c2-4b8b67716e76,AWAY,59.77959399394824,7.3,181.0,,,0.16,,9.0,no_set_before_lift,no_set_before_lift,445276,"Jansen, Kenley",SB,3B,,not measured,no_set_before_lift
605efbc9-1a05-337d-a767-b87d5904f95c,HOME,59.79077451432311,3.6,183.0,119.0,R,0.13,20.62,9.0,PASS,PASS,663465,"Allard, Kolby",CS,2B,1.07,high,
735cbb27-805e-3ee6-b9ea-f89fb3c6f2e4,AWAY,59.81053003438814,9.0,182.0,122.0,L,0.13,19.71,9.0,PASS,cut_in_window,572955,"Johnson, Pierce",CS,2B,1.003,high,
e773ecc1-dbe3-3ac6-9535-a255b58693e3,HOME,59.824008857571854,3.6,179.0,121.0,L,0.09,10.12,9.0,PASS,PASS,678394,"Bello, Brayan",CS,2B,0.97,high,
4df6e53a-c450-35e7-84c5-d08a35d52d77,HOME,59.81989477723545,5.0,179.0,124.0,L,0.13,14.53,9.0,PASS,PASS,690990,"Horton, Cade",CS,2B,0.919,high,
b7abc21e-31e0-3b1e-9f3e-1ad9c47e89dc,HOME,59.64291310166266,3.6,179.0,122.0,L,0.15,12.79,9.0,PASS,PASS,621121,"McCullers Jr., Lance",SB,2B,0.956,high,
4f92bcd3-4960-3f90-b4ff-62a774dc10c7,HOME,59.761900997612685,3.6,179.0,131.0,L,0.2,12.39,6.0,PASS,PASS,695445,"Lee, Chase",SB,2B,0.803,high,
e35c58ac-4283-3cd6-b560-ce7a1c944675,AWAY,59.68664511315593,7.2,,,,,,,no_release,cut_in_window,645261,"Alcantara, Sandy",SB,2B,,not measured,no_release
dea70dba-aef6-3065-8620-f42da75a193c,AWAY,59.680647636524554,6.6,,,,,,,no_release,no_release,645261,"Alcantara, Sandy",SB,2B,,not measured,no_release
6daab012-5125-33ed-8b35-bf707fbce40c,HOME,59.69908379344254,3.6,182.0,121.0,L,0.16,15.46,9.0,PASS,PASS,682990,"Priester, Quinn",SB,3B,1.022,high,
8ae4a7bf-11a5-3796-a8c9-f2a52d7ca36b,AWAY,59.854882158476656,7.5,177.0,124.0,R,0.11,9.67,9.0,PASS,cut_in_window,669022,"Gore, MacKenzie",SB,2B,0.885,high,
e5afaefc-8700-34c7-9ac0-da96a32e3721,AWAY,59.726503347605174,7.1,185.0,122.0,L,0.82,12.6,9.0,release_not_at_hand,release_not_at_hand,687473,"Gusto, Ryan",SB,3B,,not measured,release_not_at_hand
565559e5-b074-3cf2-a0b0-bf47ff181d6f,HOME,59.715952341215406,3.6,182.0,111.0,L,0.25,20.75,8.0,PASS,PASS,605447,"Romano, Jordan",SB,2B,1.189,high,
becc4a17-f01a-366c-8802-faeed7bc5265,HOME,59.75789189175096,3.5,193.0,130.0,L,0.26,18.03,9.0,PASS,PASS,678495,"Rodríguez, Randy",SB,3B,1.054,high,
00279be1-38d9-3064-8ff7-7b1010138619,HOME,59.71049958061471,3.5,175.0,111.0,R,0.12,26.6,9.0,PASS,PASS,690986,"Harrison, Kyle",SB,2B,1.072,high,
e6ba628b-ae28-36a7-994e-7406e0b8cf6d,HOME,59.74012806661238,3.5,175.0,105.0,R,0.16,16.57,8.0,PASS,PASS,607536,"Freeland, Kyle",SB,2B,1.172,high,
d154abf6-53ad-3bc1-861d-06e1b4c06012,HOME,59.750937170984244,5.0,179.0,119.0,L,0.14,20.8,9.0,PASS,PASS,666974,"Cano, Yennier",SB,2B,1.004,high,
03e0ea9e-56d4-39ab-bf71-77eba7c4632c,AWAY,59.76762758585156,8.600000000000001,248.0,,,,,9.0,not_cf_view,no_release,677958,"Rocker, Kumar",SB,2B,,not measured,not_cf_view
8d1aeafb-78ab-3297-afa7-929618bd9d67,AWAY,59.71224385343014,9.1,176.0,120.0,L,0.22,9.95,7.0,PASS,cut_in_window,682990,"Priester, Quinn",SB,2B,0.938,high,
40fcb2f4-5ef5-3b7c-a24e-8cdde10b10d3,AWAY,59.749279920334295,6.2,,,,,,,no_release,no_release,657376,"Schmidt, Clarke",SB,3B,,not measured,no_release
f0389d17-bc80-3e5f-bf2f-04e1bfe7981f,HOME,59.83579617195313,3.6,175.0,117.0,R,0.1,18.96,7.0,PASS,PASS,519242,"Sale, Chris",CS,2B,0.969,high,
c839e3a0-a72f-3df9-aacf-1adeec5bf44d,HOME,59.83223161324763,3.5,176.0,116.0,R,0.19,14.58,7.0,PASS,PASS,650893,"Cabrera, Génesis",SB,3B,1.003,high,
42b130c6-ee32-35d2-abd8-c7438f174b01,HOME,59.71010567039904,3.5,180.0,109.0,L,0.17,20.55,7.0,PASS,PASS,657097,"Webb, Jacob",SB,2B,1.189,high,
22631472-785a-3fb5-a7d8-1e600a747685,HOME,59.758291091257746,3.6,184.0,123.0,R,0.47,14.48,6.0,PASS,PASS,667463,"King, John",SB,2B,1.021,low,release_to_wrist 0.47 outside -0.32
4da3f8ec-aa63-3c4b-9d06-1b43e579ce01,AWAY,59.787927808232375,6.4,,,,,,,no_release,no_release,686752,"Pepiot, Ryan",CS,2B,,not measured,no_release
99363743-b2aa-31e0-9d60-b5f6dc17c207,HOME,59.69078548877752,3.4,181.0,123.0,R,0.13,17.94,9.0,PASS,PASS,666142,"Ragans, Cole",SB,2B,0.972,high,
8f74f3e7-b4a5-3e63-8a01-e43171d9a8e6,HOME,59.68838738604095,3.6,182.0,122.0,L,0.27,18.94,9.0,PASS,PASS,664208,"Maton, Phil",SB,2B,1.005,high,
94e87077-63d0-32e8-a90c-cb5e7ec866eb,AWAY,59.79299181141832,7.6,182.0,,,0.16,,8.0,no_set_before_lift,cut_in_window,693312,"Nicolas, Kyle",SB,3B,,not measured,no_set_before_lift
e6aeafd3-ce80-31d1-b7b6-d8c48366db41,HOME,59.71843941560728,3.5,180.0,134.0,L,0.15,2.75,9.0,PASS,PASS,571945,"Mikolas, Miles",SB,2B,0.77,low,lift_peak_in 2.75 outside 4.28-
b8304802-c780-3f95-bd6d-bf8806cbc8d3,HOME,59.69229044643107,3.7,178.0,127.0,L,0.17,3.47,9.0,PASS,PASS,689017,"Knack, Landon",SB,2B,0.854,low,lift_peak_in 3.47 outside 4.28-
fe3f765b-51dd-38b3-9512-0d2677acf23c,HOME,59.700518709424856,3.5,177.0,128.0,L,0.26,2.81,9.0,PASS,PASS,689017,"Knack, Landon",SB,2B,0.821,low,lift_peak_in 2.81 outside 4.28-
95793cec-560c-314c-b954-edcceb8b76d1,AWAY,59.675805336937934,7.2,177.0,125.0,L,0.16,4.81,9.0,PASS,no_release,679358,"Orze, Eric",SB,2B,0.871,high,
78a0c164-e66c-3669-bf24-be92f5d1630f,AWAY,59.69987953816442,7.2,192.0,119.0,L,0.94,23.17,9.0,release_not_at_hand,release_not_at_hand,686752,"Pepiot, Ryan",CS,2B,,not measured,release_not_at_hand
6e025994-0b7e-326b-a3e6-311fb571adf7,HOME,59.73022507614615,3.5,179.0,114.0,L,0.19,23.85,9.0,PASS,PASS,660896,"Alcala, Jorge",SB,2B,1.088,high,
484fc6c9-08f2-3564-952b-ab25050bf440,HOME,59.67446244739518,3.6,178.0,118.0,L,0.17,23.7,7.0,PASS,PASS,680732,"Burke, Sean",SB,2B,1.005,high,
5f54588e-2c59-34c8-90a5-eaf6aca867db,AWAY,59.732263895164934,6.9,180.0,103.0,R,0.14,28.44,9.0,PASS,cut_in_window,608331,"Fried, Max",SB,3B,1.289,high,
1870f42c-f1e9-371e-a3f1-8e84131cd949,HOME,59.69453606768966,3.5,184.0,131.0,L,0.17,9.93,9.0,PASS,PASS,694350,"Brzykcy, Zach",SB,2B,0.888,high,
322b5fb0-80cb-3737-b637-850cb376f078,HOME,59.747101401541755,3.6,178.0,121.0,L,0.11,17.95,7.0,PASS,PASS,656605,"Keller, Mitch",SB,2B,0.954,high,
cf6eeb87-c252-3fe0-ab45-782a62f0eab0,AWAY,59.787711945481284,6.4,,,,,,,no_release,no_release,621107,"Eflin, Zach",SB,2B,,not measured,no_release
c5fbf56a-5eda-34d1-8513-5fa0a7c00f6e,AWAY,59.83912105159898,7.6,186.0,114.0,L,0.76,21.12,9.0,release_not_at_hand,cut_in_window,596001,"Junis, Jakob",SB,2B,,not measured,release_not_at_hand
e59b5098-92d9-3230-873e-c29cdcb9f5ad,AWAY,59.668508287292816,7.5,185.0,,,0.58,,9.0,cut_in_window,release_not_at_hand,670970,"Morejon, Adrian",SB,2B,,not measured,cut_in_window
633aa0d9-c6a7-3310-b4d1-bd1dc9ce32ac,HOME,59.712938449574665,3.5,178.0,121.0,L,0.14,14.64,6.0,PASS,PASS,681867,"Criswell, Cooper",SB,2B,0.955,high,
0cc9e76b-1a22-3ab1-bfbc-6082a5a53075,AWAY,59.745924769750786,7.0,174.0,119.0,L,0.16,17.03,9.0,not_cf_view,release_not_at_hand,682243,"Miller, Bryce",SB,2B,,not measured,not_cf_view
0194f39c-aaff-30e4-bc2e-a0a2176c4684,HOME,59.752286201156195,3.6,178.0,123.0,R,0.1,14.69,9.0,PASS,PASS,671106,"Allen, Logan",SB,2B,0.92,high,
fe5e0b33-e628-3432-b915-23410a64e712,HOME,59.761524870500836,3.5,192.0,140.0,L,0.18,13.14,9.0,PASS,PASS,682243,"Miller, Bryce",CS,2B,0.87,high,
ec22278a-663c-39f5-a40f-cd19a291eeb4,HOME,59.858101743910616,3.7,173.0,108.0,L,0.23,18.92,7.0,PASS,PASS,605452,"Ross, Joe",CS,3B,1.086,high,
98cd9612-8144-3845-aea1-e8596f8677fd,HOME,59.746133644587104,5.1,174.0,123.0,R,0.09,14.63,9.0,PASS,PASS,685107,"Veneziano, Anthony",SB,2B,0.854,high,
2dbd323d-d2f0-3c01-a6a0-e2978d6be1d6,HOME,59.747347457071065,3.6,176.0,120.0,L,0.14,11.43,9.0,PASS,PASS,641793,"Littell, Zack",CS,2B,0.937,high,
7c3733ca-c162-3a1a-a3d0-e43a62669b4c,AWAY,59.58058876454534,6.4,,,,,,,no_release,no_release,621111,"Buehler, Walker",SB,2B,,not measured,no_release
f87f1f39-5b08-31e1-acc7-ce161711d25f,AWAY,59.68855090634264,7.0,175.0,108.0,R,0.11,25.85,6.0,camera_moved,camera_moved,680736,"Wrobleski, Justin",SB,2B,,not measured,camera_moved
33a2b771-3c16-3923-aee0-4284d6c6594c,AWAY,59.810599767403225,9.2,191.0,,,0.86,,9.0,release_not_at_hand,cut_in_window,665795,"Cabrera, Edward",SB,2B,,not measured,release_not_at_hand
c5fe6454-d71e-3951-aa0f-b81b5493d5a2,HOME,59.71519016776682,3.6,193.0,123.0,L,0.13,13.96,9.0,PASS,PASS,543294,"Hendricks, Kyle",SB,3B,1.172,high,
ef175aef-b99c-3df7-895e-e693642832e3,HOME,59.812318731886876,3.5,177.0,111.0,R,0.2,22.55,9.0,PASS,PASS,663559,"Falter, Bailey",SB,3B,1.103,high,
e179b7e9-d760-3a58-b95a-499d38ecdd6a,AWAY,59.707122254271134,7.5,181.0,,,0.17,,9.0,not_cf_view,cut_in_window,681867,"Criswell, Cooper",CS,3B,,not measured,not_cf_view
6fe2d1cd-9ef4-37ee-962a-5450c2026f9a,HOME,59.86580031717434,3.6,173.0,110.0,L,0.31,19.01,9.0,PASS,PASS,518886,"Kimbrel, Craig",CS,2B,1.052,high,
e5bbe928-e1f9-32cb-8dd4-c330b09d50f2,AWAY,,5.8,,,,,,,no_clip,cut_in_window,669373,"Skubal, Tarik",CS,2B,,not measured,no_clip
c6410528-b0b7-35b2-ae24-a686dd453519,AWAY,,4.3,,,,,,,no_clip,cut_in_window,676962,"Brown, Ben",SB,2B,,not measured,no_clip
b7f6aabe-2fad-3a16-87c5-827c8d52c44d,HOME,59.64422336800331,3.8,178.0,122.0,L,0.24,16.86,9.0,PASS,PASS,663436,"Martin, Davis",CS,2B,0.939,high,
95b3c1b5-2539-3a8d-9bbd-c8a25974194e,AWAY,59.78315160177352,7.300000000000001,170.0,121.0,L,0.18,2.35,9.0,PASS,no_set_before_lift,543294,"Hendricks, Kyle",SB,2B,0.82,low,lift_peak_in 2.35 outside 4.28-
b9d5d247-64f0-3081-a579-1196070fe858,AWAY,59.71409614572652,7.6,172.0,,,0.27,,9.0,no_set_before_lift,no_set_before_lift,686799,"Kochanowicz, Jack",SB,2B,,not measured,no_set_before_lift
ef888f1e-bda5-38f9-8e1e-6f48e05aaf1b,AWAY,59.82303826108076,7.7,178.0,126.0,L,0.25,25.87,8.0,not_cf_view,no_set_before_lift,686613,"Brown, Hunter",CS,2B,,not measured,not_cf_view
88e90c07-ae76-36b0-80f8-b193d2ed704e,HOME,59.73605133638435,3.9,175.0,120.0,R,0.16,5.22,9.0,PASS,PASS,663687,"Harris, Hogan",SB,2B,0.921,high,
7712c74f-6be4-3128-9f4f-1cf1da32e22d,HOME,59.7595459446264,3.9,173.0,108.0,L,0.19,17.76,9.0,PASS,PASS,593576,"Neris, Héctor",SB,2B,1.088,high,
b4899be2-bf6b-3009-a35d-71a4a4d1e37b,HOME,59.78085767119987,4.0,179.0,120.0,L,0.17,12.83,9.0,PASS,PASS,607200,"Fedde, Erick",SB,2B,0.987,high,
f1b463e4-ebcc-350b-9fd0-648df496f76f,AWAY,,4.0,,,,,,,no_clip,not_cf_view,660787,"De los Santos, Yerry",SB,2B,,not measured,no_clip
ad85cd1c-8c66-339e-ad16-27d4f1e464d1,HOME,59.74538106098354,3.9,175.0,108.0,L,0.13,18.23,9.0,PASS,PASS,450203,"Morton, Charlie",SB,2B,1.121,high,
cbc89382-a94b-3908-a700-e10c9427f354,AWAY,59.79577650147465,10.0,176.0,127.0,L,0.25,5.14,9.0,PASS,no_set_before_lift,594798,"deGrom, Jacob",CS,2B,0.819,high,
1ba62499-7bf1-3762-b058-ff5dfaddbbfd,HOME,59.73627301208253,5.1,199.0,149.0,L,0.15,16.73,9.0,PASS,PASS,674285,"Salazar, Eduardo",SB,2B,0.837,high,
ee0e3873-9d83-3e62-9563-7441b623a801,HOME,59.69263372584012,7.5,194.0,134.0,L,0.17,18.94,9.0,PASS,PASS,608566,"Márquez, Germán",SB,2B,1.005,high,
48b3cf19-b2a5-313b-abd5-b055093651f6,AWAY,59.78523304743728,9.899999999999999,169.0,,,0.15,,9.0,no_set_before_lift,cut_in_window,686799,"Kochanowicz, Jack",SB,2B,,not measured,no_set_before_lift
3c7dae80-6557-3b75-a236-b6e3fe84ccaa,AWAY,59.74003859688955,7.6,173.0,113.0,L,0.12,19.46,9.0,PASS,not_cf_view,608566,"Márquez, Germán",SB,2B,1.004,high,
c1d3979a-3ba4-3ef1-b1fe-15b87808b5e2,HOME,59.82772270656446,6.7,180.0,115.0,R,0.12,12.55,9.0,PASS,PASS,676979,"Crochet, Garrett",SB,3B,1.086,high,
cc842a13-a179-35f1-bbd0-a9a3e17e2ddd,HOME,59.7842149773651,8.8,177.0,120.0,L,0.17,8.25,9.0,PASS,PASS,669060,"Wilson, Bryse",SB,2B,0.953,high,
c9408848-1011-331e-8e6c-510ea360974f,HOME,59.83120041915643,6.1,178.0,115.0,L,0.16,24.39,9.0,PASS,PASS,675911,"Strider, Spencer",SB,3B,1.053,high,
e71036cb-9607-355a-be3c-ed18315207bc,AWAY,59.768118875698825,9.8,181.0,,,0.12,,9.0,no_set_before_lift,no_set_before_lift,542881,"Anderson, Tyler",SB,2B,,not measured,no_set_before_lift
947b1a10-7409-3ecf-960d-137104fbbbbd,HOME,59.806144311465715,6.0,179.0,125.0,L,0.16,20.55,9.0,PASS,PASS,592866,"Williams, Trevor",SB,2B,0.903,high,
3dd763c6-5c03-3fbd-9ba1-01af6f423d80,AWAY,59.73840268993493,11.6,195.0,,,1.03,,6.0,release_not_at_hand,cut_in_window,676534,"Faucher, Calvin",SB,2B,,not measured,release_not_at_hand
1596e755-b295-3d9e-b09a-15fb7b6ec811,AWAY,59.8341982592066,9.9,181.0,115.0,L,0.44,23.04,7.0,PASS,no_release,801403,"Dollander, Chase",SB,3B,1.103,low,release_to_wrist 0.44 outside -0.32
62e977ae-11aa-3253-9a94-345236414406,HOME,59.692693172187624,5.5,177.0,116.0,L,0.18,31.6,9.0,PASS,PASS,676440,"Bibee, Tanner",SB,2B,1.022,high,
6812dd31-a810-347f-9640-79985c3b6384,AWAY,59.73247684142496,5.9,181.0,125.0,R,0.09,17.16,9.0,PASS,not_cf_view,687888,"Walter, Brandon",SB,2B,0.938,high,
33903334-56c5-34bc-bfc8-019614b33759,HOME,59.762008003468914,5.7,180.0,117.0,R,0.13,14.79,9.0,PASS,PASS,650911,"Sánchez, Cristopher",CS,2B,1.054,high,
029b3237-1bf0-3cdd-8bf2-8b035c5b14a1,AWAY,59.68531364533175,7.8,,,,,,,not_cf_view,cut_in_window,656876,"Rasmussen, Drew",SB,2B,,not measured,not_cf_view
33c762d9-1fdc-338d-975d-bc075fa2542d,HOME,59.722217955374234,5.4,180.0,115.0,L,0.16,29.7,9.0,PASS,PASS,676440,"Bibee, Tanner",SB,2B,1.088,high,
410439f6-be4e-3093-a7ea-414cda15b4e2,AWAY,59.69200871494051,11.1,,,,,,,no_release,release_not_at_hand,676534,"Faucher, Calvin",SB,3B,,not measured,no_release
6238551a-f4e2-3aa0-823b-5129b59ca384,HOME,59.72171126598338,6.0,176.0,109.0,R,0.09,20.78,9.0,PASS,PASS,687888,"Walter, Brandon",SB,2B,1.122,high,
296bd4bd-2d52-3f3d-861e-0c8b072d457d,AWAY,59.84526211901509,9.1,185.0,129.0,L,0.7,11.22,9.0,release_not_at_hand,release_not_at_hand,689147,"Kerkering, Orion",SB,2B,,not measured,release_not_at_hand
3023f350-b877-355e-acae-701ca709fb25,AWAY,59.700425410216994,9.1,182.0,125.0,L,0.21,17.31,9.0,not_cf_view,not_cf_view,656876,"Rasmussen, Drew",CS,2B,,not measured,not_cf_view
17af7e6a-8d89-3486-8923-ad36fa7d5090,AWAY,59.86871419082656,10.1,178.0,117.0,R,0.16,21.02,9.0,PASS,cut_in_window,656641,"Latz, Jacob",CS,2B,1.019,high,
f38c8034-5350-3d0c-9906-3aa9dcefc100,AWAY,59.68746234681064,9.2,182.0,,,0.54,,9.0,no_set_before_lift,no_set_before_lift,519242,"Sale, Chris",CS,2B,,not measured,no_set_before_lift
82d24cdc-3d23-33e1-9ac7-c3e28e9c35e8,AWAY,59.72779030461561,9.1,177.0,127.0,L,0.24,7.74,6.0,PASS,not_cf_view,621053,"Ferguson, Tyler",SB,2B,0.837,high,
f1d451ef-a58a-30e2-a3aa-0b0ae38dfcfd,AWAY,59.77909384300758,6.5,,,,,,,not_cf_view,cut_in_window,692285,"Guerrero, Luis",SB,3B,,not measured,not_cf_view
28fcc6d8-07dd-3764-8698-a7d1dc476f10,HOME,59.67081599840878,5.4,200.0,136.0,L,0.14,27.27,9.0,PASS,PASS,670036,"Festa, Matt",SB,2B,1.073,high,
1e229af3-307f-329c-8812-642e44831372,AWAY,59.77700619641659,9.100000000000001,185.0,126.0,L,0.11,20.1,9.0,PASS,cut_in_window,692285,"Guerrero, Luis",SB,2B,0.987,high,
57750e5b-5d23-3cb3-a177-8b74c0f4cd88,HOME,59.78034662095763,5.0,177.0,118.0,L,0.26,19.63,9.0,PASS,PASS,681347,"Burrows, Mike",CS,2B,0.987,high,
dd2edf75-ce6e-36db-89e7-e12a66ff16dd,HOME,59.683204031197725,5.4,174.0,105.0,R,0.1,20.82,9.0,PASS,PASS,605488,"Springs, Jeffrey",SB,3B,1.156,high,
f17df9e2-50fe-3b69-ae3e-95058dff1535,HOME,59.68288633655571,5.2,181.0,124.0,R,0.11,26.46,7.0,PASS,PASS,657514,"Bernardino, Brennan",SB,2B,0.955,high,
f09a0fe7-d935-3fd7-b5cd-acd6be4541a8,HOME,59.6704645771885,5.1,181.0,124.0,L,0.17,8.73,9.0,PASS,PASS,669160,"May, Dustin",SB,2B,0.955,high,
259f5af3-bc40-3759-8652-8d2eac1f74cc,HOME,59.67701126359964,5.0,184.0,128.0,L,0.15,12.69,9.0,PASS,PASS,655889,"Rodríguez, Manuel",SB,2B,0.938,high,
31f6f139-f741-35ca-9e96-0a4e87238b2b,AWAY,59.7215546320361,8.399999999999999,150.0,112.0,L,0.34,7.73,9.0,PASS,no_release,664126,"Fairbanks, Pete",SB,2B,0.636,low,release_to_wrist 0.34 outside -0.32; delivery_s 0.636 outside 0.7-1.31
e7c11293-79c8-3cfc-b789-9ce6b76a8af6,HOME,59.68056876783658,4.9,196.0,137.0,R,0.16,20.88,9.0,PASS,PASS,489119,"Miley, Wade",SB,3B,0.989,high,
deb46dc9-2639-3f96-a46b-985175321d08,HOME,59.778315709007515,5.2,196.0,147.0,R,0.11,13.42,9.0,PASS,PASS,489119,"Miley, Wade",SB,2B,0.82,high,
bd7b1692-f5f7-3482-8f5f-9aceba6efd3e,HOME,59.8072876287518,4.9,182.0,119.0,L,0.14,21.44,6.0,PASS,PASS,686752,"Pepiot, Ryan",SB,2B,1.053,high,
0c936db0-f344-3939-934d-bd9b46e23cda,HOME,59.76734631856783,5.0,173.0,123.0,L,0.13,6.96,9.0,PASS,PASS,621053,"Ferguson, Tyler",SB,2B,0.837,high,
e5ebe787-8a16-3df2-a6ff-121d75ada981,AWAY,59.84253114978469,8.899999999999999,175.0,111.0,L,0.16,23.2,9.0,PASS,cut_in_window,694297,"Pfaadt, Brandon",SB,2B,1.069,high,
d737c480-638d-3ae5-86c9-81c3982378d8,HOME,59.78646479665535,5.2,176.0,123.0,L,0.15,9.65,9.0,PASS,PASS,702352,"Bivens, Spencer",SB,2B,0.886,high,
df3ac8a2-7201-3035-8729-9a92f6af8b34,AWAY,59.74731863162044,9.399999999999999,187.0,,,0.63,,8.0,cut_in_window,release_not_at_hand,681343,"Smith, Shane",SB,2B,,not measured,cut_in_window
73299253-375d-3b4c-a896-d80f8483b1ff,HOME,59.66861211747878,5.1,179.0,125.0,L,0.23,5.03,8.0,PASS,PASS,672391,"Ort, Kaleb",CS,3B,0.905,high,
a190d23a-f178-3400-adf3-90a678c936f7,AWAY,59.75696289531713,6.0,183.0,,,0.7,,7.0,cut_in_window,not_cf_view,608337,"Giolito, Lucas",SB,2B,,not measured,cut_in_window
158914a6-a9f1-35d0-8b9a-36cfefc48917,AWAY,59.707946116599,13.2,254.0,,,1.27,,9.0,not_cf_view,cut_in_window,608337,"Giolito, Lucas",SB,2B,,not measured,not_cf_view
6958a036-d491-3132-bdb7-f6e041d1275a,HOME,59.65168662152133,5.2,180.0,123.0,L,0.17,9.95,9.0,PASS,PASS,680573,"Woods Richardson, Simeon",SB,2B,0.956,high,
28c27767-48da-3d02-bc07-c43b5fbc0d84,AWAY,59.70419572025162,13.1,247.0,,,2.12,,9.0,not_cf_view,no_set_before_lift,623437,"Topa, Justin",SB,2B,,not measured,not_cf_view
af2083da-90be-3f7a-b377-e9f0723495b6,HOME,59.76312831667887,5.2,178.0,116.0,R,0.21,16.51,9.0,PASS,PASS,669022,"Gore, MacKenzie",SB,2B,1.037,high,
2bce3bfc-7a06-3e17-9878-f66373b54e85,HOME,59.79340200882971,5.1,179.0,117.0,L,0.17,17.25,9.0,PASS,PASS,672578,"Hernández, Carlos",SB,3B,1.037,high,
ecd52c4f-6a1a-34b3-95fa-04e3ef72098a,HOME,59.73591496180187,5.1,178.0,119.0,R,0.1,17.07,9.0,PASS,PASS,676428,"Hurter, Brant",SB,2B,0.988,high,
be065032-be36-3cb3-889b-6b9a03012342,AWAY,59.78960590359554,9.1,184.0,110.0,L,1.06,17.37,9.0,release_not_at_hand,release_not_at_hand,663423,"Thornton, Trent",SB,2B,,not measured,release_not_at_hand
6be33fa4-79e9-3444-9173-35ff8cbf165a,HOME,59.73819995877715,5.3,182.0,118.0,L,0.12,27.65,9.0,PASS,PASS,656605,"Keller, Mitch",SB,2B,1.071,high,
fcb6e0af-3e66-3914-9afe-1ebc52349c5f,AWAY,59.72090030430178,9.0,180.0,,,0.09,,9.0,cut_in_window,no_set_before_lift,671096,"Abbott, Andrew",SB,3B,,not measured,cut_in_window
5741fd78-39bd-3653-8aef-86b87e3f3f72,HOME,59.79071414851147,5.0,173.0,122.0,L,0.25,5.25,9.0,PASS,PASS,687765,"Spence, Mitch",CS,2B,0.853,high,
b3846d0b-562b-33a2-869a-853c31118703,HOME,59.757977778456585,5.1,180.0,119.0,L,0.26,18.75,9.0,PASS,PASS,664199,"Clarke, Taylor",SB,3B,1.021,high,
a8239d9b-dc0b-375a-a015-3d7e5c55822a,HOME,59.783505376498354,5.0,169.0,109.0,L,0.16,15.24,9.0,PASS,PASS,663423,"Thornton, Trent",SB,2B,1.004,high,
ea118ea4-808c-3cb1-adf1-31a253d104df,HOME,59.67901557586355,7.2,175.0,119.0,L,0.13,8.79,9.0,PASS,PASS,642152,"Trivino, Lou",SB,2B,0.938,high,
376ff4a0-7478-37ea-a360-3982fe4c8f00,AWAY,59.6438940982202,8.899999999999999,187.0,123.0,L,0.96,15.66,9.0,release_not_at_hand,release_not_at_hand,607067,"Rea, Colin",SB,2B,,not measured,release_not_at_hand
6e2f824c-79e2-3bb3-88ba-c6df38336d93,HOME,59.699207837434464,5.1,179.0,123.0,R,0.16,15.89,9.0,PASS,PASS,663460,"Bubic, Kris",SB,3B,0.938,high,
b415c95d-6822-3bae-ae4b-09dd08d43484,HOME,59.720034275408146,5.0,176.0,116.0,L,0.33,16.9,6.0,PASS,PASS,663554,"Mize, Casey",SB,2B,1.005,low,release_to_wrist 0.33 outside -0.32
26647807-7731-3b05-ad05-25dc3d0efe39,HOME,59.78306787359319,7.2,181.0,124.0,L,0.17,18.9,9.0,PASS,PASS,689225,"Brieske, Beau",SB,2B,0.953,high,
d49c5fbe-f13e-3e40-9c76-864c14161443,AWAY,59.63417689802055,9.1,179.0,120.0,R,0.07,21.33,6.0,PASS,no_set_before_lift,666157,"Lodolo, Nick",SB,3B,0.989,high,
3f7fb912-aa24-3c91-8d65-b60cbd1c7a60,AWAY,59.71469645029305,11.2,178.0,111.0,L,0.22,25.92,8.0,PASS,release_not_at_hand,592779,"Stewart, Brock",SB,2B,1.122,high,
64c98eb0-0135-3188-9ef9-cfb9da0e4c32,HOME,59.65637925548839,5.0,171.0,114.0,L,0.11,15.26,8.0,PASS,PASS,663941,"Beck, Tristan",SB,2B,0.955,high,
338544c2-7e17-339b-ba35-9e89cede4255,HOME,59.80494842101103,7.1,180.0,129.0,L,0.12,17.76,6.0,PASS,PASS,669711,"Weissert, Greg",CS,3B,0.853,high,
3b3f574e-6007-397e-9270-34e5425633b6,AWAY,59.75877112800165,8.0,,,,,,,no_release,no_release,683004,"Leiter, Jack",CS,2B,,not measured,no_release
628fd524-02af-36dc-bea1-e3da16a3febb,HOME,59.71238215924582,5.1,189.0,116.0,R,0.3,21.21,8.0,PASS,PASS,666157,"Lodolo, Nick",CS,2B,1.223,high,
c7070ded-af5e-364a-b875-227c12ecc83e,HOME,59.79765565069237,5.0,181.0,119.0,L,0.14,27.57,6.0,PASS,PASS,621111,"Buehler, Walker",CS,2B,1.037,high,
59210930-ff1f-3d1d-adea-f846fcfd008f,HOME,59.65530082541243,4.9,179.0,104.0,R,0.14,24.25,9.0,PASS,PASS,593958,"Rodriguez, Eduardo",CS,2B,1.257,high,
e72123a6-7f2a-3642-8b69-d1d282aee242,HOME,59.6979368477107,4.9,181.0,133.0,L,0.21,13.61,8.0,PASS,PASS,615698,"Quantrill, Cal",SB,2B,0.804,high,
b737f887-1772-3ac3-bd10-acc91a268238,HOME,59.69475529065496,4.9,181.0,119.0,R,0.12,21.02,9.0,PASS,PASS,519141,"Pomeranz, Drew",CS,2B,1.039,high,
93d3eee3-23eb-3efb-bbb3-7ab2fcdc172d,HOME,59.85483320719795,5.0,193.0,137.0,L,0.14,16.35,9.0,PASS,PASS,676617,"O'Brien, Riley",CS,2B,0.936,high,
a373f372-8831-38ad-9ea5-db4baf68601d,HOME,59.7460537391072,4.8,174.0,117.0,L,0.28,13.32,7.0,PASS,PASS,694350,"Brzykcy, Zach",SB,2B,0.954,high,
7391d322-a1bd-3997-b32f-a85acc7e4df6,AWAY,59.77439317575678,8.1,,,,,,,no_release,no_release,669461,"Liberatore, Matthew",SB,2B,,not measured,no_release
e2dff15d-2f75-39e0-b0c1-5952556bbd1f,HOME,59.70568917455457,5.1,198.0,138.0,L,0.13,20.64,8.0,PASS,PASS,605513,"Turnbull, Spencer",SB,2B,1.005,high,
0812cd2d-959a-3dee-a204-b7729e1734fa,HOME,59.76706917295431,5.0,179.0,112.0,L,0.14,20.01,9.0,PASS,PASS,641793,"Littell, Zack",SB,2B,1.121,high,
9df3f9e2-8dec-368c-81f6-881ac622200c,HOME,59.770002685743584,6.9,179.0,115.0,L,0.17,39.71,9.0,PASS,PASS,615698,"Quantrill, Cal",SB,3B,1.071,high,
62eb6066-6793-3145-9ad1-085b5b2c4375,AWAY,59.696822119336346,10.3,261.0,,,2.23,,9.0,not_cf_view,no_release,592426,"Jackson, Luke",SB,2B,,not measured,not_cf_view
a28526ed-b0f6-3abb-b347-59d5fa7bea43,HOME,59.65307982999965,4.7,179.0,118.0,L,0.16,22.42,7.0,PASS,PASS,680732,"Burke, Sean",SB,3B,1.023,high,
2155a74d-4a68-37f8-83ed-819343cb9a80,AWAY,59.65800447981352,10.1,178.0,122.0,L,0.2,19.65,9.0,PASS,cut_in_window,676962,"Brown, Ben",SB,3B,0.939,high,
31bb4232-acf7-3135-91b5-63e90a2188e5,HOME,59.73272331871415,5.0,180.0,124.0,L,0.14,3.94,9.0,PASS,PASS,552640,"Kittredge, Andrew",SB,2B,0.938,low,lift_peak_in 3.94 outside 4.28-
48f47a9c-ed1d-348e-b83d-739d0f8bc37a,HOME,59.669101681674185,4.9,181.0,121.0,L,0.24,18.15,9.0,PASS,PASS,647336,"Soroka, Michael",SB,2B,1.006,high,
31bdb91c-ec18-32d7-9fc9-210861600952,HOME,59.79644634361113,5.0,177.0,120.0,L,0.19,15.21,9.0,PASS,PASS,592791,"Taillon, Jameson",CS,2B,0.953,high,
1066a177-9f0c-320a-86b0-bccfaaf8013b,HOME,59.82557185589694,4.7,186.0,117.0,L,0.58,19.4,9.0,PASS,PASS,663436,"Martin, Davis",SB,3B,1.153,low,release_to_wrist 0.58 outside -0.32
51335a0c-dfc8-32a8-a37e-1eeb984c3efd,HOME,59.83555906179268,6.4,177.0,109.0,R,0.14,24.42,6.0,PASS,PASS,664285,"Valdez, Framber",SB,3B,1.136,high,
23186d3e-be98-3795-80f9-8a8ebca72cf8,HOME,59.70195924274776,4.9,185.0,127.0,L,0.18,11.65,9.0,PASS,PASS,694350,"Brzykcy, Zach",CS,3B,0.971,high,
ca563fea-ff8b-32bf-8f4f-5960df534ada,HOME,59.73932892114373,4.8,175.0,117.0,L,0.16,10.13,9.0,PASS,PASS,607200,"Fedde, Erick",SB,2B,0.971,high,
43208b8f-7847-3451-851f-b0aaaeb3749a,AWAY,,2.9,,,,,,,no_clip,no_release,666974,"Cano, Yennier",SB,2B,,not measured,no_clip
b8ad127a-37fa-35f7-97c1-6301f1694be3,HOME,59.758223241595594,4.7,180.0,119.0,R,0.09,25.62,8.0,PASS,PASS,642232,"Yarbrough, Ryan",SB,2B,1.021,high,
1dd05e91-e26d-3a5f-913a-0b3075daa045,HOME,59.748865087694895,4.8,178.0,118.0,R,0.21,7.0,9.0,PASS,PASS,676979,"Crochet, Garrett",SB,2B,1.004,high,
6b9f683d-0200-3a55-8d15-0426fc00d996,HOME,59.71305206497957,4.8,186.0,128.0,L,0.57,12.7,9.0,PASS,PASS,622663,"Severino, Luis",SB,2B,0.971,low,release_to_wrist 0.57 outside -0.32
419faf04-795e-324d-b81d-7d88489ff58e,HOME,59.81210420650665,6.7,178.0,126.0,L,0.16,11.61,8.0,PASS,PASS,605280,"Holmes, Clay",CS,2B,0.869,high,
ae971dde-0547-37a4-8dc4-e4c55e955e84,AWAY,59.77729657019118,8.0,,,,,,,no_release,no_release,690990,"Horton, Cade",SB,2B,,not measured,no_release
d7e91ad8-f8e1-3043-af41-4f044dd84ab0,AWAY,59.84007885984774,8.4,178.0,111.0,L,0.12,43.15,8.0,PASS,no_set_before_lift,608566,"Márquez, Germán",SB,2B,1.12,high,
23371f72-b21a-3aad-8fd0-e52c4414beff,HOME,59.805970194917045,4.7,177.0,112.0,L,0.22,17.95,9.0,PASS,PASS,518489,"Brasier, Ryan",CS,2B,1.087,high,
4430156c-579e-3a59-a0d8-75ed2cf29f02,HOME,59.750982553373326,4.6,177.0,110.0,L,0.23,28.74,9.0,PASS,PASS,676477,"Whitlock, Garrett",CS,3B,1.121,high,
2599f2e8-0c24-3fc3-9547-3b70d5f46c6e,AWAY,59.81186325715447,8.6,176.0,117.0,R,0.15,9.35,9.0,PASS,cut_in_window,571927,"Matz, Steven",CS,2B,0.986,high,
dcdb6d0e-46a5-368c-a700-3410c007fa2d,HOME,59.66857696659412,4.7,183.0,120.0,L,0.12,13.78,9.0,PASS,PASS,608379,"Wacha, Michael",SB,3B,1.056,high,
07d70af4-a9d9-3ebc-a036-32519cb51c67,HOME,59.74659589328641,4.6,178.0,120.0,L,0.13,19.96,9.0,PASS,PASS,656730,"Megill, Trevor",SB,2B,0.971,high,
ea74543d-feaa-30fb-9725-2d45dd2c7cc8,HOME,59.777583201721725,6.8,178.0,115.0,L,0.24,25.85,5.0,PASS,PASS,640448,"Finnegan, Kyle",CS,2B,1.054,high,
0d187293-42c8-3532-894b-d9d6384730e3,HOME,59.83387232920841,4.9,181.0,126.0,L,0.22,15.5,9.0,PASS,PASS,668820,"Kranick, Max",SB,2B,0.919,high,
b4b2892b-ad25-319c-8e67-0d7ea6481e5e,AWAY,,5.5,,,,,,,no_clip,cut_in_window,450203,"Morton, Charlie",SB,2B,,not measured,no_clip
f8fca22b-7fbd-311d-8f40-84df30aa7b48,HOME,59.731731172278884,5.1,178.0,110.0,R,0.11,27.38,9.0,PASS,PASS,519141,"Pomeranz, Drew",SB,3B,1.138,high,
afa5da7f-0acb-31c1-946d-60b58f667503,HOME,59.83358412685195,4.9,177.0,123.0,L,0.18,10.73,9.0,PASS,PASS,547179,"Lorenzen, Michael",SB,2B,0.903,high,
f8c7abf6-3327-3d20-9cd7-d9f3cfe271a2,AWAY,59.665236465552105,8.7,195.0,119.0,L,0.98,17.1,9.0,release_not_at_hand,release_not_at_hand,657746,"Ryan, Joe",SB,2B,,not measured,release_not_at_hand
f5c4ca75-0992-3ad9-9323-3b78a89421f3,HOME,59.73410774422876,5.0,177.0,117.0,L,0.13,23.86,9.0,PASS,PASS,669923,"Kirby, George",SB,2B,1.004,high,
b538816b-e5ec-3736-8721-a08890da7d93,HOME,59.83648321042678,4.9,178.0,115.0,L,0.2,18.31,9.0,PASS,PASS,547179,"Lorenzen, Michael",SB,2B,1.053,high,
8001ba33-4c9c-387b-8614-295965a1a300,AWAY,59.68383872535324,10.8,,,,,,,no_release,no_set_before_lift,681347,"Burrows, Mike",SB,2B,,not measured,no_release
870eab0e-9383-37be-9876-a3bcd498318a,AWAY,59.641682129325,8.6,,,,,,,no_release,no_release,681347,"Burrows, Mike",SB,2B,,not measured,no_release
5fd9fd7f-e86d-3c3e-ae86-5624d543a17f,HOME,59.80295433351804,5.2,178.0,120.0,L,0.19,4.24,9.0,PASS,PASS,669467,"Pallante, Andre",SB,2B,0.97,low,lift_peak_in 4.24 outside 4.28-
e020b6bf-6bdb-3a2a-a187-47daa3b6704e,HOME,59.73832140191928,5.0,181.0,110.0,R,0.1,24.79,9.0,PASS,PASS,458677,"Wilson, Justin",CS,3B,1.189,high,
44132713-37a6-3f68-859f-b66b4a632831,HOME,59.79942276946077,5.1,177.0,118.0,R,0.1,22.55,9.0,PASS,PASS,620454,"Castillo, José",CS,2B,0.987,high,
030000a6-fdab-3a76-8375-5366e0c21637,HOME,59.81639868948888,5.0,177.0,119.0,L,0.19,21.51,9.0,PASS,PASS,686613,"Brown, Hunter",SB,2B,0.97,high,
1045f4ec-0acd-38a5-ab27-78f6fa494639,HOME,59.72874702361799,5.1,175.0,117.0,R,0.1,20.05,9.0,PASS,PASS,620454,"Castillo, José",CS,3B,0.971,high,
6d79dcf1-1ee8-315f-bde0-7965e8371f46,AWAY,59.701563257004565,11.0,179.0,110.0,L,0.28,34.11,9.0,PASS,cut_in_window,661403,"Clase, Emmanuel",SB,2B,1.156,high,
70d645b0-0df5-3a6d-a9aa-f7b47628778a,HOME,59.806019247264196,5.1,178.0,119.0,R,0.14,14.65,9.0,PASS,PASS,542881,"Anderson, Tyler",SB,2B,0.987,high,
97aa47d5-a58f-3f3d-859d-c76de88b3ceb,HOME,59.778558657802726,5.1,182.0,123.0,L,0.16,14.6,9.0,PASS,PASS,650556,"Abreu, Bryan",SB,2B,0.987,high,
b2959fad-3a02-3aa9-a669-098da3be7522,HOME,59.80629279943099,5.7,180.0,122.0,L,0.19,21.41,7.0,PASS,PASS,641329,"Baker, Bryan",CS,2B,0.97,high,
a6cd1b8b-e95d-3594-b18b-66c196495f88,AWAY,,5.3,,,,,,,no_clip,release_not_at_hand,686701,"Bergert, Ryan",SB,2B,,not measured,no_clip
06711776-ec0d-33ba-9cec-ef78f1adf023,AWAY,59.723187764646404,8.2,,,,,,,no_release,no_release,676440,"Bibee, Tanner",SB,2B,,not measured,no_release
bdb21fc1-7117-364e-8825-9aede27e755d,HOME,59.707889771483146,5.2,177.0,122.0,L,0.12,13.72,8.0,PASS,PASS,656605,"Keller, Mitch",SB,2B,0.921,high,
575cb0da-355e-3666-b227-cf21eb7c8c3f,HOME,59.77040348199937,5.3,177.0,126.0,L,0.14,4.58,9.0,PASS,PASS,621053,"Ferguson, Tyler",SB,2B,0.853,high,
96f831a8-36aa-3298-b9ae-bc920780df48,HOME,59.65738848833355,5.3,175.0,121.0,L,0.14,6.95,7.0,PASS,PASS,669358,"Baz, Shane",SB,2B,0.905,high,
5356f518-e2de-366a-86a9-d0fde565aae7,AWAY,59.69645753152071,12.5,182.0,114.0,L,0.73,20.55,6.0,release_not_at_hand,release_not_at_hand,661395,"Duran, Jhoan",SB,2B,,not measured,release_not_at_hand
e7ea8825-ce46-39fc-ac7c-9ec16defcedd,AWAY,59.7468419070477,8.2,,,,,,,no_release,no_release,682847,"Ortiz, Luis",SB,2B,,not measured,no_release
7927e084-4b82-3fa3-8b17-2a608ad80f17,HOME,59.82606635700202,4.9,177.0,115.0,L,0.13,15.85,9.0,PASS,PASS,605463,"Scott, Tayler",SB,3B,1.036,high,
1ebe1ee0-9e51-3c4b-9646-179423cf11b5,HOME,59.82001031272053,5.3,174.0,112.0,R,0.24,20.95,8.0,PASS,PASS,702070,"Cameron, Noah",CS,3B,1.036,high,
0a107c04-e368-3aec-a806-12646669f3ad,HOME,59.66748221006773,5.1,178.0,125.0,R,0.14,8.96,9.0,PASS,PASS,669022,"Gore, MacKenzie",SB,2B,0.888,high,
7da71d25-96c9-3259-bc0d-4120269a5eec,HOME,59.76750440785345,5.1,201.0,150.0,L,0.15,5.24,6.0,PASS,PASS,677958,"Rocker, Kumar",SB,2B,0.853,high,
b3b685a6-4f64-3dce-84e6-d976f2ebbadc,HOME,59.81159348053631,6.7,181.0,115.0,L,0.17,21.61,9.0,PASS,PASS,682847,"Ortiz, Luis",SB,2B,1.103,high,
86e635f7-9715-32ec-ac9a-3f87e98f5a2d,AWAY,59.73743425635632,9.2,180.0,114.0,R,0.13,21.95,9.0,PASS,cut_in_window,579328,"Kikuchi, Yusei",CS,2B,1.105,high,
20db86c2-f2d6-3631-a675-a2e95e34baaf,HOME,59.76037071023404,4.8,176.0,117.0,L,0.17,13.09,9.0,PASS,PASS,663623,"Irvin, Jake",SB,2B,0.987,high,
afa662d6-4fdb-348f-8456-fa5b22035831,HOME,59.69794932307413,4.9,180.0,118.0,R,0.11,18.34,7.0,PASS,PASS,687223,"Palmquist, Carson",SB,3B,1.039,high,
327247f0-2c23-39b5-b648-2feec82fbaea,AWAY,59.74914067530677,10.7,,,,,,,no_release,cut_in_window,445276,"Jansen, Kenley",SB,2B,,not measured,no_release
0cd93d7e-0a58-35a8-837c-b784c0eaf4c9,HOME,59.7226489605962,4.6,176.0,107.0,R,0.13,27.07,9.0,PASS,PASS,458677,"Wilson, Justin",SB,2B,1.155,high,
ee2b7f09-833e-3d5e-8098-bf3e25fbe265,HOME,59.76059461110994,4.9,178.0,117.0,R,0.11,18.05,9.0,PASS,PASS,687223,"Palmquist, Carson",SB,2B,1.021,high,
ffb8fca3-aebb-3a82-82eb-02999de5095c,HOME,59.79517919960732,5.3,180.0,119.0,L,0.19,17.22,8.0,PASS,PASS,701581,"Festa, David",SB,2B,1.02,high,
bce239b4-7233-3eb8-8a84-6d73880805b2,HOME,59.72933795360754,5.2,173.0,100.0,R,0.12,33.73,9.0,PASS,PASS,607455,"Banda, Anthony",SB,2B,1.222,high,
301528f5-9b17-3df1-9f72-f992d3cb5204,HOME,59.82186378340054,5.1,187.0,113.0,L,0.08,22.76,9.0,PASS,PASS,677161,"Kelly, Zack",SB,3B,1.237,high,
8c03813b-a1f6-3c25-940f-c7b1e01874a0,HOME,59.68686340412615,5.2,180.0,128.0,L,0.19,16.81,9.0,PASS,PASS,622608,"Senzatela, Antonio",SB,2B,0.871,high,
a0604af5-79bf-3369-b403-79a0e3b79e0e,AWAY,59.71216667707824,8.1,,,,,,,no_release,no_release,642121,"Sulser, Cole",SB,2B,,not measured,no_release
575182e6-5680-3249-95ca-6d89d6797c7e,HOME,59.78921273358426,5.2,184.0,131.0,L,0.19,18.12,9.0,PASS,PASS,687330,"Kelly, Kevin",CS,3B,0.886,high,
50ce58ba-691d-3c2c-8ac8-f1de2c75d96a,AWAY,59.74185865802831,9.0,179.0,111.0,R,0.2,19.36,8.0,PASS,cut_in_window,666200,"Luzardo, Jesús",SB,2B,1.138,high,
d310eb9a-d4dd-3664-bc69-47fe5b83402f,AWAY,59.799093953121925,9.8,178.0,108.0,R,0.2,21.26,6.0,PASS,cut_in_window,666200,"Luzardo, Jesús",SB,2B,1.171,high,
ad25e9c1-e069-329b-a8e3-3702b7fb34f5,AWAY,59.83537068941942,9.3,179.0,126.0,R,0.21,11.54,9.0,PASS,no_set_before_lift,650893,"Cabrera, Génesis",SB,2B,0.886,high,
c13b769a-e6d7-31a8-a7d0-fbfaec7e8890,AWAY,59.69031519129535,11.4,,,,,,,no_release,not_cf_view,647336,"Soroka, Michael",CS,2B,,not measured,no_release
eb0ab63e-0f6c-3d70-8872-88135cb2f64e,AWAY,59.81306615229031,9.0,175.0,,,0.25,,7.0,no_set_before_lift,no_set_before_lift,543294,"Hendricks, Kyle",SB,2B,,not measured,no_set_before_lift
5407e61c-b449-321f-89ad-ea6d7401b184,HOME,59.78727273547062,7.4,179.0,126.0,L,0.15,14.2,6.0,PASS,PASS,663574,"Santillan, Tony",CS,2B,0.886,high,
51c51014-056e-318b-8e17-c67239500c00,HOME,59.649754944183556,7.8,180.0,117.0,L,0.16,14.0,9.0,PASS,PASS,669371,"Henry, Cole",SB,2B,1.056,high,
4d4f668f-3896-3c45-b30f-d9921c556127,AWAY,59.82165843611768,6.7,,,,,,,no_release,no_release,674370,"Bido, Osvaldo",CS,3B,,not measured,no_release
9fb220c7-e7c0-3d39-8d7b-71a44b76843e,HOME,59.83177558887537,5.3,182.0,127.0,R,0.24,12.76,9.0,PASS,PASS,650893,"Cabrera, Génesis",CS,2B,0.919,high,
dd4b49d1-e854-3e59-9076-0059415261b8,HOME,59.715578286031025,5.4,178.0,123.0,L,0.19,11.91,7.0,PASS,PASS,669199,"Bachar, Lake",SB,2B,0.921,high,
bac183d4-681d-3602-bc57-1d452cd9e330,AWAY,59.704041352766154,9.3,178.0,,,0.17,,9.0,cut_in_window,not_cf_view,434378,"Verlander, Justin",CS,2B,,not measured,cut_in_window
48cafd2e-750e-3759-b65d-796bf293886d,HOME,59.82332250355771,5.8,177.0,124.0,L,0.25,29.91,5.0,PASS,PASS,656240,"Blewett, Scott",SB,2B,0.886,high,
e53393bf-148b-3c6c-a2ff-238b785fc657,AWAY,59.75801340345872,10.2,178.0,,,0.14,,8.0,cut_in_window,cut_in_window,622491,"Castillo, Luis",SB,2B,,not measured,cut_in_window
67259e82-f0e1-3295-8779-45665c785d0e,HOME,59.90822129555988,5.9,182.0,123.0,L,0.54,18.74,8.0,PASS,PASS,686799,"Kochanowicz, Jack",CS,2B,0.985,low,release_to_wrist 0.54 outside -0.32
615a5fa5-f8a4-308e-b1b2-384598d7226e,AWAY,59.7748319339075,11.8,179.0,138.0,R,0.16,10.81,6.0,cut_in_window,cut_in_window,593958,"Rodriguez, Eduardo",CS,2B,,not measured,cut_in_window
7e400f08-551e-3a0b-99f0-a76a81b7c2da,HOME,59.693966207491044,4.5,175.0,107.0,R,0.19,25.97,9.0,PASS,PASS,664285,"Valdez, Framber",CS,2B,1.139,high,
af914031-d26a-3b5b-b913-b403f2e6e781,HOME,59.730474358040176,4.6,176.0,118.0,L,0.24,15.57,9.0,PASS,PASS,608566,"Márquez, Germán",SB,2B,0.971,high,
1acef10e-8b56-3c0c-b13a-131891742dc4,AWAY,59.65846318957082,8.0,,,,,,,no_release,no_release,622554,"Domínguez, Seranthony",CS,2B,,not measured,no_release
eb4f50a4-bbf1-3512-8e5a-93507fa4601a,HOME,59.65315591203886,5.7,183.0,127.0,R,0.13,21.6,8.0,PASS,PASS,571578,"Corbin, Patrick",SB,2B,0.939,high,
a06136e7-8578-37b8-ad47-7f14d429e7f7,HOME,59.718247917528636,4.9,176.0,118.0,L,0.36,14.78,9.0,PASS,PASS,608566,"Márquez, Germán",CS,2B,0.971,low,release_to_wrist 0.36 outside -0.32
deb41608-0d0d-3234-8936-8b867baa057a,AWAY,59.671878884887946,11.5,182.0,,,0.14,,8.0,no_set_before_lift,no_set_before_lift,664076,"Cleavinger, Garrett",SB,2B,,not measured,no_set_before_lift
374431c9-e96d-3fb9-ba46-73b4857259d1,HOME,59.76521479690242,5.1,183.0,126.0,L,0.3,19.49,7.0,PASS,PASS,666974,"Cano, Yennier",SB,2B,0.954,high,
9c45e80a-5d2c-3cfc-b624-220c6c75e4da,AWAY,59.67802799683164,9.2,179.0,118.0,L,0.18,18.81,9.0,PASS,cut_in_window,608566,"Márquez, Germán",SB,2B,1.022,high,
6a370287-2474-3b5b-940d-53dcd0f09847,HOME,59.71507189774543,4.7,181.0,117.0,R,0.16,21.15,8.0,PASS,PASS,519141,"Pomeranz, Drew",SB,2B,1.072,high,
ea2cabb8-995a-33e2-8d00-1645ca3e7d07,AWAY,59.83706238767098,8.6,,,,,,,no_release,no_release,668909,"Williams, Gavin",CS,2B,,not measured,no_release
59a55ae7-4758-3266-92bc-a356758a4b23,HOME,59.812132636585616,4.8,181.0,128.0,L,0.22,17.59,9.0,PASS,PASS,672456,"Montero, Keider",SB,2B,0.886,high,
a0010808-ef9e-3893-9461-5743e5a947d6,AWAY,59.7616031699633,8.399999999999999,,,,,,,no_release,no_release,678024,"Vasil, Mike",SB,2B,,not measured,no_release
77eca764-1513-3cdf-b144-e790b6d08311,HOME,59.72742281835742,4.7,179.0,116.0,L,0.11,25.1,9.0,PASS,PASS,675911,"Strider, Spencer",SB,2B,1.055,high,
c4adf78c-460c-3ae6-9284-8d7077d21a80,HOME,59.71531942062369,7.0,179.0,119.0,L,0.23,13.37,9.0,PASS,PASS,607200,"Fedde, Erick",SB,2B,1.005,high,
0bb3d003-9fbe-3a4e-b731-ceb7ffbd0857,AWAY,59.751166811841024,11.7,194.0,,,1.07,,9.0,cut_in_window,cut_in_window,450203,"Morton, Charlie",SB,2B,,not measured,cut_in_window
4f4a14a4-970a-3edb-9f17-081782bc1186,AWAY,59.739209542100475,8.8,182.0,122.0,L,0.25,25.54,3.0,PASS,no_release,680732,"Burke, Sean",CS,2B,1.004,low,ball_pts 3.0 outside 5-
32966ca4-a9fa-3e69-b0cb-5acd9fd1afa9,HOME,59.67510222123992,4.8,180.0,115.0,L,0.09,25.31,9.0,PASS,PASS,675911,"Strider, Spencer",SB,3B,1.089,high,
04855f81-6b86-3b37-a53a-c5df4362065d,HOME,59.82280165669991,4.9,179.0,114.0,L,0.26,24.01,9.0,PASS,PASS,592332,"Gausman, Kevin",SB,2B,1.087,high,
ac347fed-c59c-30f9-a4fc-ba5550f98df9,AWAY,59.78937564500502,6.8,178.0,118.0,L,0.14,17.12,9.0,PASS,no_release,656876,"Rasmussen, Drew",CS,2B,1.004,high,
194e070c-0277-3887-8c96-3f891367a76d,HOME,59.68666259694396,4.9,182.0,128.0,L,0.17,8.12,9.0,PASS,PASS,623167,"Flexen, Chris",CS,2B,0.905,high,
f8c6eb5e-635e-3c58-873b-f4261c413ce2,AWAY,59.76907403214852,7.8,,,,,,,no_release,no_release,607200,"Fedde, Erick",SB,2B,,not measured,no_release
49a1debb-307d-38f8-a168-82faf7c4454a,AWAY,59.736789998131485,9.8,178.0,100.0,L,0.26,10.53,9.0,cut_in_window,cut_in_window,801403,"Dollander, Chase",CS,2B,,not measured,cut_in_window
ff8062a1-5600-3907-a9cf-5b9535fbe27c,AWAY,59.75451726096009,8.7,183.0,131.0,L,0.17,9.64,6.0,PASS,release_not_at_hand,663903,"Singer, Brady",SB,2B,0.87,high,
124cbea7-7dbd-3260-a60b-7d8e85aa6b02,AWAY,,4.9,,,,,,,no_clip,not_cf_view,601713,"Pivetta, Nick",CS,3B,,not measured,no_clip
fcc445be-2359-3951-96e7-07454e4fd0f3,HOME,59.80450837839124,4.7,179.0,117.0,L,0.24,15.39,8.0,PASS,PASS,657746,"Ryan, Joe",SB,2B,1.037,high,
2452d3ad-c275-3ce2-8f4b-7bbe4fa1b5eb,HOME,59.68054557284126,4.8,192.0,132.0,L,0.16,15.1,9.0,PASS,PASS,806185,"Birdsong, Hayden",SB,2B,1.005,high,
7d3cd4f2-34d3-368c-b326-746661079443,AWAY,59.77366553172067,10.899999999999999,260.0,,,0.36,,9.0,cut_in_window,no_release,571510,"Boyd, Matthew",SB,2B,,not measured,cut_in_window
ad7010c8-73d6-3803-8165-855bb89bc533,HOME,59.68513621403871,4.7,179.0,120.0,R,0.08,13.23,5.0,PASS,PASS,607481,"Bummer, Aaron",SB,2B,0.989,high,
9aca76b4-84c1-3f1f-8e51-48177f88aa77,HOME,59.77622623757517,4.8,176.0,117.0,L,0.23,18.22,7.0,PASS,PASS,657746,"Ryan, Joe",CS,2B,0.987,high,
c78d0407-c886-3693-be98-3a8216b10d2e,HOME,59.72841139992856,4.7,178.0,117.0,R,0.15,21.73,9.0,PASS,PASS,596295,"Gomber, Austin",SB,2B,1.021,high,
309307de-6ead-3a8a-9d65-2b2bbba78189,HOME,59.707458178510464,4.7,179.0,105.0,R,0.18,31.26,9.0,PASS,PASS,608331,"Fried, Max",SB,2B,1.239,high,
ec4cc48f-179f-347e-8dd6-3c6267ce9224,AWAY,59.680935309995995,8.6,175.0,112.0,R,0.16,22.51,9.0,PASS,cut_in_window,579328,"Kikuchi, Yusei",CS,2B,1.056,high,
12cfda67-551b-3da2-88ce-6202a93a25ef,AWAY,59.70909979317695,9.0,174.0,117.0,L,0.16,21.7,9.0,PASS,no_release,676440,"Bibee, Tanner",SB,2B,0.955,high,
daad566a-543e-396d-bad4-d8d2cf1e94b5,AWAY,59.72678911916046,11.1,179.0,116.0,L,0.21,21.74,6.0,PASS,cut_in_window,800311,"Fuentes, Didier",CS,2B,1.055,high,
5cd102a3-d68d-3ce9-98b3-09dd92c9e28b,HOME,59.74273573873745,4.9,182.0,121.0,L,0.13,22.82,9.0,PASS,PASS,694918,"Tidwell, Blade",SB,2B,1.021,high,
3a90cafa-3cfe-3e42-b0f1-1fe4b50aba78,HOME,59.65405169264606,4.6,199.0,140.0,R,0.13,10.96,9.0,PASS,PASS,669022,"Gore, MacKenzie",CS,2B,0.989,high,
8ea5a102-6e35-3069-85ba-9943b1e5a954,AWAY,,1.4,,,,,,,no_clip,not_cf_view,688158,"Morgan, David",SB,2B,,not measured,no_clip
e13bc664-438f-3514-86df-eb1ae2d05f12,HOME,59.64325449930945,4.8,207.0,137.0,L,0.11,17.98,9.0,PASS,PASS,592094,"Adam, Jason",SB,3B,1.174,high,
fae55fbb-e1be-3a24-a91e-2388fd164709,HOME,59.794747872075696,4.8,178.0,113.0,L,0.2,39.25,9.0,PASS,PASS,681347,"Burrows, Mike",SB,2B,1.087,high,
ac345bd4-38d8-3578-a1a2-1cf795731957,AWAY,,4.8,,,,,,,no_clip,not_cf_view,547179,"Lorenzen, Michael",CS,2B,,not measured,no_clip
5d61bb3b-b368-3b47-ae0b-c3ce4e17b5f4,AWAY,59.85943528015229,8.9,175.0,120.0,L,0.25,10.98,9.0,PASS,cut_in_window,518876,"Kelly, Merrill",SB,2B,0.919,high,
cfb6b58f-6036-309b-993b-5e468fac6d05,AWAY,59.80401575559612,8.7,185.0,128.0,L,0.74,3.92,6.0,release_not_at_hand,release_not_at_hand,677958,"Rocker, Kumar",SB,3B,,not measured,release_not_at_hand
5fb467d8-b5bb-3e4b-91bf-29a9c4f830f3,AWAY,59.664157089096264,8.1,,,,,,,no_release,no_release,691587,"Pérez, Eury",SB,2B,,not measured,no_release
4932fc96-8aa4-3db2-b7ae-7f01bbfd7121,AWAY,59.845280241053445,10.3,179.0,121.0,L,0.46,7.87,9.0,PASS,no_release,518876,"Kelly, Merrill",CS,2B,0.969,low,release_to_wrist 0.46 outside -0.32
9d6e4ba3-ef8c-321d-9693-e907dd43675e,AWAY,59.78720573876856,8.8,186.0,116.0,L,0.75,18.24,3.0,release_not_at_hand,release_not_at_hand,656550,"Holmes, Grant",SB,3B,,not measured,release_not_at_hand
6113a7a5-543d-3fe4-897d-d4bfa1fb4b96,AWAY,59.80171767825235,9.1,178.0,99.0,L,0.51,8.54,9.0,cut_in_window,cut_in_window,669160,"May, Dustin",SB,2B,,not measured,cut_in_window
33b848ba-e606-341b-a0b2-274b8cf019f1,HOME,59.75205250652803,5.8,179.0,128.0,L,0.14,2.08,6.0,PASS,PASS,677958,"Rocker, Kumar",SB,2B,0.854,low,lift_peak_in 2.08 outside 4.28-
5f7fea2b-be0b-3c46-9412-d86e0c662e3f,HOME,59.76510045958606,5.4,178.0,119.0,R,0.15,13.61,9.0,PASS,PASS,687223,"Palmquist, Carson",SB,2B,0.987,high,
b814e452-4f29-3974-9b05-73a0f69813ed,HOME,59.768319750109214,5.0,188.0,132.0,R,0.16,5.75,9.0,PASS,PASS,663687,"Harris, Hogan",SB,2B,0.937,high,
94bc34dc-61a7-3a3b-841c-e43d962789b0,AWAY,59.7367925468866,7.8,,,,,,,no_release,no_release,701581,"Festa, David",SB,2B,,not measured,no_release
583f5a78-32c3-3cc4-8c89-82ada481492e,HOME,59.70773929846746,6.4,176.0,112.0,L,0.26,24.41,9.0,PASS,PASS,663878,"Pearson, Nate",SB,2B,1.072,high,
74c279f9-a420-33b0-9e13-e692c0e2617c,HOME,59.73936426946149,4.9,180.0,119.0,R,0.11,14.74,9.0,PASS,PASS,671096,"Abbott, Andrew",SB,2B,1.021,high,
4898b761-0883-37a6-ad27-acfb2e92456c,AWAY,59.77901614020711,6.699999999999999,,,,,,,no_release,no_release,694297,"Pfaadt, Brandon",SB,2B,,not measured,no_release
df2ba144-b6b0-32f8-a3e8-00a709e687d0,HOME,59.6621189814305,4.1,181.0,118.0,L,0.18,16.07,9.0,PASS,PASS,669302,"Gilbert, Logan",SB,2B,1.056,high,
1c826eec-f493-33c8-ae7e-4d45bea5fb96,AWAY,59.794780005487475,9.7,179.0,125.0,R,0.19,5.9,9.0,PASS,no_set_before_lift,676664,"Sears, JP",SB,2B,0.903,high,
9b88ad50-c648-3f68-af13-0f4b8974be3b,AWAY,59.68894970842584,8.6,175.0,,,0.42,,9.0,cut_in_window,cut_in_window,695445,"Lee, Chase",SB,2B,,not measured,cut_in_window
cdec7a76-edbf-37e3-ae7f-7d903cca948c,AWAY,59.76915430445546,8.5,181.0,116.0,L,0.88,96.52,9.0,cut_in_window,cut_in_window,663554,"Mize, Casey",SB,2B,,not measured,cut_in_window
4c66ffc1-6eeb-3d21-85d6-ca0b11119b89,AWAY,59.70571799506255,8.2,181.0,113.0,R,0.12,30.83,9.0,PASS,cut_in_window,607455,"Banda, Anthony",CS,2B,1.139,high,
0f124310-c821-3073-8fd0-2c2f3617e0f6,AWAY,59.79811635933468,7.800000000000001,,,,,,,no_release,no_release,694297,"Pfaadt, Brandon",SB,2B,,not measured,no_release
8ce1b99b-3221-3875-8565-7d6d4633a31f,AWAY,59.833875864976505,7.9,176.0,,,0.14,,9.0,no_set_before_lift,no_set_before_lift,681190,"Vásquez, Randy",SB,2B,,not measured,no_set_before_lift
cf3fb20e-a8aa-3bb1-81e0-62856b01bcd3,AWAY,59.7507174369298,7.699999999999999,,,,,,,no_release,no_release,694297,"Pfaadt, Brandon",SB,2B,,not measured,no_release
01a7b77b-24cf-3a7c-a1f8-f24d63045909,HOME,59.79808916805601,3.9,182.0,123.0,L,0.26,14.83,3.0,PASS,PASS,693821,"Elder, Bryce",SB,2B,0.987,low,ball_pts 3.0 outside 5-
468c73f6-f363-3b11-a80e-82094de2d7ed,HOME,59.87331275304349,3.8,177.0,120.0,R,0.24,20.55,9.0,PASS,PASS,642239,"Zastryzny, Rob",SB,2B,0.952,high,
f8afd62a-5b44-3587-a3bc-1e214fb0fad5,AWAY,,1.2,,,,,,,no_clip,not_cf_view,656849,"Peterson, David",SB,2B,,not measured,no_clip
598067c7-104b-335a-99eb-fe04948d8d95,AWAY,59.77420190241546,8.0,,,,,,,no_release,release_not_at_hand,669302,"Gilbert, Logan",CS,2B,,not measured,no_release
aaa16b38-cf4a-34df-bba1-25bd5aad5067,AWAY,59.74802431045473,10.4,257.0,,,2.56,,9.0,not_cf_view,no_release,592779,"Stewart, Brock",SB,2B,,not measured,not_cf_view
4bcc1fad-2b42-3e8d-801b-245a925f5bae,AWAY,59.67982495591475,7.8,179.0,,,0.24,,9.0,no_set_before_lift,no_set_before_lift,543294,"Hendricks, Kyle",SB,2B,,not measured,no_set_before_lift
d9848016-391b-3d93-a9a3-12cef55b7b67,AWAY,59.814557534091406,8.4,173.0,119.0,L,0.19,7.91,9.0,PASS,cut_in_window,679358,"Orze, Eric",SB,2B,0.903,high,
1fd6c32c-a8f4-375e-8bdf-83089a5d822f,AWAY,59.76535948555187,6.3,182.0,131.0,L,0.15,5.06,9.0,PASS,no_release,571945,"Mikolas, Miles",SB,2B,0.853,high,
2b5645b0-1d33-383d-b4b9-f0373dfb0c69,AWAY,59.70798091007891,7.8,181.0,,,0.16,,9.0,no_set_before_lift,no_set_before_lift,543294,"Hendricks, Kyle",SB,2B,,not measured,no_set_before_lift
19b75acf-6cff-3e7a-b189-e9dbf8298e91,AWAY,59.710144927536234,8.1,191.0,120.0,L,0.72,18.0,9.0,release_not_at_hand,release_not_at_hand,676962,"Brown, Ben",SB,2B,,not measured,release_not_at_hand
ac9d135b-4c1c-36ff-ac71-80a751f5c868,HOME,59.699277068194945,4.0,182.0,114.0,L,0.14,12.81,6.0,PASS,PASS,643410,"Leiter Jr., Mark",SB,2B,1.139,high,
d1d48085-12bd-380d-b8e2-27fce3e3c1d0,HOME,59.853459449615976,4.2,175.0,128.0,L,0.16,6.87,9.0,PASS,PASS,686799,"Kochanowicz, Jack",CS,2B,0.785,high,
023853e1-125b-3cbc-bdf7-0ff25b5a29d9,AWAY,59.78830511226915,8.1,211.0,,,0.31,,9.0,not_cf_view,cut_in_window,593974,"Peralta, Wandy",SB,3B,,not measured,not_cf_view
b78d2b99-ae11-33c1-b782-96cbd9a37bb3,HOME,59.75075399760997,4.3,170.0,116.0,L,0.19,19.9,9.0,PASS,PASS,686799,"Kochanowicz, Jack",SB,2B,0.904,high,
6a7e4acf-24f8-363f-9460-0530807e420b,HOME,59.82244434837208,4.5,183.0,123.0,L,0.13,13.08,9.0,PASS,PASS,670280,"Bednar, David",CS,2B,1.003,high,
15205b2f-6f15-37b3-b60c-2863557b9457,HOME,59.83153754347792,3.9,174.0,121.0,L,0.13,15.86,9.0,PASS,PASS,692285,"Guerrero, Luis",CS,2B,0.886,high,
be90065a-5d85-31ee-be62-059ca0602c01,HOME,59.64126554774627,3.8,179.0,123.0,L,0.26,16.65,9.0,PASS,PASS,621112,"Blackburn, Paul",SB,2B,0.939,high,
ec528c2f-2e8d-3f6c-b20e-661660c9b544,HOME,59.69587664299333,3.8,176.0,119.0,L,0.18,20.42,9.0,PASS,PASS,663568,"Kolek, Stephen",SB,2B,0.955,high,
d68fb591-42b4-3bd7-80df-874fb0d6d8d2,AWAY,59.86844712449483,10.0,254.0,,,0.56,,9.0,cut_in_window,not_cf_view,663568,"Kolek, Stephen",CS,2B,,not measured,cut_in_window
3151c24e-b73d-3d73-912b-c7b40592787e,HOME,59.6636518557597,5.6,181.0,123.0,L,0.29,16.84,9.0,PASS,PASS,621112,"Blackburn, Paul",SB,2B,0.972,high,
7c357b4b-4f6e-35f6-8b20-29b840292810,HOME,59.813173196072825,3.9,182.0,114.0,R,0.13,25.94,5.0,PASS,PASS,664285,"Valdez, Framber",SB,2B,1.137,high,
6b283faf-9681-311c-a320-413310fb6912,HOME,59.72666126753248,3.9,178.0,120.0,R,0.11,19.1,8.0,PASS,PASS,642397,"Soto, Gregory",SB,2B,0.971,high,
9c549c03-6de0-3c60-9366-1a3e17b929bd,HOME,59.813426336811055,4.0,177.0,125.0,L,0.16,3.59,9.0,PASS,PASS,445276,"Jansen, Kenley",SB,2B,0.869,low,lift_peak_in 3.59 outside 4.28-
d1089f66-75c0-394e-87e7-572dc4aa2b50,AWAY,59.71604534940057,7.4,174.0,108.0,L,0.1,15.01,7.0,PASS,no_release,489446,"Yates, Kirby",SB,2B,1.105,high,
eae07fea-7edd-3b1f-aa7d-3a20fe2456d6,HOME,59.68422543017539,3.8,179.0,115.0,R,0.19,21.62,9.0,PASS,PASS,642397,"Soto, Gregory",SB,3B,1.072,high,
16ed5a7c-6b54-3249-a72c-2cc01bb0e726,HOME,59.702961941998815,3.9,178.0,113.0,L,0.17,30.79,9.0,PASS,PASS,695505,"Burns, Chase",SB,2B,1.089,high,
95c00352-6776-3daa-ad05-de6ad2687bb3,AWAY,59.79205502008815,9.0,,,,,,,no_release,not_cf_view,622554,"Domínguez, Seranthony",SB,2B,,not measured,no_release
51419f41-a0cb-3cde-824e-10df6177e6c2,HOME,59.676107372624415,4.1,177.0,121.0,R,0.12,3.16,7.0,PASS,PASS,571760,"Heaney, Andrew",CS,2B,0.938,low,lift_peak_in 3.16 outside 4.28-
1359ef12-38e6-30fa-a117-34e5a1520455,HOME,59.76085697068896,3.9,174.0,126.0,L,0.17,18.08,9.0,PASS,PASS,669711,"Weissert, Greg",CS,2B,0.803,high,
777f50ea-dbfd-3e5d-8cc9-c2b67364362b,AWAY,59.696445525367736,8.399999999999999,171.0,,,0.09,,6.0,cut_in_window,cut_in_window,670970,"Morejon, Adrian",SB,2B,,not measured,cut_in_window
92badc3c-c3bc-39c5-beb7-0a4682c9b3b7,HOME,59.737997246080226,4.1,183.0,129.0,L,0.19,8.11,9.0,PASS,PASS,664208,"Maton, Phil",SB,2B,0.904,high,
78b116fc-11d5-3d85-bcf9-2bcc869ee595,HOME,59.794267182406294,4.2,176.0,112.0,L,0.22,25.76,9.0,PASS,PASS,675911,"Strider, Spencer",SB,2B,1.07,high,
f60010f7-383b-3cbe-898a-ba316df24ad4,AWAY,59.7993636430152,5.7,177.0,123.0,R,0.15,9.46,9.0,cut_in_window,not_cf_view,671106,"Allen, Logan",SB,2B,,not measured,cut_in_window
31667c64-cc84-3440-bc77-67c9bd1c6432,HOME,59.78544975298007,3.9,175.0,116.0,L,0.14,21.74,9.0,PASS,PASS,615698,"Quantrill, Cal",SB,2B,0.987,high,
47ea8e44-0a0a-333c-8f0d-2f1144bdad0b,HOME,59.74986764808519,4.3,179.0,120.0,R,0.12,10.15,9.0,PASS,PASS,685126,"Eisert, Brandon",SB,2B,0.987,high,
7b9a9d39-5066-3b7e-8dbe-894ff8231352,HOME,59.88541656086679,4.3,173.0,108.0,L,0.28,19.11,9.0,PASS,PASS,678495,"Rodríguez, Randy",SB,2B,1.085,high,
bb97084a-5c67-3c86-aaec-11b5000786f9,HOME,59.65327877678475,4.2,182.0,128.0,L,0.18,11.74,9.0,PASS,PASS,453286,"Scherzer, Max",CS,2B,0.905,high,
8dba40fa-2e5a-38f6-ad2a-b62fd423a4c5,HOME,59.80075178087953,5.7,148.0,112.0,L,0.04,24.6,6.0,PASS,PASS,656240,"Blewett, Scott",SB,2B,0.602,low,delivery_s 0.602 outside 0.7-1.31
c7e27bc1-f39a-32e9-a131-7e35e875e9e5,HOME,59.7279561774108,4.1,179.0,126.0,L,0.36,4.19,9.0,PASS,PASS,694819,"Misiorowski, Jacob",SB,2B,0.887,low,release_to_wrist 0.36 outside -0.32; lift_peak_in 4.19 outside 4.28-
6496fdb8-e8b2-3658-8a2c-eb86f464f22f,HOME,59.853355070979404,4.0,176.0,117.0,L,0.19,16.96,9.0,PASS,PASS,656876,"Rasmussen, Drew",CS,2B,0.986,high,
3a73d0ad-2020-3a8b-936c-889abdce2ed2,AWAY,59.791508894909654,7.0,,,,,,,no_release,no_release,695418,"Lord, Brad",SB,2B,,not measured,no_release
1a2e9f61-411e-3129-8443-b21acab24604,AWAY,59.73009662221512,16.2,176.0,104.0,L,0.31,17.08,9.0,cut_in_window,cut_in_window,657746,"Ryan, Joe",CS,2B,,not measured,cut_in_window
240b4014-069e-3bd4-b933-3efdd91e41e8,HOME,59.8676618882323,12.4,179.0,129.0,L,0.16,8.8,9.0,PASS,PASS,656427,"Flaherty, Jack",SB,2B,0.835,high,
68f1f8b0-baf6-3955-94b6-5c2c798428c7,HOME,59.835439852652904,12.0,175.0,120.0,L,0.14,15.36,9.0,PASS,PASS,665795,"Cabrera, Edward",CS,2B,0.919,high,
5f50a911-01b0-3391-adf6-933230fbebdd,HOME,59.840914476210706,9.0,176.0,114.0,L,0.17,21.8,8.0,PASS,PASS,683627,"Molina, Anthony",CS,2B,1.036,high,
1cfe58d6-46c2-3d7e-996b-9808c0329736,HOME,59.84983304301893,5.0,179.0,126.0,L,0.14,10.76,9.0,PASS,PASS,656427,"Flaherty, Jack",CS,2B,0.886,high,
3203027b-1d7e-3eaa-a718-494bbda6d3c4,HOME,59.744572554739996,6.9,177.0,119.0,L,0.19,16.03,9.0,PASS,PASS,657746,"Ryan, Joe",SB,2B,0.971,high,
28e05073-5853-311f-8c6a-4a9da4b0e1b1,HOME,59.70577252100669,5.0,179.0,117.0,R,0.14,15.58,5.0,PASS,PASS,573124,"Rogers, Taylor",SB,2B,1.038,high,
2b5bd7f5-c030-33ab-afee-256313bd5734,HOME,59.742762278964314,4.6,179.0,124.0,L,0.13,12.5,9.0,PASS,PASS,453286,"Scherzer, Max",SB,2B,0.921,high,
5e96eb45-aa26-3099-941e-02e5e9e6cc55,AWAY,59.64278461258912,8.4,198.0,,,0.63,,7.0,release_not_at_hand,release_not_at_hand,668678,"Gallen, Zac",SB,2B,,not measured,release_not_at_hand
8cff8afc-d342-3a3b-af4b-2264055ee938,AWAY,59.85976586819625,5.1,,,,,,,no_release,no_release,680732,"Burke, Sean",CS,2B,,not measured,no_release
331ea7ee-c05b-3ecd-974a-04922b40da45,HOME,59.690170087039846,4.4,178.0,119.0,L,0.31,27.97,9.0,PASS,PASS,680732,"Burke, Sean",SB,2B,0.988,high,
acf39ed5-86e1-38f7-bb7e-098bd85743a4,AWAY,59.70580031511395,8.0,,,,,,,no_release,no_release,573124,"Rogers, Taylor",SB,3B,,not measured,no_release
bfb18d00-dd02-3949-88a4-f4c7590572f3,HOME,59.79693122684039,4.1,178.0,117.0,L,0.18,17.46,8.0,PASS,PASS,547179,"Lorenzen, Michael",SB,2B,1.02,high,
cabf5deb-4519-32a0-9c5f-efc74cec1849,AWAY,59.784099020553924,12.2,176.0,,,0.12,,6.0,cut_in_window,cut_in_window,608650,"Enns, Dietrich",SB,2B,,not measured,cut_in_window
fa804acb-f780-3529-bb68-7cdc08d78b20,HOME,59.71051119342429,3.9,177.0,110.0,L,0.28,14.64,9.0,PASS,PASS,669372,"Ginn, J.T.",SB,2B,1.122,high,
3957c2ea-d178-3560-9c5f-4d723ca30e25,HOME,59.877842498559374,4.1,180.0,115.0,R,0.08,17.44,8.0,PASS,PASS,605488,"Springs, Jeffrey",CS,3B,1.086,high,
f04879fa-bbe6-37ed-8189-674a5ef27bc0,HOME,59.73080449418696,4.1,178.0,113.0,L,0.19,23.62,9.0,PASS,PASS,592332,"Gausman, Kevin",SB,2B,1.088,high,
4540511d-a60c-3e69-a4bb-7d0349e1e698,HOME,59.69766023686491,3.9,179.0,107.0,R,0.13,16.63,9.0,PASS,PASS,650911,"Sánchez, Cristopher",SB,2B,1.206,high,
bb090273-235d-3662-82cf-a1a8875ccd9a,AWAY,59.84033034661899,8.3,177.0,114.0,L,0.21,23.16,9.0,PASS,cut_in_window,592332,"Gausman, Kevin",SB,2B,1.053,high,
89c352f2-811d-3eff-940c-a5d64e9258e8,HOME,59.65033863600567,4.0,178.0,125.0,L,0.19,16.84,9.0,PASS,PASS,676440,"Bibee, Tanner",SB,2B,0.889,high,
8b689de3-e0b0-349c-9461-f245fca40ccd,AWAY,59.800664451827245,11.6,173.0,127.0,L,0.05,12.69,7.0,PASS,cut_in_window,669160,"May, Dustin",SB,2B,0.769,high,
fcc87f5e-ea9b-39ee-876f-e09dc8217f03,AWAY,59.764953883253575,7.699999999999999,177.0,,,0.13,,9.0,cut_in_window,not_cf_view,656794,"Newcomb, Sean",SB,2B,,not measured,cut_in_window
9bae7e64-dda5-3bbe-9706-587923bb85b8,HOME,59.82646157053147,4.0,180.0,116.0,R,0.14,28.19,8.0,PASS,PASS,682254,"Montgomery, Mason",SB,3B,1.07,high,
99a0540e-86dd-343f-a760-f10d5f9e4925,AWAY,59.85000816459186,7.699999999999999,175.0,124.0,L,0.18,7.2,9.0,PASS,not_cf_view,641401,"Brogdon, Connor",CS,2B,0.852,high,
e6051d0d-2ead-3269-93fb-85322d180952,HOME,59.76061507200384,3.8,174.0,99.0,L,0.14,18.94,6.0,PASS,PASS,691587,"Pérez, Eury",SB,2B,1.255,high,
e7e4c93d-4b3a-3b60-b10a-a47cd2ee2bab,HOME,59.73304491040043,3.8,178.0,116.0,L,0.11,21.36,9.0,PASS,PASS,656605,"Keller, Mitch",SB,2B,1.038,high,
335002dd-929e-306e-babb-808991f83702,AWAY,59.7986777847912,8.7,172.0,106.0,L,0.22,11.74,9.0,cut_in_window,cut_in_window,667755,"Soriano, José",SB,2B,,not measured,cut_in_window
4240622d-6e37-37f1-987f-e8d38c263ac9,HOME,59.75993870775517,3.9,179.0,117.0,R,0.08,15.54,7.0,PASS,PASS,676428,"Hurter, Brant",SB,2B,1.037,high,
5c364ce3-ec0b-3ffc-b957-a84fb63551a3,HOME,59.7879729217029,3.8,181.0,123.0,L,0.21,16.33,9.0,PASS,PASS,693821,"Elder, Bryce",SB,3B,0.97,high,
9ce3e16d-6daf-314d-b304-066d74249aa4,HOME,59.69414068358082,3.8,174.0,118.0,L,0.13,16.82,9.0,PASS,PASS,605463,"Scott, Tayler",SB,2B,0.938,high,
9bec5e66-151a-32ea-b4bb-b4d5b6ce234c,HOME,59.68953007677381,3.8,184.0,120.0,L,0.12,27.66,8.0,PASS,PASS,678394,"Bello, Brayan",SB,2B,1.072,high,
08ca2f2e-07dd-36df-9646-423fecc50ee8,HOME,59.73794204668201,3.7,181.0,116.0,L,0.12,26.92,8.0,PASS,PASS,678394,"Bello, Brayan",SB,2B,1.088,high,
e639fd94-57db-3be9-9888-74ac7eed9d2f,HOME,59.7822374225469,4.2,176.0,124.0,L,0.15,7.02,7.0,PASS,PASS,672578,"Hernández, Carlos",SB,2B,0.87,high,
42359ccb-8b3b-32a2-b7dc-aadcdcef0dd3,AWAY,,4.5,,,,,,,no_clip,cut_in_window,608372,"Sugano, Tomoyuki",SB,2B,,not measured,no_clip
dd1c7bf7-cf2d-3bbe-95e3-2a0af0b019bb,HOME,59.63517305893358,3.9,180.0,122.0,R,0.1,16.25,5.0,PASS,PASS,607536,"Freeland, Kyle",CS,2B,0.973,high,
05869669-9f5a-30d1-9b91-d92feaef8514,AWAY,59.73878266382019,11.399999999999999,179.0,113.0,L,0.14,24.86,6.0,PASS,no_set_before_lift,694918,"Tidwell, Blade",SB,2B,1.105,high,
1b5e6ddf-e15f-3469-b75a-bb3565ec7cd6,HOME,59.800915938079555,4.1,179.0,119.0,L,0.21,18.08,7.0,PASS,PASS,663554,"Mize, Casey",SB,2B,1.003,high,
364128cc-d7e1-3006-965e-4fdb8af67ca3,HOME,59.83163655759375,4.1,177.0,115.0,L,0.14,19.29,9.0,PASS,PASS,693433,"Woo, Bryan",CS,2B,1.036,high,
8fc60f18-6ae2-3cc4-a3ff-2279b545e97f,AWAY,59.67587807399029,8.1,177.0,123.0,L,0.19,21.78,9.0,PASS,cut_in_window,607625,"Lugo, Seth",SB,2B,0.905,high,
719d094d-caca-3671-8f00-1aa1a3664b6f,AWAY,59.731775882584394,9.6,185.0,119.0,L,0.86,16.84,9.0,release_not_at_hand,release_not_at_hand,621112,"Blackburn, Paul",SB,2B,,not measured,release_not_at_hand
7904e8d4-53d4-3d64-8191-5d084adc2964,AWAY,,3.6,,,,,,,no_clip,no_release,680885,"Schwellenbach, Spencer",SB,2B,,not measured,no_clip
ddce6d26-5a4a-3674-9ef7-58e6b556c7f5,AWAY,59.79367817855263,10.2,250.0,,,,,9.0,cut_in_window,cut_in_window,656240,"Blewett, Scott",SB,2B,,not measured,cut_in_window
4f43c028-3d94-36fd-86f3-a6c635563384,AWAY,,3.9,,,,,,,no_clip,not_cf_view,621121,"McCullers Jr., Lance",SB,2B,,not measured,no_clip
dea51cf3-7a92-383f-b309-62c24d7e8ed8,AWAY,59.667608121546756,7.8,186.0,123.0,L,0.97,5.45,8.0,release_not_at_hand,release_not_at_hand,677958,"Rocker, Kumar",SB,2B,,not measured,release_not_at_hand
ac8e23c6-8e1f-3ad7-a319-dac8834b19cd,AWAY,59.72140393315148,8.399999999999999,176.0,,,0.13,,7.0,cut_in_window,cut_in_window,605135,"Bassitt, Chris",SB,2B,,not measured,cut_in_window
e7d5a7b5-002f-3b85-b534-2c42fdd5b304,HOME,59.7119466129793,4.0,177.0,109.0,L,0.18,19.05,9.0,PASS,PASS,641793,"Littell, Zack",SB,2B,1.139,high,
a198eeb5-09dd-36c7-b3fc-227e5b450def,AWAY,59.77288220559381,8.0,180.0,124.0,L,0.18,17.51,9.0,not_cf_view,not_cf_view,571946,"Miller, Shelby",SB,2B,,not measured,not_cf_view
a0750ae4-1c2a-358a-b15f-956fa6b183ed,AWAY,59.764993565417704,7.699999999999999,177.0,122.0,L,0.23,13.66,9.0,not_cf_view,not_cf_view,571946,"Miller, Shelby",SB,3B,,not measured,not_cf_view
5d9e9e61-0e3f-37c7-bb6c-4c2f7fb07cab,HOME,59.73990896019193,3.8,178.0,116.0,L,0.2,16.4,9.0,PASS,PASS,657376,"Schmidt, Clarke",SB,2B,1.038,high,
2d0e046a-aac5-30b4-bb2a-3da77e9cee31,AWAY,,4.5,,,,,,,no_clip,cut_in_window,687473,"Gusto, Ryan",SB,2B,,not measured,no_clip
d4affaa2-51b7-3fd7-a3f9-713e82081216,HOME,59.72822458452104,5.5,180.0,116.0,L,0.14,18.99,9.0,PASS,PASS,642016,"Robert, Daniel",CS,2B,1.072,high,
77f36431-47d7-336b-945e-ae3a4eac8ba6,HOME,59.69706270215213,4.2,179.0,120.0,L,0.24,18.39,9.0,PASS,PASS,676508,"Casparius, Ben",CS,2B,0.988,high,
897c5d87-4fb3-3cc0-ae07-abd53c3839c7,HOME,59.7910564616803,4.2,175.0,116.0,L,0.11,20.22,9.0,PASS,PASS,666171,"Zeferjahn, Ryan",SB,2B,0.987,high,
1f1328bb-7ff4-3497-b565-338de4f1bffa,HOME,59.82800730661084,4.3,176.0,115.0,L,0.24,17.67,9.0,PASS,PASS,676508,"Casparius, Ben",SB,3B,1.02,high,
8b0e6fb5-4580-3f53-b66f-5f7deafda6ee,AWAY,59.82644100188516,10.5,178.0,128.0,L,0.19,5.8,8.0,PASS,cut_in_window,678368,"Bellozo, Valente",CS,2B,0.836,high,
e11de5da-b787-3253-abca-3dae4f11cd7c,HOME,59.74100817943985,4.0,178.0,128.0,L,0.16,3.71,9.0,PASS,PASS,571945,"Mikolas, Miles",SB,3B,0.837,low,lift_peak_in 3.71 outside 4.28-
02365b0f-62e2-33a8-98ca-78be97a9e4e7,HOME,59.871778359378226,4.1,178.0,148.0,L,0.12,4.21,9.0,PASS,PASS,657044,"Thompson, Ryan",CS,2B,0.501,low,lift_peak_in 4.21 outside 4.28-; delivery_s 0.501 outside 0.7-1.31
f2e3a697-b1dc-3ef1-841d-35451e4dde95,HOME,59.729942326334374,3.9,175.0,112.0,L,0.12,24.1,9.0,PASS,PASS,675911,"Strider, Spencer",SB,2B,1.055,high,
199d69a8-9ed3-3181-b07d-494e9e54bb30,HOME,59.808963997060985,4.0,174.0,112.0,L,0.21,22.42,9.0,PASS,PASS,615698,"Quantrill, Cal",SB,2B,1.037,high,
0bf87f63-20c9-3811-9a38-8c9e90863b3c,AWAY,59.73617750740352,7.8,179.0,117.0,L,0.3,22.17,9.0,PASS,cut_in_window,686563,"Cannon, Jonathan",SB,2B,1.038,high,
ef6ce682-b241-325d-a2ad-af7c2987f265,HOME,59.76156511106583,4.0,176.0,107.0,R,0.17,52.58,9.0,PASS,PASS,641778,"Lauer, Eric",SB,2B,1.155,high,
a191efa7-ff74-3f93-b959-43a587584ce0,AWAY,59.79567230112646,10.2,196.0,,,1.1,,9.0,release_not_at_hand,cut_in_window,686799,"Kochanowicz, Jack",CS,2B,,not measured,release_not_at_hand
b67b06e1-48a9-3c82-b12c-7f2c26d06c29,HOME,59.7609561752988,4.0,179.0,114.0,L,0.55,42.21,9.0,PASS,PASS,608566,"Márquez, Germán",SB,2B,1.088,low,release_to_wrist 0.55 outside -0.32
234958a2-eea1-3686-b9c6-db6b2604bc84,HOME,59.754086970246476,5.9,178.0,146.0,L,0.15,4.13,9.0,PASS,PASS,657044,"Thompson, Ryan",SB,2B,0.536,low,lift_peak_in 4.13 outside 4.28-; delivery_s 0.536 outside 0.7-1.31
3c4bd0b8-0cbe-33e8-8620-79cc8093a75b,AWAY,59.68491065616695,9.2,180.0,119.0,L,0.96,15.58,7.0,release_not_at_hand,no_release,641941,"Pagán, Emilio",SB,2B,,not measured,release_not_at_hand
b16a0e30-fbe9-3f56-95fd-e08a782d2d2d,HOME,59.691163112591376,6.4,174.0,103.0,R,0.1,26.0,5.0,PASS,PASS,664285,"Valdez, Framber",SB,2B,1.189,high,
80fa5a99-0dc0-3341-b12b-e62db3d7a55c,HOME,59.76716964552232,4.0,179.0,120.0,L,0.14,20.24,9.0,PASS,PASS,678020,"Halvorsen, Seth",SB,2B,0.987,high,
2d13f0a1-e619-3a90-9b84-4e0a7d6fa6c8,AWAY,59.742481456123414,10.8,180.0,111.0,L,0.24,6.51,7.0,cut_in_window,cut_in_window,445276,"Jansen, Kenley",SB,2B,,not measured,cut_in_window
e4ac3b90-89fd-3027-92db-d6d9c54f748f,AWAY,59.82681363141471,8.7,180.0,123.0,L,0.22,18.19,8.0,PASS,cut_in_window,640448,"Finnegan, Kyle",CS,2B,0.953,high,
30cf3f18-c89a-3c60-ae20-40fb2d4567de,AWAY,59.756393616720125,8.3,184.0,,,1.01,,4.0,cut_in_window,release_not_at_hand,660825,"Bazardo, Eduard",SB,2B,,not measured,cut_in_window
d729aed6-9109-338b-a146-e48aaad07857,HOME,59.83013053391126,4.3,180.0,127.0,R,0.19,5.82,9.0,PASS,PASS,663687,"Harris, Hogan",SB,3B,0.886,high,
f05a5645-9b7d-30d9-a71f-4ee9c77399e1,AWAY,59.78020596673592,9.0,176.0,142.0,L,0.18,5.92,8.0,cut_in_window,cut_in_window,657044,"Thompson, Ryan",SB,2B,,not measured,cut_in_window
9f9b5ee3-c644-39d4-9a8c-ee2018930483,AWAY,59.79498861047836,9.0,176.0,,,0.13,,9.0,cut_in_window,cut_in_window,593958,"Rodriguez, Eduardo",SB,2B,,not measured,cut_in_window
07773176-0276-0013-000c-f08cd117d70a,AWAY,,0.0,,,,,,,no_clip,no_clip,665152,"Kremer, Dean",SB,2B,,not measured,no_clip
9326c0f4-2d2d-359f-a2fc-9e98067ae442,AWAY,59.768446746050074,8.5,176.0,116.0,L,0.09,17.35,7.0,PASS,cut_in_window,592791,"Taillon, Jameson",SB,2B,1.004,high,
a725451f-a2b4-351e-ad2e-91e00b3a5a99,AWAY,59.830869969409164,8.3,194.0,125.0,L,0.7,13.96,6.0,not_cf_view,release_not_at_hand,434378,"Verlander, Justin",SB,2B,,not measured,not_cf_view
76937846-1d0d-340b-ab73-697e166852d6,HOME,59.83104528688873,4.0,176.0,123.0,L,0.14,12.6,8.0,PASS,PASS,622491,"Castillo, Luis",SB,2B,0.886,high,
07773176-0086-0013-000c-f08cd117d70a,AWAY,,0.0,,,,,,,no_clip,no_clip,671737,"Bradley, Taj",CS,2B,,not measured,no_clip
f090f9c6-0a29-3eb0-916a-0bd6e3e512dd,AWAY,59.70031623434837,8.6,184.0,126.0,L,0.17,21.7,9.0,PASS,cut_in_window,663362,"Waldron, Matt",SB,2B,0.972,high,
7f55f05a-87fb-32e8-adfd-03dc239d38ab,AWAY,59.68197830002775,5.199999999999999,,,,,,,not_cf_view,no_release,547184,"Kelly, Michael",SB,2B,,not measured,not_cf_view
16e54ca1-b6ec-38f0-bc04-3bc28dee7ff3,AWAY,59.74559171298555,8.5,179.0,122.0,L,0.19,18.83,8.0,PASS,cut_in_window,663362,"Waldron, Matt",SB,2B,0.954,high,
95deede2-2c21-39b2-9c20-8a68e462cfe0,AWAY,59.68334668840319,8.399999999999999,177.0,,,0.15,,8.0,cut_in_window,cut_in_window,642585,"Bautista, Félix",SB,2B,,not measured,cut_in_window
9a3a23a3-340a-346f-bfc2-dfc1d1700e4a,HOME,59.64158046625417,3.9,184.0,119.0,L,0.1,30.75,9.0,PASS,PASS,695505,"Burns, Chase",SB,2B,1.09,high,
3cd82dba-4323-322e-99bc-5e9a0480140e,AWAY,59.74622081444531,7.8,176.0,95.0,L,0.15,21.34,9.0,PASS,cut_in_window,642585,"Bautista, Félix",SB,3B,1.356,low,delivery_s 1.356 outside 0.7-1.31
ee0078c5-f2c3-3205-af4f-5763470cdf50,AWAY,59.7448043357658,5.0,177.0,109.0,L,0.09,9.28,9.0,cut_in_window,not_cf_view,680689,"Richardson, Lyon",SB,2B,,not measured,cut_in_window
4b0b454d-f8f7-3d72-9b5e-e25d370c705c,AWAY,59.699610060645554,7.8,178.0,112.0,L,0.15,23.51,8.0,PASS,no_set_before_lift,669358,"Baz, Shane",SB,3B,1.106,high,
9f32bddf-f349-3d5d-bcbd-62b8e4c278be,HOME,59.561925713042655,4.0,194.0,132.0,L,0.13,33.48,9.0,PASS,PASS,605130,"Barlow, Scott",SB,2B,1.041,high,
82e894db-309b-3731-aba3-fad052ae1d01,AWAY,59.856893862948354,11.1,198.0,140.0,L,0.81,5.59,6.0,release_not_at_hand,release_not_at_hand,547184,"Kelly, Michael",CS,2B,,not measured,release_not_at_hand
f19c85f0-c724-3df3-9922-f87fe6c4b516,AWAY,59.84288671666141,8.4,182.0,103.0,L,0.48,14.57,6.0,cut_in_window,no_release,665795,"Cabrera, Edward",SB,2B,,not measured,cut_in_window
83b293a5-754b-3d8f-a08e-00b0d80a1b99,HOME,59.737301573810775,3.9,181.0,112.0,R,0.18,19.18,9.0,PASS,PASS,605488,"Springs, Jeffrey",SB,2B,1.155,high,
f27ed33b-2ff4-34ff-8e25-dfb6dba7b199,HOME,59.84925130216756,4.2,183.0,127.0,L,0.13,8.54,8.0,PASS,PASS,594798,"deGrom, Jacob",SB,2B,0.936,high,
de5e1e1c-8572-3228-84ff-09bfaf50e39b,AWAY,59.64578357328611,8.5,185.0,122.0,R,0.15,22.96,9.0,PASS,not_cf_view,681870,"Sabrowski, Erik",CS,2B,1.056,high,
37794fa0-ae14-3352-a87d-9d47b99d24f8,HOME,59.74438134556714,4.5,177.0,115.0,R,0.11,16.84,9.0,PASS,PASS,656794,"Newcomb, Sean",SB,2B,1.038,high,
9a14265c-a4e9-3816-b22f-e12c0a00c838,AWAY,59.78498574418864,8.1,172.0,,,0.12,,8.0,no_set_before_lift,cut_in_window,668678,"Gallen, Zac",SB,2B,,not measured,no_set_before_lift
f343f769-0966-35f7-b7b6-a32d632e8953,HOME,59.68503210165646,5.8,172.0,107.0,L,0.23,18.78,9.0,PASS,PASS,686228,"Burgos, Juan",SB,3B,1.089,high,
03b28c6b-7829-3db7-a55c-6d6f04e74eae,HOME,59.83366662043369,4.1,183.0,128.0,L,0.16,7.13,7.0,PASS,PASS,594798,"deGrom, Jacob",CS,2B,0.919,high,
b222e694-cdf1-3985-8400-74728d14ca2a,AWAY,59.853007703237395,8.3,186.0,112.0,L,0.93,6.16,6.0,cut_in_window,release_not_at_hand,678368,"Bellozo, Valente",CS,2B,,not measured,cut_in_window
cf57e18f-d50c-381d-ae7e-5e3d61fc7567,HOME,59.709039987552515,4.2,178.0,143.0,R,0.18,4.75,9.0,PASS,PASS,477132,"Kershaw, Clayton",CS,3B,0.586,low,delivery_s 0.586 outside 0.7-1.31
cfc2a3a7-8d5c-3a43-96b9-08de324bcc20,HOME,59.75849538299997,4.6,178.0,116.0,L,0.16,20.23,8.0,PASS,PASS,543243,"Gray, Sonny",SB,3B,1.038,high,
c776c929-a2ab-353d-8e0f-698c4b601f85,HOME,59.72975379755438,4.2,173.0,123.0,R,0.14,5.02,9.0,PASS,PASS,663687,"Harris, Hogan",SB,2B,0.837,high,
d3723892-e3d8-3e17-a3a2-cb1206468832,HOME,59.71363559237232,4.2,181.0,125.0,R,0.12,36.14,9.0,PASS,PASS,657514,"Bernardino, Brennan",SB,2B,0.938,high,
625bc2e3-dbf3-3b1e-a068-a4adf107272b,HOME,59.726589430142425,4.5,176.0,119.0,L,0.17,21.74,9.0,PASS,PASS,680732,"Burke, Sean",SB,2B,0.954,high,
4e46c5c0-ed36-3b28-9291-52f5a208fad0,HOME,59.71273333691968,4.0,176.0,119.0,L,0.23,22.47,8.0,PASS,PASS,686752,"Pepiot, Ryan",SB,2B,0.955,high,
2c144c09-b8f4-3651-a779-ac2b6f29c82d,AWAY,59.70941418430306,9.5,177.0,113.0,L,0.16,19.85,9.0,PASS,no_release,676083,"Junk, Janson",SB,2B,1.072,high,
c789508a-fdab-312a-be62-f832f668c1f3,AWAY,59.64199626162551,8.3,193.0,137.0,L,0.14,17.67,9.0,PASS,cut_in_window,642547,"Peralta, Freddy",SB,2B,0.939,high,
90d57bbf-c632-3e60-b6d4-071e06683723,HOME,59.82642949467594,4.0,175.0,115.0,L,0.2,15.81,8.0,PASS,PASS,601713,"Pivetta, Nick",SB,2B,1.003,high,
e559c7cd-e71a-3ddb-8a08-a75d7c6a441d,HOME,59.68582338667251,4.1,181.0,116.0,L,0.11,22.04,9.0,PASS,PASS,666171,"Zeferjahn, Ryan",SB,2B,1.089,high,
3330d9d9-4223-37bd-8bad-8ca8e402c306,AWAY,59.72448639928988,5.0,,,,,,,no_release,no_release,621051,"Wilson, Steven",SB,2B,,not measured,no_release
c92ebb49-8352-3dfb-9f27-2f5a093696f7,HOME,59.74916971018219,4.2,178.0,115.0,L,0.17,22.33,9.0,PASS,PASS,674384,"Núñez, Eduarniel",SB,2B,1.054,high,
ce2eeb47-8a4e-3db1-8bda-21822ae5bc74,HOME,59.73404515047446,7.2,180.0,124.0,L,0.16,12.75,8.0,PASS,PASS,608372,"Sugano, Tomoyuki",CS,2B,0.937,high,
1f42465d-57a0-3f48-b9fe-dfcdc0967003,AWAY,59.76132952893328,10.8,182.0,,,0.12,,5.0,not_cf_view,not_cf_view,642207,"Williams, Devin",SB,2B,,not measured,not_cf_view
490669db-a44f-3279-97d9-edeafe9308d3,AWAY,59.749177930147404,9.2,182.0,110.0,L,0.16,21.01,9.0,PASS,cut_in_window,642207,"Williams, Devin",SB,2B,1.205,high,
3df03d71-d1d9-3cbc-8ef8-ae9a84b3a899,HOME,59.854848126700496,5.4,175.0,120.0,L,0.13,11.93,9.0,PASS,PASS,656427,"Flaherty, Jack",SB,2B,0.919,high,
2ee61e73-2bb4-3853-a20e-619d360b908a,HOME,59.75473325305516,6.5,172.0,112.0,L,0.25,17.26,9.0,PASS,PASS,669302,"Gilbert, Logan",SB,2B,1.004,high,
2e4fa0be-a49c-35a9-9c6b-6afc40c3d4ab,HOME,59.77820073519807,7.3,179.0,108.0,L,0.11,24.68,4.0,PASS,PASS,666974,"Cano, Yennier",SB,2B,1.188,low,ball_pts 4.0 outside 5-
a5a6414d-525e-3711-87d2-5747ba2d4d64,HOME,59.705846796955164,5.1,177.0,106.0,R,0.14,24.12,9.0,PASS,PASS,676879,"Ashby, Aaron",SB,2B,1.189,high,
b6fcf432-080d-3565-81fb-a82279f463b7,HOME,59.82734863563025,4.2,172.0,109.0,L,0.17,23.82,9.0,PASS,PASS,686613,"Brown, Hunter",SB,2B,1.053,high,
0077d731-82cf-343f-8d8e-e999727c77e1,HOME,59.85592443530334,4.9,182.0,122.0,L,0.37,17.41,9.0,PASS,PASS,672578,"Hernández, Carlos",SB,2B,1.002,low,release_to_wrist 0.37 outside -0.32
6288d1c8-eefe-3f17-b3c1-ccca4e3afa62,HOME,59.668456978346,7.1,184.0,123.0,L,0.17,17.45,8.0,PASS,PASS,690990,"Horton, Cade",CS,2B,1.022,high,
ddf2d337-2da1-3c3d-8635-2adbd4a32044,HOME,59.77202947956494,4.1,169.0,111.0,L,0.22,24.86,9.0,PASS,PASS,607625,"Lugo, Seth",SB,2B,0.97,high,
37b790f9-6a2c-32ea-834f-a9adc648131b,AWAY,59.823659977971474,10.1,148.0,119.0,L,0.11,9.74,5.0,PASS,cut_in_window,693821,"Elder, Bryce",SB,2B,0.485,low,delivery_s 0.485 outside 0.7-1.31
f25f4aa6-f104-3446-a243-19c078ffbdc1,HOME,59.65781553963055,6.0,180.0,102.0,L,0.2,19.57,5.0,PASS,PASS,691587,"Pérez, Eury",SB,2B,1.307,high,
eae1d77b-81cf-35eb-b762-2398e52471ea,HOME,59.770770666943264,4.4,177.0,106.0,R,0.17,16.43,9.0,PASS,PASS,687888,"Walter, Brandon",SB,2B,1.188,high,
beca5176-314f-3999-987b-2b327a527e95,AWAY,59.66361476304273,9.8,180.0,121.0,L,0.26,15.63,8.0,PASS,no_release,701581,"Festa, David",SB,2B,0.989,high,
a068590e-77be-3c5d-9b71-65134e7e896c,AWAY,59.77560276915732,8.4,177.0,111.0,R,0.11,22.65,8.0,PASS,cut_in_window,608650,"Enns, Dietrich",SB,2B,1.104,high,
455d9081-c7b0-3ff2-bb0c-b1dbb77ccd11,HOME,59.69449039266518,5.7,181.0,126.0,L,0.25,13.32,8.0,PASS,PASS,701581,"Festa, David",SB,2B,0.921,high,
7163fb73-811a-38cd-bc0f-123fd59228ea,HOME,59.80262056571329,3.9,168.0,108.0,L,0.19,23.57,9.0,PASS,PASS,607179,"Weems, Jordan",SB,2B,1.003,high,
dba230a7-8b1e-35b6-9b9a-a4f4b6a70729,HOME,59.81077478297623,4.0,180.0,110.0,L,0.15,31.05,6.0,PASS,PASS,621242,"Díaz, Edwin",CS,2B,1.17,high,
1138c92f-cdf6-3c6f-a19b-384e031ad329,HOME,59.80832338541692,3.9,178.0,108.0,L,0.37,23.12,9.0,PASS,PASS,623211,"Brazobán, Huascar",SB,2B,1.17,low,release_to_wrist 0.37 outside -0.32
ec3ebf94-27f5-399f-affd-997d50b14dc2,AWAY,59.75039753288681,9.899999999999999,177.0,,,0.21,,6.0,no_set_before_lift,cut_in_window,663978,"Paddack, Chris",SB,2B,,not measured,no_set_before_lift
d9b070a6-f328-3b93-8e52-1ef21ea66fcd,HOME,59.67890080227937,4.1,181.0,131.0,L,0.23,2.73,9.0,PASS,PASS,608337,"Giolito, Lucas",SB,2B,0.838,low,lift_peak_in 2.73 outside 4.28-
24ff72ad-6081-3592-8ada-952409a00033,AWAY,59.63884048788215,4.8,,,,,,,no_release,no_release,647336,"Soroka, Michael",SB,2B,,not measured,no_release
fbe6de44-a2a7-32b6-8312-70ebdc6f0691,AWAY,59.825351954994545,8.9,181.0,104.0,L,0.18,30.1,9.0,cut_in_window,cut_in_window,681190,"Vásquez, Randy",SB,2B,,not measured,cut_in_window
9ea13827-ae3a-3a7d-8410-f75ce58b9ace,AWAY,59.69587284144255,8.0,,,,,,,no_release,no_release,660825,"Bazardo, Eduard",SB,3B,,not measured,no_release
6e319d83-cd58-3f6f-a592-2f0394fb33f6,HOME,59.74381805684971,4.0,181.0,129.0,L,0.41,9.53,7.0,PASS,PASS,687330,"Kelly, Kevin",SB,2B,0.87,low,release_to_wrist 0.41 outside -0.32
e2e9d059-6ef2-3b07-a328-cde7b3e13b47,AWAY,59.75899086232412,6.0,,,,,,,no_release,no_release,677952,"Ashcraft, Braxton",CS,2B,,not measured,no_release
e08becb8-bcdd-3d55-822f-5ffd538789f9,AWAY,59.76811278645692,12.0,175.0,119.0,L,0.3,11.09,4.0,PASS,cut_in_window,669622,"Bender, Anthony",SB,2B,0.937,low,ball_pts 4.0 outside 5-
bcf8c816-dc9e-3c47-94d8-acf76335c99d,AWAY,59.73984414728541,8.4,178.0,118.0,L,0.23,31.54,9.0,PASS,cut_in_window,681190,"Vásquez, Randy",SB,2B,1.004,high,
8199a2d8-f1cc-3993-a5a8-21d161335ae5,AWAY,59.772201498732606,5.6000000000000005,177.0,100.0,L,0.13,4.47,9.0,cut_in_window,not_cf_view,647336,"Soroka, Michael",SB,2B,,not measured,cut_in_window
83f5c452-3458-3328-a9aa-34c905e3d6b9,AWAY,59.81445832554816,6.699999999999999,178.0,,,0.28,,8.0,cut_in_window,no_release,663158,"Suarez, Robert",SB,2B,,not measured,cut_in_window
99022f74-323b-33c6-88c9-8ece924ded95,AWAY,59.729497008825,7.699999999999999,,,,,,,no_release,no_release,592779,"Stewart, Brock",SB,2B,,not measured,no_release
52e0414e-41a3-39d9-9730-54c723003fa4,AWAY,59.793234083664885,8.3,177.0,123.0,L,0.36,10.77,8.0,PASS,cut_in_window,641793,"Littell, Zack",SB,2B,0.903,low,release_to_wrist 0.36 outside -0.32
82958513-cb40-38de-bfc6-dfc201ca9de4,AWAY,59.79599496973898,8.2,,,,,,,no_release,no_release,455119,"Martin, Chris",SB,2B,,not measured,no_release
f2bec915-e262-31ce-a834-7ee764a1e3b3,AWAY,59.781102600656524,7.8,179.0,111.0,L,0.1,32.75,9.0,PASS,no_set_before_lift,592779,"Stewart, Brock",CS,3B,1.137,high,
d8d83b9c-cab0-32b1-93a7-52821d5d99e6,AWAY,59.73822697966304,7.9,179.0,,,0.14,,9.0,no_set_before_lift,no_set_before_lift,702795,"Loutos, Ryan",SB,2B,,not measured,no_set_before_lift
3b3f14c0-85ce-3dd2-ba29-04603eb0007e,AWAY,59.825909969301335,8.8,179.0,,,0.39,,7.0,cut_in_window,cut_in_window,605288,"Houser, Adrian",SB,2B,,not measured,cut_in_window
0f16cbd4-29e4-3a03-926a-f98e2cb5c658,AWAY,59.74523621177324,9.899999999999999,176.0,128.0,L,0.34,7.58,9.0,PASS,cut_in_window,628452,"Iglesias, Raisel",SB,2B,0.803,low,release_to_wrist 0.34 outside -0.32
83855979-d8fd-3523-af63-1e8baa2763fa,AWAY,59.75740993486988,9.6,202.0,,,0.11,,9.0,no_set_before_lift,no_set_before_lift,669461,"Liberatore, Matthew",SB,3B,,not measured,no_set_before_lift
ccdafa6a-954d-325f-8a28-4270bcef2151,AWAY,59.79875635103709,8.2,183.0,121.0,L,0.71,20.46,9.0,release_not_at_hand,cut_in_window,615698,"Quantrill, Cal",SB,2B,,not measured,release_not_at_hand
770a0c90-c6e3-3d87-9841-26a5113a11fd,HOME,59.78717446093531,3.5,180.0,130.0,R,0.13,12.25,7.0,PASS,PASS,607481,"Bummer, Aaron",SB,2B,0.836,high,
32478843-afcb-381c-89ac-ebdcd461388e,HOME,59.66604660054262,3.5,179.0,108.0,R,0.12,26.19,9.0,PASS,PASS,664285,"Valdez, Framber",SB,2B,1.19,high,
ee5282b4-46eb-3e81-a503-710027a0c349,AWAY,59.72597422517443,6.800000000000001,188.0,120.0,R,0.17,17.49,6.0,PASS,not_cf_view,666157,"Lodolo, Nick",SB,2B,1.139,high,
9d50030f-cea3-37f9-826a-3cf498ffaf0b,AWAY,59.59282853433979,6.9,,,,,,,no_release,no_release,453286,"Scherzer, Max",SB,3B,,not measured,no_release
b25d8ee4-a8fc-3c94-9349-dfeb667386a3,HOME,59.68320876221848,3.6,177.0,118.0,L,0.11,18.04,9.0,PASS,PASS,663773,"Hoeing, Bryan",SB,2B,0.989,high,
eb88eb2f-520c-323e-b906-63ac59b5c2c7,HOME,59.83737922583091,3.8,178.0,107.0,R,0.14,25.01,9.0,PASS,PASS,664285,"Valdez, Framber",SB,2B,1.187,high,
a74814e1-aa1a-3a2f-aae6-9eaa506da1cf,AWAY,,3.7,,,,,,,no_clip,no_set_before_lift,663554,"Mize, Casey",SB,2B,,not measured,no_clip
543e99a9-4f9a-31cf-8f63-dcc3d881696c,HOME,59.85027930130341,3.8,175.0,110.0,L,0.36,20.79,5.0,PASS,PASS,681347,"Burrows, Mike",SB,3B,1.086,low,release_to_wrist 0.36 outside -0.32
45852302-a00b-3919-8b58-0e120109c861,HOME,59.78648335996084,3.8,177.0,119.0,L,0.14,19.04,9.0,PASS,PASS,661395,"Duran, Jhoan",SB,2B,0.97,high,
b88aee8f-c9e4-39cc-832e-7dcbb265883e,AWAY,59.80470749587104,7.5,179.0,117.0,R,0.11,20.47,9.0,PASS,cut_in_window,607074,"Rodón, Carlos",SB,2B,1.037,high,
f193ac6c-9689-36a4-b00a-a2eb1b5d0b1a,HOME,59.78880626937991,3.8,183.0,118.0,L,0.17,17.97,9.0,PASS,PASS,663554,"Mize, Casey",CS,2B,1.087,high,
b57343c7-b08d-3de4-90ed-3f0d26d86462,AWAY,59.85125355701774,7.8,181.0,,,0.1,,9.0,cut_in_window,cut_in_window,607074,"Rodón, Carlos",SB,2B,,not measured,cut_in_window
5164ec53-a541-3c2b-87fc-a286f7aaec50,AWAY,59.78054040339972,7.6,,,,,,,no_release,no_release,665795,"Cabrera, Edward",SB,2B,,not measured,no_release
079f998f-74a1-3e90-8472-3f789be6864a,AWAY,59.7820947115782,7.6,181.0,,,0.29,,9.0,no_set_before_lift,no_set_before_lift,661403,"Clase, Emmanuel",SB,2B,,not measured,no_set_before_lift
634c2451-f8f4-3805-b3b6-1521935ad064,HOME,59.848678058318455,4.6,180.0,129.0,L,0.34,4.25,9.0,PASS,PASS,647315,"Pop, Zach",SB,2B,0.852,low,release_to_wrist 0.34 outside -0.32; lift_peak_in 4.25 outside 4.28-
a10440af-2386-3f06-914d-f2f8cc0db9af,HOME,59.745522810572425,4.0,178.0,131.0,L,0.29,4.68,5.0,PASS,PASS,657746,"Ryan, Joe",CS,2B,0.787,high,
41ff5156-a2d9-3aed-8283-706f03cbfdab,HOME,59.69416208996124,3.8,181.0,122.0,L,0.17,14.18,9.0,PASS,PASS,678024,"Vasil, Mike",SB,2B,0.988,high,
d32698d5-41fb-3754-a249-c4683463b718,HOME,59.77258031447632,3.6,178.0,116.0,L,0.15,34.79,9.0,PASS,PASS,695505,"Burns, Chase",CS,2B,1.037,high,
47518a53-5f16-332f-be59-425dff7eecff,HOME,59.72047763662093,3.8,180.0,110.0,R,0.17,38.53,9.0,PASS,PASS,829272,"Ogasawara, Shinnosuke",SB,2B,1.172,high,
101204ae-6aeb-37f1-bc59-6f38ebdab599,HOME,59.810212615380635,3.6,173.0,124.0,L,0.16,3.75,9.0,PASS,PASS,683004,"Leiter, Jack",SB,2B,0.819,low,lift_peak_in 3.75 outside 4.28-
027d1c9d-8953-3574-a22d-82e701069ecd,HOME,59.84705751967195,3.6,175.0,117.0,L,0.13,16.96,9.0,PASS,PASS,547179,"Lorenzen, Michael",SB,2B,0.969,high,
4ec8232d-5247-3537-bb09-fcda7e40aabe,HOME,59.81526749458113,5.4,181.0,118.0,L,0.19,21.98,8.0,PASS,PASS,801403,"Dollander, Chase",SB,2B,1.053,high,
725990cb-51f8-3c19-afaf-98b776696546,HOME,59.824450096032564,3.6,177.0,126.0,L,0.12,18.88,9.0,PASS,PASS,686826,"Jarvis, Bryce",SB,2B,0.852,high,
de5bf929-7b57-3ce6-8a7a-54b1c0497592,HOME,59.76298083112554,5.2,177.0,119.0,L,0.22,27.46,6.0,PASS,PASS,671212,"Boyle, Joe",SB,2B,0.971,high,
880dbddd-c2c9-335c-b187-20e7675c2ba7,AWAY,,3.9,,,,,,,no_clip,cut_in_window,656641,"Latz, Jacob",SB,2B,,not measured,no_clip
fbf21118-4e6c-3cb4-ab3e-225eb30358d6,HOME,59.74101286182429,3.6,174.0,118.0,L,0.28,17.82,9.0,PASS,PASS,657746,"Ryan, Joe",CS,2B,0.937,high,
8d62b8d0-8a95-3e4b-9bca-7e71275e28e0,AWAY,59.70933442570396,6.9,,,,,,,no_release,no_release,678024,"Vasil, Mike",SB,2B,,not measured,no_release
c01cf3b2-28e2-3322-9195-e8c3032be0cb,HOME,59.66989636281158,3.6,184.0,127.0,L,0.14,13.86,9.0,PASS,PASS,607200,"Fedde, Erick",SB,2B,0.955,high,
5c4077c8-06e5-310a-a985-1e52f00c6551,HOME,59.72178241585804,3.6,176.0,109.0,L,0.19,19.82,9.0,PASS,PASS,621114,"Burr, Ryan",SB,2B,1.122,high,
7158ed00-62cc-3501-9754-91131a014fb5,HOME,59.779105018354635,3.6,180.0,129.0,L,0.19,8.53,9.0,PASS,PASS,607200,"Fedde, Erick",SB,2B,0.853,high,
ec4f9ce5-c151-38fa-b8f6-d53ba2cd3368,AWAY,59.82073634249192,6.7,,,,,,,no_release,cut_in_window,608331,"Fried, Max",SB,2B,,not measured,no_release
de2ff1cc-2584-34fd-ae48-7d89b13d9cac,HOME,59.783812073511946,5.2,182.0,111.0,R,0.15,21.37,6.0,PASS,PASS,596295,"Gomber, Austin",CS,3B,1.188,high,
7ec7fe77-542b-3f71-ac8b-c843ce42ef00,HOME,59.76495621111667,3.6,172.0,113.0,L,0.28,23.67,9.0,PASS,PASS,674384,"Núñez, Eduarniel",SB,2B,0.987,high,
fef7213a-85ea-3422-9b46-66d9acc3fd93,HOME,59.74750694532779,3.6,181.0,120.0,L,0.18,16.58,9.0,PASS,PASS,690916,"Fitts, Richard",CS,2B,1.021,high,
04152a7f-4532-3bcd-80c6-832553c08556,HOME,59.739531649391665,3.7,180.0,120.0,L,0.21,21.95,9.0,PASS,PASS,680732,"Burke, Sean",SB,2B,1.004,high,
b1ff7123-52b0-3e08-b00e-ce4ee50d2ea5,HOME,59.78346609741535,3.5,172.0,109.0,L,0.18,22.29,9.0,PASS,PASS,674384,"Núñez, Eduarniel",CS,2B,1.054,high,
71781de4-de16-3c29-a312-5a1b2f1eff63,AWAY,59.72318417676246,7.3,176.0,124.0,L,0.1,8.27,6.0,PASS,not_cf_view,663903,"Singer, Brady",SB,2B,0.871,high,
1b013b34-f9c9-380e-874f-148f8b0dfa6f,AWAY,59.7673725022368,7.5,180.0,112.0,L,0.12,18.33,7.0,PASS,cut_in_window,593576,"Neris, Héctor",SB,2B,1.138,high,
6cf3072f-3662-33c9-9945-29fcaedd074b,AWAY,59.64132989702279,4.9,180.0,126.0,R,0.2,10.01,9.0,PASS,not_cf_view,684007,"Imanaga, Shota",SB,2B,0.905,high,
a95b7356-eea0-3555-b2ee-c4a8ec529f7c,AWAY,59.75717484643672,8.1,180.0,126.0,L,0.21,13.4,9.0,PASS,cut_in_window,605280,"Holmes, Clay",SB,2B,0.904,high,
ea4b408d-6aa1-3cd6-bc7f-837b6ef26a16,AWAY,59.886861141908206,9.9,175.0,,,0.13,,9.0,no_set_before_lift,no_set_before_lift,592662,"Ray, Robbie",CS,3B,,not measured,no_set_before_lift
10873769-9cb2-39f4-b453-3addb633466b,HOME,59.774420209245676,4.0,188.0,118.0,R,0.14,31.7,9.0,PASS,PASS,592662,"Ray, Robbie",SB,2B,1.171,high,
75a66471-1a36-3ab0-a039-3f267d8bcdc9,AWAY,59.73155785500732,8.0,180.0,114.0,L,0.2,20.73,9.0,PASS,cut_in_window,642585,"Bautista, Félix",SB,2B,1.105,high,
a3c8d293-5782-33f2-bcfe-aa5f69bde74d,AWAY,59.7880036055361,8.1,174.0,96.0,R,0.18,26.49,9.0,cut_in_window,cut_in_window,592662,"Ray, Robbie",SB,3B,,not measured,cut_in_window
79e73a22-56d8-3c14-964a-72b776a3a00c,HOME,59.84319395925728,4.3,197.0,139.0,L,0.19,15.09,8.0,PASS,PASS,669302,"Gilbert, Logan",CS,2B,0.969,high,
6af868d9-9120-310e-be2e-c75f6e143473,HOME,59.71540317882999,4.6,181.0,121.0,L,0.14,21.49,9.0,PASS,PASS,686752,"Pepiot, Ryan",SB,2B,1.005,high,
f4b9042f-36b4-313f-998d-9b760679d0d2,AWAY,59.789741438796355,10.1,173.0,114.0,L,0.19,16.32,9.0,PASS,cut_in_window,592094,"Adam, Jason",SB,2B,0.987,high,
bb97d95e-d1bc-3321-aaae-6ef35c27fb97,HOME,59.859295865848146,4.0,178.0,117.0,L,0.29,11.88,8.0,PASS,PASS,489446,"Yates, Kirby",CS,3B,1.019,high,
85f6d48e-8637-3890-b77d-46dfb2df4c00,HOME,59.68094181683799,3.9,176.0,112.0,L,0.2,14.41,9.0,PASS,PASS,670955,"Uceta, Edwin",SB,2B,1.072,high,
4aa28d38-e358-36eb-8486-dad101063fd1,HOME,59.638753049277845,4.1,197.0,137.0,R,0.15,18.32,9.0,PASS,PASS,663460,"Bubic, Kris",CS,3B,1.006,high,
4d171b6c-1dd8-3175-b375-64c1d639c7cd,AWAY,59.736374684490976,9.6,174.0,113.0,R,0.12,20.95,7.0,PASS,release_not_at_hand,676879,"Ashby, Aaron",SB,3B,1.021,high,
292820bd-da5f-394c-bdfc-a5337c4dacc5,HOME,59.841429801000075,4.1,175.0,109.0,L,0.12,29.82,7.0,PASS,PASS,607192,"Glasnow, Tyler",SB,3B,1.103,high,
78517efb-c4c7-3adf-a1f2-1fefb0b454e3,AWAY,59.73591447928195,8.1,179.0,121.0,L,0.23,6.2,7.0,PASS,no_release,608337,"Giolito, Lucas",CS,2B,0.971,high,
24d9bf78-4af1-3731-809e-08dbadd863a8,HOME,59.76866516647795,3.8,179.0,116.0,R,0.09,17.25,9.0,PASS,PASS,676428,"Hurter, Brant",SB,2B,1.054,high,
121fa2d7-1c27-3c72-a95a-fdb8fcb605b8,HOME,59.69121276473627,3.7,178.0,118.0,L,0.13,15.29,9.0,PASS,PASS,645261,"Alcantara, Sandy",SB,2B,1.005,high,
0757cb9d-201c-3570-9b19-f31412550e43,AWAY,59.81355908390941,6.3,208.0,,,1.17,,9.0,release_not_at_hand,no_release,676508,"Casparius, Ben",SB,2B,,not measured,release_not_at_hand
15f14ee8-6d96-37af-82d1-eeaee389d2d3,HOME,59.81258722668971,3.7,182.0,113.0,L,0.16,19.44,9.0,PASS,PASS,663423,"Thornton, Trent",CS,2B,1.154,high,
2c19548c-51ec-3672-8e49-633216e63c82,AWAY,59.806459651405866,8.2,177.0,104.0,L,0.15,5.92,9.0,cut_in_window,no_release,676508,"Casparius, Ben",CS,2B,,not measured,cut_in_window
14c725b6-b3e8-30e9-8667-7ab38de18f71,HOME,59.76602872963486,3.7,180.0,125.0,L,0.13,14.06,9.0,PASS,PASS,681857,"Olson, Reese",SB,2B,0.92,high,
7d710b6c-d24b-347d-9a61-30ef20f1f89c,HOME,59.68710840425783,3.6,176.0,110.0,L,0.43,19.29,5.0,PASS,PASS,592426,"Jackson, Luke",SB,2B,1.106,low,release_to_wrist 0.43 outside -0.32
cba9c00b-8dc0-398b-b8cb-3c4223c6b80e,HOME,59.72864849951345,3.6,177.0,118.0,L,0.2,14.64,7.0,PASS,PASS,690990,"Horton, Cade",SB,2B,0.988,high,
f1f53f18-ebff-3b0e-85a1-8b09d2b307af,AWAY,59.79849298526593,8.0,175.0,,,0.16,,9.0,no_set_before_lift,no_set_before_lift,543294,"Hendricks, Kyle",SB,2B,,not measured,no_set_before_lift
19710dbd-476c-3a48-acc2-85180d42a731,AWAY,59.705709819193665,8.4,178.0,138.0,L,0.13,5.26,9.0,cut_in_window,no_set_before_lift,543294,"Hendricks, Kyle",SB,2B,,not measured,cut_in_window
86fe1716-ed09-3e4c-ba8e-b6ab9f29d8eb,HOME,59.833501290712135,3.7,176.0,141.0,L,0.24,3.63,9.0,PASS,PASS,607192,"Glasnow, Tyler",SB,3B,0.585,low,lift_peak_in 3.63 outside 4.28-; delivery_s 0.585 outside 0.7-1.31
4d709a25-c972-357d-94f8-e2739cc841e9,AWAY,59.795289069186666,7.5,171.0,,,0.19,,9.0,no_set_before_lift,no_set_before_lift,543294,"Hendricks, Kyle",SB,3B,,not measured,no_set_before_lift
e51a1197-90b2-3323-9f7f-36fbe12eddd5,AWAY,59.885704424473325,8.1,,,,,,,no_release,no_release,672841,"Vargas, Carlos",CS,2B,,not measured,no_release
2c118984-03f3-3cf4-935b-d80faf8f7e11,AWAY,59.69470775111708,7.6,176.0,,,0.14,,9.0,no_set_before_lift,no_set_before_lift,671096,"Abbott, Andrew",SB,2B,,not measured,no_set_before_lift
0228b5b2-6f14-3c0f-9fbd-56868acbf840,HOME,59.78076174480622,3.7,181.0,109.0,R,0.17,22.43,9.0,PASS,PASS,656986,"Sousa, Bennett",SB,3B,1.204,high,
00626d72-c471-3ed3-9769-7e05af0bee3d,HOME,59.76370026314395,3.7,195.0,144.0,L,0.22,14.76,9.0,PASS,PASS,677952,"Ashcraft, Braxton",SB,2B,0.853,high,
7104763d-a686-3599-a40e-8a89c7fb7abf,HOME,59.74317685691016,3.9,179.0,117.0,R,0.07,25.2,7.0,PASS,PASS,608650,"Enns, Dietrich",SB,2B,1.038,high,
b52476a9-a979-31ba-974b-0bbeee0c1805,AWAY,59.67064547177533,8.1,181.0,134.0,L,0.1,13.99,9.0,PASS,cut_in_window,663795,"Hagenman, Justin",SB,2B,0.788,high,
f65cd7bd-54f1-35f5-aacc-31a4cead7caa,AWAY,59.84233243362148,7.5,174.0,94.0,L,0.45,9.41,8.0,cut_in_window,cut_in_window,669093,"Estrada, Jeremiah",SB,2B,,not measured,cut_in_window
b1f06ce1-5940-340d-af9d-7b117edcf3c3,HOME,59.744329413831984,3.7,183.0,124.0,L,0.37,9.28,9.0,PASS,PASS,671737,"Bradley, Taj",SB,2B,0.988,low,release_to_wrist 0.37 outside -0.32
c5ce1297-26fb-3682-926e-beef5f29782e,HOME,59.87405225016407,5.3,177.0,122.0,L,0.14,15.06,9.0,PASS,PASS,621111,"Buehler, Walker",SB,2B,0.919,high,
77a1e459-a40f-37b4-8d1d-7b6ece3a01d9,AWAY,59.77371061166192,5.0,181.0,121.0,L,0.2,22.87,9.0,PASS,not_cf_view,641329,"Baker, Bryan",SB,2B,1.004,high,
397ef4fb-772c-3e63-a93b-216a0eb816f8,HOME,59.770114942528735,5.5,180.0,113.0,L,0.15,21.69,9.0,PASS,PASS,615698,"Quantrill, Cal",SB,2B,1.121,high,
1ee099a9-7dc9-3774-96b5-6cdeac97fc71,AWAY,59.76532314195885,6.5,178.0,124.0,L,0.2,10.45,9.0,PASS,no_release,450203,"Morton, Charlie",SB,2B,0.904,high,
26726b05-b4a9-35b7-be4a-b59c46fb9d87,AWAY,59.84189355519556,8.2,,,,,,,no_release,cut_in_window,641329,"Baker, Bryan",SB,2B,,not measured,no_release
1092203a-c3b5-3237-afb2-ae4146a27f3e,AWAY,59.70524957816943,8.4,185.0,119.0,R,0.64,22.22,6.0,release_not_at_hand,release_not_at_hand,666157,"Lodolo, Nick",SB,2B,,not measured,release_not_at_hand
4250acc1-101d-3da0-8308-ab56bc42cd22,AWAY,59.71242596119634,8.0,179.0,116.0,L,0.24,16.14,5.0,PASS,cut_in_window,686993,"Sterner, Justin",SB,3B,1.055,high,
4264ed80-235f-3a18-af20-822344e33045,AWAY,59.73844851567482,7.8999999999999995,183.0,,,0.8,,9.0,release_not_at_hand,no_set_before_lift,592094,"Adam, Jason",SB,2B,,not measured,release_not_at_hand
5161a0a1-a1e0-3eca-8e84-5b02c4134d00,HOME,59.699472045485315,3.9,177.0,113.0,L,0.2,22.98,9.0,PASS,PASS,675911,"Strider, Spencer",SB,2B,1.072,high,
7297e0f4-dc74-3412-ab4e-c58907dae9ba,AWAY,59.72896403630655,8.2,180.0,125.0,L,0.16,12.12,8.0,PASS,cut_in_window,608372,"Sugano, Tomoyuki",SB,2B,0.921,high,
fd485418-51c1-32a3-b49c-630b8b16bae3,AWAY,59.87919434145721,6.9,,,,,,,no_release,no_release,675911,"Strider, Spencer",CS,2B,,not measured,no_release
95c377c1-c286-35a8-ae71-0b6284a71c3c,HOME,59.71508249868321,3.9,179.0,124.0,L,0.13,5.37,9.0,PASS,PASS,671131,"Rutledge, Jackson",SB,2B,0.921,high,
83222208-1594-39bf-8de6-407b6f2253e9,HOME,59.76960900714108,3.6,182.0,128.0,L,0.19,11.51,9.0,PASS,PASS,608372,"Sugano, Tomoyuki",SB,2B,0.903,high,
31c9d77f-e2d3-37f4-83f4-46c25d78f70b,AWAY,59.76844426623897,7.8999999999999995,,,,,,,no_release,no_release,674370,"Bido, Osvaldo",SB,2B,,not measured,no_release
cfa62420-39f9-3df5-92c2-c3842b461b95,HOME,59.785361493848974,3.6,176.0,113.0,L,0.16,20.36,9.0,PASS,PASS,543101,"DeSclafani, Anthony",SB,3B,1.054,high,
f5c8709a-d8d7-31d4-9fc8-53bd15e453d5,HOME,59.68303090090101,3.7,192.0,126.0,L,0.31,15.0,9.0,PASS,PASS,678495,"Rodríguez, Randy",SB,2B,1.106,high,
5e080ef0-9555-379d-8c22-162bedf2fe26,HOME,59.691967567136366,3.4,169.0,98.0,L,0.17,32.48,9.0,PASS,PASS,673929,"Leasure, Jordan",SB,3B,1.189,high,
de3f12b5-1900-38c7-9818-d9be3d221a0f,AWAY,59.674669370075115,8.1,178.0,117.0,L,0.12,16.88,7.0,PASS,cut_in_window,657746,"Ryan, Joe",SB,2B,1.022,high,
2a692027-65f9-3ec9-aad0-3a82c32e730c,AWAY,,4.2,,,,,,,no_clip,cut_in_window,622491,"Castillo, Luis",SB,2B,,not measured,no_clip
83c95724-84d4-3124-a0cb-599cf189f712,HOME,59.81633574762056,3.6,169.0,107.0,R,0.13,27.79,9.0,PASS,PASS,624133,"Suarez, Ranger",SB,2B,1.037,high,
00a410f6-6f10-3c49-be19-084771254008,AWAY,59.735753533344294,22.299999999999997,187.0,120.0,L,0.79,10.49,8.0,release_not_at_hand,not_cf_view,672391,"Ort, Kaleb",SB,2B,,not measured,release_not_at_hand
714f7ed9-3c1a-3279-b95b-02486f6229d4,AWAY,59.7458517438054,6.9,,,,,,,no_release,no_release,608566,"Márquez, Germán",SB,2B,,not measured,no_release
0a07629a-dd36-362e-9d59-686aa3941bda,HOME,59.67067366208882,3.6,177.0,120.0,R,0.27,26.3,9.0,PASS,PASS,543056,"Coulombe, Danny",SB,2B,0.955,high,
a1b498eb-2b05-32e1-ba45-0b0301960117,AWAY,,4.0,,,,,,,no_clip,cut_in_window,660825,"Bazardo, Eduard",SB,2B,,not measured,no_clip
0e023fb1-193f-3459-bb6b-fd8fecb47791,HOME,59.71096141796221,5.6,177.0,117.0,L,0.37,19.22,9.0,PASS,PASS,661395,"Duran, Jhoan",SB,2B,1.005,low,release_to_wrist 0.37 outside -0.32
1aff9ef8-c841-3a2b-b27a-438b2c330ebc,HOME,59.62573630571547,3.6,177.0,117.0,L,0.18,16.14,9.0,PASS,PASS,665795,"Cabrera, Edward",SB,2B,1.006,high,
d62399f7-7ed5-3c7b-9241-6884758879e6,HOME,59.81649003866557,3.7,180.0,120.0,R,0.13,19.41,9.0,PASS,PASS,607074,"Rodón, Carlos",SB,2B,1.003,high,
39af8543-65f2-321c-94bd-d21f7cf17182,HOME,59.69331311972466,3.6,181.0,119.0,L,0.3,19.96,9.0,PASS,PASS,623211,"Brazobán, Huascar",CS,2B,1.039,high,
507b0ab9-e661-3a56-8926-4ab8c641f0a4,AWAY,59.774733236727705,9.1,173.0,111.0,L,0.11,16.05,9.0,PASS,cut_in_window,657277,"Webb, Logan",SB,2B,1.037,high,
36a4f65f-8e58-37c5-9003-3b0d8f13ac0f,AWAY,59.79400871816722,8.899999999999999,177.0,111.0,R,0.13,25.08,9.0,PASS,cut_in_window,458677,"Wilson, Justin",CS,3B,1.104,high,
95863d6a-b01a-3814-bb12-86ef0683e602,HOME,59.7380639451559,5.3,182.0,107.0,R,0.13,27.37,9.0,PASS,PASS,664285,"Valdez, Framber",SB,3B,1.255,high,
a2cb847a-802d-3b7e-86ad-f9c1cdb40a8e,AWAY,59.85141552748829,8.100000000000001,177.0,99.0,L,0.22,18.14,9.0,cut_in_window,no_set_before_lift,663554,"Mize, Casey",SB,2B,,not measured,cut_in_window
3a88c806-aa1c-3ea0-b61a-247fce4415ed,HOME,59.78494333728182,3.6,175.0,129.0,R,0.14,3.27,9.0,PASS,PASS,829272,"Ogasawara, Shinnosuke",CS,2B,0.769,low,lift_peak_in 3.27 outside 4.28-
68961cfd-84b1-30db-add4-7df091a9ae4d,AWAY,59.74003301624818,7.699999999999999,,,,,,,no_release,cut_in_window,643338,"Green, Chad",SB,2B,,not measured,no_release
40b812ae-521d-365b-8474-5ac6a312ae13,AWAY,59.83429563433511,7.300000000000001,175.0,,,0.13,,9.0,no_set_before_lift,no_set_before_lift,668678,"Gallen, Zac",CS,2B,,not measured,no_set_before_lift
4291f772-f3cf-3489-ac45-dbf6994a1f34,AWAY,59.66263637461587,7.5,179.0,111.0,R,0.09,23.03,9.0,PASS,no_set_before_lift,656457,"Gilbert, Tyler",SB,3B,1.14,high,
051d9fec-1530-3159-8932-ee1d440e017a,HOME,59.660255339820566,3.6,176.0,118.0,L,0.23,11.26,9.0,PASS,PASS,680742,"Bowlan, Jonathan",SB,2B,0.972,high,
4e9b3aa5-ab1e-334f-b91d-a4ba1400884b,HOME,59.71719022715761,3.6,178.0,117.0,R,0.1,20.98,9.0,PASS,PASS,656457,"Gilbert, Tyler",SB,2B,1.021,high,
0c8e0c44-79f5-3ff0-a5e9-3ca581c0adb7,AWAY,59.55499608750383,8.3,181.0,107.0,L,0.23,17.42,9.0,cut_in_window,no_release,680732,"Burke, Sean",SB,2B,,not measured,cut_in_window
1e4bfc9f-5be2-324c-8c25-e1de4fc61354,HOME,59.72448639928988,5.3,180.0,128.0,L,0.19,16.74,9.0,PASS,PASS,621051,"Wilson, Steven",SB,2B,0.871,high,
1e51c74b-19e4-3422-af76-573837afadc5,AWAY,59.70809376382132,8.0,180.0,,,0.1,,9.0,cut_in_window,cut_in_window,621242,"Díaz, Edwin",CS,2B,,not measured,cut_in_window
d5950f13-0eb6-3e08-8025-048385767ac0,AWAY,59.735730032857475,7.6,179.0,122.0,L,0.16,22.02,9.0,cut_in_window,not_cf_view,663554,"Mize, Casey",SB,2B,,not measured,cut_in_window
e3fb488f-a080-3146-b74b-5a6d6f706d6d,AWAY,59.75372336930775,8.8,158.0,119.0,L,0.05,21.35,9.0,PASS,no_release,656240,"Blewett, Scott",SB,2B,0.653,low,delivery_s 0.653 outside 0.7-1.31
24775ed0-28a2-3381-87ec-97ab7163dbc2,AWAY,59.72489258942194,6.9,,,,,,,no_release,no_release,664141,"Brubaker, JT",SB,2B,,not measured,no_release
c9c484c7-b9e1-3604-a91e-86d9d27ef7e3,AWAY,59.723086758298145,7.8,176.0,117.0,L,0.3,21.95,9.0,PASS,cut_in_window,605540,"Woodruff, Brandon",SB,2B,0.988,high,
0af6700f-dc2c-3750-a5f2-b5e1fe4d635c,HOME,59.76251730643964,3.6,186.0,130.0,L,0.56,11.32,6.0,PASS,PASS,681982,"Anderson, Grant",SB,2B,0.937,low,release_to_wrist 0.56 outside -0.32
ec41bb1f-96dc-3849-bd29-3b00910e8fdf,AWAY,59.699316628701595,7.2,,,,,,,no_release,no_release,669358,"Baz, Shane",SB,2B,,not measured,no_release
f483efe9-b859-316a-a531-0105dc8bffc4,AWAY,59.777725371726405,4.9,180.0,120.0,L,0.13,8.12,9.0,PASS,not_cf_view,670955,"Uceta, Edwin",SB,2B,1.004,high,
9afa464e-7872-30c5-a79d-32a5c8a2d1e7,AWAY,59.67301752975096,6.1,176.0,113.0,L,0.17,17.08,9.0,not_cf_view,no_release,676083,"Junk, Janson",SB,2B,,not measured,not_cf_view
32760800-df2f-32b0-a6b2-a5b99cec219f,HOME,59.825433777465754,3.7,180.0,111.0,R,0.13,24.1,9.0,PASS,PASS,669432,"Rogers, Trevor",CS,2B,1.153,high,
1412a80c-3f6b-32c2-b7b6-dd4d8d466e00,HOME,59.7131819436103,3.7,178.0,118.0,L,0.19,14.41,9.0,PASS,PASS,676083,"Junk, Janson",SB,2B,1.005,high,
02b06e0c-12f2-3657-b9d4-49240067cc53,HOME,59.68790057955665,3.8,177.0,111.0,L,0.17,23.23,9.0,PASS,PASS,592332,"Gausman, Kevin",SB,2B,1.106,high,
89872698-6d6c-3e90-aa32-86c6d3e0a53e,AWAY,59.7685638995328,10.0,,,,,,,no_release,cut_in_window,592332,"Gausman, Kevin",CS,2B,,not measured,no_release
162e61bb-91f4-3b15-a63f-43345cf2b3a4,HOME,59.65934585310112,3.6,180.0,128.0,L,0.2,13.39,9.0,PASS,PASS,605280,"Holmes, Clay",CS,3B,0.872,high,
40fd5829-d2ed-31b8-bc32-bb5a2e72197f,HOME,59.78750472784788,3.7,186.0,129.0,L,0.45,13.24,9.0,PASS,PASS,681982,"Anderson, Grant",SB,2B,0.953,low,release_to_wrist 0.45 outside -0.32
67b60729-c71c-3eb4-91e4-9a88718bce99,AWAY,59.68130960817075,6.1,189.0,120.0,L,1.03,14.64,8.0,release_not_at_hand,no_release,669721,"Daniel, Davis",SB,2B,,not measured,release_not_at_hand
f5fee668-036f-3861-9046-257bdd313e8e,HOME,59.73250933660466,4.0,190.0,115.0,R,0.44,14.81,9.0,PASS,PASS,650911,"Sánchez, Cristopher",SB,3B,1.256,low,release_to_wrist 0.44 outside -0.32
da4c2b0a-be34-37c4-8b03-c1baff4969ac,AWAY,59.77026103811506,7.6,189.0,121.0,L,0.81,12.81,9.0,release_not_at_hand,release_not_at_hand,669721,"Daniel, Davis",SB,2B,,not measured,release_not_at_hand
a2097a07-476e-3412-b27f-255257de9f7e,HOME,59.7944885137353,3.8,175.0,110.0,R,0.13,15.81,9.0,PASS,PASS,650911,"Sánchez, Cristopher",CS,2B,1.087,high,
e94ad2eb-0f76-387c-a3b1-b440831e8413,AWAY,59.79866780187309,7.6,179.0,,,0.18,,9.0,no_set_before_lift,no_set_before_lift,650644,"Civale, Aaron",CS,2B,,not measured,no_set_before_lift
3932d560-813b-3dd0-8a77-56f0b7b1c3e6,HOME,59.690729909462384,3.9,198.0,125.0,R,0.13,25.22,9.0,PASS,PASS,677865,"Bruihl, Justin",SB,2B,1.223,high,
4b2219e5-0cfe-35b4-8dc2-10bf24abd85a,HOME,59.79577748795281,3.7,174.0,111.0,L,0.18,16.57,9.0,PASS,PASS,691587,"Pérez, Eury",CS,3B,1.054,high,
368f8001-35e1-303a-9d17-03da4fd6157d,HOME,59.75408184456373,3.8,178.0,115.0,L,0.2,23.33,8.0,PASS,PASS,601713,"Pivetta, Nick",SB,2B,1.054,high,
b85b6b73-7eb9-362b-baaa-9ee778401eb9,HOME,59.76930389673831,3.9,195.0,130.0,R,0.12,23.75,9.0,PASS,PASS,642100,"Speier, Gabe",SB,3B,1.088,high,
0239243a-dcf2-3824-8e38-98ee5a486f02,AWAY,59.82731582290883,8.8,182.0,103.0,R,0.12,7.55,9.0,cut_in_window,cut_in_window,640455,"Manaea, Sean",SB,2B,,not measured,cut_in_window
5753c468-5f42-3a12-b8c9-c3029af3cce6,HOME,59.743782361215445,3.9,181.0,114.0,R,0.12,15.09,6.0,PASS,PASS,650911,"Sánchez, Cristopher",SB,2B,1.121,high,
2cae7839-8864-3d2c-b399-09359a1e153c,AWAY,59.83750994754194,6.9,,,,,,,no_release,no_release,669724,"Hanifee, Brenan",SB,3B,,not measured,no_release
dba39b90-14ef-3e48-bdb5-ec58bb1a28d9,AWAY,59.85238307736659,8.0,179.0,115.0,L,0.24,16.97,9.0,PASS,cut_in_window,691587,"Pérez, Eury",CS,2B,1.069,high,
80c9d407-1aaf-3f17-8c13-477626db5d52,AWAY,59.69130403585357,7.3,190.0,122.0,L,0.85,11.51,8.0,release_not_at_hand,no_release,669721,"Daniel, Davis",SB,2B,,not measured,release_not_at_hand
f6c93b45-71be-3f1b-adf7-5db999957e6e,HOME,59.66077932369211,3.6,179.0,120.0,L,0.19,13.3,9.0,PASS,PASS,669721,"Daniel, Davis",SB,2B,0.989,high,
1cd2a920-c67c-33dd-987d-1eee825f7dcf,HOME,59.740389538266,3.8,178.0,123.0,L,0.18,24.52,9.0,PASS,PASS,656464,"Ginkel, Kevin",SB,2B,0.921,high,
794c66da-f7a3-3ae2-b375-cb62135ab55f,AWAY,59.8278835177824,8.0,178.0,,,0.12,,9.0,no_set_before_lift,cut_in_window,663623,"Irvin, Jake",CS,2B,,not measured,no_set_before_lift
d8f88b5e-6417-3069-8b79-0e21f9525b57,AWAY,59.726100374752,5.8,,,,,,,no_release,no_release,593833,"Suero, Wander",SB,2B,,not measured,no_release
f6d35c2e-cf56-329f-9af9-45461f8f73be,HOME,59.76291853197754,3.7,149.0,119.0,R,0.1,8.32,9.0,PASS,PASS,684007,"Imanaga, Shota",CS,2B,0.502,low,delivery_s 0.502 outside 0.7-1.31
e087d39b-c740-3cf5-83bf-ce79109cb287,AWAY,59.69244400918704,4.4,,,,,,,not_cf_view,no_release,686752,"Pepiot, Ryan",SB,2B,,not measured,not_cf_view
5183ef8d-84af-34b2-997b-0a6a80601610,AWAY,59.77515470263616,6.199999999999999,,,,,,,no_release,no_set_before_lift,621244,"Berríos, José",SB,2B,,not measured,no_release
2b1cac0a-6121-37ed-86a5-931ec3d36bba,HOME,59.769483213283515,3.7,174.0,102.0,R,0.18,24.52,9.0,PASS,PASS,596295,"Gomber, Austin",SB,2B,1.205,high,
119bd868-7071-36c1-b1c1-c5fbca6af8c8,HOME,59.81998869760582,5.3,183.0,127.0,L,0.15,18.74,5.0,PASS,PASS,686563,"Cannon, Jonathan",SB,2B,0.936,high,
0b24f382-3740-3574-a2bc-8ba67bc0651c,HOME,59.808667166883225,3.7,176.0,122.0,L,0.2,14.74,8.0,PASS,PASS,663978,"Paddack, Chris",SB,3B,0.903,high,
7e5e33b9-a0a9-36d8-8675-cb0c95eeb6ac,AWAY,59.746173898152435,8.0,185.0,118.0,L,0.6,15.08,8.0,PASS,cut_in_window,681857,"Olson, Reese",CS,2B,1.121,low,release_to_wrist 0.6 outside -0.32
a5490410-3f15-3b76-b984-7ced29ebe63e,HOME,59.774126663578265,3.6,178.0,126.0,R,0.15,9.07,9.0,PASS,PASS,676664,"Sears, JP",CS,2B,0.87,high,
650a4047-0225-34d8-a76d-5fe80b741924,HOME,59.780345990955425,3.7,180.0,124.0,L,0.18,15.8,9.0,PASS,PASS,656302,"Cease, Dylan",CS,2B,0.937,high,
be515995-fe85-3b59-a83d-0aae20f1d858,AWAY,59.76973112937885,7.699999999999999,,,,,,,no_release,cut_in_window,682990,"Priester, Quinn",SB,2B,,not measured,no_release
2c3bfcbc-3257-32b7-b7a7-3240d9c2875e,HOME,59.70903961783173,3.6,177.0,117.0,L,0.16,15.71,9.0,PASS,PASS,647336,"Soroka, Michael",CS,2B,1.005,high,
24b19a7f-4985-3f04-98a1-06d2f33d7ca9,HOME,59.674783521773534,3.8,180.0,114.0,R,0.13,25.55,9.0,PASS,PASS,663559,"Falter, Bailey",SB,2B,1.106,high,
e7290b93-1914-3c6e-b2ba-6d3086db1a97,HOME,59.74191720009929,3.7,181.0,112.0,L,0.24,19.02,9.0,PASS,PASS,592094,"Adam, Jason",SB,2B,1.155,high,
75d82bb3-c9f3-38fb-bf36-63a3062faa2c,AWAY,59.82245910864536,7.0,,,,,,,no_release,no_release,608337,"Giolito, Lucas",SB,2B,,not measured,no_release
e952036f-9937-302f-8177-40d9a6b9b46a,AWAY,59.72111541431136,8.0,175.0,111.0,R,0.08,18.94,9.0,PASS,cut_in_window,666157,"Lodolo, Nick",SB,2B,1.072,high,
cb4db169-7711-3434-81e1-b24758a22ef8,HOME,59.79157878644611,3.7,183.0,124.0,L,0.09,18.31,8.0,PASS,PASS,450203,"Morton, Charlie",SB,2B,0.987,high,
da337997-b4c0-3fe1-aebb-565064543161,AWAY,59.732451711843574,8.1,183.0,125.0,L,0.57,10.57,9.0,PASS,cut_in_window,665152,"Kremer, Dean",CS,2B,0.971,low,release_to_wrist 0.57 outside -0.32
8f89355a-e844-3fdc-ad7e-e19c1be51929,AWAY,,1.1,,,,,,,no_clip,not_cf_view,678394,"Bello, Brayan",SB,2B,,not measured,no_clip
6c2581ed-4e7c-3ceb-b45a-232197e083d3,AWAY,59.69243793921875,6.9,,,,,,,no_release,no_release,670955,"Uceta, Edwin",SB,3B,,not measured,no_release
e4af1d18-3a8e-395c-95db-797f6cb269e9,AWAY,59.70542596913402,8.899999999999999,179.0,115.0,L,0.24,12.24,4.0,PASS,no_release,664126,"Fairbanks, Pete",SB,2B,1.072,low,ball_pts 4.0 outside 5-
cd45b4b6-0fc9-3ebc-ae13-968a0d608da5,AWAY,59.673507949788764,8.2,179.0,118.0,L,0.18,11.51,9.0,PASS,cut_in_window,670955,"Uceta, Edwin",SB,2B,1.022,high,
5332ad9c-8abd-3b92-996d-f06eeb2970cb,HOME,59.72237814950843,5.4,186.0,113.0,L,0.5,20.7,9.0,PASS,PASS,622554,"Domínguez, Seranthony",SB,2B,1.222,low,release_to_wrist 0.5 outside -0.32
3368b37c-814e-30bd-aa8b-8aaec8fcecbd,AWAY,,3.8,,,,,,,no_clip,no_set_before_lift,543243,"Gray, Sonny",SB,2B,,not measured,no_clip
8888325e-2b7c-3c4c-aa79-5db32b98ebce,AWAY,59.86996643906311,8.0,192.0,130.0,L,0.86,12.27,9.0,release_not_at_hand,release_not_at_hand,622663,"Severino, Luis",CS,2B,,not measured,release_not_at_hand
134f82a7-cbdd-3cf4-b582-eb6dd572846e,HOME,59.72056898899712,3.7,178.0,123.0,L,0.15,10.47,9.0,PASS,PASS,622554,"Domínguez, Seranthony",SB,2B,0.921,high,
ea803c8b-4ff7-3e65-a29d-02546f26cf4a,HOME,59.75261301341176,3.7,181.0,117.0,L,0.22,20.85,9.0,PASS,PASS,681347,"Burrows, Mike",SB,3B,1.071,high,
27f5cf74-8a09-300c-af5a-0e02af0a7fbf,HOME,59.685233886809996,3.6,174.0,116.0,L,0.21,17.97,9.0,PASS,PASS,676508,"Casparius, Ben",SB,2B,0.972,high,
728f1edb-566a-3aa1-ad88-157993c18f13,AWAY,59.718734354561,7.8,177.0,94.0,L,0.12,23.77,5.0,cut_in_window,no_set_before_lift,623437,"Topa, Justin",SB,2B,,not measured,cut_in_window
d648c578-b60a-3b3d-9e1a-cf0403d43740,HOME,59.76646546592062,4.0,176.0,116.0,L,0.13,14.36,9.0,PASS,PASS,607259,"Martinez, Nick",SB,2B,1.004,high,
1014a7b1-30d4-3abd-a425-a8c8cf4c9552,HOME,59.78251749425249,4.2,180.0,113.0,R,0.59,25.17,6.0,PASS,PASS,579328,"Kikuchi, Yusei",SB,2B,1.121,low,release_to_wrist 0.59 outside -0.32
fe0ffde5-2b02-3fa4-a096-0a9424b3d5a8,AWAY,59.74150311153662,7.8,175.0,107.0,R,0.15,20.95,9.0,PASS,cut_in_window,676263,"Dreyer, Jack",SB,2B,1.138,high,
b39b23db-6041-36a8-9caf-4a07e6cbd0f9,HOME,59.74407623503902,3.9,181.0,130.0,L,0.17,14.0,7.0,PASS,PASS,672456,"Montero, Keider",SB,2B,0.854,high,
ee3bcbc4-dcb7-3b85-b012-a23f085f8cc5,HOME,59.73440314453698,3.8,191.0,128.0,L,0.45,8.69,7.0,PASS,PASS,664123,"Effross, Scott",SB,2B,1.055,low,release_to_wrist 0.45 outside -0.32
1fb344b0-ee98-3af8-afb2-b59797e174a7,HOME,59.72802010767062,4.5,175.0,115.0,L,0.22,20.76,9.0,PASS,PASS,676508,"Casparius, Ben",SB,3B,1.005,high,
ac6cdf60-8722-3d07-acef-f0f384c4aba2,HOME,59.73362442104625,6.1,172.0,118.0,L,0.13,10.46,8.0,PASS,PASS,686218,"Sheehan, Emmet",CS,2B,0.904,high,
6be5bd47-561e-3b66-8ecc-6401d2b33de1,HOME,59.59198787448967,4.0,179.0,118.0,L,0.28,15.51,9.0,PASS,PASS,678692,"Henriquez, Ronny",SB,2B,1.024,high,
75f6cf48-bfc3-32e2-9cad-2438d0ed29c3,HOME,59.6504654381341,4.0,180.0,126.0,L,0.24,14.27,6.0,PASS,PASS,657746,"Ryan, Joe",CS,2B,0.905,high,
20f7f9d5-7ab9-396f-b1f9-bd5ad2e67871,AWAY,59.692218930643854,5.3999999999999995,180.0,,,0.14,,9.0,cut_in_window,not_cf_view,676979,"Crochet, Garrett",SB,2B,,not measured,cut_in_window
e1d19bb2-7a8c-364a-82a2-4fd1bc833ae9,AWAY,59.782595123997694,10.2,193.0,123.0,L,1.0,6.7,9.0,release_not_at_hand,cut_in_window,571945,"Mikolas, Miles",SB,2B,,not measured,release_not_at_hand
be4e5793-a077-3a79-a7a6-94b9d51457f9,HOME,59.809619606524585,5.7,175.0,112.0,L,0.17,10.86,9.0,PASS,PASS,671131,"Rutledge, Jackson",SB,2B,1.053,high,
aefe5e6a-37ff-3da9-af00-6935e4d33268,HOME,59.7490437500909,4.1,180.0,124.0,L,0.17,15.33,7.0,PASS,PASS,592426,"Jackson, Luke",SB,2B,0.937,high,
51c314c4-1350-3dd5-b73e-44410d5312b9,HOME,59.79351469295534,3.9,178.0,106.0,L,0.17,34.8,5.0,PASS,PASS,621242,"Díaz, Edwin",SB,2B,1.204,high,
cb860c9d-4479-30a8-9697-24a97ec795ca,HOME,59.68044784766479,4.1,198.0,137.0,L,0.22,17.98,9.0,PASS,PASS,690990,"Horton, Cade",CS,2B,1.022,high,
a00adcb5-cb93-3e3c-85db-b85bc7b321dd,AWAY,59.76153192284063,8.5,177.0,122.0,R,0.19,3.47,9.0,PASS,cut_in_window,571760,"Heaney, Andrew",SB,2B,0.92,low,lift_peak_in 3.47 outside 4.28-
4740b7e6-37eb-3231-8d3f-e207a42b4c15,HOME,59.653201327099616,4.0,179.0,120.0,L,0.21,24.49,9.0,PASS,PASS,686752,"Pepiot, Ryan",SB,2B,0.989,high,
9e40feea-b856-3753-8bc5-e36ad0ca68ee,HOME,59.819987053640645,3.7,175.0,110.0,L,0.31,23.02,9.0,PASS,PASS,623211,"Brazobán, Huascar",CS,2B,1.087,high,
5b10f517-8b91-367b-8a33-d2b252e3b922,HOME,59.82108140901794,3.8,176.0,103.0,L,0.09,25.77,9.0,PASS,PASS,518876,"Kelly, Merrill",SB,3B,1.22,high,
25afd6ed-1b21-3472-a135-70340c050151,AWAY,,4.0,,,,,,,no_clip,cut_in_window,592662,"Ray, Robbie",CS,2B,,not measured,no_clip
c4b545d1-2ba7-3a66-bac2-3948241ec3a9,AWAY,59.74483560179434,8.1,179.0,117.0,R,0.1,10.23,7.0,PASS,cut_in_window,676979,"Crochet, Garrett",CS,2B,1.038,high,
d584f04a-cbe5-30bc-bb45-4c83716e802a,AWAY,59.75746037630639,7.6,178.0,109.0,L,0.1,25.96,9.0,PASS,cut_in_window,686613,"Brown, Hunter",SB,3B,1.155,high,
0ae657f4-1d22-3f65-a4b1-effb2d0434e7,HOME,59.79889681123957,3.6,177.0,120.0,R,0.11,21.43,9.0,PASS,PASS,668941,"Romero, JoJo",SB,2B,0.953,high,
ec6f5f7f-1b27-35ff-983c-1c8c1374f21c,HOME,59.672253095368184,5.2,176.0,96.0,L,0.18,31.25,6.0,PASS,PASS,642585,"Bautista, Félix",SB,3B,1.341,low,delivery_s 1.341 outside 0.7-1.31
56945f22-d200-35a8-8d69-1a2820115fd6,HOME,59.734071418628716,3.6,177.0,116.0,L,0.17,14.17,9.0,PASS,PASS,686751,"Johnson, Seth",SB,2B,1.021,high,
2a6e3107-0c66-3b53-91ee-b636b464d705,HOME,59.79213547520425,3.6,177.0,115.0,R,0.12,19.46,8.0,PASS,PASS,671096,"Abbott, Andrew",SB,2B,1.037,high,
851b9229-2b7d-33a7-a55f-dbedb77a5d4b,AWAY,59.74076773998542,7.8999999999999995,181.0,116.0,L,0.13,47.06,5.0,PASS,cut_in_window,621111,"Buehler, Walker",SB,2B,1.088,high,
62790968-a9e7-3821-8de8-197371115107,AWAY,59.73472177361217,10.1,254.0,,,3.19,,9.0,cut_in_window,no_release,691587,"Pérez, Eury",SB,2B,,not measured,cut_in_window
a6e0130f-1f7f-3629-a3ca-d537c3058bbb,HOME,59.6915566404083,3.6,181.0,111.0,R,0.16,22.9,9.0,PASS,PASS,682052,"Lopez, Jacob",SB,2B,1.173,high,
3243c728-016d-30db-8e1d-dc73ded2ff75,AWAY,59.652411329539454,6.3,,,,,,,no_release,no_release,680732,"Burke, Sean",SB,2B,,not measured,no_release
adfb9a2c-ca46-3591-8800-013389f6bc15,AWAY,59.775057022258345,6.800000000000001,,,,,,,no_release,no_release,691587,"Pérez, Eury",SB,2B,,not measured,no_release
dbab038d-4728-353d-a001-96d7dde6db09,HOME,59.73701606099216,3.7,170.0,114.0,R,0.13,17.04,9.0,PASS,PASS,805299,"Garcia, Brandyn",CS,2B,0.937,high,
f2f98d48-9b55-3549-8d83-95021b330a73,HOME,59.83693506051056,3.9,180.0,115.0,L,0.16,21.83,9.0,PASS,PASS,592332,"Gausman, Kevin",SB,2B,1.086,high,
235747a0-cc79-3f8d-8469-1b3b58da3bb2,AWAY,59.64858880766644,8.0,179.0,107.0,R,0.1,23.41,9.0,PASS,no_set_before_lift,682052,"Lopez, Jacob",CS,2B,1.207,high,
a0ca107b-98f0-3988-b284-5bf22378e109,HOME,59.64070527906987,4.1,177.0,113.0,L,0.19,20.04,9.0,PASS,PASS,670950,"Richards, Trevor",SB,2B,1.073,high,
04ac85ac-341b-35bb-a25f-dffc41456653,AWAY,59.77507493232608,11.9,196.0,,,0.72,,9.0,release_not_at_hand,release_not_at_hand,670970,"Morejon, Adrian",SB,2B,,not measured,release_not_at_hand
f201395a-7a56-330a-b8bf-556c940b7cf5,HOME,59.68610364861026,4.5,181.0,107.0,L,0.1,19.01,7.0,PASS,PASS,666808,"Doval, Camilo",SB,2B,1.24,high,
93b87d45-8600-35d5-9aa4-9bc6a5269ff6,HOME,59.7054272946505,4.5,176.0,108.0,R,0.15,27.27,9.0,PASS,PASS,594580,"Moll, Sam",SB,2B,1.139,high,
986e868d-c438-3fd7-80b4-e9f5cec9317c,HOME,59.76514618525745,4.7,180.0,129.0,L,0.17,7.54,9.0,PASS,PASS,554430,"Wheeler, Zack",SB,2B,0.853,high,
a47166d8-9d67-3f79-bdd8-35c24ae2a4a5,AWAY,59.749620637329286,9.399999999999999,182.0,125.0,L,0.15,15.99,9.0,PASS,cut_in_window,554430,"Wheeler, Zack",CS,2B,0.954,high,
0e81a8bc-bd8d-36b5-88ff-7b019227d8d3,HOME,59.76839745984311,4.7,176.0,114.0,L,0.2,19.35,9.0,PASS,PASS,605540,"Woodruff, Brandon",SB,2B,1.037,high,
bf31862a-a17b-3aca-8b00-419aa3608e4b,HOME,59.7185762096122,4.8,176.0,117.0,L,0.18,13.92,9.0,PASS,PASS,669160,"May, Dustin",SB,2B,0.988,high,
03d484ef-e4c9-3bbf-b4cf-d5bfa695497a,AWAY,59.69579766873602,9.7,179.0,124.0,L,0.2,10.1,9.0,PASS,cut_in_window,606965,"Devenski, Chris",CS,2B,0.921,high,
ccad6a91-41e6-3cf2-aad8-8a953a5021fb,HOME,59.67091240487181,4.8,180.0,116.0,L,0.1,22.44,9.0,PASS,PASS,666168,"Thompson, Mason",SB,2B,1.073,high,
bea6b45e-ac04-3d20-a394-d3e5faa061f0,AWAY,59.85388610157557,9.6,173.0,95.0,R,0.14,27.93,9.0,PASS,cut_in_window,676467,"Gordon, Colton",SB,3B,1.303,high,
f011aff5-9e5a-3ca3-bef1-6c4551d1689b,HOME,59.70866290341952,4.7,179.0,123.0,L,0.14,21.19,9.0,PASS,PASS,676440,"Bibee, Tanner",SB,2B,0.938,high,
b0476465-8301-375b-874f-4f517bc22f0d,AWAY,59.72786640787256,9.5,189.0,,,0.51,,7.0,no_set_before_lift,no_set_before_lift,594580,"Moll, Sam",SB,2B,,not measured,no_set_before_lift
dc83a196-df26-3546-9676-204b388a3471,HOME,59.68455311691563,4.9,176.0,125.0,L,0.12,3.96,8.0,PASS,PASS,808967,"Yamamoto, Yoshinobu",CS,2B,0.854,low,lift_peak_in 3.96 outside 4.28-
91c6e201-cb9a-3435-9a7b-b02e4670dae7,AWAY,59.721957113318815,11.2,,,,,,,no_release,cut_in_window,686973,"Varland, Louis",SB,2B,,not measured,no_release
e88729d7-3c35-3df0-b76a-805dbde8eaf9,HOME,59.72374768515511,4.9,181.0,113.0,L,0.13,23.66,9.0,PASS,PASS,678024,"Vasil, Mike",SB,2B,1.139,high,
155a0a08-e73f-3622-85c5-7afe156a0e72,HOME,59.77085379672006,5.1,180.0,132.0,L,0.52,5.56,8.0,PASS,PASS,608334,"Fulmer, Carson",SB,2B,0.803,low,release_to_wrist 0.52 outside -0.32
39af7f3d-9389-3045-a146-a12ac39e7206,HOME,59.54173927666581,5.0,184.0,114.0,L,0.12,23.19,9.0,PASS,PASS,678024,"Vasil, Mike",SB,3B,1.176,high,
068a086e-439c-3d50-ae46-57ff830c5ec6,HOME,59.705530007342425,4.9,177.0,127.0,L,0.18,16.77,9.0,PASS,PASS,695418,"Lord, Brad",CS,2B,0.837,high,
187d0a40-a5b4-3b7d-91c9-c5c5b05831f6,HOME,59.77112924686087,5.0,176.0,111.0,L,0.13,27.11,9.0,PASS,PASS,641401,"Brogdon, Connor",SB,2B,1.087,high,
ca7b1ab7-7f11-3277-9d0a-daf63cfaf332,AWAY,59.70697004770911,5.5,180.0,124.0,L,0.19,15.67,9.0,PASS,not_cf_view,663436,"Martin, Davis",SB,2B,0.938,high,
183edb98-f01b-348f-a479-b55e4e017727,HOME,59.73497861599944,5.1,180.0,118.0,L,0.1,31.47,9.0,PASS,PASS,695505,"Burns, Chase",SB,2B,1.038,high,
4d129f7a-078c-38d8-a52a-9636e9af9e3a,HOME,59.83265738034452,5.0,181.0,120.0,R,0.22,20.78,9.0,PASS,PASS,676428,"Hurter, Brant",SB,3B,1.02,high,
9505f354-719c-3c9c-9a4f-f0cbb65ec566,HOME,59.57718783934051,5.0,181.0,112.0,R,0.17,23.12,9.0,PASS,PASS,642397,"Soto, Gregory",SB,2B,1.158,high,
dc46d066-c994-368d-b8f4-992ef9472f1a,AWAY,59.781184486373164,13.8,252.0,,,0.84,,8.0,cut_in_window,cut_in_window,663436,"Martin, Davis",CS,2B,,not measured,cut_in_window
14bc6b48-a774-3400-a3a0-8f479ae0202f,AWAY,59.70540343259279,9.0,177.0,,,0.09,,9.0,no_set_before_lift,no_set_before_lift,448179,"Hill, Rich",SB,2B,,not measured,no_set_before_lift
dab86743-f104-333f-a337-bf65c8cc35a5,HOME,59.63231081714494,4.8,177.0,116.0,R,0.19,19.39,9.0,PASS,PASS,448179,"Hill, Rich",SB,2B,1.023,high,
8a0b1cbb-445d-3b8f-9108-06d49bedf34f,AWAY,59.757512100449766,8.8,175.0,,,0.28,,9.0,cut_in_window,not_cf_view,543056,"Coulombe, Danny",SB,2B,,not measured,cut_in_window
e7245119-e416-3bc0-8a91-cb6485798faa,AWAY,,4.4,,,,,,,no_clip,no_release,669711,"Weissert, Greg",CS,2B,,not measured,no_clip
45baeeb2-cbdd-3198-8938-a3faad84966b,AWAY,59.80154909558016,12.9,243.0,,,1.38,,9.0,not_cf_view,not_cf_view,434378,"Verlander, Justin",SB,2B,,not measured,not_cf_view
f6a64a57-fb35-3b74-b6d7-e10e00ebc13f,HOME,59.76085647217416,4.8,175.0,118.0,R,0.16,23.67,9.0,PASS,PASS,681911,"Vesia, Alex",SB,2B,0.954,high,
b6dfdb8d-e681-3fc1-8705-a3668eddf8f3,AWAY,59.677554488982516,8.8,,,,,,,no_release,no_release,489446,"Yates, Kirby",SB,2B,,not measured,no_release
615cc0d0-e188-3eaa-b168-ff0618bd4f4d,HOME,59.74146966344474,4.7,182.0,125.0,L,0.14,21.8,9.0,PASS,PASS,686563,"Cannon, Jonathan",SB,2B,0.954,high,
9f9319b7-c060-3220-8427-b67f5775a14c,HOME,59.79349211782431,4.6,162.0,120.0,L,0.32,16.83,3.0,PASS,PASS,489446,"Yates, Kirby",SB,3B,0.702,low,ball_pts 3.0 outside 5-
59c388c2-ae19-3d18-911b-4fd5337f3e2c,AWAY,59.70546634495382,5.4,173.0,115.0,R,0.11,19.81,9.0,PASS,not_cf_view,666157,"Lodolo, Nick",CS,2B,0.971,high,
a8005f0e-c08c-3a13-bd61-469331e86cd6,AWAY,59.7038560345298,9.1,186.0,148.0,L,0.8,3.65,9.0,release_not_at_hand,cut_in_window,691799,"Taylor, Grant",SB,2B,,not measured,release_not_at_hand
276d37df-a77a-3dd5-bee6-4a77b2619e03,HOME,59.68066887773777,4.6,176.0,116.0,L,0.19,20.95,9.0,PASS,PASS,694297,"Pfaadt, Brandon",SB,2B,1.005,high,
b7fa784d-e20d-3207-909a-0a984a444a9e,HOME,59.74914568699046,4.6,183.0,131.0,R,0.08,2.93,9.0,PASS,PASS,693855,"Seymour, Ian",SB,2B,0.87,low,lift_peak_in 2.93 outside 4.28-
29461b72-60eb-3117-abd2-0d0224aa24a6,HOME,59.83083618317053,3.9,174.0,114.0,L,0.14,13.09,9.0,PASS,PASS,647336,"Soroka, Michael",SB,2B,1.003,high,
00a0c8f1-610d-3a50-ae72-4c78867c798a,AWAY,59.80706078336326,11.2,158.0,122.0,L,0.04,32.51,7.0,PASS,cut_in_window,675512,"Melton, Troy",SB,2B,0.602,low,delivery_s 0.602 outside 0.7-1.31
7db7b1d2-b36a-3e1b-a9e5-a41783ddf124,HOME,59.71990523320203,3.7,180.0,129.0,L,0.14,6.48,8.0,PASS,PASS,607067,"Rea, Colin",SB,2B,0.854,high,
f18d68ce-c782-30a2-8faa-1ffec5b11513,AWAY,59.75233962934772,7.7,178.0,120.0,L,0.13,11.46,9.0,PASS,cut_in_window,607067,"Rea, Colin",SB,2B,0.971,high,
0ee6301b-efec-3f67-b4ff-44a8967c1fde,AWAY,59.67073673608231,9.2,,,,,,,no_release,not_cf_view,686563,"Cannon, Jonathan",SB,2B,,not measured,no_release
7555e91a-548f-32bc-a730-d24dafe7b40b,AWAY,59.77368297568987,8.1,173.0,116.0,L,0.28,14.95,9.0,PASS,cut_in_window,450203,"Morton, Charlie",CS,2B,0.954,high,
beccda3b-1c77-399c-a265-c2c8ddc9bea0,AWAY,59.77243546622266,9.3,206.0,,,1.05,,7.0,release_not_at_hand,release_not_at_hand,595345,"Okert, Steven",SB,2B,,not measured,release_not_at_hand
128fab85-bfa2-30e5-a774-fc650de796ce,AWAY,59.800760661814394,7.5,177.0,113.0,R,0.18,23.82,9.0,PASS,cut_in_window,579328,"Kikuchi, Yusei",SB,3B,1.07,high,
bb621c82-a015-3185-bbd1-9c371e293da3,AWAY,59.85526610492821,11.1,188.0,,,0.76,,8.0,release_not_at_hand,release_not_at_hand,669920,"Alexander, Jason",SB,2B,,not measured,release_not_at_hand
dc32e427-245b-3d5f-8aa6-7aa68c00603c,HOME,59.75160120302555,3.7,181.0,123.0,L,0.15,14.31,8.0,PASS,PASS,622663,"Severino, Luis",SB,2B,0.971,high,
3799f59d-cbc3-3db3-aa63-5309d6a1a7ef,HOME,59.73014772545464,3.6,179.0,123.0,L,0.17,8.83,7.0,PASS,PASS,506433,"Darvish, Yu",SB,2B,0.938,high,
e8a3d5e3-9063-3af8-b2aa-fa3c239ca3b6,AWAY,59.82355542795956,7.9,199.0,128.0,R,0.37,7.84,8.0,PASS,no_set_before_lift,673513,"Matsui, Yuki",CS,3B,1.187,low,release_to_wrist 0.37 outside -0.32
e5d4a950-1da4-32c6-9cbc-2234de573f10,HOME,59.83027737642199,3.7,179.0,123.0,R,0.25,6.95,9.0,PASS,PASS,669022,"Gore, MacKenzie",CS,2B,0.936,high,
299ee83d-c5dd-3f8d-a2c2-8afc1b23f599,HOME,59.823072286212344,3.6,179.0,116.0,L,0.46,13.83,9.0,PASS,PASS,607259,"Martinez, Nick",SB,2B,1.053,low,release_to_wrist 0.46 outside -0.32
774d7cd9-9804-38ba-bade-20ad9376b210,HOME,59.788266032674784,3.7,207.0,143.0,L,0.16,27.36,9.0,PASS,PASS,660896,"Alcala, Jorge",CS,2B,1.07,high,
f5267d5e-472d-332c-a7fd-1d59d5f9f5a8,AWAY,59.78687328576878,7.5,178.0,,,0.16,,9.0,cut_in_window,no_set_before_lift,664854,"Helsley, Ryan",SB,2B,,not measured,cut_in_window
0f1598e7-fcee-3271-8b6f-ead725af71f2,AWAY,59.78477481068155,7.6,181.0,115.0,L,0.12,27.29,9.0,PASS,cut_in_window,621244,"Berríos, José",SB,2B,1.104,high,
642c8b44-de64-3370-b841-122cbd1220a7,AWAY,59.75447819842281,7.800000000000001,,,,,,,no_release,no_release,643377,"Jax, Griffin",SB,3B,,not measured,no_release
41409eec-93db-39c6-82c8-5a0bc65b6b46,AWAY,59.81752778183857,7.8,178.0,118.0,L,0.28,17.37,9.0,not_cf_view,no_set_before_lift,657277,"Webb, Logan",SB,2B,,not measured,not_cf_view
1306bf59-9b53-3cc9-9c0e-51488f46e73b,HOME,59.752546519305916,3.6,174.0,104.0,L,0.27,23.6,9.0,PASS,PASS,642547,"Peralta, Freddy",SB,3B,1.171,high,
db7ef371-2f1a-37c5-a39f-b95713cc3861,AWAY,59.791751465218724,8.1,180.0,121.0,R,0.13,10.77,8.0,PASS,cut_in_window,666214,"Wentz, Joey",SB,2B,0.987,high,
dad9cb3c-a71e-34e0-8169-711e3af17fac,AWAY,59.76699906412367,7.8,178.0,121.0,L,0.16,7.74,8.0,PASS,cut_in_window,607259,"Martinez, Nick",SB,2B,0.954,high,
8cf1c337-9131-320d-a457-b7db24ae6502,AWAY,59.75932465820475,7.8,180.0,117.0,R,0.21,17.13,9.0,PASS,no_set_before_lift,666214,"Wentz, Joey",SB,2B,1.054,high,
d8f56064-61f7-3e90-8f9e-2674850ab6df,HOME,59.77773175950853,3.7,180.0,121.0,L,0.16,9.5,6.0,PASS,PASS,592836,"Walker, Taijuan",SB,2B,0.987,high,
1fcc5788-8626-315c-8b97-3c67d37295b0,HOME,59.6995260157495,3.7,182.0,118.0,L,0.24,16.65,9.0,PASS,PASS,543101,"DeSclafani, Anthony",SB,2B,1.072,high,
f28497b8-8378-32d1-b235-2c6696c8120d,HOME,59.75919519569074,3.7,182.0,116.0,L,0.19,15.81,7.0,PASS,PASS,677958,"Rocker, Kumar",SB,2B,1.104,high,
69c05957-21f1-3302-9b35-4db500e1ec9f,HOME,59.71877884145569,3.6,178.0,128.0,L,0.18,11.87,3.0,PASS,PASS,622608,"Senzatela, Antonio",SB,2B,0.837,low,ball_pts 3.0 outside 5-
9c70a20a-c873-3c52-9474-36a7081f869f,HOME,59.806341370799316,3.5,178.0,119.0,L,0.13,14.71,9.0,PASS,PASS,660787,"De los Santos, Yerry",SB,2B,0.987,high,
f048bbae-0e87-31cc-b246-284e419d8e05,AWAY,59.78635382476595,8.3,185.0,122.0,L,0.22,11.96,9.0,cut_in_window,cut_in_window,669923,"Kirby, George",SB,2B,,not measured,cut_in_window
60c50dfa-f4df-3811-b961-dc1c9a73fd6f,AWAY,59.768513382359444,7.8999999999999995,178.0,120.0,R,0.15,20.15,9.0,PASS,cut_in_window,681870,"Sabrowski, Erik",SB,2B,0.97,high,
464d3d53-260a-3517-b0d3-3695a62d564c,HOME,59.756734993713536,3.6,172.0,114.0,L,0.12,32.46,9.0,PASS,PASS,608334,"Fulmer, Carson",SB,2B,0.971,high,
59e7b21b-96b4-350d-bfd3-a5dafc87efeb,HOME,59.747251022945356,3.5,171.0,116.0,L,0.17,17.12,8.0,PASS,PASS,820862,"Fermin, José",SB,2B,0.921,high,
c50b290f-d93e-3607-9503-578b69f2457b,AWAY,59.76871923081465,7.4,178.0,113.0,L,0.22,23.05,9.0,not_cf_view,no_set_before_lift,676083,"Junk, Janson",CS,2B,,not measured,not_cf_view
8c623d97-fc99-3460-ad55-8214a58ebe74,HOME,59.69061764376191,5.4,183.0,122.0,L,0.15,10.66,8.0,PASS,PASS,677958,"Rocker, Kumar",SB,2B,1.022,high,
741be583-9059-3e92-9f81-d819eedfba86,HOME,59.817285382830626,3.6,187.0,119.0,R,0.17,27.84,9.0,PASS,PASS,592662,"Ray, Robbie",SB,2B,1.137,high,
e9ffc6fd-4ceb-3ed2-b4d0-f2cdc109d4d2,HOME,59.83042004178057,3.6,176.0,115.0,R,0.26,16.9,9.0,PASS,PASS,500779,"Quintana, Jose",SB,2B,1.02,high,
6918829f-c704-336e-ba9a-a2e0afb2a1e4,HOME,59.77310012242086,3.6,182.0,115.0,R,0.17,21.64,9.0,PASS,PASS,500779,"Quintana, Jose",CS,2B,1.121,high,
a3d9bd20-d844-3d66-bd26-f54f5cd60bb8,HOME,59.728006163587004,3.6,178.0,110.0,R,0.3,15.5,9.0,PASS,PASS,542881,"Anderson, Tyler",SB,2B,1.138,high,
bac9c93e-8678-3782-802f-93ed51ef1c2a,HOME,59.779886559001504,3.6,175.0,118.0,L,0.14,19.04,9.0,PASS,PASS,669923,"Kirby, George",CS,2B,0.953,high,
b16b516a-b56c-3ef4-aede-cc42355666bf,AWAY,59.723061949773644,2.1,,,,,,,not_cf_view,not_cf_view,628452,"Iglesias, Raisel",SB,2B,,not measured,not_cf_view
b51db801-fc94-318e-b24b-b3df5601da71,HOME,59.80854582815902,3.8,185.0,124.0,R,0.11,7.21,9.0,PASS,PASS,676979,"Crochet, Garrett",CS,2B,1.02,high,
7c8b7ad7-6895-366c-939f-29a5ce30ee02,AWAY,59.67683894450573,8.399999999999999,178.0,98.0,R,0.16,18.22,9.0,cut_in_window,cut_in_window,641302,"Alexander, Tyler",CS,2B,,not measured,cut_in_window
2f1cc925-5a34-3dc9-b2e3-c48b9a6b7cea,AWAY,59.78276123382638,11.1,180.0,120.0,R,0.45,27.75,9.0,PASS,cut_in_window,543056,"Coulombe, Danny",SB,2B,1.004,low,release_to_wrist 0.45 outside -0.32
e5609b1f-5ee4-3ec8-a671-944359379088,HOME,59.73451327433628,3.6,180.0,119.0,L,0.1,20.41,9.0,PASS,PASS,621111,"Buehler, Walker",SB,2B,1.021,high,
746365b3-daef-3cbb-b219-8e3360c04075,AWAY,59.78992728252087,12.600000000000001,243.0,,,1.26,,8.0,cut_in_window,cut_in_window,701519,"Adams, Travis",SB,2B,,not measured,cut_in_window
1acffe7f-4731-32db-81f4-50bae4fa21bb,HOME,59.70539192709334,5.2,180.0,128.0,L,0.09,8.63,5.0,PASS,PASS,663903,"Singer, Brady",CS,2B,0.871,high,
fe309cbd-7761-32bf-8847-74e1b5f0df6e,HOME,59.78978143661188,3.6,180.0,121.0,R,0.18,14.43,8.0,PASS,PASS,621381,"Strahm, Matt",SB,2B,0.987,high,
00e63486-918b-3595-87a6-0f6fcbae1ce8,HOME,59.7518904477287,3.6,178.0,119.0,L,0.25,15.89,7.0,PASS,PASS,678692,"Henriquez, Ronny",SB,2B,0.987,high,
86b83422-7e28-30c8-b825-4f43a88fe161,AWAY,59.64878923279597,7.8999999999999995,176.0,118.0,L,0.15,16.14,9.0,PASS,cut_in_window,678024,"Vasil, Mike",SB,2B,0.972,high,
718944e7-b87d-316c-979a-f178dc79b9cd,AWAY,,1.1,,,,,,,no_clip,not_cf_view,543294,"Hendricks, Kyle",SB,2B,,not measured,no_clip
8f12e2af-0a21-3542-8ce5-1bf7860cf0a3,AWAY,,4.0,,,,,,,no_clip,not_cf_view,543294,"Hendricks, Kyle",SB,3B,,not measured,no_clip
51122aae-9e2c-326e-b292-9334377180f7,HOME,59.64092102415022,3.6,175.0,117.0,R,0.1,27.94,8.0,PASS,PASS,543056,"Coulombe, Danny",SB,3B,0.972,high,
65a3a5d1-ddd0-3c41-a6eb-38ddb68dc3e4,AWAY,59.85146268473826,7.6,185.0,116.0,L,0.97,17.69,9.0,release_not_at_hand,release_not_at_hand,554430,"Wheeler, Zack",SB,2B,,not measured,release_not_at_hand
f380b693-058d-3c62-a974-078c1cd3d8c4,AWAY,59.82411709573853,9.1,179.0,,,0.31,,9.0,no_set_before_lift,no_set_before_lift,605540,"Woodruff, Brandon",SB,2B,,not measured,no_set_before_lift
6ba1ddd0-7962-381a-81bf-2210353aad30,HOME,59.74502516817989,3.7,177.0,117.0,L,0.26,16.36,9.0,PASS,PASS,623474,"Herget, Jimmy",CS,3B,1.004,high,
ad009ea4-46e9-35da-82df-925287769439,HOME,59.739063253765885,3.5,173.0,115.0,R,0.16,8.76,9.0,PASS,PASS,676879,"Ashby, Aaron",SB,2B,0.971,high,
0741c79b-3570-3514-9ee4-40b77554047b,HOME,59.66507336965605,5.3,182.0,107.0,L,0.49,21.69,7.0,PASS,PASS,669358,"Baz, Shane",SB,3B,1.257,low,release_to_wrist 0.49 outside -0.32
e9263f8d-bebc-32a1-b463-2ae4db9a6d9e,AWAY,59.74142921463948,6.7,,,,,,,no_release,no_release,608372,"Sugano, Tomoyuki",CS,2B,,not measured,no_release
8732814a-a8b0-30ba-9dec-b64e8f45a43c,HOME,59.74921316880651,3.7,180.0,119.0,R,0.16,20.42,7.0,PASS,PASS,689266,"Dodd, Dylan",CS,2B,1.021,high,
2d2f3319-c578-32e4-abda-b126981956ee,HOME,59.69624212473696,3.6,177.0,112.0,L,0.15,26.72,9.0,PASS,PASS,691587,"Pérez, Eury",SB,2B,1.089,high,
63ad18b0-a4aa-3c60-9993-ec94894e9afe,HOME,59.66617539815698,3.7,180.0,113.0,L,0.15,17.34,9.0,PASS,PASS,643338,"Green, Chad",SB,3B,1.123,high,
e2249eb8-f282-3ec6-8ed7-571007de0e52,HOME,59.638815754396745,3.5,176.0,120.0,R,0.19,15.63,9.0,PASS,PASS,596295,"Gomber, Austin",SB,2B,0.939,high,
211439dd-e687-3dc1-b786-0b413c35db34,HOME,59.782591283787895,3.7,178.0,111.0,L,0.4,16.1,9.0,PASS,PASS,686993,"Sterner, Justin",SB,3B,1.121,low,release_to_wrist 0.4 outside -0.32
8a235b97-de03-325d-bdb6-b38d9357a0c6,AWAY,59.75407337149826,8.9,,,,,,,no_release,implausible_delivery,622491,"Castillo, Luis",CS,2B,,not measured,no_release
bf8c5d1b-25b2-3db0-9c19-a6b995644c9e,AWAY,59.821812805447024,7.300000000000001,175.0,111.0,L,0.15,16.08,9.0,PASS,cut_in_window,686993,"Sterner, Justin",SB,2B,1.07,high,
793df549-8366-3443-a925-91d268446a9c,HOME,59.71153059647911,3.6,178.0,120.0,L,0.17,18.51,9.0,PASS,PASS,661395,"Duran, Jhoan",SB,2B,0.971,high,
7259fad9-4da4-3ab7-b9b4-92b7691e168e,HOME,59.722863306235105,3.6,181.0,118.0,L,0.26,22.31,9.0,PASS,PASS,693645,"Schlittler, Cam",SB,2B,1.055,high,
71485730-efa0-33fd-a548-2312058a974d,AWAY,59.76413089672758,7.5,186.0,114.0,L,0.89,15.7,7.0,release_not_at_hand,release_not_at_hand,593423,"Montas, Frankie",SB,2B,,not measured,release_not_at_hand
95a0a6ed-834d-3210-80f4-c8b0fb096387,HOME,59.749627958640154,3.6,176.0,112.0,L,0.11,23.97,9.0,PASS,PASS,657097,"Webb, Jacob",SB,3B,1.071,high,
e0d8b767-f8d7-3780-a66e-37ccb817effb,AWAY,59.774483116016704,7.4,172.0,110.0,L,0.26,26.08,9.0,PASS,cut_in_window,657097,"Webb, Jacob",SB,2B,1.037,high,
663f6452-0b3c-3c91-9169-fe3285bfb56d,HOME,59.827796039536395,3.6,179.0,118.0,L,0.22,22.36,9.0,PASS,PASS,675512,"Melton, Troy",CS,2B,1.02,high,
84280ca0-2002-3e58-b07a-918291aa4a01,AWAY,59.74355974764059,7.8999999999999995,178.0,106.0,R,0.17,22.37,9.0,PASS,cut_in_window,669684,"Murphy, Chris",SB,2B,1.205,high,
3ea86405-4b17-3e60-bdfe-df706daf8813,AWAY,59.828870857193394,6.699999999999999,,,,,,,no_release,no_release,661395,"Duran, Jhoan",SB,2B,,not measured,no_release
20fcf026-7666-3218-be3f-01d24219752d,HOME,59.734541756247026,3.7,197.0,137.0,L,0.19,20.31,8.0,PASS,PASS,661395,"Duran, Jhoan",SB,3B,1.004,high,
bbd723d9-30ee-3fc3-b450-7dcef1736f0d,HOME,59.77157297195883,3.6,181.0,122.0,L,0.15,19.43,9.0,PASS,PASS,661395,"Duran, Jhoan",CS,2B,0.987,high,
bd8c3e11-329d-3a52-9818-81e012694a40,HOME,59.75999536968559,3.6,175.0,109.0,L,0.16,17.92,5.0,PASS,PASS,605130,"Barlow, Scott",SB,2B,1.104,high,
27de66ef-2760-30ae-b60e-9b4c4c16d88f,AWAY,59.77294679227851,6.3,,,,,,,not_cf_view,not_cf_view,686993,"Sterner, Justin",CS,2B,,not measured,not_cf_view
a3a23520-3992-337c-a5e6-2b40cc1cf8d3,HOME,59.66170163884209,3.7,180.0,117.0,R,0.1,16.43,6.0,PASS,PASS,681006,"Simpson, Josh",SB,3B,1.056,high,
36d1ebb0-92c5-3e2b-a3d1-40cfd232e22c,AWAY,59.647793978413176,7.7,179.0,119.0,R,0.12,17.11,9.0,PASS,cut_in_window,681892,"Funderburk, Kody",SB,2B,1.006,high,
9bea68c5-b179-3b17-a3b2-487f55734b67,AWAY,59.77641835165783,9.3,192.0,119.0,L,0.65,12.86,4.0,release_not_at_hand,no_release,622663,"Severino, Luis",SB,2B,,not measured,release_not_at_hand
ba87f111-4119-3ca1-8cb0-b29b60092f03,AWAY,59.89857866845334,11.0,182.0,117.0,R,0.16,24.12,9.0,PASS,no_set_before_lift,682254,"Montgomery, Mason",SB,3B,1.085,high,
ef650001-7c35-3bfe-91a7-2a26d847241c,HOME,59.81381745550522,3.6,179.0,119.0,L,0.19,27.73,8.0,PASS,PASS,671212,"Boyle, Joe",SB,3B,1.003,high,
5b2bfb76-c99a-3f82-8baf-0040a65b7330,HOME,59.81396870720649,3.5,179.0,127.0,R,0.15,14.17,9.0,PASS,PASS,669211,"Akin, Keegan",SB,2B,0.869,high,
d53766dc-9ff6-3997-96eb-c35334ce0ac2,HOME,59.622817149555324,3.6,182.0,120.0,L,0.14,13.71,9.0,PASS,PASS,660853,"De Los Santos, Enyel",SB,3B,1.04,high,
a65eb744-1861-3eb2-af72-149ee4cfc2e2,HOME,59.72689971616395,3.6,184.0,112.0,R,0.16,26.83,9.0,PASS,PASS,641778,"Lauer, Eric",SB,2B,1.205,high,
ac0305e2-598d-36d5-8d1c-3f4949eb1f23,AWAY,59.77427767022309,7.5,190.0,121.0,L,1.02,13.61,9.0,release_not_at_hand,release_not_at_hand,660853,"De Los Santos, Enyel",SB,2B,,not measured,release_not_at_hand
b18d1dab-1b91-376d-87d2-f74daf380010,AWAY,59.82181644672654,7.5,181.0,118.0,L,0.77,26.71,8.0,release_not_at_hand,release_not_at_hand,671212,"Boyle, Joe",SB,2B,,not measured,release_not_at_hand
44d04620-9bb0-3ab4-aa6f-a82f4d7d3e94,AWAY,59.81783208112437,7.4,188.0,120.0,L,0.92,18.81,7.0,release_not_at_hand,release_not_at_hand,694297,"Pfaadt, Brandon",SB,2B,,not measured,release_not_at_hand
b8923d2e-ba49-3cef-9c73-b81748c017dc,HOME,59.7412843287947,3.6,191.0,130.0,R,0.11,22.56,9.0,PASS,PASS,571578,"Corbin, Patrick",CS,2B,1.021,high,
baced811-0e33-3fc6-bb41-cbf33153d06a,HOME,59.709158614490704,5.2,188.0,122.0,R,0.18,17.25,9.0,PASS,PASS,663559,"Falter, Bailey",SB,2B,1.105,high,
26b7250e-5658-34ef-be9f-8c2b356d00f4,HOME,59.6206309978496,3.6,182.0,128.0,L,0.22,13.57,9.0,PASS,PASS,645261,"Alcantara, Sandy",SB,2B,0.906,high,
1ddfefe6-fd8a-3be6-a7c9-205c151bb4ab,HOME,59.78501676394757,3.6,185.0,123.0,L,0.18,19.89,7.0,PASS,PASS,676130,"Buttó, José",CS,2B,1.037,high,
a1f81d79-1313-3ba1-a0b8-5bd82c934d5c,HOME,59.72658496659736,3.6,193.0,125.0,L,0.26,23.64,9.0,PASS,PASS,592351,"Gray, Jon",SB,3B,1.139,high,
06a4c6cc-bcb9-33ed-9dc8-33467f2d9e70,HOME,59.732607637285135,3.6,192.0,132.0,R,0.12,26.42,9.0,PASS,PASS,571578,"Corbin, Patrick",SB,2B,1.004,high,
7e4238f2-bc5a-38a5-ad18-3e43403dd699,HOME,59.79197031933219,3.5,181.0,125.0,L,0.13,17.62,6.0,PASS,PASS,669920,"Alexander, Jason",SB,2B,0.937,high,
2fb61bec-b9d2-3946-be51-ee6652293733,AWAY,59.76942420926298,7.5,182.0,125.0,L,0.94,11.14,9.0,release_not_at_hand,release_not_at_hand,676961,"Boushley, Caleb",SB,2B,,not measured,release_not_at_hand
aa71f287-0e54-30a6-94b4-3280510f513d,AWAY,59.72759073551247,9.0,176.0,,,0.23,,9.0,no_set_before_lift,no_set_before_lift,656986,"Sousa, Bennett",SB,3B,,not measured,no_set_before_lift
d4338980-66b8-3909-a30f-740c9f68d813,AWAY,59.7365715125104,9.0,181.0,,,0.13,,6.0,no_set_before_lift,no_set_before_lift,669920,"Alexander, Jason",SB,2B,,not measured,no_set_before_lift
fcd6674f-3f69-388f-96b3-c2cfc6aa3d27,HOME,59.725463132484705,3.7,184.0,117.0,L,0.37,19.49,9.0,PASS,PASS,622554,"Domínguez, Seranthony",SB,2B,1.122,low,release_to_wrist 0.37 outside -0.32
b8de1c8a-135b-34fb-a326-23c203789db7,HOME,59.56115662477816,3.7,183.0,121.0,L,0.22,23.52,9.0,PASS,PASS,543243,"Gray, Sonny",SB,3B,1.041,high,
4e265c01-1461-3c44-9364-110501f1d974,AWAY,59.7707423580786,9.7,194.0,119.0,L,1.14,19.75,7.0,release_not_at_hand,cut_in_window,543243,"Gray, Sonny",CS,2B,,not measured,release_not_at_hand
f98b1223-a9fd-3fb3-895d-df0c5aabc2b4,HOME,59.76722239698018,3.6,179.0,123.0,L,0.16,8.3,5.0,PASS,PASS,641793,"Littell, Zack",SB,2B,0.937,high,
bae280e0-7d91-345e-b82d-4e3fe89fa9fb,AWAY,59.80987671207326,6.6,,,,,,,no_release,no_release,693433,"Woo, Bryan",SB,2B,,not measured,no_release
d1a82c5f-5ab3-3e39-9633-f4919680c2d8,AWAY,59.73390798580032,7.4,180.0,110.0,L,0.17,19.67,7.0,PASS,release_not_at_hand,641793,"Littell, Zack",SB,3B,1.172,high,
f40ed236-9b3a-368a-a4aa-cfd8d1f5dde7,HOME,59.809975928496236,3.6,179.0,113.0,L,0.16,30.29,9.0,PASS,PASS,670036,"Festa, Matt",CS,2B,1.103,high,
651d1041-95d8-30b4-b90a-9bb5942be7a8,AWAY,59.744664580176455,8.3,174.0,97.0,R,0.16,19.24,9.0,cut_in_window,cut_in_window,672282,"Detmers, Reid",SB,2B,,not measured,cut_in_window
f401ff18-294d-36bf-9bd1-c5098ebab398,AWAY,59.711776981533255,6.7,,,,,,,no_release,no_release,615698,"Quantrill, Cal",SB,2B,,not measured,no_release
a17060e8-9359-3da2-9246-2a053d3e4b54,AWAY,59.83981682783315,6.6,,,,,,,no_release,no_release,660787,"De los Santos, Yerry",CS,2B,,not measured,no_release
56b5d05c-7bfa-33a1-addf-21f3f51ea46c,AWAY,59.74611114918111,4.5,,,,,,,no_release,no_release,592836,"Walker, Taijuan",CS,2B,,not measured,no_release
33dd62fc-6bbe-369d-89b6-eb04108aadf6,HOME,59.599571077500705,3.6,171.0,113.0,L,0.17,16.56,9.0,PASS,PASS,660825,"Bazardo, Eduard",SB,2B,0.973,high,
3cb40295-bdfb-31f4-82e3-24769e60bb8d,AWAY,59.78740631316679,9.600000000000001,179.0,127.0,R,0.17,10.59,9.0,PASS,cut_in_window,621383,"Banks, Tanner",SB,2B,0.87,high,
f44b1cef-8efa-3489-a7b6-e677f37fc7e8,AWAY,59.75005654004129,9.5,155.0,120.0,L,0.08,13.59,8.0,PASS,cut_in_window,642207,"Williams, Devin",SB,2B,0.586,low,delivery_s 0.586 outside 0.7-1.31
3a5a28c9-aa7f-37c2-b1f1-99085d491d1c,HOME,59.796565124998025,3.6,180.0,132.0,L,0.21,8.48,9.0,PASS,PASS,668674,"Erceg, Lucas",SB,2B,0.803,high,
8ba22394-2227-3a79-b9c9-6822e0956fc2,HOME,59.68979107513667,3.6,179.0,117.0,L,0.16,24.0,9.0,PASS,PASS,573186,"Stroman, Marcus",SB,2B,1.039,high,
69922fbb-446e-337b-8f5f-a2225ad3ec06,HOME,59.75106283845709,3.7,172.0,111.0,R,0.14,16.52,9.0,PASS,PASS,656641,"Latz, Jacob",SB,2B,1.021,high,
63c23a57-7815-335a-9b00-8ed20772b4a2,HOME,59.76419128871951,3.7,176.0,118.0,R,0.14,12.58,9.0,PASS,PASS,656641,"Latz, Jacob",SB,2B,0.97,high,
ce6b7d3c-d18a-386f-be34-6390f992f661,HOME,59.711173429481676,3.6,175.0,109.0,L,0.18,25.73,9.0,PASS,PASS,573186,"Stroman, Marcus",SB,2B,1.105,high,
d816e849-c9c6-3e9e-ade4-0224f271cbe9,HOME,59.74284026313402,3.5,179.0,112.0,R,0.08,23.42,9.0,PASS,PASS,697812,"Rock, Joe",SB,2B,1.121,high,
ec0b279a-7a42-3f18-9c6e-d86b446c6072,HOME,59.80035471776852,3.6,179.0,117.0,L,0.42,23.64,6.0,PASS,PASS,687330,"Kelly, Kevin",SB,3B,1.037,low,release_to_wrist 0.42 outside -0.32
e66dd460-22f8-38c0-87db-d652e08bcdab,HOME,59.76429642223425,5.3,172.0,109.0,L,0.17,15.65,9.0,PASS,PASS,702795,"Loutos, Ryan",SB,2B,1.054,high,
868a6448-6321-3c45-ae42-c97f8c7e826e,HOME,59.6489677739629,3.6,177.0,113.0,L,0.16,24.1,9.0,PASS,PASS,686613,"Brown, Hunter",SB,2B,1.073,high,
526fea48-dee2-3851-baa3-610aafed5c75,HOME,59.777011597188014,3.7,179.0,118.0,R,0.15,24.4,8.0,PASS,PASS,607074,"Rodón, Carlos",SB,2B,1.02,high,
662eef7f-8d04-3915-a04c-137532e0912a,AWAY,59.8051521971851,6.1,,,,,,,no_release,release_not_at_hand,676130,"Buttó, José",SB,2B,,not measured,no_release
892f60e5-64f4-31dd-aae9-7e578cfb8cb2,AWAY,59.73320461531665,2.0,,,,,,,not_cf_view,not_cf_view,669622,"Bender, Anthony",SB,2B,,not measured,not_cf_view
f6860b8c-197f-3fbf-9dbc-f184f1ab5174,AWAY,59.7368620277434,7.2,175.0,,,0.15,,9.0,no_set_before_lift,cut_in_window,681343,"Smith, Shane",SB,2B,,not measured,no_set_before_lift
1324b42f-976f-3ba2-9201-6fb9df71e04c,HOME,59.76919893947986,3.7,178.0,114.0,R,0.12,17.56,9.0,PASS,PASS,607074,"Rodón, Carlos",SB,3B,1.071,high,
90713e9c-da19-3daf-8ce1-ba8aec4ec8f1,AWAY,59.827965944668684,9.2,,,,,,,no_release,not_cf_view,592332,"Gausman, Kevin",SB,2B,,not measured,no_release
5d9bb75e-4aa1-3217-ae7b-62c8332f42d6,AWAY,59.840079828788255,7.8,181.0,119.0,L,0.14,14.73,5.0,PASS,cut_in_window,669622,"Bender, Anthony",SB,3B,1.036,high,
b6ac3243-dacb-3637-8c03-dd85e753398e,HOME,59.79734641373948,3.6,177.0,121.0,L,0.15,14.45,7.0,PASS,PASS,676083,"Junk, Janson",SB,2B,0.936,high,
839154da-fa4a-3f99-84db-b576d27d859e,AWAY,59.74076130246929,9.1,175.0,,,0.13,,9.0,no_set_before_lift,no_set_before_lift,681343,"Smith, Shane",SB,3B,,not measured,no_set_before_lift
53e45164-1542-3fef-b7b3-300ff4eb3922,AWAY,59.67726877751366,9.0,258.0,,,1.44,,9.0,not_cf_view,no_release,690990,"Horton, Cade",SB,2B,,not measured,not_cf_view
cab5e289-3603-37f5-b407-43f2e41e9ebc,HOME,59.80158938840408,3.7,178.0,130.0,L,0.25,6.65,9.0,PASS,PASS,667297,"Nance, Tommy",SB,2B,0.803,high,
f002f937-0087-3523-8519-5cce121c914f,HOME,59.71760865802293,3.5,174.0,120.0,L,0.19,5.5,9.0,PASS,PASS,472610,"García, Luis",SB,2B,0.904,high,
c283c046-9f09-3398-a37b-ca02bba14385,HOME,59.716580242984705,3.6,179.0,134.0,L,0.14,11.09,9.0,PASS,PASS,657746,"Ryan, Joe",SB,2B,0.754,high,
2d74c2ea-856b-3e2c-aa79-995a81b6db5f,HOME,59.74828269789314,3.6,173.0,117.0,L,0.27,14.54,9.0,PASS,PASS,664208,"Maton, Phil",SB,2B,0.937,high,
4f7ddc06-26cf-3df6-8044-08bd9df1bd19,HOME,59.76943592594845,3.6,181.0,120.0,L,0.59,12.38,9.0,PASS,PASS,694973,"Skenes, Paul",SB,2B,1.021,low,release_to_wrist 0.59 outside -0.32
d6cb66a5-446b-3fd1-a062-0f5cdcf66817,AWAY,59.79658114543366,7.8,236.0,,,0.27,,3.0,no_set_before_lift,no_release,678906,"Teng, Kai-Wei",SB,2B,,not measured,no_set_before_lift
bd52871d-cf7f-3623-9719-885ff74fe978,AWAY,59.77827209143713,8.0,179.0,122.0,R,0.18,11.77,9.0,PASS,cut_in_window,605483,"Snell, Blake",SB,2B,0.954,high,
1ad7e785-4c98-30c8-92d3-e21bc280684b,AWAY,59.76602441526106,11.2,162.0,131.0,L,0.03,11.65,5.0,PASS,not_cf_view,675848,"Mejia, Juan",SB,2B,0.519,low,delivery_s 0.519 outside 0.7-1.31
a37ab3b1-252e-311b-94c2-1a8eabb94e61,HOME,59.65916725425785,3.6,178.0,109.0,L,0.18,18.43,9.0,PASS,PASS,641755,"Kinley, Tyler",SB,2B,1.157,high,
d5cfd097-5772-36be-913c-4f0204534781,AWAY,59.8184457698564,6.699999999999999,,,,,,,no_release,no_release,677952,"Ashcraft, Braxton",SB,2B,,not measured,no_release
b69f8401-240d-3730-9ca9-66d625746592,HOME,59.70912132335858,3.7,176.0,119.0,L,0.21,10.62,9.0,PASS,PASS,694462,"Waldrep, Hurston",SB,3B,0.955,high,
07f03bc7-bc46-3664-b125-4a9b94a71875,HOME,59.71962354380115,3.5,175.0,117.0,L,0.25,20.82,9.0,PASS,PASS,674384,"Núñez, Eduarniel",CS,2B,0.971,high,
06ca378f-ed74-3f2d-a885-38d05277074e,AWAY,59.7622565621611,7.4,181.0,104.0,L,0.62,17.64,8.0,release_not_at_hand,no_release,691587,"Pérez, Eury",SB,2B,,not measured,release_not_at_hand
594215e5-755f-3a2a-b724-94e09ac38c48,HOME,59.533818054156924,3.6,176.0,127.0,R,0.12,6.91,9.0,PASS,PASS,641386,"Bowden, Ben",SB,2B,0.823,high,
30c00e4e-997b-3545-adaa-939e170db96e,AWAY,59.757443394765886,8.3,177.0,,,0.17,,9.0,cut_in_window,not_cf_view,543056,"Coulombe, Danny",SB,2B,,not measured,cut_in_window
4a25d2f8-6c16-310b-8d2f-8c064ca87d60,HOME,59.77380788640393,3.6,179.0,117.0,R,0.15,23.9,8.0,PASS,PASS,621381,"Strahm, Matt",SB,2B,1.037,high,
267a4735-dd04-3827-977c-f48a2093e61e,HOME,59.685029859606864,3.5,174.0,110.0,R,0.13,25.11,9.0,PASS,PASS,641386,"Bowden, Ben",SB,2B,1.072,high,
3b7af9cb-ad58-3760-88ad-0aef2d5ade4b,HOME,59.62076612820782,3.5,176.0,113.0,L,0.12,20.12,8.0,PASS,PASS,686993,"Sterner, Justin",SB,3B,1.057,high,
0c392ea2-943c-396e-a7b7-954222293f4c,HOME,59.78027155171233,3.6,163.0,103.0,L,0.1,17.57,9.0,PASS,PASS,554430,"Wheeler, Zack",CS,2B,1.004,high,
9f6bc70a-2bbd-3861-b6aa-c53c4ca5dbe1,AWAY,59.753156090785566,7.199999999999999,,,,,,,no_release,no_release,453286,"Scherzer, Max",SB,3B,,not measured,no_release
41fbe965-c470-33ea-945c-bebe2364ac0b,HOME,59.69054184711138,3.6,172.0,122.0,L,0.17,2.16,9.0,PASS,PASS,543294,"Hendricks, Kyle",SB,2B,0.838,low,lift_peak_in 2.16 outside 4.28-
3deb1df8-086f-3ce3-8bb8-51fe8c003c7c,HOME,59.82431481478043,3.6,181.0,111.0,L,0.3,23.79,8.0,PASS,PASS,693645,"Schlittler, Cam",CS,3B,1.17,high,
dd407414-454e-31d5-92e5-87bb91ec49b0,AWAY,59.70451656334659,7.5,180.0,115.0,L,0.16,23.98,7.0,PASS,not_cf_view,596001,"Junis, Jakob",SB,2B,1.089,high,
345b3e09-a302-3707-b638-ff677105d82e,AWAY,59.808940741731305,7.8999999999999995,,,,,,,no_release,no_release,669371,"Henry, Cole",SB,3B,,not measured,no_release
b78c18fd-0866-386e-8854-050c7db46ab0,AWAY,59.71337579617835,7.4,176.0,122.0,L,0.22,8.28,9.0,PASS,no_set_before_lift,594798,"deGrom, Jacob",SB,2B,0.904,high,
d14c9d2e-604a-3c97-8594-ce991ce569a2,HOME,59.78807874960449,3.8,179.0,125.0,L,0.18,7.77,7.0,PASS,PASS,662253,"Muñoz, Andrés",CS,2B,0.903,high,
60c4a33c-c4e8-3423-b7b3-5eb05ebf17ce,HOME,59.7592212542737,3.6,176.0,117.0,L,0.22,13.26,9.0,PASS,PASS,593423,"Montas, Frankie",SB,2B,0.987,high,
fe4d677f-e3b1-342b-ad35-849ac4852421,AWAY,59.76172858255326,7.4,179.0,,,0.13,,8.0,no_set_before_lift,no_set_before_lift,669438,"Englert, Mason",SB,3B,,not measured,no_set_before_lift
28430009-1874-3548-9255-9866a900c0c5,HOME,59.747617821272215,3.6,180.0,109.0,L,0.31,22.12,7.0,PASS,PASS,656605,"Keller, Mitch",SB,3B,1.188,high,
466cb67d-3a0f-33d3-9aee-a7fcf8d99fe9,AWAY,59.82930489052002,7.5,174.0,121.0,L,0.24,14.99,8.0,PASS,no_set_before_lift,570632,"Ureña, José",CS,3B,0.886,high,
259c275c-4c0e-3b78-a238-4cebe2c7699e,AWAY,59.75688651298989,6.8,,,,,,,no_release,no_release,594798,"deGrom, Jacob",SB,2B,,not measured,no_release
af249365-e6f1-374b-9076-4201e144c8ce,AWAY,59.70348103769147,6.9,,,,,,,no_release,no_release,808967,"Yamamoto, Yoshinobu",SB,2B,,not measured,no_release
c950a2b6-6572-3275-9773-043c432ff567,HOME,59.866284066246195,3.5,180.0,126.0,L,0.29,11.34,9.0,PASS,PASS,607067,"Rea, Colin",CS,2B,0.902,high,
499c30d6-cb05-3945-bbc2-edfa007ae192,AWAY,59.76692832159379,9.3,175.0,119.0,L,0.15,12.46,8.0,PASS,cut_in_window,664141,"Brubaker, JT",SB,2B,0.937,high,
e40718c0-e7d4-3f24-bf90-fc7da68b4193,AWAY,59.79371034711542,6.699999999999999,,,,,,,not_cf_view,cut_in_window,669467,"Pallante, Andre",CS,2B,,not measured,not_cf_view
b246cfa1-49cb-32e3-b814-fc0bcecf3916,AWAY,59.707364850088055,7.5,182.0,129.0,L,0.12,21.11,9.0,PASS,no_set_before_lift,669438,"Englert, Mason",SB,2B,0.888,high,
64bd406d-b3f9-3d96-befe-c6cad7d1e655,AWAY,59.782924139532184,7.9,179.0,118.0,L,0.18,30.08,9.0,PASS,cut_in_window,671212,"Boyle, Joe",SB,2B,1.02,high,
ea3a92d5-c03a-3821-a9e2-4f5dd9be33a1,HOME,59.81296930423967,3.7,178.0,113.0,L,0.13,16.1,8.0,PASS,PASS,681168,"Curvelo, Luis",SB,2B,1.087,high,
49b4165f-2820-3591-86d3-f19f406286eb,HOME,59.7739421717197,3.6,178.0,115.0,L,0.22,13.9,9.0,PASS,PASS,605288,"Houser, Adrian",SB,2B,1.054,high,
f4256531-52ce-3e81-a464-2693c8eb5fce,AWAY,59.676348144428424,5.9,,,,,,,no_release,no_set_before_lift,607192,"Glasnow, Tyler",SB,2B,,not measured,no_release
5db83eb2-e36e-3537-b6dd-823d6b0f2376,HOME,59.759532217250204,3.6,179.0,104.0,R,0.14,34.72,9.0,PASS,PASS,663559,"Falter, Bailey",SB,2B,1.255,high,
586a0f27-673f-3122-8081-3e6087c4f664,HOME,59.76956313010081,3.6,177.0,111.0,R,0.19,17.95,9.0,PASS,PASS,663559,"Falter, Bailey",SB,2B,1.104,high,
302948a5-9a13-3bd3-8f8d-b3a04d63605e,HOME,59.703375132703364,3.6,182.0,119.0,L,0.15,22.93,8.0,PASS,PASS,647336,"Soroka, Michael",SB,2B,1.055,high,
fc9acb8e-6f6c-3f5d-ad87-b0e50b5d97fd,HOME,59.749303621169915,3.6,175.0,112.0,R,0.16,22.87,9.0,PASS,PASS,579328,"Kikuchi, Yusei",SB,2B,1.054,high,
30b2e5ce-0520-3579-a56c-81511703c950,HOME,59.764802001113594,3.7,178.0,112.0,R,0.12,23.59,9.0,PASS,PASS,579328,"Kikuchi, Yusei",SB,2B,1.104,high,
8b117db3-edd6-3ac9-8bdb-ce4ef9af3486,HOME,59.75847615885795,3.7,174.0,116.0,L,0.24,13.27,9.0,PASS,PASS,677944,"Cecconi, Slade",SB,2B,0.971,high,
2a8afdda-17b0-3ece-941e-aba485e55a95,AWAY,59.807845828664085,7.300000000000001,185.0,112.0,L,0.71,31.52,9.0,release_not_at_hand,release_not_at_hand,621242,"Díaz, Edwin",SB,2B,,not measured,release_not_at_hand
be3e0996-e24f-3da1-8582-6938034c4645,HOME,59.68723333209661,3.6,180.0,118.0,L,0.14,21.73,7.0,PASS,PASS,675512,"Melton, Troy",CS,3B,1.039,high,
61399ee9-54b5-354e-8edc-6248e5e87586,HOME,59.772719418320385,3.6,182.0,125.0,L,0.21,19.52,9.0,PASS,PASS,675512,"Melton, Troy",SB,2B,0.954,high,
d24e7392-0799-31d6-9ba8-923b13471c5c,HOME,59.73780815307374,3.8,178.0,123.0,L,0.21,4.43,9.0,PASS,PASS,681676,"Fernandez, Ryan",SB,2B,0.921,high,
a386da51-e9b6-34b7-9582-7533ee6ab611,HOME,59.64999026874057,3.5,162.0,103.0,L,0.08,11.82,9.0,PASS,PASS,641755,"Kinley, Tyler",SB,2B,0.989,high,
8203657e-30ac-3fb2-8695-c535554a4475,HOME,59.885519598812046,3.6,176.0,116.0,L,0.14,26.67,8.0,PASS,PASS,606160,"Montero, Rafael",CS,2B,1.002,high,
cc17c2f6-458f-3b31-96a9-76bbe3edf27c,AWAY,59.72943891492404,7.9,175.0,127.0,L,0.19,3.67,9.0,PASS,cut_in_window,669194,"Nelson, Ryne",CS,2B,0.804,low,lift_peak_in 3.67 outside 4.28-
9c10665d-35d2-3d6a-be7f-ad5ac6f5beea,HOME,59.74905397331209,3.7,176.0,115.0,L,0.15,22.67,8.0,PASS,PASS,621244,"Berríos, José",SB,2B,1.021,high,
b953b1d8-764b-3dfa-971c-ea7ddabc4cf5,AWAY,59.74467950946658,7.4,176.0,122.0,L,0.23,24.02,9.0,PASS,cut_in_window,641329,"Baker, Bryan",SB,2B,0.904,high,
e014c6c9-4ddf-3bb2-a18e-a0d153c76c45,HOME,59.757802138682365,3.6,163.0,102.0,L,0.14,12.81,8.0,PASS,PASS,641755,"Kinley, Tyler",SB,2B,1.021,high,
39a80ca9-c54f-36cc-a967-cc7e01f3ec15,HOME,59.76180168249845,3.7,176.0,118.0,L,0.28,16.5,5.0,PASS,PASS,663436,"Martin, Davis",SB,2B,0.971,high,
12caf60e-b364-3ebb-9174-89be3d63c3d1,HOME,59.79358312766435,3.6,159.0,105.0,L,0.16,12.75,9.0,PASS,PASS,686218,"Sheehan, Emmet",CS,2B,0.903,high,
7215f1c0-4c0d-385e-9b6d-20ee30954ce2,HOME,59.72954757650143,5.1,172.0,107.0,L,0.21,15.71,8.0,PASS,PASS,683409,"Chivilli, Angel",SB,2B,1.088,high,
e2098fc0-2f0e-300c-b404-67213a6b72a6,HOME,59.7161288434025,3.6,167.0,106.0,R,0.14,15.07,9.0,PASS,PASS,666214,"Wentz, Joey",SB,2B,1.021,high,
173e19bf-3f4a-3e78-a70d-227801ad8eae,AWAY,59.6949660930136,7.300000000000001,177.0,,,0.13,,9.0,cut_in_window,no_set_before_lift,685314,"Saalfrank, Andrew",SB,2B,,not measured,cut_in_window
0dc95fbb-2af0-34b5-aa27-20879e2e0410,AWAY,59.75908015536219,5.9,,,,,,,no_release,no_release,663436,"Martin, Davis",SB,3B,,not measured,no_release
c539b405-f712-33b7-aef3-b9466bb8da1d,AWAY,59.70453907585538,7.8999999999999995,177.0,122.0,R,0.12,16.25,9.0,PASS,cut_in_window,671106,"Allen, Logan",SB,2B,0.921,high,
e4cf6eb4-3c92-3e8d-81ac-4beffdc50cab,HOME,59.751409664229705,3.7,176.0,126.0,L,0.23,6.56,9.0,PASS,PASS,669358,"Baz, Shane",SB,2B,0.837,high,
257ab0d9-59b6-3e02-9734-02debfe3519e,HOME,59.77631151554523,3.8,182.0,121.0,L,0.19,6.84,8.0,PASS,PASS,664294,"Moreta, Dauri",SB,2B,1.02,high,
aa03eb85-a0d8-348b-a232-0a7b159ffd76,AWAY,59.82191339262342,7.8999999999999995,180.0,111.0,R,0.23,21.01,9.0,PASS,cut_in_window,592662,"Ray, Robbie",SB,2B,1.153,high,
0a8f1dbd-5c3d-331a-8f84-9b72f9d32d2c,AWAY,59.70095188719078,7.5,171.0,,,0.12,,9.0,no_set_before_lift,cut_in_window,685126,"Eisert, Brandon",SB,2B,,not measured,no_set_before_lift
54137c51-4834-3333-9002-156a2aad0436,HOME,59.68379850586107,3.6,181.0,114.0,L,0.09,25.7,9.0,PASS,PASS,675911,"Strider, Spencer",CS,2B,1.123,high,
3f6a9b7e-5893-3fcb-952f-dea91fb3e0af,AWAY,59.81462853858313,9.5,170.0,114.0,L,0.15,18.44,9.0,PASS,cut_in_window,669923,"Kirby, George",SB,2B,0.936,high,
6668efce-4841-3586-8384-5b84d570dafb,AWAY,59.777476700743115,8.899999999999999,177.0,112.0,L,0.15,17.44,5.0,PASS,release_not_at_hand,593576,"Neris, Héctor",SB,3B,1.087,high,
8f472287-b8a7-3989-a492-dd219cf2268f,AWAY,59.82934582566505,9.2,179.0,,,0.22,,6.0,no_set_before_lift,release_not_at_hand,681293,"Arrighetti, Spencer",SB,2B,,not measured,no_set_before_lift
808d7152-f8a5-344e-a553-f9da3b569cfd,HOME,59.60803203179095,3.7,181.0,116.0,L,0.15,21.48,8.0,PASS,PASS,592332,"Gausman, Kevin",SB,2B,1.09,high,
516f1c19-98b4-3459-9d0f-f3281f9a7177,AWAY,59.69787312953797,7.8,177.0,117.0,L,0.14,7.11,9.0,PASS,cut_in_window,669160,"May, Dustin",SB,2B,1.005,high,
67a02e13-1b23-3e3a-9e96-3006029a36cb,HOME,59.70876063555318,3.5,181.0,115.0,L,0.22,5.5,9.0,PASS,PASS,445276,"Jansen, Kenley",SB,2B,1.105,high,
0ef9a1bf-a620-382f-97e2-0fa649e91f46,AWAY,59.68209338258211,7.300000000000001,184.0,115.0,L,0.79,26.13,9.0,release_not_at_hand,cut_in_window,675911,"Strider, Spencer",CS,2B,,not measured,release_not_at_hand
ee6eb2c7-e38f-3559-9806-5ef149cd1671,AWAY,59.866097372631955,10.600000000000001,180.0,,,0.17,,5.0,no_set_before_lift,cut_in_window,683004,"Leiter, Jack",SB,3B,,not measured,no_set_before_lift
25ccc3b4-6858-3e89-8bd3-a3d3d7c34d3f,AWAY,59.69026915500671,9.0,179.0,109.0,L,0.15,31.69,9.0,PASS,cut_in_window,663462,"Campbell, Isaiah",SB,3B,1.173,high,
cd6d9f75-b92f-375f-aff8-16a221eeb0d6,AWAY,59.73302753374465,7.4,172.0,101.0,R,0.1,21.11,9.0,PASS,no_set_before_lift,685126,"Eisert, Brandon",SB,3B,1.189,high,
18fc288f-3072-3bd3-9193-3df7097c9de6,HOME,59.858928555027966,3.8,183.0,119.0,R,0.14,21.18,9.0,PASS,PASS,669461,"Liberatore, Matthew",SB,3B,1.069,high,
ff566377-aa09-3e03-840a-d15be29eb087,AWAY,59.71820305262141,6.699999999999999,,,,,,,no_release,no_release,660271,"Ohtani, Shohei",SB,2B,,not measured,no_release
bb804374-22fc-36e5-ae61-d6a19f76e282,HOME,59.7396648471199,3.6,177.0,121.0,L,0.23,20.12,9.0,PASS,PASS,641672,"Hatch, Thomas",SB,2B,0.937,high,
bbeea9c4-cece-3fed-a845-8398b032bc69,AWAY,59.7894371994281,7.4,,,,,,,no_release,cut_in_window,681293,"Arrighetti, Spencer",SB,2B,,not measured,no_release
d965b05a-d827-3b9b-86dc-473cdd06ed26,HOME,59.68241459095682,3.5,182.0,126.0,L,0.43,13.71,8.0,PASS,PASS,663462,"Campbell, Isaiah",SB,2B,0.938,low,release_to_wrist 0.43 outside -0.32
4a21ae02-ee9f-378f-a040-fbb33627665e,AWAY,59.774245881845495,7.8,179.0,117.0,L,0.19,19.41,9.0,PASS,cut_in_window,605447,"Romano, Jordan",CS,2B,1.037,high,
654d0d4b-871b-36bc-93fd-42e9c919e843,HOME,59.63847408275978,3.5,182.0,117.0,R,0.19,21.32,9.0,PASS,PASS,500779,"Quintana, Jose",SB,2B,1.09,high,
1c9a5c61-ca6b-3e30-8f57-31822780e7fa,AWAY,59.69430474303758,7.3,173.0,113.0,R,0.12,22.96,9.0,PASS,cut_in_window,676571,"Poulin, PJ",SB,2B,1.005,high,
a769783b-17a3-35ba-9727-12ff665046f0,HOME,59.75716133430923,3.7,178.0,116.0,L,0.23,11.33,9.0,PASS,PASS,691587,"Pérez, Eury",SB,2B,1.038,high,
40a80734-bbbe-3014-b673-2e10d8f1f4dc,AWAY,59.70502101134275,6.9,,,,,,,no_release,no_release,621051,"Wilson, Steven",SB,3B,,not measured,no_release
e1d64196-e3c2-3027-b639-421a78df9c51,AWAY,59.66510075779396,7.8,,,,,,,no_release,no_release,673929,"Leasure, Jordan",SB,2B,,not measured,no_release
b457d37d-89aa-3c07-a081-52eb62d255df,AWAY,59.71178079831118,6.6,,,,,,,no_release,no_release,666374,"Brash, Matt",SB,2B,,not measured,no_release
b6f438a2-152f-3e8f-9f87-490935cd634b,AWAY,59.827227623792375,6.6,,,,,,,no_release,no_release,690925,"Beeter, Clayton",CS,2B,,not measured,no_release
34649f0c-6f1f-3e21-b6a7-60f4026a807d,HOME,59.77198096151717,3.6,179.0,115.0,L,0.19,19.75,9.0,PASS,PASS,678024,"Vasil, Mike",CS,2B,1.071,high,
733d37f4-97d1-3f5a-a2a1-50ca5d2525b5,HOME,59.76805131249367,3.6,182.0,120.0,L,0.14,32.44,8.0,PASS,PASS,695505,"Burns, Chase",SB,2B,1.037,high,
cd2add62-d9c9-31a5-8f6f-437769d08263,HOME,59.747800840663864,3.7,182.0,122.0,R,0.11,20.85,4.0,PASS,PASS,676395,"Garcia, Robert",SB,2B,1.004,low,ball_pts 4.0 outside 5-
3367b2cc-6ef1-30fb-9d97-08b0c8ff54e8,HOME,59.782489893459115,3.6,172.0,110.0,L,0.16,19.06,8.0,PASS,PASS,608665,"Graveman, Kendall",SB,2B,1.037,high,
8db57cfb-5105-3d85-9215-f67abc0f9dab,AWAY,59.770643418597864,6.6,,,,,,,no_release,no_release,669372,"Ginn, J.T.",SB,3B,,not measured,no_release
15b69ae2-c239-39b3-a3eb-2ffc66ee182d,AWAY,59.761308383674674,9.2,150.0,,,0.11,,9.0,cut_in_window,no_release,693821,"Elder, Bryce",SB,2B,,not measured,cut_in_window
54b3e48b-4933-3df3-a89b-5a47fb66ed00,HOME,59.691141974159436,3.6,195.0,159.0,L,0.27,3.5,9.0,PASS,PASS,643511,"Rogers, Tyler",SB,2B,0.603,low,lift_peak_in 3.5 outside 4.28-; delivery_s 0.603 outside 0.7-1.31
2f38024f-bb07-3157-afa5-44668f4f7a4a,AWAY,59.68155776598362,7.8,177.0,146.0,L,0.14,5.7,9.0,cut_in_window,cut_in_window,665795,"Cabrera, Edward",SB,2B,,not measured,cut_in_window
dab52564-3ba8-372d-9278-3d0b412277ec,HOME,59.70699345803004,3.6,175.0,114.0,L,0.21,11.28,9.0,PASS,PASS,666808,"Doval, Camilo",SB,2B,1.022,high,
d9777d23-a6c5-31db-9669-c5eacd6d2bd8,HOME,59.84756473218215,3.9,177.0,121.0,L,0.19,18.61,5.0,PASS,PASS,657746,"Ryan, Joe",SB,2B,0.936,high,
b0ca0ec1-3faf-33ed-8c6d-bf5dbf369399,HOME,59.7881359164844,3.6,181.0,122.0,L,0.09,11.05,8.0,PASS,PASS,518876,"Kelly, Merrill",CS,2B,0.987,high,
26639c5c-7ad7-310c-bbe7-7bb70d6827b5,AWAY,,3.2,,,,,,,no_clip,no_release,594798,"deGrom, Jacob",CS,2B,,not measured,no_clip
3ff71285-af38-352b-adf1-dddc43b77f56,AWAY,59.796744104849815,7.2,178.0,,,0.13,,9.0,cut_in_window,cut_in_window,607200,"Fedde, Erick",SB,3B,,not measured,cut_in_window
500468e8-1fa3-335d-a557-9bbf53efedfe,HOME,59.65374889229905,3.7,180.0,127.0,L,0.17,9.03,9.0,PASS,PASS,607200,"Fedde, Erick",SB,2B,0.888,high,
f59d1d18-1738-3cd4-8b61-faa8c25fac97,HOME,59.86306324283202,5.2,180.0,115.0,R,0.15,18.1,5.0,PASS,PASS,666200,"Luzardo, Jesús",CS,2B,1.086,high,
2966252b-38a7-3f01-9401-3b8246e1854d,HOME,59.78500736839743,3.6,175.0,116.0,L,0.24,9.07,8.0,PASS,PASS,695243,"Miller, Mason",CS,2B,0.987,high,
50b7edfc-8a8d-3c1d-b47c-8b56979d96b6,HOME,59.70338665297623,3.6,176.0,124.0,L,0.21,4.51,9.0,PASS,PASS,608337,"Giolito, Lucas",SB,3B,0.871,high,
ab958f8e-754e-3ebf-b9da-14355ee7cd5f,HOME,59.83145290468845,3.6,175.0,111.0,L,0.37,5.12,9.0,PASS,PASS,608337,"Giolito, Lucas",SB,3B,1.07,low,release_to_wrist 0.37 outside -0.32
dd056c6b-2ec0-3c92-b9d8-5d9119e58e0e,HOME,59.731293308693004,3.5,179.0,118.0,L,0.16,4.8,9.0,PASS,PASS,669467,"Pallante, Andre",SB,2B,1.021,high,
5ca1f2ef-9301-3cfd-91e8-8a31e9b6e627,AWAY,59.67605338966571,7.8999999999999995,179.0,,,0.19,,9.0,cut_in_window,cut_in_window,607200,"Fedde, Erick",SB,2B,,not measured,cut_in_window
36f3bfaf-e0ae-3fab-9297-08f6b48a2f35,HOME,59.80551053484603,3.6,178.0,131.0,L,0.18,6.81,9.0,PASS,PASS,688138,"Evans, Logan",CS,2B,0.786,high,
ec5cde92-06f2-3732-b3ab-1f911d200965,AWAY,59.79609531497593,9.7,,,,,,,no_release,cut_in_window,543859,"Tonkin, Michael",SB,2B,,not measured,no_release
8d92f6dc-1ddf-3c42-befc-cd2768dd1b24,HOME,59.69981558526022,3.7,175.0,111.0,R,0.17,22.84,9.0,PASS,PASS,682254,"Montgomery, Mason",SB,3B,1.072,high,
cb306d60-9d75-3085-8f79-62c786d30b83,HOME,59.72678174309012,3.5,177.0,110.0,R,0.16,29.62,7.0,PASS,PASS,579328,"Kikuchi, Yusei",SB,2B,1.122,high,
55e60588-65bd-35fd-830c-dd238dbb1784,AWAY,,4.0,,,,,,,no_clip,cut_in_window,666200,"Luzardo, Jesús",CS,3B,,not measured,no_clip
ef406b70-5879-357e-b001-1c9924056b7b,HOME,59.68480831994251,3.6,182.0,134.0,L,0.16,3.33,9.0,PASS,PASS,687473,"Gusto, Ryan",SB,2B,0.804,low,lift_peak_in 3.33 outside 4.28-
a8ec0ff6-4610-3bf9-9553-2ab931fcf1fd,HOME,59.791272586771704,5.5,178.0,105.0,L,0.19,20.91,9.0,PASS,PASS,683769,"Gaddis, Hunter",SB,2B,1.221,high,
d68afba9-231c-31b0-a191-3e7f8166a107,HOME,59.76893027878364,3.7,179.0,113.0,L,0.18,24.92,8.0,PASS,PASS,677952,"Ashcraft, Braxton",SB,2B,1.104,high,
0793e889-d5f9-3356-9443-e6a4f8f47776,HOME,59.71251808304349,3.6,184.0,116.0,L,0.16,20.88,9.0,PASS,PASS,645261,"Alcantara, Sandy",SB,2B,1.139,high,
a066b381-abb8-3ee3-94cd-c09a85711949,AWAY,59.781977155024855,7.300000000000001,176.0,,,0.13,,9.0,no_set_before_lift,not_cf_view,663158,"Suarez, Robert",SB,2B,,not measured,no_set_before_lift
3e748302-786d-39d0-a00d-578e60197a51,AWAY,59.71978076355736,4.5,,,,,,,no_release,no_release,671212,"Boyle, Joe",SB,2B,,not measured,no_release
64a78f1f-8014-347e-ae62-93114ec71950,HOME,59.82911388402259,3.6,181.0,125.0,L,0.23,3.92,9.0,PASS,PASS,669467,"Pallante, Andre",SB,2B,0.936,low,lift_peak_in 3.92 outside 4.28-
cdc659ba-3d63-3286-9feb-26926460c5aa,AWAY,59.78340765423629,6.199999999999999,,,,,,,no_release,no_release,693313,"Seymour, Carson",SB,2B,,not measured,no_release
b0e2f455-8119-301f-b81a-56368a0c3015,AWAY,59.78351373855121,7.0,182.0,122.0,L,0.17,14.28,9.0,PASS,no_release,607200,"Fedde, Erick",SB,2B,1.004,high,
af36d6d8-be95-3239-aef0-7be2ef21201e,AWAY,59.854150931084106,7.6,188.0,131.0,R,0.86,9.13,8.0,release_not_at_hand,release_not_at_hand,657424,"Gage, Matt",CS,2B,,not measured,release_not_at_hand
dc5b06a5-c996-38a7-89fb-76c9bd18b7ce,HOME,59.69892842570919,3.6,180.0,126.0,L,0.2,9.46,9.0,PASS,PASS,687134,"Blalock, Bradley",CS,2B,0.905,high,
22d3db30-9da5-322b-a9d3-ab89f2ca376a,HOME,59.72899084749792,3.6,179.0,115.0,R,0.17,18.98,9.0,PASS,PASS,593958,"Rodriguez, Eduardo",SB,2B,1.072,high,
b665737c-e7d7-39c8-8565-2a160661c0c2,AWAY,59.73816887683769,7.6000000000000005,181.0,110.0,L,0.17,19.84,7.0,cut_in_window,no_release,680732,"Burke, Sean",SB,2B,,not measured,cut_in_window
7f066664-e8f5-3be3-88ad-a1901ff61b43,HOME,59.72146390506548,3.6,191.0,133.0,R,0.16,10.52,9.0,PASS,PASS,687931,"Whisenhunt, Carson",SB,2B,0.971,high,
90c8e4b0-b3e0-3dc5-a740-a9c567edba2a,AWAY,59.70323465472213,9.0,177.0,,,0.2,,9.0,no_set_before_lift,not_cf_view,682990,"Priester, Quinn",SB,2B,,not measured,no_set_before_lift
2c9cc82e-771e-3d7e-a19b-4b8060be3744,HOME,59.72087901227596,3.6,178.0,118.0,L,0.19,24.21,9.0,PASS,PASS,622554,"Domínguez, Seranthony",SB,2B,1.005,high,
ac6c0309-293b-3d20-b518-0176dd939cfb,HOME,59.81522726234989,3.7,178.0,113.0,L,0.16,27.15,8.0,PASS,PASS,678394,"Bello, Brayan",SB,2B,1.087,high,
49811bef-eefa-38c9-a24c-00d5b4394bb4,AWAY,,3.6,,,,,,,no_clip,not_cf_view,543243,"Gray, Sonny",SB,2B,,not measured,no_clip
629fc80c-2772-33e9-8989-675fc509490b,AWAY,59.73355116508687,7.4,177.0,112.0,L,0.2,25.72,9.0,PASS,cut_in_window,678394,"Bello, Brayan",SB,2B,1.088,high,
ff8c15d2-a29b-30fe-9738-d5f82807e182,HOME,59.78776993269747,5.2,180.0,118.0,R,0.12,25.6,9.0,PASS,PASS,641778,"Lauer, Eric",CS,2B,1.037,high,
1dc57806-6cff-3e40-a0ef-a52e2f20f38d,HOME,59.798263002836585,5.2,178.0,109.0,L,0.21,22.61,7.0,PASS,PASS,680755,"Fisher, Braydon",SB,2B,1.154,high,
8aba2345-035d-3e2c-9e33-8a1386e45540,AWAY,59.77265418548399,6.699999999999999,,,,,,,no_release,no_release,605288,"Houser, Adrian",SB,2B,,not measured,no_release
2fec934b-da87-34ce-8692-41a82b1f5dda,HOME,59.69923764852516,3.6,180.0,115.0,R,0.1,15.96,9.0,PASS,PASS,684007,"Imanaga, Shota",SB,2B,1.089,high,
44978dc4-df54-3ea6-b141-ea80a5fb9593,HOME,59.767172060647276,3.7,183.0,123.0,R,0.12,20.83,9.0,PASS,PASS,663893,"Little, Brendon",CS,3B,1.004,high,
8dbfd2fb-e4f2-3fbc-a75d-2785e4388fad,HOME,59.76154912925973,3.7,178.0,126.0,L,0.23,16.38,9.0,PASS,PASS,701487,"Ohl, Pierson",SB,2B,0.87,high,
cd51bf89-112a-329e-a052-590d09be0046,AWAY,59.72335502771443,9.3,,,,,,,no_release,cut_in_window,682990,"Priester, Quinn",SB,2B,,not measured,no_release
779734d2-7b63-39a0-a6b1-bf5ea508db55,HOME,59.72794134518479,5.1,174.0,128.0,R,0.22,5.18,9.0,PASS,PASS,700249,"Povich, Cade",CS,2B,0.77,high,
5ff14660-3920-315b-8441-854146907286,AWAY,59.740062324238046,7.4,174.0,124.0,L,0.21,3.02,4.0,PASS,no_release,806960,"Morales, Luis",SB,2B,0.837,low,ball_pts 4.0 outside 5-; lift_peak_in 3.02 outside 4.28-
9b05d189-739a-31fe-ac02-3963b62d7f71,AWAY,,3.7,,,,,,,no_clip,not_cf_view,681892,"Funderburk, Kody",SB,2B,,not measured,no_clip
2b782876-f23d-34c6-9c82-c2bebe0ed44f,AWAY,59.72598338458714,7.4,180.0,117.0,R,0.13,19.9,9.0,PASS,cut_in_window,571578,"Corbin, Patrick",SB,2B,1.055,high,
ab8437b7-82c8-3792-b777-1f9350ffcd00,AWAY,,1.0,,,,,,,no_clip,not_cf_view,668941,"Romero, JoJo",CS,2B,,not measured,no_clip
908c8b84-c31c-30bb-a842-42b80d9c2e11,AWAY,59.82622537640114,4.8,179.0,129.0,L,0.1,11.23,9.0,PASS,not_cf_view,434378,"Verlander, Justin",SB,2B,0.836,high,
27ee80e7-05c3-3027-8303-66a3a3094d32,HOME,59.64455367459604,3.6,178.0,121.0,L,0.21,17.36,9.0,PASS,PASS,663436,"Martin, Davis",SB,2B,0.956,high,
a517fbff-2709-3fc9-a8a4-26378a4bed02,HOME,59.79547433852379,3.5,178.0,122.0,L,0.17,13.64,9.0,PASS,PASS,621139,"Kriske, Brooks",SB,2B,0.937,high,
3546ac85-e357-37a4-b559-2154c244c7da,AWAY,59.78069311189869,9.5,242.0,,,1.19,,5.0,cut_in_window,no_release,674370,"Bido, Osvaldo",SB,2B,,not measured,cut_in_window
e3a2cc0c-add4-37b1-bd32-7e8a3a1630c5,AWAY,59.83248917592665,7.4,179.0,113.0,L,0.19,18.48,7.0,PASS,cut_in_window,664299,"Javier, Cristian",SB,2B,1.103,high,
92f8e8fd-0be7-3e36-b921-cc162cdb9838,AWAY,59.81687211692074,7.3,177.0,,,0.21,,9.0,cut_in_window,cut_in_window,676979,"Crochet, Garrett",SB,2B,,not measured,cut_in_window
df864fb5-ab46-3e1e-a28c-8b34e55beb4d,HOME,59.70885960058754,3.5,178.0,108.0,L,0.19,19.35,6.0,PASS,PASS,664299,"Javier, Cristian",SB,2B,1.172,high,
1ea8427f-0539-368f-804b-8535d2bbc3cc,AWAY,59.8405564121912,9.4,,,,,,,no_release,release_not_at_hand,592351,"Gray, Jon",SB,2B,,not measured,no_release
98385de8-7da8-3b32-8daa-23ed598b66f6,AWAY,59.790190785063324,8.3,183.0,113.0,L,0.52,10.93,8.0,cut_in_window,cut_in_window,801403,"Dollander, Chase",SB,2B,,not measured,cut_in_window
035486a5-9068-3302-b310-8721074c9d78,HOME,59.6948695342469,3.6,180.0,123.0,L,0.12,11.01,8.0,PASS,PASS,660853,"De Los Santos, Enyel",CS,2B,0.955,high,
549b1d0f-fecc-3e9c-85e3-0b24229482f2,HOME,59.74537606998537,3.5,184.0,125.0,L,0.19,21.59,9.0,PASS,PASS,801403,"Dollander, Chase",SB,2B,0.988,high,
a55dbfb0-6e20-379f-b89a-bc6c4f2ea5f9,HOME,59.78325049114859,3.6,178.0,123.0,L,0.15,7.41,6.0,PASS,PASS,669160,"May, Dustin",SB,2B,0.92,high,
b78234e2-b156-3bab-8361-b545664d4f48,HOME,59.70555978708814,3.6,174.0,114.0,R,0.1,22.18,9.0,PASS,PASS,676571,"Poulin, PJ",SB,2B,1.005,high,
3006721c-4090-3b14-8693-b12e1e265fa0,HOME,59.68778696051423,3.6,175.0,117.0,L,0.36,24.45,8.0,PASS,PASS,621244,"Berríos, José",SB,2B,0.972,low,release_to_wrist 0.36 outside -0.32
2dd79c93-689f-3cef-a26b-5dbae1a94dc0,HOME,59.79124608049482,3.6,178.0,107.0,L,0.14,21.42,7.0,PASS,PASS,683004,"Leiter, Jack",SB,3B,1.187,high,
f89ac6e3-f966-30bc-bbf5-6e4277d3c7c3,AWAY,59.78142660104168,7.4,176.0,118.0,L,0.17,18.38,8.0,PASS,cut_in_window,701519,"Adams, Travis",CS,2B,0.97,high,
75ee8a8a-199f-30bb-b63b-a35f4949d04e,HOME,59.643977001478824,3.5,179.0,128.0,L,0.12,7.91,9.0,PASS,PASS,665152,"Kremer, Dean",CS,2B,0.855,high,
0da3a5b6-9223-3aaa-babc-c4d1a7e00d69,HOME,59.78854658680933,3.6,185.0,114.0,R,0.53,23.39,9.0,PASS,PASS,669461,"Liberatore, Matthew",CS,2B,1.188,low,release_to_wrist 0.53 outside -0.32
0c0a1172-67cb-3a13-b448-0a9152820f02,HOME,59.77159178216576,3.5,180.0,110.0,L,0.14,18.62,9.0,PASS,PASS,681293,"Arrighetti, Spencer",SB,2B,1.171,high,
a6a5580e-15e2-32d7-afb8-1f8ab8ba916d,AWAY,59.78312442308854,5.9,182.0,127.0,L,0.22,11.98,8.0,PASS,no_release,676083,"Junk, Janson",SB,2B,0.92,high,
28d9a82b-325d-387e-8f64-11b320ad0d15,AWAY,59.79414619461126,7.5,188.0,114.0,L,1.0,24.29,9.0,release_not_at_hand,release_not_at_hand,641672,"Hatch, Thomas",SB,3B,,not measured,release_not_at_hand
71784ab5-bea4-3811-879e-45b64f300fda,HOME,59.79559804516106,3.6,180.0,130.0,L,0.23,7.42,9.0,PASS,PASS,701519,"Adams, Travis",SB,2B,0.836,high,
c15c28b0-93f0-3818-8357-70b189ff3f9f,HOME,59.737597073595246,3.6,177.0,122.0,L,0.15,11.68,9.0,PASS,PASS,605280,"Holmes, Clay",SB,2B,0.921,high,
885b77f8-923a-386e-89b8-6a34fc21e90c,AWAY,59.75848302842528,7.3,191.0,124.0,L,0.71,11.22,9.0,release_not_at_hand,release_not_at_hand,665152,"Kremer, Dean",SB,2B,,not measured,release_not_at_hand
aa91432a-ee60-3fc0-83c0-318f8c886be1,HOME,59.669466099388636,3.5,177.0,110.0,R,0.19,25.21,4.0,PASS,PASS,624133,"Suarez, Ranger",CS,2B,1.123,low,ball_pts 4.0 outside 5-
a2020197-aa89-3cc4-8ec0-9d18a7d27977,AWAY,59.72900728177712,5.6,,,,,,,no_release,no_release,472610,"García, Luis",SB,2B,,not measured,no_release
43b81ea2-0d1d-374e-8dd6-4446b0c90120,HOME,59.80202106242989,3.5,177.0,117.0,R,0.16,18.38,9.0,PASS,PASS,607074,"Rodón, Carlos",SB,2B,1.003,high,
41b7dbb9-c5a0-3d5b-9364-f0ac9b7280ac,HOME,59.8272501723698,3.5,171.0,97.0,R,0.11,24.49,9.0,PASS,PASS,592662,"Ray, Robbie",SB,3B,1.237,high,
a1e5f6b1-4904-36fe-ad3c-b6ebbce6141e,HOME,59.79899942668896,3.5,181.0,119.0,L,0.1,20.3,9.0,PASS,PASS,669622,"Bender, Anthony",SB,2B,1.037,high,
bcb5d3fb-4ad1-3317-98d0-b26d1c772aa6,AWAY,59.81556063532693,7.5,179.0,113.0,L,0.15,23.0,3.0,PASS,release_not_at_hand,641672,"Hatch, Thomas",SB,2B,1.103,low,ball_pts 3.0 outside 5-
76421dc1-8f83-3ebf-a10b-9f78a6313002,HOME,59.79634402343779,5.1,181.0,134.0,L,0.16,5.67,7.0,PASS,PASS,667297,"Nance, Tommy",SB,2B,0.786,high,
88e90041-4294-323f-9e1e-94ecf08b9fcd,AWAY,59.78020660878425,6.8,,,,,,,no_release,no_release,518876,"Kelly, Merrill",SB,2B,,not measured,no_release
12b14edf-7fd9-3d3d-a66b-81f288f9b263,HOME,59.81286162510206,3.6,175.0,125.0,L,0.19,5.35,9.0,PASS,PASS,656605,"Keller, Mitch",SB,2B,0.836,high,
bb32c8ac-ff91-3a5c-939f-a44b1d92ddce,AWAY,59.6954539840248,8.399999999999999,180.0,105.0,L,0.17,20.14,9.0,cut_in_window,cut_in_window,592332,"Gausman, Kevin",SB,2B,,not measured,cut_in_window
013596d4-4fb1-3715-9e51-f417694dc163,HOME,59.75477083654379,3.7,181.0,120.0,L,0.24,21.48,9.0,PASS,PASS,668909,"Williams, Gavin",SB,2B,1.021,high,
471f22a8-bcb2-3d8b-b5e4-36932c3d808b,HOME,59.786673770710166,3.5,179.0,115.0,L,0.18,26.67,9.0,PASS,PASS,665660,"Alvarado, Elvis",SB,2B,1.07,high,
2581f661-9f9a-33e0-a6d3-3c4b1342595d,HOME,59.76887600940046,3.6,177.0,120.0,L,0.23,22.35,9.0,PASS,PASS,607625,"Lugo, Seth",SB,2B,0.954,high,
5846c0eb-92a9-388c-b3a6-44b95888d0d6,AWAY,59.69159343392472,7.1,,,,,,,no_release,release_not_at_hand,668941,"Romero, JoJo",SB,2B,,not measured,no_release
12c553bd-37f3-3d5d-95a9-9b9ad09cae1c,HOME,59.8154142244773,3.6,180.0,126.0,R,0.17,15.81,9.0,PASS,PASS,663738,"Lynch IV, Daniel",CS,2B,0.903,high,
405f6778-d1a2-3372-b93e-e57d702ca972,HOME,59.75911704225943,3.5,181.0,116.0,L,0.16,20.39,9.0,PASS,PASS,693312,"Nicolas, Kyle",SB,2B,1.088,high,
234c9f30-9af5-3fae-82ba-807621edc486,AWAY,59.64318724821681,4.6,,,,,,,not_cf_view,cut_in_window,680755,"Fisher, Braydon",SB,2B,,not measured,not_cf_view
b8baf374-fa99-3768-bc3f-79c4c039128c,HOME,59.722476064614995,3.5,179.0,118.0,L,0.18,15.5,9.0,PASS,PASS,656605,"Keller, Mitch",SB,2B,1.021,high,
11346827-ebe7-356a-828f-be8173f7a6f8,HOME,59.782518444265634,3.6,179.0,124.0,L,0.23,8.16,9.0,PASS,PASS,690925,"Beeter, Clayton",SB,2B,0.92,high,
10cec7dd-d7f3-3a1f-b82f-04a0b23d64a9,HOME,59.7789062983836,3.6,177.0,110.0,L,0.17,25.2,9.0,PASS,PASS,690925,"Beeter, Clayton",SB,3B,1.121,high,
9a732f4b-9935-3c20-ad5f-b219cf987fe4,AWAY,59.72537586385139,11.1,200.0,,,0.78,,8.0,release_not_at_hand,cut_in_window,596295,"Gomber, Austin",SB,2B,,not measured,release_not_at_hand
a4b1928f-9bc3-3b96-b7db-8224595973eb,AWAY,59.84382355688827,8.0,173.0,108.0,R,0.17,25.89,9.0,PASS,cut_in_window,680736,"Wrobleski, Justin",CS,3B,1.086,high,
92e10ded-25f1-3271-80f1-7ab3363c27b8,HOME,59.870076466480846,3.5,180.0,133.0,L,0.1,15.06,9.0,PASS,PASS,700241,"McGreevy, Michael",CS,2B,0.785,high,
4d8bfc5c-d861-3215-9163-f5e9fb2dc488,HOME,59.74340971468692,3.5,174.0,110.0,L,0.12,14.6,9.0,PASS,PASS,668678,"Gallen, Zac",SB,2B,1.071,high,
c336f585-adfe-34f6-8d0f-54f70166fcfb,AWAY,59.85400778064739,10.7,205.0,,,0.41,,9.0,no_set_before_lift,cut_in_window,666974,"Cano, Yennier",SB,3B,,not measured,no_set_before_lift
7523498d-c67e-3177-92a0-cc32e268b2bf,HOME,59.74310465000498,5.1,176.0,106.0,L,0.2,16.91,9.0,PASS,PASS,669372,"Ginn, J.T.",SB,3B,1.172,high,
fe65eab7-755c-3153-b1fa-1ed075d79437,AWAY,59.673168160253034,7.8,178.0,108.0,R,0.16,21.48,9.0,PASS,cut_in_window,666200,"Luzardo, Jesús",SB,2B,1.173,high,
32ae90e6-8025-36e2-9f20-9daa2a264d9e,HOME,59.77885567379132,3.4,174.0,120.0,L,0.25,6.64,7.0,PASS,PASS,687134,"Blalock, Bradley",SB,2B,0.903,high,
f2865d0f-c020-30b6-933a-c1560c5e483b,AWAY,59.82788849140152,6.5,194.0,,,0.83,,5.0,cut_in_window,not_cf_view,665795,"Cabrera, Edward",SB,2B,,not measured,cut_in_window
847ed19b-1b88-3c25-a373-a772ad335c91,HOME,59.61654052330074,3.6,179.0,124.0,L,0.19,16.74,9.0,PASS,PASS,676440,"Bibee, Tanner",CS,2B,0.923,high,
ad711343-5aef-32f5-8a09-7aea7c88f8c7,HOME,59.76490072185919,3.7,184.0,127.0,L,0.33,3.7,8.0,PASS,PASS,673540,"Senga, Kodai",SB,2B,0.954,low,release_to_wrist 0.33 outside -0.32; lift_peak_in 3.7 outside 4.28-
06114a39-c5b9-3bd3-a57c-10b074f1ecf8,AWAY,59.751774058625024,7.7,176.0,121.0,R,0.2,9.13,9.0,PASS,not_cf_view,669373,"Skubal, Tarik",SB,2B,0.92,high,
f4fa324a-0a73-3cfe-9d6e-f84b2d3a28d6,HOME,59.732802857336615,5.2,177.0,115.0,L,0.22,17.81,9.0,PASS,PASS,656546,"Hoffman, Jeff",SB,2B,1.038,high,
5e4802bd-0bb8-3991-8107-5a461fe378a1,HOME,59.813458483360115,3.5,169.0,109.0,R,0.2,12.87,9.0,PASS,PASS,593958,"Rodriguez, Eduardo",SB,3B,1.003,high,
1848bfda-a0ef-309a-8959-f456db17a7cc,AWAY,59.8508897219595,7.300000000000001,189.0,121.0,L,1.1,15.99,6.0,release_not_at_hand,release_not_at_hand,693821,"Elder, Bryce",SB,2B,,not measured,release_not_at_hand
df06ba28-581e-3eb6-b40a-73646bb38fe3,HOME,59.77060006454977,3.6,179.0,118.0,L,0.25,13.8,9.0,PASS,PASS,693821,"Elder, Bryce",SB,2B,1.021,high,
e37849d0-511a-3094-ad80-d3f5c6aaa941,HOME,59.75046015933456,3.7,178.0,114.0,L,0.16,16.06,9.0,PASS,PASS,683769,"Gaddis, Hunter",SB,2B,1.071,high,
b09b5a33-9144-3a2c-9486-2a5734eef8e5,AWAY,59.72110505872248,7.4,183.0,132.0,L,0.15,9.18,9.0,PASS,not_cf_view,694335,"Svanson, Matt",SB,3B,0.854,high,
0204d7fd-abdd-3283-b8fc-14fe7a2c9538,HOME,59.745771810159106,3.5,180.0,126.0,L,0.19,2.93,9.0,PASS,PASS,681676,"Fernandez, Ryan",SB,2B,0.904,low,lift_peak_in 2.93 outside 4.28-
72f330ca-7da5-3d22-b7b1-de90f9da84ce,HOME,59.764754685168704,3.6,180.0,122.0,L,0.27,23.32,9.0,PASS,PASS,676130,"Buttó, José",SB,2B,0.97,high,
5e1eebdb-416f-3a51-ba0e-6be8f8a89b73,HOME,59.74299148164101,3.5,179.0,121.0,L,0.24,3.25,9.0,PASS,PASS,669467,"Pallante, Andre",CS,2B,0.971,low,lift_peak_in 3.25 outside 4.28-
925346ff-d423-39e4-bf43-efcc80d25f78,AWAY,59.69765624514179,7.699999999999999,178.0,117.0,L,0.13,28.18,7.0,PASS,cut_in_window,645261,"Alcantara, Sandy",SB,2B,1.022,high,
15d18300-0e08-3d71-a1f7-892fba016956,HOME,59.71906454692762,3.5,181.0,109.0,L,0.22,20.31,7.0,PASS,PASS,666808,"Doval, Camilo",SB,2B,1.206,high,
2da16207-c4f7-3f1f-a07e-f57654a15edd,HOME,59.666123606203584,3.6,182.0,122.0,L,0.19,29.83,6.0,PASS,PASS,671212,"Boyle, Joe",SB,2B,1.006,high,
a9bca868-59c5-360b-90f7-add4ad2fa3ca,AWAY,59.716665955292044,4.6,,,,,,,no_release,no_release,518489,"Brasier, Ryan",SB,2B,,not measured,no_release
5f3526a8-8417-32ae-b89d-99e82b2e2af7,AWAY,59.81923162957164,9.7,257.0,,,,,8.0,cut_in_window,no_release,642701,"Santana, Dennis",CS,2B,,not measured,cut_in_window
3dfe0091-62d3-3eaa-a475-086f32f95157,HOME,59.74059482578968,3.6,180.0,137.0,L,0.22,2.25,7.0,PASS,PASS,650644,"Civale, Aaron",CS,2B,0.72,low,lift_peak_in 2.25 outside 4.28-
0c0e98bd-9c2e-383a-b4fe-30c3c699c4be,HOME,59.62294011022883,3.6,180.0,119.0,L,0.13,24.78,9.0,PASS,PASS,681190,"Vásquez, Randy",CS,2B,1.023,high,
e0c07e18-7257-3f84-927e-0d424c4100a8,AWAY,,3.5,,,,,,,no_clip,release_not_at_hand,605135,"Bassitt, Chris",SB,2B,,not measured,no_clip
93043c34-ffda-3a9c-8ebe-255c9d2d6723,AWAY,59.84081947031987,6.7,,,,,,,no_release,no_release,642701,"Santana, Dennis",CS,2B,,not measured,no_release
9f705243-943d-3284-aa75-3ec721f0be7d,AWAY,59.788296785595655,9.7,190.0,126.0,R,0.47,7.0,7.0,PASS,cut_in_window,669022,"Gore, MacKenzie",SB,2B,1.07,low,release_to_wrist 0.47 outside -0.32
23edae44-e56a-3baa-a85f-452dbe8aebef,AWAY,59.772216885110694,6.8999999999999995,,,,,,,no_release,cut_in_window,686228,"Burgos, Juan",CS,2B,,not measured,no_release
6fc37fb8-cfb0-3666-a0e6-226052d7ac92,AWAY,59.75835503222189,7.8,182.0,123.0,L,0.15,3.95,9.0,PASS,cut_in_window,669467,"Pallante, Andre",SB,2B,0.987,low,lift_peak_in 3.95 outside 4.28-
c435a1fc-c38a-3a86-bbc9-109b88f6aca9,HOME,59.87415935601678,3.5,175.0,106.0,R,0.12,28.29,8.0,PASS,PASS,579328,"Kikuchi, Yusei",CS,2B,1.152,high,
48efc5d7-5fe2-3172-90bd-e84c5c2fe68a,HOME,59.62083037127517,3.6,178.0,118.0,R,0.11,24.02,9.0,PASS,PASS,676282,"Cantillo, Joey",CS,2B,1.006,high,
7dd8d049-da0e-377b-a80b-f262b2c1aff2,AWAY,59.78295886527434,7.3,179.0,120.0,L,0.18,26.65,9.0,PASS,no_set_before_lift,671212,"Boyle, Joe",SB,2B,0.987,high,
ca2f50ab-d5d3-3465-aaec-30d37a816d63,HOME,59.68645003488246,3.5,182.0,124.0,L,0.27,14.16,9.0,PASS,PASS,672578,"Hernández, Carlos",CS,2B,0.972,high,
959880e9-b422-3740-bef3-6f91f5f6ecea,HOME,59.64078700083036,3.5,178.0,113.0,L,0.14,24.73,8.0,PASS,PASS,596001,"Junis, Jakob",CS,2B,1.09,high,
fee3365d-1a3c-3d63-8b6d-254f8324a3f5,HOME,59.62384905069983,3.5,180.0,123.0,R,0.13,12.7,8.0,PASS,PASS,669022,"Gore, MacKenzie",SB,2B,0.956,high,
7570519f-d12f-3172-87ff-8b86d3c5e689,HOME,59.734531887863604,3.6,181.0,118.0,R,0.11,7.74,9.0,PASS,PASS,673513,"Matsui, Yuki",SB,3B,1.055,high,
398f6d90-a77d-3125-a307-0e063a089719,HOME,59.774597195203306,3.6,177.0,106.0,R,0.13,22.91,9.0,PASS,PASS,642397,"Soto, Gregory",SB,2B,1.188,high,
4a34ddf4-a36e-37db-9c52-08dc4a7e0c08,AWAY,59.70036104504061,7.8,181.0,130.0,L,0.18,10.31,9.0,PASS,cut_in_window,680732,"Burke, Sean",SB,2B,0.854,high,
a3c4a436-9317-340a-ad7d-74ae3d800b43,HOME,59.731995163974645,3.7,180.0,114.0,L,0.16,16.7,9.0,PASS,PASS,682610,"Muñoz, Roddery",SB,3B,1.105,high,
180fab84-e2c6-3b29-a9ab-160f57db24e1,HOME,59.613648197090825,5.1,179.0,123.0,L,0.31,14.34,9.0,PASS,PASS,623437,"Topa, Justin",SB,2B,0.939,high,
814e1e01-70cc-38b3-a2ee-6c9e986c4141,HOME,59.79073243647235,3.6,176.0,107.0,L,0.12,17.91,8.0,PASS,PASS,641793,"Littell, Zack",SB,2B,1.154,high,
d582e1cd-63e2-3d16-8702-7993d80397f2,HOME,59.83266312102737,3.5,174.0,119.0,L,0.2,4.06,9.0,PASS,PASS,664126,"Fairbanks, Pete",SB,2B,0.919,low,lift_peak_in 4.06 outside 4.28-
77b18222-522f-37c0-a36d-0fe0960cfd04,HOME,59.695275652046945,3.6,177.0,118.0,R,0.11,18.44,8.0,PASS,PASS,681895,"Sisk, Evan",SB,2B,0.988,high,
4ee813a7-df94-30e2-b3b1-dea0c25c2c51,HOME,59.709560901294935,3.5,181.0,118.0,L,0.19,13.6,9.0,PASS,PASS,682610,"Muñoz, Roddery",SB,2B,1.055,high,
67f870f9-37d6-3894-863f-5deccf9ef78c,HOME,59.784515810405104,5.1,175.0,126.0,L,0.18,2.06,9.0,PASS,PASS,806960,"Morales, Luis",SB,2B,0.82,low,lift_peak_in 2.06 outside 4.28-
285e4952-d052-3c3f-a3b1-fbe56196ae86,HOME,59.68325802610281,3.6,180.0,128.0,R,0.15,4.71,9.0,PASS,PASS,657571,"Ferguson, Caleb",SB,2B,0.871,high,
ab8636d7-ee9d-3a7e-8c1a-2ce2f337ace6,HOME,59.68925529015073,3.6,181.0,121.0,L,0.14,23.15,8.0,PASS,PASS,543243,"Gray, Sonny",CS,2B,1.005,high,
ce79c22e-b624-3e67-b826-45c60111d97d,HOME,59.74401209731861,3.6,178.0,119.0,R,0.13,13.17,9.0,PASS,PASS,605483,"Snell, Blake",CS,2B,0.988,high,
01cb2186-8647-30a0-a8cc-baa698442a3a,AWAY,59.78908090546542,9.0,179.0,126.0,L,0.12,2.34,9.0,PASS,cut_in_window,676775,"Winn, Keaton",SB,2B,0.886,low,lift_peak_in 2.34 outside 4.28-
b2a4ef85-5cd1-3fbe-ad36-baf94d014560,HOME,59.78227443262193,3.6,177.0,102.0,L,0.14,5.09,9.0,PASS,PASS,552640,"Kittredge, Andrew",SB,3B,1.255,high,
822ecb99-520b-3375-a676-0e445331da24,HOME,59.71925087805604,3.5,177.0,119.0,R,0.16,12.01,9.0,PASS,PASS,605483,"Snell, Blake",CS,2B,0.971,high,
d33eade1-4b26-3c7b-8591-80c1304386d8,AWAY,59.73063017346388,8.0,176.0,122.0,L,0.21,9.25,9.0,PASS,cut_in_window,678024,"Vasil, Mike",CS,2B,0.904,high,
b3a84692-c1df-30da-9051-a66b2dc14b22,HOME,59.70491751980516,3.5,179.0,117.0,L,0.28,22.1,8.0,PASS,PASS,605447,"Romano, Jordan",SB,2B,1.038,high,
0338f966-72d3-3663-bab4-2fd141df6e71,AWAY,59.70603072372831,2.2,,,,,,,not_cf_view,not_cf_view,666214,"Wentz, Joey",SB,2B,,not measured,not_cf_view
e695f15e-6f68-33c9-8200-f97d892bfbcd,HOME,59.693675260532665,3.6,183.0,122.0,R,0.12,23.19,9.0,PASS,PASS,608650,"Enns, Dietrich",SB,3B,1.022,high,
5068d03b-f374-3c54-ab34-bec4b1a90bc5,AWAY,59.793968970427805,7.4,181.0,117.0,L,0.09,20.73,8.0,PASS,cut_in_window,801403,"Dollander, Chase",SB,2B,1.07,high,
d844e8bf-0e9a-3d60-9978-3f9d6cf448fe,AWAY,59.671976195446945,6.8,253.0,,,1.18,,9.0,not_cf_view,not_cf_view,623433,"Anderson, Nick",SB,2B,,not measured,not_cf_view
183b950e-457b-3bd7-9c73-e95934846dca,AWAY,,3.4,,,,,,,no_clip,not_cf_view,543243,"Gray, Sonny",SB,2B,,not measured,no_clip
3fa45462-a7af-3794-bc8a-3ff09292f5e9,AWAY,59.6783642756898,8.5,180.0,,,0.19,,8.0,cut_in_window,cut_in_window,623433,"Anderson, Nick",SB,3B,,not measured,cut_in_window
62257493-9eee-3e9c-929a-db2836e523d7,HOME,59.77404380853412,3.7,178.0,114.0,L,0.14,19.99,9.0,PASS,PASS,663554,"Mize, Casey",CS,2B,1.071,high,
51090e4b-2db8-3927-b56c-ca6faf1794f2,HOME,59.74271181186682,3.6,179.0,126.0,L,0.16,11.62,9.0,PASS,PASS,615698,"Quantrill, Cal",SB,2B,0.887,high,
32661002-e043-3d31-8f37-094c25c7ea0f,AWAY,59.809376781182024,7.5,179.0,,,0.21,,8.0,no_set_before_lift,no_set_before_lift,682254,"Montgomery, Mason",SB,2B,,not measured,no_set_before_lift
65f52d08-5f7e-3ed5-90fc-30c61d38d638,HOME,59.756194725519876,3.6,182.0,113.0,R,0.13,27.9,9.0,PASS,PASS,641778,"Lauer, Eric",SB,2B,1.155,high,
1a515878-30ad-3928-b7f7-7cd8d6bbfefc,HOME,59.67957227183923,3.5,184.0,124.0,L,0.16,17.36,6.0,PASS,PASS,666974,"Cano, Yennier",CS,2B,1.005,high,
66a73642-ab9b-43f5-a133-c5efdf20a2bb,AWAY,,4.1,,,,,,,no_clip,cut_in_window,663804,"Kowar, Jackson",SB,2B,,not measured,no_clip
cf58a098-1e2b-3fe7-bab9-1097f6b1fd46,AWAY,59.702152594279646,6.8,,,,,,,no_release,no_release,595014,"Treinen, Blake",SB,2B,,not measured,no_release
1ed1789e-ac80-3078-8ff8-daf14eea4bba,AWAY,59.706360339559076,7.8999999999999995,182.0,128.0,L,0.15,13.65,6.0,PASS,cut_in_window,676083,"Junk, Janson",SB,2B,0.904,high,
fd979626-067b-3677-bede-ac9bacf1e9f4,AWAY,59.822440889163104,7.4,177.0,123.0,L,0.19,10.26,9.0,PASS,not_cf_view,607200,"Fedde, Erick",SB,2B,0.903,high,
53ab496e-cdc4-3ee3-928b-926445ef9d8b,AWAY,59.7567433312622,9.5,177.0,125.0,L,0.18,11.28,9.0,PASS,cut_in_window,663978,"Paddack, Chris",CS,2B,0.87,high,
7ad1cfa4-90ae-33dc-9a46-8fcd00da37bd,HOME,59.83618794859663,3.8,178.0,118.0,L,0.19,12.4,8.0,PASS,PASS,699911,"Darnell, Dugan",SB,3B,1.003,high,
e599a4b3-0cb6-3ae4-bfd4-bf7275ae649d,HOME,59.79309491157266,3.6,177.0,147.0,L,0.2,3.47,7.0,PASS,PASS,691799,"Taylor, Grant",SB,2B,0.502,low,lift_peak_in 3.47 outside 4.28-; delivery_s 0.502 outside 0.7-1.31
188793c0-2441-3f62-a99b-b87c7313b6c0,AWAY,59.856397441199505,7.6,188.0,,,0.96,,7.0,release_not_at_hand,no_set_before_lift,686752,"Pepiot, Ryan",CS,2B,,not measured,release_not_at_hand
acfe7f8f-4bd1-3e70-976b-b99714543dd9,HOME,59.711895132240734,3.7,177.0,110.0,L,0.31,24.29,6.0,PASS,PASS,605400,"Nola, Aaron",SB,2B,1.122,high,
63075983-5b40-3018-8f4f-3ce4f78ee63b,AWAY,59.764406975401315,7.1,181.0,126.0,L,0.25,18.58,7.0,PASS,no_release,660896,"Alcala, Jorge",SB,2B,0.92,high,
188be1dc-c332-3ffc-9378-ecc3619f3793,HOME,59.694556893023424,3.6,180.0,124.0,L,0.12,6.82,9.0,PASS,PASS,571945,"Mikolas, Miles",SB,2B,0.938,high,
88a05bcc-ebb3-3df4-bf53-0610e411fda3,HOME,59.75212282711108,3.6,177.0,117.0,L,0.14,16.41,8.0,PASS,PASS,676083,"Junk, Janson",SB,2B,1.004,high,
598d4c79-9af3-341d-9dd4-7be0198c2b66,AWAY,59.81436436095975,7.6,179.0,120.0,L,0.19,11.49,8.0,PASS,cut_in_window,699911,"Darnell, Dugan",SB,2B,0.986,high,
277c9169-55cb-37cd-bed6-a78a5bc899de,AWAY,59.807901994381176,6.4,,,,,,,not_cf_view,release_not_at_hand,622503,"Crismatt, Nabil",SB,2B,,not measured,not_cf_view
8f54a912-15c4-3bc9-82b7-5041d949e7f0,AWAY,59.806884436919624,7.8999999999999995,180.0,127.0,L,0.19,12.57,9.0,PASS,cut_in_window,663978,"Paddack, Chris",SB,2B,0.886,high,
cf4d60ce-31c2-3ede-af85-64837e23f521,AWAY,59.77391547058003,7.4,183.0,121.0,L,0.72,22.39,9.0,release_not_at_hand,release_not_at_hand,672782,"Gómez, Yoendrys",SB,2B,,not measured,release_not_at_hand
5fc16d2a-58ee-314c-8964-086b663be845,HOME,59.625934499975344,3.7,182.0,125.0,L,0.15,12.7,9.0,PASS,PASS,656427,"Flaherty, Jack",SB,2B,0.956,high,
f45ca13b-17fa-3f71-8240-77c954925b96,HOME,59.78839291304076,5.1,173.0,108.0,L,0.2,15.49,7.0,PASS,PASS,677955,"Hill, Jaden",SB,2B,1.087,high,
2332720e-aa94-3739-85b6-ad97af63fa6b,AWAY,59.75152173523471,9.6,185.0,,,0.65,,7.0,cut_in_window,cut_in_window,684320,"Rodríguez, Yariel",SB,2B,,not measured,cut_in_window
59c7514f-7f86-3917-9d73-14c8a6a41ec0,HOME,59.75506152098586,3.7,174.0,120.0,L,0.15,7.18,9.0,PASS,PASS,663903,"Singer, Brady",SB,3B,0.904,high,
0b31b099-1735-3a4c-ab0a-4415da1f81a7,HOME,59.609953767083105,3.6,175.0,101.0,L,0.18,20.33,9.0,PASS,PASS,668678,"Gallen, Zac",SB,3B,1.241,high,
4847ee37-f14f-3dbf-b151-6c257049bcd4,AWAY,59.77078378788645,7.2,,,,,,,no_release,cut_in_window,665795,"Cabrera, Edward",SB,2B,,not measured,no_release
083190a2-5a3c-331a-8c55-76d0c2534469,HOME,59.62597582326174,3.6,180.0,117.0,L,0.18,20.93,9.0,PASS,PASS,656605,"Keller, Mitch",SB,2B,1.057,high,
5e704ab6-14c2-33df-96e3-2b556bd32d8a,HOME,59.74851568978004,3.5,181.0,122.0,L,0.16,16.77,7.0,PASS,PASS,681343,"Smith, Shane",SB,2B,0.987,high,
e10152ba-9f91-39c0-b8d5-a206ad4a3e7f,HOME,59.638078718365996,3.6,184.0,135.0,L,0.12,10.72,9.0,PASS,PASS,608372,"Sugano, Tomoyuki",CS,2B,0.822,high,
09ce7dde-ba76-3fb7-ac4d-c3bb8577c485,HOME,59.75891744998665,3.6,174.0,114.0,R,0.09,15.85,9.0,PASS,PASS,682120,"Herrin, Tim",SB,2B,1.004,high,
f36d07e1-cca3-36a3-8ebf-dc02b5cd410d,AWAY,59.74751855064084,5.699999999999999,,,,,,,no_release,no_release,663623,"Irvin, Jake",SB,2B,,not measured,no_release
e715c2ae-2a0b-3857-9a42-017bca86490e,HOME,59.80077885126134,3.7,180.0,127.0,R,0.15,22.55,6.0,PASS,PASS,806188,"Gibson, Cade",SB,2B,0.886,high,
37b3b26c-b5e9-3165-9784-719a55149d0d,HOME,59.71187461073396,3.6,180.0,124.0,L,0.53,7.05,9.0,PASS,PASS,678906,"Teng, Kai-Wei",SB,2B,0.938,low,release_to_wrist 0.53 outside -0.32
e5f58d10-5054-3d90-a1ba-ddc8d8f541f9,AWAY,59.77769309526324,6.0,194.0,115.0,L,0.86,27.2,6.0,release_not_at_hand,no_release,686613,"Brown, Hunter",CS,2B,,not measured,release_not_at_hand
cd18440b-5174-32db-a445-aea399c1571d,HOME,59.66687942220622,3.6,183.0,118.0,L,0.17,19.77,9.0,PASS,PASS,670059,"Holderman, Colin",SB,2B,1.089,high,
56a1326d-c882-34ce-97cd-22abb0f87079,HOME,59.767215075861074,3.7,173.0,117.0,L,0.26,13.58,9.0,PASS,PASS,694851,"Hoffmann, Andrew",SB,2B,0.937,high,
3f7d0e65-9039-3cd5-8fcb-4f369a9315f3,HOME,59.803727853520385,3.7,182.0,117.0,L,0.13,26.64,9.0,PASS,PASS,621111,"Buehler, Walker",SB,2B,1.087,high,
8f586e90-44f7-3586-9edb-25da4e539742,AWAY,59.80090429983609,8.7,176.0,110.0,L,0.18,16.4,6.0,cut_in_window,cut_in_window,668964,"Myers, Tobias",CS,2B,,not measured,cut_in_window
bdb7507a-eab2-3d18-82f3-cd6a901e5b6f,AWAY,59.78341212196597,7.3,184.0,124.0,L,0.64,18.42,9.0,not_cf_view,cut_in_window,694477,"Patrick, Chad",CS,2B,,not measured,not_cf_view
18ee9dd3-e37f-32cb-9152-e2a0dc7c2c87,AWAY,59.76539605581406,7.0,,,,,,,no_release,no_release,605540,"Woodruff, Brandon",SB,2B,,not measured,no_release
e889f9b9-80c7-3d0b-b822-64917fccdb86,HOME,59.70458482204667,3.9,180.0,108.0,L,0.24,17.23,9.0,PASS,PASS,682243,"Miller, Bryce",SB,2B,1.206,high,
4f6408a2-6197-38bb-88b7-e28a5e2ced07,HOME,59.80494881921496,3.7,179.0,116.0,L,0.14,17.83,9.0,PASS,PASS,681343,"Smith, Shane",SB,2B,1.053,high,
4624123e-c0ac-3a15-b900-96e11c33459b,AWAY,59.72250150814398,8.600000000000001,183.0,104.0,L,0.14,14.03,9.0,cut_in_window,cut_in_window,682243,"Miller, Bryce",SB,2B,,not measured,cut_in_window
1212d013-c204-3e1b-bb55-897705d4d13a,AWAY,59.75836833672542,7.8,,,,,,,no_release,no_release,665795,"Cabrera, Edward",SB,2B,,not measured,no_release
950df1bc-9019-3f04-adcf-9d029cefd088,HOME,59.78372743876,3.7,179.0,121.0,L,0.19,20.27,9.0,PASS,PASS,656605,"Keller, Mitch",SB,2B,0.97,high,
ca3cd6f5-327e-3e3f-b53b-7281cc34f4fd,AWAY,59.740101743860315,7.7,176.0,107.0,R,0.1,25.14,9.0,PASS,cut_in_window,605177,"Chafin, Andrew",CS,2B,1.155,high,
0f5c7f66-6835-30b3-9a7c-4886f8370271,HOME,59.643745568747455,3.8,180.0,120.0,L,0.14,16.81,9.0,PASS,PASS,656876,"Rasmussen, Drew",SB,2B,1.006,high,
967db5cb-15ff-34c7-998d-684d97e82e41,AWAY,59.74059447540732,7.7,,,,,,,no_release,release_not_at_hand,693645,"Schlittler, Cam",SB,2B,,not measured,no_release
ea676356-5f40-3c35-acf5-ed57f121f010,AWAY,59.87350465802465,8.7,,,,,,,no_release,no_set_before_lift,669467,"Pallante, Andre",SB,3B,,not measured,no_release
5b7db1ca-7ce0-329e-8d0d-646de16d51f2,HOME,59.65272707020953,3.6,181.0,115.0,L,0.23,15.42,9.0,PASS,PASS,669372,"Ginn, J.T.",SB,3B,1.106,high,
b04c4de2-d7ca-3c6f-87f8-1a80872a0fbe,AWAY,59.63234999772238,7.4,183.0,125.0,L,0.63,31.57,7.0,camera_moved,camera_moved,693645,"Schlittler, Cam",SB,3B,,not measured,camera_moved
beeb1161-9b24-3573-b20a-93d8aa7b3723,AWAY,59.71842336354658,8.0,192.0,158.0,L,0.99,3.96,9.0,release_not_at_hand,cut_in_window,664126,"Fairbanks, Pete",CS,2B,,not measured,release_not_at_hand
4c622cc6-584e-3805-85b6-b27ecd532c27,AWAY,59.721927153412175,7.8,177.0,119.0,L,0.28,17.6,8.0,PASS,cut_in_window,676961,"Boushley, Caleb",CS,2B,0.971,high,
502fea26-351e-3dc4-8ee5-bdc93b88a586,AWAY,59.77173380967512,6.8,,,,,,,no_release,no_release,669467,"Pallante, Andre",SB,2B,,not measured,no_release
e40cb864-9618-3e13-94a8-48f02cb7f9a7,HOME,59.80053288039233,3.6,183.0,122.0,L,0.17,10.82,6.0,PASS,PASS,694462,"Waldrep, Hurston",CS,2B,1.02,high,
98a8a371-fd1b-356e-834e-23c8d171a6e9,HOME,59.76128923874818,3.6,180.0,116.0,L,0.35,20.32,9.0,PASS,PASS,571946,"Miller, Shelby",SB,2B,1.071,low,release_to_wrist 0.35 outside -0.32
4a7efae0-e031-3072-84d4-1a88ba2c8096,AWAY,59.7629503076574,7.300000000000001,182.0,129.0,L,0.19,6.62,8.0,PASS,release_not_at_hand,694037,"Palencia, Daniel",SB,2B,0.887,high,
425411ed-bdad-3436-a55b-f4d677da0fa6,AWAY,59.69243793921875,7.8999999999999995,181.0,119.0,L,0.17,25.9,9.0,PASS,cut_in_window,643377,"Jax, Griffin",SB,2B,1.039,high,
c78f64c4-a028-3f1e-95c0-4d7ae81772af,HOME,59.65794604420865,3.6,177.0,111.0,R,0.13,15.41,8.0,PASS,PASS,656794,"Newcomb, Sean",CS,2B,1.106,high,
a2e45bed-90b7-3761-b3ab-d61a06a13fb2,AWAY,59.8183541379918,9.6,181.0,129.0,L,0.28,10.42,7.0,PASS,release_not_at_hand,664199,"Clarke, Taylor",CS,2B,0.869,high,
080059a2-5e14-317d-a376-79d3376482f8,AWAY,59.721139938467495,6.8,,,,,,,no_release,no_release,656876,"Rasmussen, Drew",SB,2B,,not measured,no_release
7106f154-745e-300e-b860-e5d3cb5dab18,HOME,59.7861222649925,5.5,191.0,129.0,L,0.19,14.96,7.0,PASS,PASS,518489,"Brasier, Ryan",SB,2B,1.037,high,
e8fb62cc-840f-3f6b-b457-3809fe1324c3,AWAY,,3.3,,,,,,,no_clip,no_release,661563,"Gil, Luis",SB,3B,,not measured,no_clip
71f5646c-fcf4-32cb-9de0-7bd016f68d22,AWAY,59.674534943824895,7.5,183.0,158.0,L,0.39,2.16,5.0,implausible_delivery,no_set_before_lift,643511,"Rogers, Tyler",SB,2B,,not measured,implausible_delivery
a6ce2bdf-1256-399c-b583-06c8dec7a91c,HOME,59.767755245480124,3.6,180.0,120.0,R,0.09,24.11,9.0,PASS,PASS,571578,"Corbin, Patrick",SB,3B,1.004,high,
05d10310-c110-3517-934b-5a382d024cd3,HOME,59.80516486050265,3.6,179.0,120.0,R,0.09,24.92,9.0,PASS,PASS,571578,"Corbin, Patrick",SB,2B,0.987,high,
b4e8074d-3bc9-3c23-9aea-6261fc12d447,HOME,59.76319121702434,4.0,180.0,128.0,L,0.12,3.69,9.0,PASS,PASS,608337,"Giolito, Lucas",SB,2B,0.87,low,lift_peak_in 3.69 outside 4.28-
a0794f47-9c3f-35b5-b1e2-e388370afdab,AWAY,59.64682586913946,8.8,180.0,121.0,L,0.43,9.41,8.0,PASS,no_release,699911,"Darnell, Dugan",CS,3B,0.989,low,release_to_wrist 0.43 outside -0.32
3a3875c7-ddf3-3ba7-abcb-ad3c754c237a,HOME,59.774878611015744,3.8,198.0,132.0,L,0.23,7.07,7.0,PASS,PASS,699911,"Darnell, Dugan",SB,2B,1.104,high,
20820bdb-30f5-3a8c-95bd-bc5a75fb48b8,HOME,59.77860967736738,3.7,180.0,125.0,L,0.18,13.85,9.0,PASS,PASS,547179,"Lorenzen, Michael",SB,2B,0.92,high,
ee0fe8ce-50b0-30ce-a76a-ff3687069768,HOME,59.66669459820482,3.6,182.0,109.0,R,0.07,29.05,8.0,PASS,PASS,458677,"Wilson, Justin",SB,2B,1.223,high,
84422c21-a0af-304e-a01b-dd0b92975944,HOME,59.77899502897128,3.6,177.0,116.0,R,0.18,28.89,9.0,PASS,PASS,657424,"Gage, Matt",SB,3B,1.02,high,
02b20627-e31e-365e-b3af-048c283b8939,HOME,59.69126473773411,5.1,176.0,117.0,R,0.09,20.23,8.0,PASS,PASS,668941,"Romero, JoJo",SB,2B,0.988,high,
f06466b9-f729-3217-9fc0-747c5dc9f9dc,HOME,59.82674262673608,3.6,177.0,109.0,R,0.22,27.14,9.0,PASS,PASS,608331,"Fried, Max",CS,2B,1.137,high,
d2d2f51d-d8a7-39df-9907-d9a276de5aa9,HOME,59.77317188181442,3.8,180.0,126.0,L,0.18,10.7,8.0,PASS,PASS,607200,"Fedde, Erick",SB,2B,0.903,high,
3528aa40-3623-3fbe-bfbd-429ac359c685,HOME,59.74732525993015,3.7,181.0,110.0,R,0.11,29.93,9.0,PASS,PASS,595345,"Okert, Steven",SB,3B,1.188,high,
c414174d-55c3-3db0-b27f-3c87b214e2da,AWAY,59.8074120216954,8.0,,,,,,,no_release,cut_in_window,571945,"Mikolas, Miles",CS,3B,,not measured,no_release
1a64a45a-3769-3d46-8f2d-8fbaa9065860,AWAY,,3.6,,,,,,,no_clip,not_cf_view,666214,"Wentz, Joey",SB,2B,,not measured,no_clip
da74138d-9cdd-3dfe-842e-09271d2115ae,HOME,59.742308703655006,3.6,179.0,118.0,L,0.15,20.26,9.0,PASS,PASS,690997,"McLean, Nolan",CS,2B,1.021,high,
8d4a21e0-19fa-3787-acc7-3be050afcd9a,HOME,59.72016681146201,3.5,179.0,128.0,L,0.12,7.12,9.0,PASS,PASS,571945,"Mikolas, Miles",SB,3B,0.854,high,
071fbd5a-9d7c-3bf7-ba6c-f4a9655a9928,HOME,59.80252707206412,3.7,177.0,111.0,L,0.24,25.09,9.0,PASS,PASS,677952,"Ashcraft, Braxton",CS,2B,1.104,high,
adf8a530-066e-3845-bbbf-0302ca6849b5,AWAY,59.8021506276479,9.399999999999999,177.0,,,0.14,,8.0,cut_in_window,cut_in_window,670280,"Bednar, David",SB,2B,,not measured,cut_in_window
81844f23-843f-3eda-ba95-e224393a9117,HOME,59.83044863838623,3.9,179.0,118.0,L,0.13,18.75,9.0,PASS,PASS,661395,"Duran, Jhoan",SB,3B,1.02,high,
0972e59b-f8e6-350b-bb1b-379d481c9777,HOME,59.80071771549501,3.6,173.0,94.0,R,0.15,28.89,8.0,PASS,PASS,605483,"Snell, Blake",CS,3B,1.321,low,delivery_s 1.321 outside 0.7-1.31
460c3872-1f85-3022-870b-76af17fbe6e1,AWAY,59.759170542712866,4.9,179.0,126.0,L,0.12,10.63,9.0,PASS,not_cf_view,622608,"Senzatela, Antonio",CS,3B,0.887,high,
f734aae0-84be-384d-8b92-47e03ad3a27d,HOME,59.69260994733427,3.6,178.0,112.0,R,0.13,24.47,9.0,PASS,PASS,656457,"Gilbert, Tyler",SB,2B,1.106,high,
00631b85-f933-3db0-aee9-2371ecca6634,AWAY,59.67416965725863,7.2,171.0,103.0,R,0.09,26.9,9.0,PASS,no_set_before_lift,594580,"Moll, Sam",CS,2B,1.14,high,
78d6b347-ecf5-3556-80c2-fe21dbc50508,AWAY,59.74761066037793,8.899999999999999,177.0,120.0,R,0.13,9.82,9.0,PASS,not_cf_view,685126,"Eisert, Brandon",SB,2B,0.954,high,
5126a5c7-3b79-306c-8e3a-c686fe8d5938,HOME,59.74971123867752,3.7,180.0,121.0,L,0.21,18.5,7.0,PASS,PASS,676917,"Cavalli, Cade",SB,2B,0.987,high,
12320237-7ed9-3b35-807d-41b46a6f61e0,HOME,59.73875761012591,3.8,180.0,122.0,R,0.12,17.87,9.0,PASS,PASS,681892,"Funderburk, Kody",SB,2B,0.971,high,
1d94ade9-c564-3164-a739-fbcf02ab7ae0,HOME,59.80738148997863,3.8,177.0,113.0,R,0.12,20.42,9.0,PASS,PASS,671096,"Abbott, Andrew",SB,2B,1.07,high,
67dada40-475f-3cc9-8cb6-a2569c701867,AWAY,59.7528147628253,9.8,173.0,,,0.09,,9.0,no_set_before_lift,cut_in_window,680736,"Wrobleski, Justin",SB,2B,,not measured,no_set_before_lift
7e4426e7-fc87-3933-934c-3b94bd2018b3,AWAY,59.67757792285214,7.5,181.0,125.0,L,0.21,8.03,5.0,PASS,no_set_before_lift,681347,"Burrows, Mike",SB,2B,0.938,high,
1df16c87-4631-35b5-9d90-6dee5095d17d,AWAY,59.77127299793121,8.0,182.0,127.0,L,0.55,14.21,9.0,PASS,cut_in_window,690953,"Abel, Mick",SB,2B,0.92,low,release_to_wrist 0.55 outside -0.32
18e54c97-9f85-39cd-8a79-86629d36f9ce,AWAY,59.670477463937964,6.7,,,,,,,no_release,no_release,615698,"Quantrill, Cal",SB,2B,,not measured,no_release
7b99ece5-29e2-3e8b-8d73-d5b998f725e7,HOME,59.77713343249677,3.5,175.0,118.0,L,0.17,20.98,5.0,PASS,PASS,615698,"Quantrill, Cal",SB,2B,0.954,high,
6422d541-fa59-339b-b4b0-94dd270212c5,AWAY,59.675903012449055,8.8,176.0,114.0,L,0.36,22.58,9.0,PASS,no_release,669923,"Kirby, George",SB,2B,1.039,low,release_to_wrist 0.36 outside -0.32
c44ae197-cb70-33a7-bfe6-68d849158815,HOME,59.78333145785807,3.8,181.0,126.0,L,0.14,3.1,9.0,PASS,PASS,605400,"Nola, Aaron",CS,2B,0.92,low,lift_peak_in 3.1 outside 4.28-
76fbf224-8205-38a0-ac96-a353c062f496,HOME,59.761159325698316,3.7,175.0,115.0,L,0.15,22.71,9.0,PASS,PASS,615698,"Quantrill, Cal",SB,3B,1.004,high,
bacc06cd-d0a9-370d-ad6e-43d68cb24390,AWAY,59.787831112362575,7.6000000000000005,168.0,120.0,L,0.55,14.24,8.0,PASS,no_release,623433,"Anderson, Nick",CS,2B,0.803,low,release_to_wrist 0.55 outside -0.32
50318b36-2cf1-39bd-9e66-f9329ce4d713,HOME,59.77482088024565,3.6,173.0,113.0,L,0.22,23.59,7.0,PASS,PASS,621244,"Berríos, José",SB,2B,1.004,high,
b37a4ee2-03e0-3d0c-bdfd-04f645799171,HOME,59.852424936987425,3.5,176.0,114.0,L,0.18,18.52,9.0,PASS,PASS,622503,"Crismatt, Nabil",SB,3B,1.036,high,
c89ba435-71a3-3c3b-b2d3-b7505364fb6b,AWAY,59.7736103807618,7.4,175.0,117.0,R,0.16,11.36,6.0,PASS,cut_in_window,656794,"Newcomb, Sean",SB,2B,0.97,high,
98d499e2-d9ea-3ad4-9976-40b85195dc3c,AWAY,59.744893322939035,8.2,178.0,114.0,L,0.13,3.25,7.0,cut_in_window,no_release,656546,"Hoffman, Jeff",SB,2B,,not measured,cut_in_window
2dda7137-0591-33ef-9560-46edb78314f1,HOME,59.714990871593756,3.6,179.0,113.0,L,0.14,18.04,9.0,PASS,PASS,692230,"Rodriguez, Carlos",SB,2B,1.105,high,
a0e71d85-ce4a-3c84-b7ad-3a8f2e656bee,AWAY,59.723059158324475,9.1,245.0,,,1.84,,9.0,not_cf_view,no_release,656546,"Hoffman, Jeff",SB,2B,,not measured,not_cf_view
48c8f184-f477-3dfb-938e-f628f08fd83b,HOME,59.6412688127706,3.7,181.0,123.0,L,0.2,13.42,9.0,PASS,PASS,657277,"Webb, Logan",CS,2B,0.972,high,
edd06a5a-4373-3215-9082-f81f24ad586a,AWAY,59.79139446818876,7.4,178.0,107.0,R,0.1,27.99,9.0,PASS,no_set_before_lift,671096,"Abbott, Andrew",SB,3B,1.187,high,
69776452-3ff4-39f9-94ae-21074d7b070a,HOME,59.74033499893321,3.7,177.0,118.0,L,0.1,14.95,9.0,PASS,PASS,668909,"Williams, Gavin",SB,2B,0.988,high,
d02f3be2-aaeb-3787-9eaa-45a994261669,AWAY,59.78437853929573,5.7,,,,,,,no_release,no_release,684320,"Rodríguez, Yariel",SB,2B,,not measured,no_release
c2167923-7efe-3408-81b4-4df6ddf7de29,HOME,59.75990640776563,3.5,175.0,116.0,L,0.16,14.14,9.0,PASS,PASS,666711,"Peguero, Joel",SB,2B,0.987,high,
e348652c-33ae-3f65-a385-1f4840631570,HOME,59.784648736192594,3.6,177.0,112.0,L,0.17,18.2,8.0,PASS,PASS,596001,"Junis, Jakob",CS,2B,1.087,high,
4ffdf7b6-d9e6-30c7-8c65-107ff9049eda,HOME,59.707720070514355,3.6,180.0,107.0,L,0.28,4.75,9.0,PASS,PASS,552640,"Kittredge, Andrew",SB,2B,1.223,high,
b2d3e31a-b612-30b6-b65c-a514204a8dba,AWAY,59.801846175127274,4.7,176.0,118.0,L,0.16,17.35,8.0,PASS,not_cf_view,572955,"Johnson, Pierce",SB,2B,0.97,high,
77bfb5bb-eb05-3a4d-bf91-4468bbce7dd9,AWAY,59.71989334117534,6.7,,,,,,,no_release,no_release,681293,"Arrighetti, Spencer",SB,2B,,not measured,no_release
96b6f100-8b87-383c-b2e7-5ded01dc989a,HOME,59.757580442325015,3.6,179.0,111.0,L,0.15,18.07,9.0,PASS,PASS,681293,"Arrighetti, Spencer",SB,3B,1.138,high,
9a3fd569-43c9-3dc9-b33f-8647f2f55915,HOME,59.794890422012614,3.6,181.0,129.0,L,0.14,8.5,9.0,PASS,PASS,663903,"Singer, Brady",SB,2B,0.87,high,
5d5d5116-3435-3ded-8e90-b9a862abcf5f,AWAY,59.817733287121044,7.5,178.0,114.0,R,0.18,18.65,6.0,PASS,cut_in_window,682052,"Lopez, Jacob",SB,2B,1.07,high,
0f94ebab-038e-3a19-b183-637afc31edbb,AWAY,59.808818463658284,8.0,177.0,116.0,L,0.12,15.97,8.0,PASS,cut_in_window,668909,"Williams, Gavin",SB,2B,1.02,high,
f73788bc-04e8-3844-8a45-cf7367083b2e,AWAY,59.836729371555634,7.6,176.0,103.0,L,0.13,11.72,9.0,cut_in_window,release_not_at_hand,663903,"Singer, Brady",SB,2B,,not measured,cut_in_window
ab652c7a-4aaf-38ca-b708-216d1dae019a,HOME,59.74430047481263,3.8,177.0,113.0,R,0.12,23.36,9.0,PASS,PASS,669432,"Rogers, Trevor",SB,3B,1.071,high,
2cd9b9a2-fa4e-3661-89cc-9039aca470eb,HOME,59.79529098468903,3.8,179.0,123.0,L,0.25,3.19,9.0,PASS,PASS,552640,"Kittredge, Andrew",SB,2B,0.937,low,lift_peak_in 3.19 outside 4.28-
f5370b3f-8501-3d4f-b627-fb4fe6fdef5b,HOME,59.73502595288524,3.8,176.0,113.0,R,0.2,20.38,9.0,PASS,PASS,681870,"Sabrowski, Erik",SB,2B,1.055,high,
81119b61-b25a-3f14-affc-5dfbc5c8ea32,HOME,59.749620637329286,3.8,179.0,116.0,L,0.16,23.16,8.0,PASS,PASS,694477,"Patrick, Chad",SB,2B,1.054,high,
2b630808-a014-3877-a189-1c900bffb0d3,AWAY,59.75728639744544,7.699999999999999,177.0,122.0,L,0.17,16.89,9.0,PASS,cut_in_window,701552,"Granillo, Andre",CS,2B,0.92,high,
0d69fa9e-0706-348d-a000-4975f315e988,HOME,59.79016173124208,3.8,175.0,113.0,R,0.16,23.05,8.0,PASS,PASS,669461,"Liberatore, Matthew",SB,2B,1.037,high,
de275aa1-a30f-3d25-ac40-c78510d0a49f,HOME,59.755661665643245,3.7,169.0,108.0,L,0.19,12.92,9.0,PASS,PASS,693821,"Elder, Bryce",SB,2B,1.021,high,
baf3d8dd-82a1-3e94-a318-f27ade374f97,AWAY,59.73029474603138,5.699999999999999,,,,,,,no_release,no_release,686752,"Pepiot, Ryan",CS,2B,,not measured,no_release
0678871f-bd8f-3eef-afb7-65ff29f3c631,HOME,59.70975972453732,3.6,174.0,111.0,R,0.08,21.32,8.0,PASS,PASS,669461,"Liberatore, Matthew",SB,3B,1.055,high,
edca5610-570f-3b80-902f-415ac1805e03,HOME,59.796834850267764,3.6,177.0,115.0,R,0.15,22.71,9.0,PASS,PASS,669432,"Rogers, Trevor",SB,2B,1.037,high,
3eb79565-8cc8-39fe-91fc-df126b511896,HOME,59.640898234792004,3.6,181.0,114.0,L,0.1,14.51,9.0,PASS,PASS,685326,"Brown, McCade",SB,2B,1.123,high,
9ca6c85b-de32-32f2-8d3f-3ba75d8b945d,HOME,59.815441245388165,3.7,179.0,105.0,L,0.13,24.92,9.0,PASS,PASS,668678,"Gallen, Zac",SB,3B,1.237,high,
7297f5f2-5b42-30aa-896c-9c5a006cceaf,AWAY,59.70009980444819,4.6,,,,,,,no_release,not_cf_view,657746,"Ryan, Joe",SB,2B,,not measured,no_release
73854ee2-17f9-3857-b84a-033656b5ec98,HOME,59.79832487770785,3.6,180.0,117.0,L,0.14,18.56,9.0,PASS,PASS,657097,"Webb, Jacob",SB,2B,1.054,high,
b31e7563-af17-30ac-87b7-76757cc0da18,AWAY,59.77605538551849,8.6,191.0,109.0,L,0.88,9.54,9.0,cut_in_window,cut_in_window,472610,"García, Luis",SB,2B,,not measured,cut_in_window
0256c95e-fec1-35d7-8b79-fadb16e54c07,HOME,59.7524541186513,3.8,181.0,122.0,L,0.2,19.51,9.0,PASS,PASS,657746,"Ryan, Joe",SB,2B,0.987,high,
ff302daf-d60e-3558-9e0a-e8f232900bae,AWAY,59.80624514285439,6.1,178.0,117.0,L,0.13,21.23,9.0,PASS,no_release,657746,"Ryan, Joe",SB,2B,1.02,high,
e6c68065-57bb-39ca-a595-33d3600a367f,HOME,59.8031760031319,3.6,180.0,123.0,L,0.14,21.68,9.0,PASS,PASS,676440,"Bibee, Tanner",SB,2B,0.953,high,
c486fac5-044b-3f3c-be7c-7723d7a29dd6,AWAY,59.65744317352346,11.600000000000001,245.0,,,2.43,,7.0,not_cf_view,not_cf_view,675911,"Strider, Spencer",SB,2B,,not measured,not_cf_view
1da49f30-e615-3a34-8034-42a7c45652b8,AWAY,59.651390920740766,7.4,179.0,122.0,L,0.2,19.02,5.0,PASS,release_not_at_hand,665795,"Cabrera, Edward",SB,2B,0.956,high,
dd42a624-4077-3211-9f88-b43bdd9f99f0,HOME,59.725992452453504,3.6,176.0,119.0,L,0.2,19.34,8.0,PASS,PASS,665795,"Cabrera, Edward",SB,2B,0.954,high,
d5ce0d6d-8c42-3aff-9d5a-c74f8ce34e17,HOME,59.79682080236068,3.6,177.0,120.0,L,0.08,10.21,7.0,PASS,PASS,686613,"Brown, Hunter",SB,2B,0.953,high,
d186c2b9-1c20-342e-a77e-69329e9dd5b5,HOME,59.848502572648755,3.6,180.0,109.0,L,0.17,31.97,9.0,PASS,PASS,621242,"Díaz, Edwin",SB,2B,1.186,high,
ea243a14-d40c-3920-9689-425d822d6f92,HOME,59.72997075720182,3.7,182.0,113.0,L,0.17,35.14,9.0,PASS,PASS,621242,"Díaz, Edwin",SB,3B,1.155,high,
a1436db0-637f-33b2-88ac-fdc3efca8648,AWAY,59.67420062082925,4.6,,,,,,,no_release,no_release,656546,"Hoffman, Jeff",SB,2B,,not measured,no_release
e41a7293-cf41-3b1b-ac9e-0a5006e599ac,HOME,59.73853078665161,3.8,177.0,119.0,R,0.17,15.84,9.0,PASS,PASS,621383,"Banks, Tanner",SB,3B,0.971,high,
90545748-04f1-375c-bbed-6aaf194a52d3,HOME,59.709845731033276,3.5,177.0,116.0,L,0.44,14.4,9.0,PASS,PASS,607259,"Martinez, Nick",CS,2B,1.022,low,release_to_wrist 0.44 outside -0.32
35dab630-62f3-3156-9616-862731a10161,HOME,59.66920231697955,3.5,180.0,120.0,L,0.07,19.65,8.0,PASS,PASS,623474,"Herget, Jimmy",SB,2B,1.006,high,
ad285dee-17c5-34cd-96d5-ab74253da2a6,AWAY,59.69731381712187,9.100000000000001,258.0,,,1.55,,8.0,not_cf_view,no_release,694462,"Waldrep, Hurston",CS,2B,,not measured,not_cf_view
1da39e7b-17ee-3cac-a14f-14a871fc2e16,AWAY,59.793726299591484,7.9,175.0,,,0.14,,9.0,cut_in_window,cut_in_window,640455,"Manaea, Sean",CS,2B,,not measured,cut_in_window
24fd3f8e-4401-3fa0-9656-3d89cff84865,AWAY,59.771184736184125,9.1,,,,,,,no_release,cut_in_window,543859,"Tonkin, Michael",CS,2B,,not measured,no_release
f4778cd2-0d3b-39e5-9675-cfdedabd2039,HOME,59.72080054759767,3.7,178.0,117.0,R,0.13,23.17,9.0,PASS,PASS,571578,"Corbin, Patrick",SB,2B,1.021,high,
78a98abe-2972-307c-8340-a21d28848abb,HOME,59.77370344874393,3.7,174.0,104.0,R,0.11,26.0,9.0,PASS,PASS,571510,"Boyd, Matthew",SB,2B,1.171,high,
88c7af40-8da2-3849-9674-04aa4cdafd7f,HOME,59.72643816593135,3.6,181.0,112.0,L,0.26,22.61,9.0,PASS,PASS,682274,"Hiraldo, Yaramil",SB,2B,1.155,high,
f6bb90c5-a78e-3002-b137-0baa519c27a9,AWAY,59.68981336794165,5.3,184.0,,,0.73,,9.0,cut_in_window,not_cf_view,690925,"Beeter, Clayton",SB,2B,,not measured,cut_in_window
92acc870-7f7b-3306-a2e3-d455faa5431a,HOME,59.618527825579804,3.6,179.0,121.0,R,0.16,21.54,9.0,PASS,PASS,608650,"Enns, Dietrich",SB,2B,0.973,high,
a8dcb10e-64fa-36e5-b4ca-3cee077e7721,AWAY,59.69083210040304,11.2,160.0,129.0,L,0.17,6.5,9.0,PASS,cut_in_window,667297,"Nance, Tommy",SB,2B,0.519,low,delivery_s 0.519 outside 0.7-1.31
63f490dd-5c07-3799-b06f-ff8d3a41c1a8,AWAY,59.7916883158408,5.0,,,,,,,no_release,no_release,641672,"Hatch, Thomas",SB,2B,,not measured,no_release
0a29da25-5a07-35ad-a6e3-b2997488c668,AWAY,59.82915452541077,7.8999999999999995,176.0,122.0,R,0.09,12.3,9.0,PASS,cut_in_window,805427,"Sommers, Drew",CS,2B,0.903,high,
695d83a4-8ad2-34c8-bcdb-40250a572048,HOME,59.78411292554664,3.7,175.0,113.0,L,0.21,21.68,9.0,PASS,PASS,683618,"Henriquez, Edgardo",SB,2B,1.037,high,
3bc3837f-625f-300f-b8c8-6c38d41810a1,HOME,59.75138298554006,3.7,177.0,127.0,L,0.16,17.15,9.0,PASS,PASS,672710,"Contreras, Roansy",CS,2B,0.837,high,
a5be111c-085f-30db-9739-f96adeaf5850,HOME,59.81969497997954,3.7,176.0,114.0,L,0.19,19.35,9.0,PASS,PASS,693433,"Woo, Bryan",SB,2B,1.036,high,
bc78e4c2-cfba-3e1e-a203-5e783d5ae292,HOME,59.733406318022226,3.6,181.0,117.0,L,0.23,15.34,8.0,PASS,PASS,506433,"Darvish, Yu",SB,2B,1.071,high,
22e68e20-3647-396d-99b2-74fc66d20aef,AWAY,59.82754778277362,6.2,186.0,129.0,L,0.98,10.04,5.0,not_cf_view,no_release,656876,"Rasmussen, Drew",CS,2B,,not measured,not_cf_view
80dad282-cfc2-3b9f-89ee-4f167738524b,AWAY,59.755037622221714,9.2,189.0,115.0,L,0.77,19.75,6.0,release_not_at_hand,release_not_at_hand,801403,"Dollander, Chase",SB,2B,,not measured,release_not_at_hand
85d9e04a-b759-37a2-a62e-e1a21757e1e3,HOME,59.68765457017569,3.7,180.0,113.0,L,0.17,34.33,9.0,PASS,PASS,667297,"Nance, Tommy",SB,2B,1.123,high,
5595bc13-c7cc-3782-999d-d7eddb540ddc,AWAY,59.771532309167824,11.3,156.0,123.0,L,0.09,5.19,9.0,PASS,release_not_at_hand,678394,"Bello, Brayan",SB,2B,0.552,low,delivery_s 0.552 outside 0.7-1.31
32d1754f-b63d-359e-96a3-71deac2ab90b,HOME,59.76529504576693,3.7,181.0,108.0,L,0.19,33.57,6.0,PASS,PASS,662253,"Muñoz, Andrés",SB,3B,1.221,high,
c7e35954-d03c-3ad2-b8ec-4c494644674e,AWAY,59.82758950245618,6.7,,,,,,,no_release,no_release,506433,"Darvish, Yu",SB,2B,,not measured,no_release
112c3352-181a-3fbe-b918-1fdad7e6732b,AWAY,59.578179669265815,5.2,,,,,,,not_cf_view,cut_in_window,641778,"Lauer, Eric",SB,2B,,not measured,not_cf_view
cebc5822-b9be-395d-a8f1-0350adc82726,HOME,59.78202043246214,3.5,179.0,111.0,R,0.34,31.05,9.0,PASS,PASS,664285,"Valdez, Framber",SB,2B,1.137,low,release_to_wrist 0.34 outside -0.32
0254914d-16b1-3b5e-9acb-5428f302fca9,AWAY,59.738496833579205,9.8,249.0,,,1.55,,6.0,release_not_at_hand,cut_in_window,622554,"Domínguez, Seranthony",SB,2B,,not measured,release_not_at_hand
1ccf0c36-77d6-39a2-bc2b-bd11225fb4ca,AWAY,59.80147317363434,8.7,186.0,,,0.68,,9.0,release_not_at_hand,no_release,676917,"Cavalli, Cade",SB,2B,,not measured,release_not_at_hand
f7965f5a-3ea7-3317-8c15-36c64f2901c2,HOME,59.716479779159016,3.5,175.0,112.0,R,0.16,16.64,9.0,PASS,PASS,666214,"Wentz, Joey",SB,2B,1.055,high,
dff51ec1-589a-3a6f-9def-2118cb0448b8,HOME,59.77437279003199,3.5,177.0,100.0,R,0.15,27.82,9.0,PASS,PASS,641778,"Lauer, Eric",SB,2B,1.288,high,
f4d336d0-cc30-3a0b-84ba-0da65e0da4e9,AWAY,59.7856790167391,7.300000000000001,175.0,109.0,L,0.19,14.54,8.0,PASS,no_set_before_lift,669920,"Alexander, Jason",SB,2B,1.104,high,
d9a8d456-2eb3-38b1-ab88-24444cf4144c,AWAY,59.72137425764556,6.5,,,,,,,no_release,cut_in_window,663436,"Martin, Davis",SB,2B,,not measured,no_release
3f23372d-40f8-3783-9730-4d2fd42331b0,AWAY,59.81631448788795,8.2,179.0,105.0,L,0.2,5.05,8.0,cut_in_window,cut_in_window,657277,"Webb, Logan",CS,2B,,not measured,cut_in_window
d891da6c-23a9-35d2-b7e7-fdcf08b28c18,AWAY,59.849935805329864,7.4,174.0,,,0.12,,8.0,cut_in_window,no_set_before_lift,669920,"Alexander, Jason",SB,2B,,not measured,cut_in_window
e5062f4b-a891-38df-9ee4-16a16833cd2e,AWAY,59.8085143039979,4.7,,,,,,,not_cf_view,cut_in_window,605280,"Holmes, Clay",SB,2B,,not measured,not_cf_view
503fc548-55da-3d5f-831a-1c2a7e8bc03d,HOME,59.71367069445861,3.5,183.0,131.0,L,0.19,13.78,8.0,PASS,PASS,676617,"O'Brien, Riley",SB,2B,0.871,high,
28c78e18-8588-3224-9c77-8a9048a3d62d,HOME,59.77251471129822,3.5,176.0,117.0,R,0.19,18.13,9.0,PASS,PASS,500779,"Quintana, Jose",SB,2B,0.987,high,
ce40254f-0211-323c-ae61-f45ff14b636f,HOME,59.75967021515326,3.5,175.0,98.0,R,0.16,26.53,9.0,PASS,PASS,605483,"Snell, Blake",SB,3B,1.288,high,
97689040-f73b-3ee0-a570-f0d30024d792,AWAY,59.84225291735304,4.8,178.0,123.0,R,0.13,18.13,9.0,PASS,not_cf_view,671106,"Allen, Logan",CS,2B,0.919,high,
85206b6b-e9c1-3129-8b0c-12a62603c3e1,AWAY,,4.4,,,,,,,no_clip,cut_in_window,666974,"Cano, Yennier",SB,2B,,not measured,no_clip
105ec7ad-b03b-347f-9589-85f20766518b,HOME,59.69988872139122,3.6,180.0,128.0,L,0.25,11.01,9.0,PASS,PASS,688158,"Morgan, David",SB,2B,0.871,high,
839c2f63-7e50-31b7-a796-26f76888a081,HOME,59.68382220567729,3.7,181.0,118.0,L,0.28,29.79,9.0,PASS,PASS,672782,"Gómez, Yoendrys",SB,3B,1.056,high,
0276991a-f642-3a9f-b2e3-39b7bcbd35f5,HOME,59.66266591535902,3.7,178.0,115.0,R,0.11,20.33,9.0,PASS,PASS,641482,"Cortes, Nestor",SB,3B,1.056,high,
55fa8109-61ab-384e-80eb-aedf27bcbd3e,AWAY,59.857375666774445,7.8,181.0,124.0,L,0.24,15.97,8.0,PASS,cut_in_window,688158,"Morgan, David",CS,2B,0.952,high,
7ca866c0-4b31-3dbd-9e88-8a84c7934ed3,AWAY,59.8109812621417,7.4,183.0,,,0.11,,5.0,no_set_before_lift,release_not_at_hand,518886,"Kimbrel, Craig",SB,2B,,not measured,no_set_before_lift
fb37dbff-ba0a-339d-95d5-df630fc4b72d,AWAY,59.74293407756232,7.4,172.0,,,0.17,,9.0,cut_in_window,cut_in_window,607455,"Banda, Anthony",SB,2B,,not measured,cut_in_window
e75355a3-b259-3c09-91cb-26a0bf045f02,AWAY,59.65087356640943,7.5,178.0,117.0,R,0.13,17.77,9.0,PASS,cut_in_window,641482,"Cortes, Nestor",SB,2B,1.023,high,
557417ba-c78e-39f0-b799-fd711b3bfa1c,HOME,59.74530796493467,3.5,190.0,133.0,L,0.18,12.14,8.0,PASS,PASS,694973,"Skenes, Paul",CS,2B,0.954,high,
4c054a8a-9b50-3984-904c-328fce5d6228,AWAY,59.799080538055506,7.5,179.0,121.0,R,0.15,15.84,9.0,not_cf_view,not_cf_view,671106,"Allen, Logan",CS,2B,,not measured,not_cf_view
e7f2d66c-c95b-37f4-b707-04f8c8d6079f,AWAY,59.7066348035802,4.8,,,,,,,not_cf_view,release_not_at_hand,691587,"Pérez, Eury",SB,2B,,not measured,not_cf_view
b3444865-c780-3843-b02a-1a7dfc2e90aa,AWAY,,4.4,,,,,,,no_clip,cut_in_window,592662,"Ray, Robbie",SB,2B,,not measured,no_clip
2fd50ce0-dd1a-39fa-9011-0f961064ae40,HOME,59.68300716537411,3.7,180.0,114.0,L,0.21,28.52,9.0,PASS,PASS,667297,"Nance, Tommy",SB,2B,1.106,high,
d97739a9-6a96-34b4-bcf8-a108be8e2132,HOME,59.70059828986673,3.7,216.0,150.0,L,0.39,4.17,8.0,PASS,PASS,691799,"Taylor, Grant",SB,2B,1.106,low,release_to_wrist 0.39 outside -0.32; lift_peak_in 4.17 outside 4.28-
9504a66b-f9bf-3042-b499-09ec969edb9d,HOME,59.80274248461071,3.7,173.0,118.0,L,0.39,9.37,9.0,PASS,PASS,605288,"Houser, Adrian",SB,2B,0.92,low,release_to_wrist 0.39 outside -0.32
d317ca00-efdc-3f63-b083-62a4de3bfa7f,HOME,59.75638390772453,3.6,179.0,126.0,L,0.25,18.71,9.0,PASS,PASS,641329,"Baker, Bryan",SB,2B,0.887,high,
64217b1b-79a3-3515-892a-2f36da4bc317,HOME,59.81845944660323,3.6,180.0,118.0,L,0.21,24.12,5.0,PASS,PASS,669923,"Kirby, George",SB,2B,1.036,high,
edf1a70b-bbbd-31f3-935c-8d99e4216e9a,HOME,59.69205132713911,3.6,175.0,115.0,L,0.11,5.06,9.0,PASS,PASS,489446,"Yates, Kirby",SB,2B,1.005,high,
b099da8e-add5-37ea-b9e8-d11476dcfb87,HOME,59.700837348141484,3.8,176.0,118.0,L,0.13,8.34,9.0,PASS,PASS,669160,"May, Dustin",CS,2B,0.972,high,
17a28df6-09d5-3d42-af48-1cae09386c22,AWAY,59.74747875804018,7.8999999999999995,180.0,125.0,L,0.15,19.29,9.0,PASS,cut_in_window,686752,"Pepiot, Ryan",SB,2B,0.921,high,
7f625f28-069e-30aa-87f7-cc09b8c9a4f9,AWAY,59.7528779866094,8.0,177.0,115.0,R,0.09,22.35,9.0,PASS,cut_in_window,519242,"Sale, Chris",SB,2B,1.038,high,
5de0217e-3dd9-36cd-889d-e2f08e81a29d,HOME,59.65729640485413,3.8,179.0,121.0,R,0.07,20.46,9.0,PASS,PASS,519242,"Sale, Chris",SB,3B,0.972,high,
c2c55761-4024-31ea-9588-b4c6fd760b6f,AWAY,59.79146802817335,9.5,180.0,121.0,L,0.25,12.96,9.0,PASS,cut_in_window,663623,"Irvin, Jake",CS,2B,0.987,high,
85240545-50f5-366a-8f7e-e4e536c17fb7,HOME,59.75567683579464,3.5,178.0,110.0,L,0.21,33.76,9.0,PASS,PASS,621242,"Díaz, Edwin",SB,3B,1.138,high,
21856c18-aabf-3f80-b2ad-2161cc66aa1e,HOME,59.7605217049924,3.5,176.0,116.0,L,0.25,19.87,9.0,PASS,PASS,665795,"Cabrera, Edward",SB,2B,1.004,high,
5f7c59ca-1a4d-39c7-872b-be8cc5dde943,AWAY,59.74510683235205,7.8999999999999995,180.0,,,0.15,,9.0,cut_in_window,cut_in_window,686752,"Pepiot, Ryan",SB,2B,,not measured,cut_in_window
cad333e6-770d-3f33-8ed8-2edd73fcc5a5,HOME,59.69791416926397,3.5,176.0,117.0,L,0.16,18.98,9.0,PASS,PASS,665795,"Cabrera, Edward",SB,2B,0.988,high,
3da02488-865f-3644-8b6f-d2750084a1a1,HOME,59.78398978574314,3.6,177.0,119.0,L,0.27,17.94,9.0,PASS,PASS,678692,"Henriquez, Ronny",SB,2B,0.97,high,
cfdf0889-1ba4-3696-8914-176f3b3f063b,HOME,59.56496674289357,3.6,177.0,105.0,L,0.14,18.63,9.0,PASS,PASS,642207,"Williams, Devin",SB,2B,1.209,high,
d37742c3-9ed2-334d-873d-f246bfd44df9,HOME,59.67047432602501,3.6,179.0,115.0,L,0.15,21.54,5.0,PASS,PASS,681293,"Arrighetti, Spencer",SB,2B,1.073,high,
dd92b864-9023-37b5-921f-a22244676f62,AWAY,59.717067001641794,8.0,178.0,115.0,L,0.2,17.28,7.0,PASS,cut_in_window,685326,"Brown, McCade",SB,2B,1.055,high,
0c007266-28a3-3f54-bb0b-c38acfc6e856,AWAY,59.68998226266677,7.4,180.0,119.0,L,0.16,8.5,9.0,PASS,not_cf_view,670912,"Oviedo, Johan",CS,2B,1.022,high,
04be3f51-ba59-3172-9008-e7b10c9ec5cb,AWAY,59.76468886529276,5.199999999999999,,,,,,,not_cf_view,cut_in_window,606965,"Devenski, Chris",SB,2B,,not measured,not_cf_view
26dc3a12-fd11-3c4a-9e68-a252dedcf075,HOME,59.75057004615984,3.6,176.0,125.0,R,0.15,6.76,9.0,PASS,PASS,657571,"Ferguson, Caleb",SB,2B,0.854,high,
f9fced35-e10a-3e1d-b704-ab1dc9785f6a,AWAY,59.671918760836014,7.8999999999999995,178.0,117.0,L,0.17,12.32,9.0,PASS,cut_in_window,670912,"Oviedo, Johan",SB,2B,1.022,high,
5ebe7bb3-73f0-3f06-9f7f-b8be00d4f5e7,AWAY,59.73254086181278,6.1,203.0,129.0,L,0.71,15.54,9.0,release_not_at_hand,no_release,434378,"Verlander, Justin",SB,2B,,not measured,release_not_at_hand
e63f8fb8-290f-394a-946a-5038a5c3336a,HOME,59.751114621261564,3.7,179.0,118.0,L,0.2,5.57,9.0,PASS,PASS,664294,"Moreta, Dauri",CS,2B,1.021,high,
909662e9-3b7e-32a3-a34e-f57ed7866561,HOME,59.66978283748179,3.5,178.0,115.0,R,0.19,26.27,9.0,PASS,PASS,663465,"Allard, Kolby",SB,2B,1.056,high,
0849d267-f64d-38ef-b691-d0710fec135a,AWAY,59.75675055457814,9.8,,,,,,,no_release,cut_in_window,645261,"Alcantara, Sandy",SB,2B,,not measured,no_release
ef2bdee2-38d9-3926-99d7-c27f35b78f8a,AWAY,59.70750293310204,6.9,,,,,,,no_release,no_release,608372,"Sugano, Tomoyuki",CS,2B,,not measured,no_release
d1c1b943-bb5f-3df9-aaa2-e27e17c3fed5,AWAY,59.65844525492148,7.8999999999999995,174.0,108.0,L,0.14,22.09,9.0,PASS,cut_in_window,678024,"Vasil, Mike",SB,2B,1.106,high,
6688ad1f-6ec6-3435-bfa0-8bee0d2042bb,AWAY,,2.3,,,,,,,no_clip,no_release,694462,"Waldrep, Hurston",SB,2B,,not measured,no_clip
5693eb65-893e-3a4d-b457-43ad6c52a062,AWAY,59.66798972508774,7.6,178.0,,,0.26,,9.0,no_set_before_lift,no_set_before_lift,668964,"Myers, Tobias",CS,2B,,not measured,no_set_before_lift
06c396fb-3be9-3700-9dd9-fabde44f7701,HOME,59.77445284756995,3.5,182.0,122.0,L,0.14,17.03,6.0,PASS,PASS,621121,"McCullers Jr., Lance",SB,2B,1.004,high,
48f7f0cf-6ab2-307c-9f78-8022bbb8170e,HOME,59.819202181820955,5.6,176.0,115.0,L,0.28,24.02,8.0,PASS,PASS,645261,"Alcantara, Sandy",SB,3B,1.02,high,
014e7e46-9722-3ec1-905f-4f533dab0343,HOME,59.664930033566144,3.7,191.0,134.0,R,0.15,23.86,9.0,PASS,PASS,571578,"Corbin, Patrick",SB,2B,0.955,high,
16d8f97c-da9e-3719-803b-0a8c033cc70f,AWAY,59.793898522715764,7.8,190.0,149.0,L,0.61,9.22,6.0,cut_in_window,cut_in_window,681217,"Silseth, Chase",SB,2B,,not measured,cut_in_window
d1abc3a9-d7f7-37f2-b912-5d5693714c34,HOME,59.80134539630783,3.5,177.0,120.0,R,0.14,10.14,9.0,PASS,PASS,656271,"Burke, Brock",SB,2B,0.953,high,
89a42b70-d21f-3952-a867-4b70c1ff263b,AWAY,59.79465257471053,6.8,,,,,,,no_release,no_release,661527,"Martinez, Seth",SB,2B,,not measured,no_release
507c4fdd-6889-36b5-bc0d-969bdeac606e,HOME,59.63816651967678,3.7,175.0,129.0,L,0.21,11.54,9.0,PASS,PASS,680694,"Bradish, Kyle",CS,2B,0.771,high,
df9ee53f-833b-37a9-ad70-a3652684c32d,HOME,59.79656757878191,3.6,178.0,124.0,L,0.2,17.86,9.0,PASS,PASS,621051,"Wilson, Steven",SB,3B,0.903,high,
02c539fd-d788-3013-a178-5dfead81386c,HOME,59.632494522276076,3.7,196.0,132.0,R,0.1,26.6,9.0,PASS,PASS,571578,"Corbin, Patrick",SB,3B,1.073,high,
c3e888bc-42c3-3cca-860a-af7f0c847c17,AWAY,59.72729166827431,6.699999999999999,,,,,,,no_release,no_release,675911,"Strider, Spencer",SB,2B,,not measured,no_release
7329c554-5f39-372e-b7ab-6655e37832be,HOME,59.645634758201275,5.2,183.0,115.0,L,0.11,25.1,8.0,PASS,PASS,675911,"Strider, Spencer",SB,2B,1.14,high,
90468b8d-dd8b-3b14-a08a-7bb36ac05324,HOME,59.816583539323375,3.6,179.0,126.0,L,0.11,12.25,8.0,PASS,PASS,675512,"Melton, Troy",SB,2B,0.886,high,
9c46c45f-3ca6-3bfa-bdb8-a3b555cf0ed8,HOME,59.85392694163628,3.6,181.0,119.0,R,0.14,22.02,7.0,PASS,PASS,579328,"Kikuchi, Yusei",SB,2B,1.036,high,
a5316312-6423-3d0d-9db1-f181b526fd1c,AWAY,59.78037560122783,7.300000000000001,182.0,,,0.96,,5.0,release_not_at_hand,release_not_at_hand,678394,"Bello, Brayan",SB,2B,,not measured,release_not_at_hand
91c74c34-2379-3331-a04e-2c06565f6f94,HOME,59.79754642354361,3.6,177.0,120.0,L,0.14,12.03,9.0,PASS,PASS,450203,"Morton, Charlie",SB,2B,0.953,high,
76a7df83-34b3-3b70-9710-147fea77b906,AWAY,59.66252742220977,9.100000000000001,260.0,,,,,9.0,cut_in_window,no_release,622491,"Castillo, Luis",SB,2B,,not measured,cut_in_window
ae08c3d9-bfba-3c0c-99a4-b042f99d6a57,AWAY,59.691154300615246,7.5,183.0,,,0.13,,9.0,no_set_before_lift,no_set_before_lift,669358,"Baz, Shane",SB,2B,,not measured,no_set_before_lift
58464e80-edb0-3898-90c1-153cfe821dbc,HOME,59.74817622085812,3.5,178.0,119.0,R,0.15,14.35,9.0,PASS,PASS,657649,"Koenig, Jared",SB,2B,0.987,high,
f488126b-72ad-360b-aed0-1d1926ce29c7,HOME,59.75837257542598,5.2,174.0,124.0,L,0.17,6.97,9.0,PASS,PASS,666277,"Soriano, George",SB,2B,0.837,high,
13354444-5216-36c5-9551-c10f5f6b5889,HOME,59.83251774340124,3.5,177.0,102.0,R,0.23,19.52,9.0,PASS,PASS,621237,"Alvarado, José",SB,3B,1.253,high,
70b7de6f-dca1-3111-8ca0-279ad0c2ef40,AWAY,59.631848165188664,6.7,,,,,,,no_release,no_release,607067,"Rea, Colin",CS,2B,,not measured,no_release
18d08b01-7708-3f26-a4a9-4115ab67be46,AWAY,59.67164681810888,7.8,178.0,113.0,L,0.18,27.09,9.0,PASS,cut_in_window,572955,"Johnson, Pierce",SB,2B,1.089,high,
4afc5b28-46fc-39a7-a7e7-c4eeef687dc8,HOME,59.68965219421848,5.2,177.0,112.0,L,0.12,25.0,5.0,PASS,PASS,668881,"Greene, Hunter",SB,2B,1.089,high,
2c52ac4b-0edd-3b5b-8d87-baca738fc594,HOME,59.66041475692811,3.7,175.0,120.0,L,0.13,13.18,9.0,PASS,PASS,622503,"Crismatt, Nabil",SB,2B,0.922,high,
7aaba33c-31da-3569-85cf-6d9e559c93d1,HOME,59.78696136687474,3.8,182.0,114.0,L,0.47,12.12,6.0,PASS,PASS,489446,"Yates, Kirby",SB,2B,1.137,low,release_to_wrist 0.47 outside -0.32
c3e1b3a9-cf53-36d4-aad3-aeb50b174ca3,HOME,59.652753079634,5.0,183.0,110.0,R,0.14,24.11,7.0,PASS,PASS,664285,"Valdez, Framber",SB,3B,1.224,high,
4d2013e4-7bab-3ac0-8f10-5394ed356633,HOME,59.70515970515971,3.5,178.0,128.0,L,0.16,8.24,9.0,PASS,PASS,547179,"Lorenzen, Michael",SB,2B,0.837,high,
2b478fc6-e428-3c3a-9952-697fa2f07d1f,HOME,59.74219359700033,3.5,186.0,128.0,L,0.17,9.63,9.0,PASS,PASS,506433,"Darvish, Yu",CS,2B,0.971,high,
af8437f4-ceaf-376b-9198-10c689e9d066,AWAY,59.83060010812759,8.0,179.0,118.0,L,0.19,18.49,9.0,PASS,cut_in_window,687830,"Gipson-Long, Sawyer",SB,2B,1.02,high,
54bdd26c-27e6-327a-9111-3963caefd44b,AWAY,59.752260749177296,9.1,182.0,121.0,R,0.1,22.04,8.0,PASS,cut_in_window,642100,"Speier, Gabe",SB,3B,1.021,high,
8d52526e-4761-385e-a49f-87d7fc8294a8,AWAY,59.579363184511536,7.8999999999999995,178.0,132.0,L,0.28,11.12,8.0,PASS,cut_in_window,800049,"Mazur, Adam",SB,2B,0.772,high,
06e3f61f-7679-3f0e-a42c-bdd0c60d3a10,HOME,59.74155402197397,3.6,181.0,114.0,R,0.12,20.74,9.0,PASS,PASS,682120,"Herrin, Tim",SB,2B,1.121,high,
03eb8792-a143-31fd-bbbe-a5d39bd80b94,AWAY,59.79303728070175,7.4,188.0,123.0,L,1.07,19.79,9.0,release_not_at_hand,release_not_at_hand,669330,"Wells, Tyler",SB,2B,,not measured,release_not_at_hand
6a66e8ee-356b-3936-8229-1b23381964fe,AWAY,59.73518012399668,6.7,,,,,,,no_release,no_release,694037,"Palencia, Daniel",SB,2B,,not measured,no_release
63ac3e11-59dc-38ec-b637-2c35697a3557,AWAY,59.772197439750755,5.9,176.0,112.0,L,0.14,24.41,9.0,PASS,no_release,690997,"McLean, Nolan",CS,2B,1.071,high,
48792f2e-9133-35d4-bf43-47bffdbf7861,HOME,59.79673539354003,3.8,179.0,124.0,L,0.11,13.93,9.0,PASS,PASS,691172,"Zulueta, Yosver",SB,3B,0.92,high,
0c6dc21e-9a56-3240-8d29-35577d8c9791,AWAY,59.7903715461072,4.7,,,,,,,not_cf_view,no_set_before_lift,687830,"Gipson-Long, Sawyer",SB,2B,,not measured,not_cf_view
51c1766a-d2e9-33ac-921c-81f5e25334e7,HOME,59.73629778704169,3.7,182.0,108.0,R,0.1,23.44,9.0,PASS,PASS,664285,"Valdez, Framber",SB,2B,1.239,high,
b2d261e6-35c0-3a1c-af50-1ed837ae5949,HOME,59.744521048089595,3.6,177.0,129.0,L,0.22,9.38,8.0,PASS,PASS,678215,"Arias, Luarbert",SB,2B,0.803,high,
088bbb6e-134f-3e2d-bd4a-af3f87ea4f4f,HOME,59.76532823095754,3.5,178.0,113.0,R,0.22,22.93,9.0,PASS,PASS,592662,"Ray, Robbie",CS,2B,1.088,high,
d267426d-5acc-3248-86f7-25e4ad7796ef,AWAY,59.745246269905124,7.4,182.0,119.0,L,0.64,14.56,8.0,release_not_at_hand,cut_in_window,693821,"Elder, Bryce",CS,2B,,not measured,release_not_at_hand
d8291bbc-da55-3ca1-b7bb-1f3a6d33cd48,HOME,59.60424066013299,3.6,177.0,123.0,L,0.22,22.47,9.0,PASS,PASS,686701,"Bergert, Ryan",SB,3B,0.906,high,
917ccc84-738b-3f48-b90f-6a01778d625b,AWAY,59.80545465310259,6.199999999999999,199.0,144.0,L,0.89,19.04,7.0,release_not_at_hand,no_release,687209,"Maxwell, Zach",SB,2B,,not measured,release_not_at_hand
f382fff1-55ec-3070-ae00-d9e7c25aa03a,AWAY,59.69981921885729,7.1,178.0,118.0,L,0.14,13.39,9.0,PASS,no_release,691587,"Pérez, Eury",SB,2B,1.005,high,
f7feae0b-7511-321a-990b-224a068f655e,HOME,59.722908971040205,3.7,174.0,111.0,L,0.24,13.63,9.0,PASS,PASS,693821,"Elder, Bryce",SB,2B,1.055,high,
05653e5f-e6f5-3fdf-8f48-ac3c96831ac4,HOME,59.86189464483714,3.5,179.0,124.0,L,0.16,5.62,9.0,PASS,PASS,663969,"Phillips, Tyler",SB,2B,0.919,high,
66cbb962-cd4b-3f3f-ae12-09e71d6917bb,HOME,59.78313959167725,3.7,183.0,112.0,L,0.18,25.7,8.0,PASS,PASS,605400,"Nola, Aaron",SB,2B,1.188,high,
91344a96-bb4b-30ab-8282-8fad9c901355,HOME,59.70497604546788,3.6,179.0,124.0,L,0.18,12.17,9.0,PASS,PASS,678024,"Vasil, Mike",SB,2B,0.921,high,
6cb0354f-66c6-316c-81f1-060d60e8d6b2,AWAY,59.70524695924951,8.399999999999999,175.0,94.0,R,0.15,31.11,9.0,cut_in_window,cut_in_window,519141,"Pomeranz, Drew",SB,2B,,not measured,cut_in_window
db08db78-c4ca-3616-ae7d-f8c983cba7ac,AWAY,59.83467322565821,8.399999999999999,181.0,105.0,L,0.15,14.3,7.0,cut_in_window,cut_in_window,702674,"Dana, Caden",CS,2B,,not measured,cut_in_window
c5b8da35-2019-36cf-bcea-8e9d8598b7a4,HOME,59.769113616529836,3.6,179.0,146.0,L,0.12,4.24,9.0,PASS,PASS,657044,"Thompson, Ryan",SB,2B,0.552,low,lift_peak_in 4.24 outside 4.28-; delivery_s 0.552 outside 0.7-1.31
53998b1e-1864-3ce1-8fad-9027948a27ba,AWAY,59.75436070191666,10.7,213.0,,,1.46,,8.0,release_not_at_hand,release_not_at_hand,666711,"Peguero, Joel",SB,2B,,not measured,release_not_at_hand
a227c2f1-5c0c-32b6-902f-0c4406f52eb6,HOME,59.78526403954877,3.6,180.0,127.0,L,0.16,14.17,9.0,PASS,PASS,672782,"Gómez, Yoendrys",SB,2B,0.887,high,
ecc1d922-928c-3b41-bce4-58fb721afd8b,AWAY,59.78866905505001,7.6,176.0,115.0,L,0.04,11.68,9.0,PASS,no_release,691587,"Pérez, Eury",CS,2B,1.02,high,
f21b01f7-7fc4-3fd3-a9d4-3dda8990572b,HOME,59.69817032453368,3.6,179.0,132.0,L,0.18,11.84,7.0,PASS,PASS,676684,"Vest, Will",SB,2B,0.787,high,
821b9114-d846-3538-af8f-353754bf1413,AWAY,59.77185226681183,6.8,,,,,,,no_release,no_release,669461,"Liberatore, Matthew",SB,2B,,not measured,no_release
cdc85479-6efd-3618-8332-a352a9f10ce6,HOME,59.86250179034127,5.2,185.0,131.0,L,0.32,5.19,5.0,PASS,PASS,605400,"Nola, Aaron",SB,2B,0.902,high,
45f62498-2306-39fc-a3f8-fc86d9256af6,HOME,59.78829758453011,3.7,177.0,114.0,L,0.17,16.78,9.0,PASS,PASS,668674,"Erceg, Lucas",SB,2B,1.054,high,
036c7c1c-60a8-3c25-8abf-1ee902dc862c,AWAY,59.80606285529441,7.5,178.0,,,0.15,,9.0,no_set_before_lift,release_not_at_hand,518886,"Kimbrel, Craig",CS,2B,,not measured,no_set_before_lift
9250e184-af18-3b93-95c1-0a21d2d43c6b,AWAY,59.71574023438963,6.7,,,,,,,no_release,no_release,686563,"Cannon, Jonathan",SB,3B,,not measured,no_release
f8773d2b-45fd-3788-9bb6-3878b52d6144,AWAY,59.73389137020958,7.2,176.0,107.0,L,0.26,27.55,9.0,cut_in_window,cut_in_window,666171,"Zeferjahn, Ryan",SB,2B,,not measured,cut_in_window
2459b2d8-9911-3c0e-b96f-6ca410d5a641,AWAY,,2.2,,,,,,,no_clip,no_release,670912,"Oviedo, Johan",SB,2B,,not measured,no_clip
220005ae-2f85-38d9-81cb-9c99971ac870,AWAY,59.72758255334937,7.2,,,,,,,no_release,no_release,689690,"Jacob, Alek",SB,2B,,not measured,no_release
986e95d6-dc9c-3f00-977b-43e156556c7b,HOME,59.75266664058415,3.7,179.0,124.0,L,0.15,12.42,7.0,PASS,PASS,607259,"Martinez, Nick",SB,2B,0.92,high,
92b2f305-a428-30d1-8bdd-9a5285d8dd10,AWAY,,4.0,,,,,,,no_clip,cut_in_window,663623,"Irvin, Jake",SB,2B,,not measured,no_clip
a1e1c884-47c3-3c5d-8461-1742b6a95dd6,HOME,59.74879970449027,3.6,180.0,113.0,L,0.2,21.78,9.0,PASS,PASS,676508,"Casparius, Ben",SB,3B,1.121,high,
8fcd8794-566a-386a-b774-e4345cec9529,AWAY,59.801511520547436,8.8,179.0,122.0,L,0.4,18.8,7.0,PASS,no_release,672456,"Montero, Keider",CS,2B,0.953,low,release_to_wrist 0.4 outside -0.32
34d8d541-7ec8-3ae6-a01d-aec7fb3549de,HOME,59.691534869118165,3.6,171.0,108.0,R,0.11,27.38,9.0,PASS,PASS,801139,"Tolle, Payton",SB,2B,1.055,high,
41025351-1b5d-3dc8-9e74-b77b694f2eb3,AWAY,59.89158669477745,8.0,197.0,125.0,L,0.8,17.24,8.0,release_not_at_hand,cut_in_window,664208,"Maton, Phil",CS,2B,,not measured,release_not_at_hand
ff5e352f-7ea6-3065-ba9f-9437ab5e8535,HOME,59.65056809231369,5.2,179.0,108.0,R,0.17,22.9,6.0,PASS,PASS,671096,"Abbott, Andrew",SB,3B,1.19,high,
716410ba-5666-39f3-bbaf-08c8446dc882,AWAY,59.763837976756925,10.0,264.0,,,,,9.0,cut_in_window,no_release,687003,"Van Belle, Brian",SB,2B,,not measured,cut_in_window
69058ea1-f9b2-39f3-b9c7-7cb10d14f30a,AWAY,,4.1,,,,,,,no_clip,cut_in_window,682990,"Priester, Quinn",SB,2B,,not measured,no_clip
0a7383a6-6fbc-3b39-8743-6d7c5c2abd68,HOME,59.66951107301763,3.6,177.0,110.0,L,0.15,25.51,8.0,PASS,PASS,670990,"Ramírez, Yohan",SB,2B,1.123,high,
1345d8d8-d8c1-3d3a-8425-8d42a2a5a6a3,HOME,59.73676436800473,3.5,180.0,119.0,R,0.1,21.08,9.0,PASS,PASS,519242,"Sale, Chris",CS,2B,1.021,high,
ab23d2b7-71ea-35fe-9411-ffc44a315184,HOME,59.69779443362589,3.6,181.0,138.0,L,0.19,5.3,9.0,PASS,PASS,608379,"Wacha, Michael",SB,2B,0.72,high,
16d9faa3-93ec-3d48-b925-4038f1566d3a,HOME,59.75431947066557,3.6,179.0,116.0,L,0.26,14.3,9.0,PASS,PASS,669302,"Gilbert, Logan",SB,2B,1.054,high,
d59fe833-0380-32d3-a918-a3618e3cd476,AWAY,59.739075136339984,5.0,180.0,,,0.25,,9.0,not_cf_view,not_cf_view,693855,"Seymour, Ian",SB,2B,,not measured,not_cf_view
a756565a-7617-31cf-8728-7f0ccc6abe8e,HOME,59.80113009600885,3.7,180.0,121.0,L,0.12,17.04,5.0,PASS,PASS,605130,"Barlow, Scott",SB,2B,0.987,high,
903d0424-9cf1-3f78-9c7e-93593fda1168,HOME,59.76650660821592,3.5,179.0,119.0,L,0.19,8.01,8.0,PASS,PASS,694462,"Waldrep, Hurston",SB,2B,1.004,high,
72e6f064-765a-3cb4-840d-54ef1593eae0,HOME,59.693480558326314,3.6,179.0,122.0,L,0.27,15.72,9.0,PASS,PASS,686973,"Varland, Louis",CS,2B,0.955,high,
785310f4-012d-36d8-8fd2-9ef6c179d060,HOME,59.712686782438126,5.2,176.0,115.0,L,0.14,16.86,9.0,PASS,PASS,669371,"Henry, Cole",SB,2B,1.022,high,
d31fa0a1-2bae-361c-a751-01fc2b184ccd,HOME,59.62589559056885,5.2,181.0,117.0,L,0.24,16.12,8.0,PASS,PASS,685326,"Brown, McCade",SB,2B,1.073,high,
d9fb5b6e-8e40-30d4-9142-c792b5cbf4f8,HOME,59.671905657705764,3.5,173.0,110.0,L,0.26,26.34,9.0,PASS,PASS,681217,"Silseth, Chase",SB,2B,1.056,high,
4cc5ca1d-3ae8-3120-9253-fe0a596c3b7b,AWAY,59.80865603644647,8.7,174.0,111.0,L,0.18,9.69,9.0,PASS,no_release,694462,"Waldrep, Hurston",SB,2B,1.053,high,
f8ca9f2a-baa2-33de-9e71-4c3bf5d550ed,HOME,59.67824384409872,3.6,177.0,112.0,R,0.11,26.87,8.0,PASS,PASS,681870,"Sabrowski, Erik",SB,3B,1.089,high,
132ad8f4-dc01-3f5e-9c88-19b2c8980df1,HOME,59.79566582676405,3.6,176.0,123.0,L,0.12,8.8,6.0,PASS,PASS,663903,"Singer, Brady",SB,2B,0.886,high,
dc3d45a3-96fc-306e-99a0-6694a8703122,AWAY,,2.1,,,,,,,no_clip,no_release,434378,"Verlander, Justin",CS,3B,,not measured,no_clip
02bf6cb3-38c9-3de6-9819-142ae8cb74d4,HOME,59.86124288425047,3.6,179.0,128.0,L,0.12,2.51,9.0,PASS,PASS,608337,"Giolito, Lucas",CS,2B,0.852,low,lift_peak_in 2.51 outside 4.28-
b0a77b44-b4eb-304c-8fed-ef65759d6251,HOME,59.67741584832153,3.6,178.0,121.0,L,0.24,17.37,8.0,PASS,PASS,605135,"Bassitt, Chris",SB,2B,0.955,high,
02629b56-caea-3429-9b30-9d86c42d0c27,AWAY,59.85504300012765,7.9,180.0,127.0,L,0.12,9.8,4.0,PASS,not_cf_view,663903,"Singer, Brady",CS,3B,0.885,low,ball_pts 4.0 outside 5-
b42623cf-55e6-3963-9b28-b4218fda0e94,AWAY,59.710581918239576,7.699999999999999,186.0,128.0,L,0.8,5.41,9.0,release_not_at_hand,release_not_at_hand,669358,"Baz, Shane",SB,2B,,not measured,release_not_at_hand
7de35a96-dc3e-340e-8f3b-f4e14dbde477,HOME,59.85066712928052,3.6,178.0,128.0,L,0.24,2.55,6.0,PASS,PASS,804636,"Tong, Jonah",CS,2B,0.835,low,lift_peak_in 2.55 outside 4.28-
7cd9b935-e72f-31ee-a7cb-21917138bdbe,HOME,59.79137311209811,5.2,177.0,126.0,L,0.23,8.63,7.0,PASS,PASS,669358,"Baz, Shane",SB,2B,0.853,high,
3e41264f-cb5e-31a1-97c4-5248e72087b0,HOME,59.79329789104055,3.6,176.0,113.0,L,0.16,16.61,9.0,PASS,PASS,684320,"Rodríguez, Yariel",SB,2B,1.054,high,
533f7f29-bd56-384a-a623-d15a88d14ef0,HOME,59.77730025395585,3.6,177.0,100.0,R,0.17,20.33,5.0,PASS,PASS,666200,"Luzardo, Jesús",CS,2B,1.288,high,
02ec3834-02ff-3bcf-ae0c-45907e9159c7,AWAY,59.76580435857141,7.0,180.0,126.0,L,0.13,11.14,9.0,PASS,no_release,670280,"Bednar, David",CS,2B,0.904,high,
84d4175f-53f6-3aae-beaa-cc70d155e1df,AWAY,59.77186626970069,9.0,192.0,,,0.66,,8.0,release_not_at_hand,release_not_at_hand,672582,"Zerpa, Angel",SB,2B,,not measured,release_not_at_hand
9396a81a-6914-327b-a671-74ea4a77ff08,AWAY,59.84096320589425,7.2,,,,,,,no_release,no_release,592836,"Walker, Taijuan",SB,3B,,not measured,no_release
ddf816bb-ff2a-3567-8af7-cfba8aad6ef5,HOME,59.75336493757907,3.7,180.0,112.0,R,0.12,16.26,9.0,PASS,PASS,666214,"Wentz, Joey",SB,3B,1.138,high,
d0b846c7-2487-3c7b-862a-c176dd2d6fbd,AWAY,59.764557419702456,7.3,179.0,115.0,L,0.13,25.49,9.0,PASS,no_set_before_lift,678394,"Bello, Brayan",SB,3B,1.071,high,
dc89af12-99b0-3644-ac86-a7d79a01ed8d,AWAY,59.827621755993945,6.8,,,,,,,no_release,no_release,543243,"Gray, Sonny",SB,2B,,not measured,no_release
3823a209-befd-32cb-b13e-77407f56dc32,HOME,59.67520648486302,3.7,177.0,104.0,R,0.17,24.8,8.0,PASS,PASS,664285,"Valdez, Framber",SB,2B,1.223,high,
519826f3-0fb6-3d49-82fd-094be310bc56,HOME,59.696194949892686,5.3,181.0,113.0,L,0.2,18.53,9.0,PASS,PASS,642207,"Williams, Devin",SB,2B,1.139,high,
7dbc6437-8088-3f69-a750-cc2b25cfc50f,HOME,59.72858276546537,3.7,175.0,116.0,L,0.2,18.07,9.0,PASS,PASS,666168,"Thompson, Mason",SB,2B,0.988,high,
df49e313-ddbd-3a0b-b94c-ec5888ff62df,AWAY,59.84283699375378,7.5,177.0,99.0,L,0.15,17.11,9.0,cut_in_window,cut_in_window,607067,"Rea, Colin",CS,2B,,not measured,cut_in_window
158e0b80-b617-3775-800f-a6776f0aeea0,AWAY,59.81131889860604,7.6,181.0,118.0,R,0.46,12.5,9.0,PASS,no_set_before_lift,815083,"Farris, Mitch",SB,2B,1.053,low,release_to_wrist 0.46 outside -0.32
cc260085-eb71-31fe-b6ac-6969b68166fd,AWAY,59.73453173188428,7.1,177.0,124.0,L,0.14,9.46,7.0,PASS,no_release,608372,"Sugano, Tomoyuki",SB,2B,0.887,high,
9e4af616-181d-311e-8ec2-6f1c5091d709,HOME,59.78316484534472,3.5,179.0,122.0,L,0.13,13.24,9.0,PASS,PASS,453286,"Scherzer, Max",SB,2B,0.953,high,
b41f19b5-274f-368b-baa4-2e0e45f32ce3,AWAY,59.874238781755444,8.8,177.0,128.0,L,0.18,15.69,8.0,PASS,no_release,656302,"Cease, Dylan",CS,2B,0.818,high,
f7a5daa3-eed1-3af6-a44a-cc117eebcc36,HOME,59.70277599481593,3.7,179.0,120.0,R,0.11,21.01,9.0,PASS,PASS,571578,"Corbin, Patrick",SB,2B,0.988,high,
53c43962-43b6-3cb2-8662-b8dd655511f3,HOME,59.800267107859746,3.6,179.0,116.0,R,0.12,15.98,8.0,PASS,PASS,666214,"Wentz, Joey",SB,2B,1.054,high,
09a754cf-6c05-3a21-8df5-30c80ef408a6,AWAY,59.753278330738546,9.3,174.0,107.0,L,0.14,16.19,8.0,PASS,not_cf_view,687075,"Sproat, Brandon",SB,2B,1.121,high,
774cd31b-b337-3ec1-a650-1daaef1ebb26,HOME,59.746768662622,3.6,180.0,119.0,L,0.24,17.45,9.0,PASS,PASS,453286,"Scherzer, Max",SB,2B,1.021,high,
c95e67f1-fb65-364c-afbb-f16f6c615f8e,AWAY,59.80535936916086,9.6,192.0,,,0.99,,8.0,release_not_at_hand,cut_in_window,518886,"Kimbrel, Craig",SB,2B,,not measured,release_not_at_hand
2cf1f2e5-69f0-30e3-b704-6348a185279e,HOME,59.75491292636663,3.7,180.0,125.0,L,0.18,19.04,9.0,PASS,PASS,656876,"Rasmussen, Drew",SB,2B,0.92,high,
9c454ead-dfba-3e2d-ab25-1dbaf848c5c5,HOME,59.60925592351393,5.2,162.0,128.0,L,0.03,2.82,5.0,PASS,PASS,806960,"Morales, Luis",SB,3B,0.57,low,lift_peak_in 2.82 outside 4.28-; delivery_s 0.57 outside 0.7-1.31
39fb8f43-45ea-31dc-a653-258dd002d380,HOME,59.770984436637164,3.6,173.0,113.0,L,0.07,12.59,9.0,PASS,PASS,506433,"Darvish, Yu",SB,2B,1.004,high,
fb95acce-b2ac-31a2-b8c9-fc9fff860817,HOME,59.81893269219708,3.7,178.0,124.0,L,0.25,17.2,6.0,PASS,PASS,690997,"McLean, Nolan",CS,2B,0.903,high,
8cf3b4f7-2df7-3a21-a27c-c2609c5a6bfa,AWAY,59.80946196848716,7.6,,,,,,,no_release,cut_in_window,607192,"Glasnow, Tyler",SB,2B,,not measured,no_release
32127d6f-c149-3d3e-886b-79c4052a9c6f,HOME,59.764627209778816,3.6,177.0,117.0,L,0.2,17.57,9.0,PASS,PASS,605130,"Barlow, Scott",SB,2B,1.004,high,
d7a354cb-643b-3a54-8993-c171678c9da0,HOME,59.76266130601128,3.6,177.0,121.0,L,0.17,8.84,9.0,PASS,PASS,680573,"Woods Richardson, Simeon",SB,2B,0.937,high,
9199c642-df8a-30a0-86f2-ce5d0953e14b,HOME,59.67969741220406,3.6,174.0,113.0,L,0.13,21.77,6.0,PASS,PASS,700669,"Graceffo, Gordon",SB,3B,1.022,high,
996dc989-c90d-3307-a096-b7eda928358a,HOME,59.75439411853331,3.5,174.0,112.0,L,0.1,19.79,9.0,PASS,PASS,801403,"Dollander, Chase",SB,2B,1.038,high,
4611a437-d9be-3a19-9e99-043acfbc8a13,AWAY,59.76428697686343,6.6,,,,,,,no_release,no_release,650644,"Civale, Aaron",SB,2B,,not measured,no_release
de331879-b054-36ed-a6e1-9c8d7e4f23ed,HOME,59.78285602055994,5.3,176.0,119.0,L,0.16,17.1,7.0,PASS,PASS,676917,"Cavalli, Cade",SB,2B,0.953,high,
8cb9ddf1-7a51-3900-8ee5-fc4f3820a9f3,HOME,59.89391624497358,3.6,172.0,110.0,L,0.14,13.84,9.0,PASS,PASS,657277,"Webb, Logan",SB,2B,1.035,high,
c3fe6d15-00e4-34af-ad92-8a65ab6aaf35,AWAY,59.71339973500801,10.7,178.0,116.0,L,0.42,20.88,8.0,PASS,release_not_at_hand,661527,"Martinez, Seth",SB,2B,1.038,low,release_to_wrist 0.42 outside -0.32
d2600614-1549-3c8b-995a-63992d06ee43,HOME,59.744632667352015,3.6,175.0,113.0,L,0.2,20.17,9.0,PASS,PASS,608566,"Márquez, Germán",SB,2B,1.038,high,
f6ea875c-b135-3e2f-b93f-eeb1c85b92b9,HOME,59.69040014675654,3.7,180.0,121.0,R,0.13,13.78,9.0,PASS,PASS,621383,"Banks, Tanner",SB,3B,0.988,high,
b246ddb6-ec14-33e4-9c60-658da4c3031d,HOME,59.7711203440484,3.6,180.0,111.0,L,0.18,21.03,9.0,PASS,PASS,683004,"Leiter, Jack",SB,3B,1.154,high,
85f9d890-9b3b-3600-a81c-0f790d8fd3ba,AWAY,59.74730357704392,7.4,175.0,114.0,L,0.2,26.93,7.0,PASS,cut_in_window,683175,"Phillips, Connor",SB,2B,1.021,high,
e38b7ef9-d435-360e-beed-9029fee4c070,HOME,59.73504859458806,3.8,179.0,113.0,L,0.16,20.46,9.0,PASS,PASS,683004,"Leiter, Jack",SB,2B,1.105,high,
e77c01a6-f36c-34df-9556-faccc88e51b8,HOME,59.72535057763569,3.6,155.0,115.0,L,0.05,19.96,7.0,PASS,PASS,669923,"Kirby, George",SB,2B,0.67,low,delivery_s 0.67 outside 0.7-1.31
cdb1e029-e551-3cea-8f35-bf39653b859c,HOME,59.72746061957753,3.6,173.0,110.0,L,0.14,10.73,9.0,PASS,PASS,641793,"Littell, Zack",SB,2B,1.055,high,
e756450e-29ee-3df5-b4ec-3ce3a1e1a9b1,AWAY,59.741253115644824,8.399999999999999,172.0,,,0.17,,9.0,cut_in_window,cut_in_window,543294,"Hendricks, Kyle",SB,2B,,not measured,cut_in_window
7d7b8e4c-fd17-3b46-b79f-2257b87e4d2f,AWAY,59.81551240701635,7.4,177.0,,,0.17,,9.0,no_set_before_lift,no_set_before_lift,656546,"Hoffman, Jeff",SB,2B,,not measured,no_set_before_lift
c25e1a58-3f16-3b4d-9acd-38839d15d74e,AWAY,59.797696467853335,7.3,,,,,,,no_release,no_release,681347,"Burrows, Mike",SB,2B,,not measured,no_release
4ee38d69-97d7-31ef-b36a-a09ac415842f,AWAY,59.7524541186513,7.4,181.0,114.0,R,0.65,18.36,8.0,release_not_at_hand,release_not_at_hand,669461,"Liberatore, Matthew",SB,2B,,not measured,release_not_at_hand
50130df7-6d1c-3628-b195-3398ae83b331,AWAY,59.839860939755546,7.699999999999999,178.0,127.0,L,0.16,2.8,9.0,not_cf_view,cut_in_window,669093,"Estrada, Jeremiah",SB,2B,,not measured,not_cf_view
9729e173-2499-3343-a5c3-8eb2b8a5b7ce,AWAY,59.70726853067599,4.6,,,,,,,not_cf_view,cut_in_window,664747,"Díaz, Alexis",SB,2B,,not measured,not_cf_view
1322d36f-12bb-34fd-9f44-0d2503386170,AWAY,59.72666526118958,7.8,183.0,98.0,L,0.18,27.88,8.0,cut_in_window,cut_in_window,675911,"Strider, Spencer",SB,2B,,not measured,cut_in_window
fb8ed81b-79e1-31a8-b7bc-0bbea9990640,AWAY,59.71707377491529,8.8,,,,,,,no_release,release_not_at_hand,641793,"Littell, Zack",SB,2B,,not measured,no_release
47d75471-2623-37df-b4ba-56eec5aa91b8,HOME,59.76721055480807,3.6,181.0,119.0,R,0.1,28.42,5.0,PASS,PASS,519242,"Sale, Chris",SB,3B,1.037,high,
aa6cf32c-3be2-3963-a6a3-a977caf8edd6,HOME,59.59444711639992,3.7,178.0,114.0,R,0.19,16.86,5.0,PASS,PASS,650911,"Sánchez, Cristopher",SB,2B,1.074,high,
cb6e0c96-fe7d-3f7e-830e-1e27e3d20a7a,HOME,59.69730858711434,3.6,180.0,105.0,R,0.15,25.94,9.0,PASS,PASS,605483,"Snell, Blake",SB,2B,1.256,high,
6a92460b-d380-3487-a8b3-a1a818169bb3,HOME,59.682958044527794,3.5,176.0,117.0,R,0.09,17.66,9.0,PASS,PASS,671106,"Allen, Logan",SB,2B,0.989,high,
1c1d2c11-5913-3cc2-acf7-e85a127cc7b2,HOME,59.82131376688664,5.5,180.0,122.0,L,0.18,16.09,7.0,PASS,PASS,642547,"Peralta, Freddy",SB,2B,0.97,high,
e8a4877d-f56c-356f-aa04-fbd4c4915eb3,AWAY,59.7761381238129,4.9,,,,,,,not_cf_view,not_cf_view,628452,"Iglesias, Raisel",CS,2B,,not measured,not_cf_view
d586a9f6-5f35-3250-bd56-3f97e47f63ff,HOME,59.7380715325113,3.6,176.0,106.0,L,0.25,20.28,9.0,PASS,PASS,669302,"Gilbert, Logan",SB,2B,1.172,high,
68c5aa3e-b36d-3ac5-ac98-506244a0f024,HOME,59.794405537125776,5.2,179.0,124.0,L,0.13,6.23,6.0,PASS,PASS,518876,"Kelly, Merrill",SB,2B,0.92,high,
6a8ca957-c647-39bd-937e-55504c561908,AWAY,59.70135783360334,7.3,,,,,,,no_release,no_release,665660,"Alvarado, Elvis",CS,2B,,not measured,no_release
3941f87d-e92e-346b-860a-4233d7da85f5,AWAY,59.780293637546855,4.8,185.0,118.0,R,0.61,20.92,8.0,release_not_at_hand,not_cf_view,519242,"Sale, Chris",SB,2B,,not measured,release_not_at_hand
256d2e81-ccc2-3eed-b1c7-0e18008186be,HOME,59.7375169708855,5.5,183.0,130.0,L,0.31,9.96,9.0,PASS,PASS,669330,"Wells, Tyler",SB,2B,0.887,high,
83326441-d0c7-3b12-a2dc-052c6e5d1256,HOME,59.716499277967685,3.6,175.0,107.0,R,0.12,23.23,7.0,PASS,PASS,670970,"Morejon, Adrian",SB,2B,1.139,high,
0c9fa71f-f39c-3b57-8605-0fd767bfd769,AWAY,59.72390789944729,9.1,182.0,119.0,L,0.21,23.15,9.0,PASS,no_set_before_lift,621244,"Berríos, José",SB,2B,1.055,high,
2cd0340f-f9b0-352f-b880-77e96b85167b,AWAY,59.73037697044147,4.9,182.0,126.0,R,0.15,11.56,9.0,PASS,not_cf_view,682120,"Herrin, Tim",SB,2B,0.938,high,
86567fc3-9a1d-30e5-a9f4-aaba2feb2391,AWAY,59.83481594410977,4.8,181.0,128.0,L,0.2,8.31,9.0,not_cf_view,not_cf_view,592791,"Taillon, Jameson",CS,2B,,not measured,not_cf_view
3ae6e722-4069-30a2-bf13-a9bca9348aab,AWAY,59.76257466560342,7.2,177.0,116.0,R,0.1,20.85,6.0,PASS,no_set_before_lift,519242,"Sale, Chris",SB,2B,1.021,high,
f9a6968d-6d0e-308d-9a42-1718bac5c6d4,AWAY,59.7581153422099,6.199999999999999,186.0,129.0,L,0.62,14.81,2.0,release_not_at_hand,no_release,669920,"Alexander, Jason",CS,2B,,not measured,release_not_at_hand
b6595e0c-b2a2-3a9a-8e20-f03b496b1b25,HOME,59.659326307316555,3.8,180.0,113.0,L,0.2,15.93,9.0,PASS,PASS,691587,"Pérez, Eury",CS,2B,1.123,high,
c6063518-7dc7-3796-a2f2-4520add48ce6,HOME,59.73702157604612,3.6,179.0,117.0,L,0.1,14.59,7.0,PASS,PASS,680742,"Bowlan, Jonathan",CS,3B,1.038,high,
204a9100-7585-3d45-acb0-df59c138f1d2,HOME,59.72455479032186,3.6,177.0,128.0,L,0.15,7.73,9.0,PASS,PASS,671737,"Bradley, Taj",SB,2B,0.82,high,
63775cff-7e4b-3fdb-a63f-b15c1fb834a2,HOME,59.68216717076181,3.7,179.0,124.0,L,0.14,9.93,7.0,PASS,PASS,680755,"Fisher, Braydon",SB,2B,0.922,high,
1b8bef34-e6e5-3438-b99a-bfe211492b40,HOME,59.71560104161459,3.6,178.0,112.0,L,0.14,25.59,9.0,PASS,PASS,596112,"Stephenson, Robert",SB,3B,1.105,high,
363ff33e-d14a-3fe6-966a-4e6ce5221ef4,AWAY,,3.7,,,,,,,no_clip,release_not_at_hand,666200,"Luzardo, Jesús",SB,3B,,not measured,no_clip
aa0043ff-318d-3e00-bae4-5c1d658df21a,HOME,59.74901349772215,3.5,182.0,120.0,L,0.21,17.59,7.0,PASS,PASS,687830,"Gipson-Long, Sawyer",SB,2B,1.038,high,
74dad57e-eaef-3f58-90e7-6df6b6c9a7d4,HOME,59.71950641279346,3.6,177.0,108.0,L,0.2,22.75,9.0,PASS,PASS,670912,"Oviedo, Johan",SB,2B,1.155,high,
61ae2a49-6ed3-3d10-b343-322229093f86,HOME,59.73625680811194,3.5,174.0,107.0,R,0.07,35.42,9.0,PASS,PASS,671111,"Peralta, Sammy",SB,2B,1.122,high,
4fa844e9-b7f0-3332-bde8-a9b5169d89ec,AWAY,59.747251022945356,7.8999999999999995,176.0,,,0.13,,9.0,no_set_before_lift,cut_in_window,681190,"Vásquez, Randy",SB,2B,,not measured,no_set_before_lift
60c08caa-c783-320c-be73-4d6e54d0c1dd,AWAY,59.73137309875938,7.4,175.0,,,0.13,,9.0,cut_in_window,no_set_before_lift,445276,"Jansen, Kenley",SB,2B,,not measured,cut_in_window
7e75008f-1bf5-337c-a249-a271761f6cae,AWAY,59.82455028885255,7.3,164.0,,,0.18,,9.0,no_set_before_lift,not_cf_view,664299,"Javier, Cristian",CS,2B,,not measured,no_set_before_lift
a78a98dd-8794-3582-a3fd-a3b3213c478c,HOME,59.67823485043142,3.5,176.0,115.0,L,0.19,14.86,6.0,PASS,PASS,669371,"Henry, Cole",SB,2B,1.022,high,
9aff6371-21c2-36d3-99f8-8132b2304744,HOME,59.776991968629034,3.9,177.0,114.0,R,0.19,20.63,9.0,PASS,PASS,693855,"Seymour, Ian",SB,2B,1.054,high,
4ebd5a5f-708c-3713-ba9e-ea7be8a48ba7,AWAY,59.767674383804064,7.5,173.0,118.0,L,0.17,25.04,9.0,cut_in_window,not_cf_view,682243,"Miller, Bryce",SB,2B,,not measured,cut_in_window
e23cfe72-ce3b-3400-9d62-40e325d8195b,AWAY,59.727345460114435,8.1,180.0,108.0,L,0.14,16.01,9.0,cut_in_window,no_set_before_lift,681343,"Smith, Shane",SB,2B,,not measured,cut_in_window
ee296183-a04d-365c-b01f-d82dac70ee46,HOME,59.71129876905834,3.6,181.0,118.0,L,0.19,17.32,9.0,PASS,PASS,687830,"Gipson-Long, Sawyer",SB,2B,1.055,high,
5841ad75-f3b4-3607-b830-6d46f6f877e9,HOME,59.73601950205342,5.3,177.0,113.0,R,0.12,32.61,8.0,PASS,PASS,677960,"Weathers, Ryan",SB,2B,1.071,high,
7c9e2398-e4c0-3f10-bbf2-10c8bde908f1,AWAY,59.7782880617436,7.8999999999999995,179.0,116.0,L,0.7,14.51,9.0,release_not_at_hand,cut_in_window,677955,"Hill, Jaden",SB,2B,,not measured,release_not_at_hand
ddf98ec9-4e32-3daa-8c92-be4c3cfe670d,HOME,59.770821266733016,3.6,174.0,103.0,R,0.11,36.45,9.0,PASS,PASS,671111,"Peralta, Sammy",SB,3B,1.188,high,
07b0d14a-16cc-3e27-be87-31df6919507b,AWAY,59.756241864868066,7.3,179.0,119.0,L,0.15,15.86,9.0,PASS,cut_in_window,681343,"Smith, Shane",SB,2B,1.004,high,
0ce23685-1d99-3614-99d7-9bd83a50729a,AWAY,59.75188740088774,11.3,245.0,,,1.27,,9.0,release_not_at_hand,release_not_at_hand,670059,"Holderman, Colin",SB,2B,,not measured,release_not_at_hand
a8169478-540a-304d-aa1a-7d96d3bb6b3f,AWAY,59.74844796952092,7.8999999999999995,173.0,125.0,R,0.16,11.13,9.0,PASS,cut_in_window,669211,"Akin, Keegan",CS,2B,0.803,high,
b58e8626-7394-3390-92a6-effadba66d6a,AWAY,59.85339378257015,8.600000000000001,178.0,122.0,L,0.25,4.65,8.0,cut_in_window,cut_in_window,641154,"López, Pablo",SB,2B,,not measured,cut_in_window
72bd8b53-c9c6-3ccb-b98f-4016be186efc,HOME,59.83078744477491,3.6,178.0,126.0,R,0.18,15.02,9.0,PASS,PASS,579328,"Kikuchi, Yusei",CS,2B,0.869,high,
762934b5-825d-3792-8616-35a8c020125d,HOME,59.795819154107924,3.6,177.0,110.0,R,0.12,23.76,9.0,PASS,PASS,669432,"Rogers, Trevor",SB,2B,1.12,high,
65f2b99e-38e1-360b-89c2-11d5a85e77ac,HOME,59.712152301113164,3.6,176.0,118.0,L,0.08,15.56,9.0,PASS,PASS,694297,"Pfaadt, Brandon",SB,2B,0.971,high,
9afa96fb-207a-3164-a1f6-ec4818c798a2,AWAY,,6.0,,,,,,,no_clip,cut_in_window,622491,"Castillo, Luis",SB,2B,,not measured,no_clip
9fe72464-5ee1-3a64-a89b-6f2744618f6e,HOME,59.79361558491658,3.6,176.0,106.0,L,0.13,31.1,9.0,PASS,PASS,621111,"Buehler, Walker",SB,2B,1.171,high,
ec92b8e9-c516-3e94-b7b4-cbafea842931,HOME,59.72444141009349,3.5,176.0,110.0,L,0.13,27.53,9.0,PASS,PASS,621111,"Buehler, Walker",SB,2B,1.105,high,
a7ed9a5f-2d54-3fb0-a678-41687dfb790e,HOME,59.762533318463646,3.6,177.0,124.0,L,0.2,11.17,9.0,PASS,PASS,664199,"Clarke, Taylor",SB,2B,0.887,high,
bb1cffcf-67f3-33b6-9749-f641941dbe2e,AWAY,59.76803662754325,7.6,172.0,110.0,L,0.17,16.06,9.0,PASS,cut_in_window,686993,"Sterner, Justin",SB,3B,1.037,high,
841d1908-6108-32f4-99e2-4607a4995eac,HOME,59.70334898473211,3.7,206.0,139.0,R,0.15,30.89,9.0,PASS,PASS,621366,"Borucki, Ryan",SB,2B,1.122,high,
a47208fb-7876-3681-bc3d-c929e1dbc03a,AWAY,,1.0,,,,,,,no_clip,not_cf_view,608337,"Giolito, Lucas",SB,2B,,not measured,no_clip
0b8b46bf-a035-31d2-afbe-623f0ff04d7a,HOME,59.784349311412406,3.6,180.0,120.0,L,0.16,5.69,9.0,PASS,PASS,608337,"Giolito, Lucas",CS,3B,1.004,high,
8e8527f0-9c5a-3228-84cd-ca9363313081,HOME,59.741930014277095,3.6,180.0,114.0,R,0.11,19.35,9.0,PASS,PASS,458677,"Wilson, Justin",SB,3B,1.105,high,
19053767-16ec-34e1-b60c-601aedf90d0b,HOME,59.782276085149064,3.6,178.0,127.0,L,0.11,4.13,9.0,PASS,PASS,677161,"Kelly, Zack",SB,2B,0.853,low,lift_peak_in 4.13 outside 4.28-
bd67a5cf-0981-3d10-a3a0-70e79a587d64,AWAY,59.73727732971245,9.3,214.0,,,0.06,,9.0,no_set_before_lift,cut_in_window,622554,"Domínguez, Seranthony",SB,2B,,not measured,no_set_before_lift
6ca1ab92-f487-3e7a-bd9d-a66773537b2b,AWAY,59.746093451078224,11.8,214.0,,,0.94,,9.0,release_not_at_hand,cut_in_window,664126,"Fairbanks, Pete",SB,2B,,not measured,release_not_at_hand
4a5d40ab-5d6c-364e-8f31-5f68f85b885c,AWAY,,3.8,,,,,,,no_clip,cut_in_window,543243,"Gray, Sonny",CS,2B,,not measured,no_clip
cec4e418-39e8-36da-98de-af06d9b7815b,AWAY,59.735216240070606,6.800000000000001,,,,,,,not_cf_view,cut_in_window,657746,"Ryan, Joe",SB,2B,,not measured,not_cf_view
f95f9447-82d8-39d3-a594-903db43caee2,HOME,59.68783470421246,3.6,182.0,130.0,L,0.17,10.62,9.0,PASS,PASS,663436,"Martin, Davis",SB,2B,0.871,high,
be9204d6-08a8-39df-88ad-ed9c5242a41d,AWAY,59.79369982450986,7.300000000000001,181.0,121.0,L,0.57,22.02,9.0,PASS,release_not_at_hand,686613,"Brown, Hunter",CS,2B,1.003,low,release_to_wrist 0.57 outside -0.32
a8b13740-e9b3-3e2a-b4e5-d4e32cf3a746,HOME,59.83520795187026,3.6,177.0,113.0,L,0.28,27.46,5.0,PASS,PASS,668881,"Greene, Hunter",SB,3B,1.07,high,
52fac416-61b5-357f-877d-f7900cbef290,AWAY,59.75887471904659,4.4,,,,,,,no_release,no_release,668881,"Greene, Hunter",SB,2B,,not measured,no_release
fbfef99e-f983-34f6-8ea1-2b46b62be8ea,AWAY,59.74813072478946,7.5,175.0,127.0,L,0.16,13.6,9.0,PASS,not_cf_view,656302,"Cease, Dylan",SB,2B,0.803,high,
4766b9e3-01a5-3124-ae28-d36971be8a6e,AWAY,59.83724269985639,6.8,,,,,,,no_release,no_release,668881,"Greene, Hunter",CS,2B,,not measured,no_release
c13b3379-115a-3a1e-ac90-2440be72c080,HOME,59.71870751972532,3.6,179.0,109.0,L,0.2,32.31,9.0,PASS,PASS,621242,"Díaz, Edwin",SB,2B,1.172,high,
b7bdf28b-719b-370c-8a18-ffee295c2a34,AWAY,59.74670916299592,7.8999999999999995,177.0,119.0,L,0.14,13.82,9.0,PASS,cut_in_window,680755,"Fisher, Braydon",CS,2B,0.971,high,
abbeabe7-0f46-33d0-8a8c-c614a90a53e2,AWAY,59.75538113595736,6.0,,,,,,,no_release,cut_in_window,693821,"Elder, Bryce",SB,2B,,not measured,no_release
bfcd410d-6b34-36d5-9fe8-630b54c761c8,AWAY,59.81710786930227,7.4,177.0,117.0,L,0.14,26.17,9.0,PASS,cut_in_window,683175,"Phillips, Connor",SB,2B,1.003,high,
cf9fb95c-bdef-369e-be84-ef2b292d2144,AWAY,59.69434461246355,6.9,,,,,,,no_release,no_release,656876,"Rasmussen, Drew",SB,2B,,not measured,no_release
7cbd9406-fd9f-3ae4-9d68-de67ce9c72e3,AWAY,59.77140351802161,9.4,179.0,129.0,L,0.22,3.38,7.0,PASS,no_release,543294,"Hendricks, Kyle",SB,2B,0.837,low,lift_peak_in 3.38 outside 4.28-
25839b0f-d267-3e7c-a936-bdc0abca742d,HOME,59.78567399887197,3.8,172.0,112.0,L,0.18,17.33,9.0,PASS,PASS,666168,"Thompson, Mason",SB,2B,1.004,high,
b05ee9a4-e500-3230-b6fa-fdeec6a3c2bc,AWAY,59.79658519614999,7.3,,,,,,,no_release,no_release,543101,"DeSclafani, Anthony",SB,2B,,not measured,no_release
d496f652-1ce3-3f4f-877b-37d07cbbdcf1,HOME,59.75528786872807,3.7,179.0,113.0,L,0.13,23.53,9.0,PASS,PASS,695243,"Miller, Mason",SB,2B,1.105,high,
d05a7f30-7fa9-3eae-8051-b79533bc8286,HOME,59.73682609393063,3.6,180.0,114.0,L,0.14,20.67,9.0,PASS,PASS,506433,"Darvish, Yu",SB,2B,1.105,high,
33e78cc6-1c51-35d0-8f69-78af7e449cf8,AWAY,59.728913285838864,9.3,244.0,,,1.4,,9.0,not_cf_view,release_not_at_hand,518886,"Kimbrel, Craig",SB,2B,,not measured,not_cf_view
7f8d9b82-3107-3da1-8443-d4e3c5c2c83a,AWAY,59.686750388034426,8.9,175.0,116.0,L,0.11,20.26,5.0,PASS,no_release,681347,"Burrows, Mike",CS,2B,0.988,high,
5214b43d-9058-3a16-992c-9d9b300b7d3a,HOME,59.670392119719644,3.7,180.0,123.0,L,0.2,11.7,7.0,PASS,PASS,621112,"Blackburn, Paul",SB,2B,0.955,high,
bff35c8d-6827-31ab-9f91-ab3e0fe1ba78,HOME,59.72673803391394,3.5,178.0,114.0,L,0.14,27.76,6.0,PASS,PASS,518886,"Kimbrel, Craig",SB,2B,1.072,high,
be5ee9c1-98f2-3cca-b881-0c6bad74545f,AWAY,59.74427639271301,7.4,180.0,,,0.15,,9.0,no_set_before_lift,no_set_before_lift,607192,"Glasnow, Tyler",SB,2B,,not measured,no_set_before_lift
d27aaf4b-c9e3-3090-b19d-a15867f5a24e,HOME,59.802933866633445,3.7,177.0,112.0,R,0.16,21.69,9.0,PASS,PASS,656641,"Latz, Jacob",SB,2B,1.087,high,
35db3af5-83bd-3e1a-aae9-66e5d96e7142,AWAY,59.75625737124885,6.3,,,,,,,no_release,no_release,676917,"Cavalli, Cade",CS,2B,,not measured,no_release
169deb71-3528-315f-8f4f-2bfe5cc942d7,AWAY,59.785845844837944,7.8,178.0,114.0,L,0.17,14.89,9.0,not_cf_view,cut_in_window,543294,"Hendricks, Kyle",SB,3B,,not measured,not_cf_view
d6db6104-c236-357c-b8a9-86abbcf98976,AWAY,59.72416623532546,8.0,181.0,121.0,R,0.11,11.22,9.0,PASS,cut_in_window,666214,"Wentz, Joey",SB,2B,1.005,high,
d1fe3e92-d518-3e89-b0aa-553c640d1d21,HOME,59.82928024344328,3.9,175.0,105.0,R,0.32,17.1,9.0,PASS,PASS,500779,"Quintana, Jose",SB,3B,1.17,high,
d63b230d-c06f-3cf7-b349-33168c9eba28,AWAY,59.79617499671553,7.1,187.0,123.0,L,0.7,11.62,5.0,not_cf_view,no_release,622503,"Crismatt, Nabil",SB,2B,,not measured,not_cf_view
b293c0bf-0885-371f-b977-e6963d57600f,HOME,59.80297469576975,3.6,179.0,118.0,R,0.15,14.04,9.0,PASS,PASS,650893,"Cabrera, Génesis",SB,2B,1.02,high,
c64b5e14-e4ca-3ecb-9018-c72aa242fda8,HOME,59.80760521518676,3.6,176.0,113.0,R,0.2,14.08,9.0,PASS,PASS,650893,"Cabrera, Génesis",SB,2B,1.053,high,
7c3e788e-e807-3a78-855b-a7f42bd12b88,AWAY,59.73474512787272,7.4,189.0,121.0,L,1.12,17.5,9.0,release_not_at_hand,release_not_at_hand,682790,"González, Wikelman",SB,2B,,not measured,release_not_at_hand
61379a2c-528d-324a-a162-cd1b034d7d36,HOME,59.798067797334454,3.7,178.0,106.0,L,0.18,34.65,9.0,PASS,PASS,621242,"Díaz, Edwin",SB,2B,1.204,high,
16e701a2-5f69-363b-8350-ce44e7dace13,AWAY,59.71457853237205,7.4,179.0,120.0,R,0.07,19.84,9.0,PASS,release_not_at_hand,669461,"Liberatore, Matthew",SB,2B,0.988,high,
11db90b9-8cdd-3d98-b992-db0e61aa345e,HOME,59.76880362861709,3.5,175.0,102.0,L,0.14,21.56,9.0,PASS,PASS,595014,"Treinen, Blake",SB,3B,1.221,high,
0ee25056-c761-36f1-a222-20bac69d80a5,HOME,59.75687954486541,3.6,181.0,120.0,L,0.15,14.16,9.0,PASS,PASS,669920,"Alexander, Jason",SB,2B,1.021,high,
e543d36a-358c-37b1-a437-46a88b7a1e91,HOME,59.62046296428077,3.5,179.0,116.0,R,0.14,21.17,9.0,PASS,PASS,607074,"Rodón, Carlos",SB,2B,1.057,high,
11b86419-bceb-3b1c-8da0-8a42093eb6e8,AWAY,59.73993647220524,7.6,174.0,111.0,R,0.15,20.05,9.0,PASS,cut_in_window,607074,"Rodón, Carlos",SB,2B,1.055,high,
1c5ffa67-76ec-381c-a393-e8f108718343,HOME,59.8114543098782,5.1,179.0,121.0,L,0.14,16.07,9.0,PASS,PASS,592791,"Taillon, Jameson",SB,2B,0.97,high,
eb0099f8-4142-3e15-84d5-418adca6ccd8,AWAY,59.68855365396982,7.300000000000001,178.0,116.0,L,0.28,21.86,7.0,PASS,release_not_at_hand,668933,"Ashcraft, Graham",SB,2B,1.039,high,
b710be37-31e5-3625-bca2-9a1eec187a1d,HOME,59.74073411386895,3.8,175.0,101.0,L,0.31,18.5,9.0,PASS,PASS,666808,"Doval, Camilo",SB,3B,1.239,high,
cb619639-7648-3de5-8e80-75198e91bf7f,AWAY,59.7922771999498,6.6,181.0,,,0.18,,6.0,cut_in_window,no_release,677952,"Ashcraft, Braxton",CS,2B,,not measured,cut_in_window
b805097e-b3aa-356d-9009-0da138882ef7,AWAY,59.81548749501688,9.2,214.0,,,0.07,,5.0,no_set_before_lift,no_set_before_lift,661395,"Duran, Jhoan",SB,2B,,not measured,no_set_before_lift
0c4df500-ffca-3ae5-a1e2-590602e9dce9,AWAY,59.75198900858474,11.6,174.0,,,0.21,,6.0,cut_in_window,cut_in_window,607074,"Rodón, Carlos",CS,2B,,not measured,cut_in_window
ab879fd6-3762-36c3-9e7f-4dc03f338b85,HOME,59.761154585506596,3.6,181.0,120.0,L,0.34,19.58,9.0,PASS,PASS,656546,"Hoffman, Jeff",SB,2B,1.021,low,release_to_wrist 0.34 outside -0.32
ad97d574-7f30-3cb3-b398-3eae9efd02ef,AWAY,59.734223459946726,7.5,196.0,124.0,L,0.9,5.11,9.0,release_not_at_hand,release_not_at_hand,664294,"Moreta, Dauri",SB,2B,,not measured,release_not_at_hand
e3b3cb96-4b5f-3fe1-ad33-29da3a061f02,AWAY,59.75032285837279,7.3,,,,,,,no_release,no_release,677952,"Ashcraft, Braxton",SB,3B,,not measured,no_release
e1829cfd-1809-382c-a99a-475b18e29db7,HOME,59.79541693827408,3.6,179.0,116.0,L,0.16,20.71,9.0,PASS,PASS,683618,"Henriquez, Edgardo",CS,2B,1.054,high,
3de0fb9c-2c39-3b40-a708-9f7c84a5bb80,HOME,59.765380807756216,3.6,180.0,124.0,R,0.11,5.57,9.0,PASS,PASS,686642,"Ellard, Fraser",SB,2B,0.937,high,
7a020ada-e544-319d-b5cd-3b443e4169b9,AWAY,59.665511526292,7.300000000000001,177.0,,,0.15,,5.0,no_set_before_lift,release_not_at_hand,676467,"Gordon, Colton",SB,2B,,not measured,no_set_before_lift
4675247c-5c5c-36b4-8055-2736ba70afb9,HOME,59.742104539974186,3.6,181.0,117.0,L,0.13,12.38,9.0,PASS,PASS,680742,"Bowlan, Jonathan",SB,2B,1.071,high,
9d0d5405-dd42-3135-a7af-5dab4e548f4c,AWAY,59.76070245572503,7.8999999999999995,178.0,,,0.08,,9.0,no_set_before_lift,cut_in_window,519242,"Sale, Chris",SB,2B,,not measured,no_set_before_lift
cc796ccb-edea-34e2-8c2e-f0e4cc856ef0,HOME,59.81350785402784,3.7,193.0,118.0,R,0.55,12.22,9.0,PASS,PASS,650893,"Cabrera, Génesis",CS,3B,1.254,low,release_to_wrist 0.55 outside -0.32
084667b0-7ee4-3367-a290-689bf32e3222,AWAY,59.785472871690814,8.0,182.0,,,0.1,,9.0,no_set_before_lift,cut_in_window,519242,"Sale, Chris",SB,2B,,not measured,no_set_before_lift
e0d94874-7932-37d7-a56f-e19cd464106f,AWAY,59.70438363268838,8.9,240.0,,,1.43,,7.0,release_not_at_hand,no_release,693645,"Schlittler, Cam",SB,2B,,not measured,release_not_at_hand
4a64ed12-4d8a-3e4c-bc0c-ea3261c7e94d,AWAY,59.76318383290582,8.399999999999999,175.0,101.0,R,0.19,8.63,9.0,cut_in_window,cut_in_window,650893,"Cabrera, Génesis",SB,2B,,not measured,cut_in_window
afbc9c24-054d-360a-80a1-a17ab9d9aaa8,HOME,59.74728980619762,3.5,178.0,115.0,L,0.16,17.94,8.0,PASS,PASS,663554,"Mize, Casey",SB,2B,1.054,high,
57d3d84d-3dc6-3cbd-9130-5a93b032eace,AWAY,59.82794128034861,8.0,181.0,120.0,L,0.17,15.88,9.0,PASS,cut_in_window,622554,"Domínguez, Seranthony",SB,2B,1.02,high,
25805c01-1169-35a3-8190-2d7f1e1f7fe4,AWAY,59.680743972005175,7.5,183.0,,,0.18,,9.0,no_set_before_lift,cut_in_window,605488,"Springs, Jeffrey",SB,2B,,not measured,no_set_before_lift
95051299-d428-384a-9397-8fe3bf8c4454,AWAY,59.7609561752988,7.4,180.0,116.0,L,0.21,19.71,8.0,PASS,no_set_before_lift,702674,"Dana, Caden",SB,2B,1.071,high,
9965765f-66bf-33f4-aa93-86d444cde6b9,AWAY,59.7859515315537,10.0,254.0,,,1.97,,9.0,not_cf_view,cut_in_window,687765,"Spence, Mitch",SB,2B,,not measured,not_cf_view
8cada5f9-ca24-31a7-836d-67c9b09fe669,AWAY,59.81530108632511,5.0,177.0,139.0,L,0.19,5.19,9.0,PASS,not_cf_view,680767,"Vodnik, Victor",CS,2B,0.635,low,delivery_s 0.635 outside 0.7-1.31
20950a32-a2c5-306f-8f85-8055eef1f358,AWAY,59.740823644789145,8.399999999999999,182.0,113.0,L,0.13,13.09,9.0,cut_in_window,cut_in_window,621244,"Berríos, José",SB,2B,,not measured,cut_in_window
e893d0f3-d2ce-3a2f-8081-4bc7754e54f1,AWAY,59.76078213234159,6.8,,,,,,,no_release,no_release,805673,"Matthews, Zebby",SB,2B,,not measured,no_release
01552803-192c-382a-98e9-af93ae579bfe,AWAY,59.6621189814305,6.8,,,,,,,no_release,no_release,695418,"Lord, Brad",SB,2B,,not measured,no_release
adb8aff4-679d-3609-a85b-928b10cc8283,HOME,59.75483140760281,3.5,178.0,119.0,L,0.14,24.08,9.0,PASS,PASS,670912,"Oviedo, Johan",SB,2B,0.987,high,
d6bf8a4d-1ab1-31b2-900c-a3e08ec74100,HOME,59.6337437119911,3.5,178.0,107.0,R,0.13,22.14,9.0,PASS,PASS,666200,"Luzardo, Jesús",SB,2B,1.191,high,
435ec430-b6cf-3ed4-876b-6d80a7c358b5,AWAY,59.75598205598464,8.8,178.0,123.0,L,0.24,15.89,8.0,PASS,no_release,621051,"Wilson, Steven",SB,3B,0.92,high,
aead880a-0313-3dd7-9f76-beda622ffc81,AWAY,59.69052699676786,6.8,,,,,,,no_release,no_release,621051,"Wilson, Steven",SB,2B,,not measured,no_release
896531e7-e08e-3c95-a429-51e30ab702ef,HOME,59.84868828448161,3.5,182.0,113.0,R,0.13,22.41,9.0,PASS,PASS,642397,"Soto, Gregory",SB,3B,1.153,high,
93e1e6f8-0d90-30c8-aac0-13d764b125f2,AWAY,59.82295325647446,9.8,262.0,,,,,5.0,cut_in_window,cut_in_window,663485,"Sands, Cole",SB,2B,,not measured,cut_in_window
316413a9-bc56-396b-9495-a1bd19f24932,AWAY,59.733550736282645,7.8,184.0,121.0,L,0.69,10.08,7.0,release_not_at_hand,cut_in_window,685326,"Brown, McCade",SB,2B,,not measured,release_not_at_hand
538bea13-9ef0-3e66-ba32-11ccc2ef3892,HOME,59.73993076078696,3.7,181.0,126.0,L,0.23,10.14,9.0,PASS,PASS,694462,"Waldrep, Hurston",SB,2B,0.921,high,
f7e3d444-3999-35f1-bd67-c76999ba21ba,HOME,59.7554295632874,3.6,176.0,120.0,L,0.23,9.41,9.0,PASS,PASS,694462,"Waldrep, Hurston",SB,2B,0.937,high,
c5613f63-42f4-3a92-b039-0f4fc4f5901a,AWAY,59.762393960245014,6.1,,,,,,,no_release,release_not_at_hand,671737,"Bradley, Taj",SB,2B,,not measured,no_release
ec44e4e7-fa78-3deb-86f8-06f03413c3b7,HOME,59.808505202006394,5.2,178.0,119.0,L,0.17,10.52,9.0,PASS,PASS,671737,"Bradley, Taj",SB,3B,0.986,high,
f9982567-7b21-3140-8c00-22700a5045aa,HOME,59.741054133958606,3.6,176.0,108.0,R,0.18,29.25,9.0,PASS,PASS,527048,"Pérez, Martín",SB,3B,1.138,high,
7a6001d6-79ed-3575-99a1-ccf92e5a9803,AWAY,59.821110035166406,7.2,,,,,,,no_release,no_release,663903,"Singer, Brady",CS,3B,,not measured,no_release
11218dfc-aa29-3b71-800f-f72b927731db,AWAY,59.7505306312331,7.3,176.0,,,0.18,,8.0,no_set_before_lift,no_set_before_lift,527048,"Pérez, Martín",SB,3B,,not measured,no_set_before_lift
09ab55ef-d119-3c52-a559-2add69bdaddb,AWAY,59.748210407423315,6.3999999999999995,,,,,,,no_release,release_not_at_hand,664299,"Javier, Cristian",SB,2B,,not measured,no_release
26a8cd01-0e29-3ea7-98c1-93b5a9e72d17,AWAY,59.73567115904046,7.6,186.0,121.0,L,0.7,14.62,8.0,release_not_at_hand,release_not_at_hand,686993,"Sterner, Justin",SB,2B,,not measured,release_not_at_hand
36c3b5e2-1d28-34a4-b423-22b837f38c00,AWAY,59.76084805039958,7.3,176.0,,,0.11,,6.0,no_set_before_lift,no_set_before_lift,672710,"Contreras, Roansy",SB,2B,,not measured,no_set_before_lift
ad4243f6-8ec4-3527-a700-9919de34e73f,HOME,59.673032933341105,3.7,182.0,110.0,L,0.15,33.94,7.0,PASS,PASS,664353,"Urquidy, José",SB,2B,1.207,high,
411a8cf5-9864-3b7d-af77-3cc03a9a20c7,AWAY,59.860025424824215,5.3,179.0,117.0,L,0.18,7.46,9.0,cut_in_window,not_cf_view,434378,"Verlander, Justin",CS,2B,,not measured,cut_in_window
07836413-7182-372e-adb9-5bb492841459,AWAY,59.75090581704037,9.5,146.0,104.0,L,0.1,20.54,9.0,PASS,cut_in_window,642207,"Williams, Devin",SB,2B,0.703,high,
bf2efea9-2a79-304a-85fc-6f847eb8abdc,AWAY,59.792902174959835,8.6,,,,,,,no_release,release_not_at_hand,695243,"Miller, Mason",SB,2B,,not measured,no_release
5133be5e-6b8a-3649-91ae-5645fbfa7323,AWAY,59.76661113007391,7.4,,,,,,,no_release,release_not_at_hand,665660,"Alvarado, Elvis",CS,2B,,not measured,no_release
cdafcb20-52e2-3e89-8480-cecd8741c65e,AWAY,59.773026261920485,7.300000000000001,183.0,111.0,L,0.77,18.3,9.0,release_not_at_hand,cut_in_window,664299,"Javier, Cristian",SB,2B,,not measured,release_not_at_hand
9bedd3c5-88c7-33aa-b574-a92884142f1d,AWAY,59.73903474296494,4.8,182.0,129.0,L,0.63,7.08,7.0,release_not_at_hand,not_cf_view,663903,"Singer, Brady",SB,2B,,not measured,release_not_at_hand
bf2df3a0-5ed6-35a5-837f-78564db30306,AWAY,59.67605319088127,6.8,,,,,,,no_release,no_release,645261,"Alcantara, Sandy",SB,2B,,not measured,no_release
99a532d3-a76b-305a-a05a-6704adbe83d9,HOME,59.761561656583005,3.7,177.0,118.0,R,0.11,20.0,9.0,PASS,PASS,801139,"Tolle, Payton",SB,2B,0.987,high,
d99b30f4-38ad-3935-9c0f-517c7c946e6a,HOME,59.766697510732214,3.9,180.0,129.0,L,0.13,4.24,7.0,PASS,PASS,669372,"Ginn, J.T.",SB,2B,0.853,low,lift_peak_in 4.24 outside 4.28-
1e431cc0-8c53-39a9-8a19-531eaf8213af,HOME,59.7854192918691,3.6,181.0,126.0,L,0.23,7.91,9.0,PASS,PASS,676760,"Marinaccio, Ron",SB,2B,0.92,high,
e9a577e5-3437-36a7-95a8-4dd53d5a3514,AWAY,59.72525181240778,6.699999999999999,,,,,,,no_release,no_release,669020,"Rolison, Ryan",SB,3B,,not measured,no_release
0146d582-e472-361d-bcf7-15667411e50b,AWAY,59.691695469790055,7.8,177.0,126.0,L,0.21,10.37,9.0,not_cf_view,not_cf_view,605135,"Bassitt, Chris",SB,2B,,not measured,not_cf_view
c5550883-aa0f-3525-a4f6-c884c1deae0f,HOME,59.7341128042853,3.6,174.0,119.0,L,0.13,11.98,9.0,PASS,PASS,605135,"Bassitt, Chris",CS,3B,0.921,high,
304da990-3d6a-3480-9c79-2ae1940a579e,AWAY,,1.1,,,,,,,no_clip,not_cf_view,700249,"Povich, Cade",SB,3B,,not measured,no_clip
798fd373-371b-38ee-8ff9-002abd7ed646,AWAY,59.655253156577025,6.9,,,,,,,no_release,no_release,645261,"Alcantara, Sandy",CS,2B,,not measured,no_release
32b2c88a-8021-3aae-b761-5634ce04457e,AWAY,59.656603530919035,7.8,173.0,125.0,L,0.21,5.15,9.0,cut_in_window,cut_in_window,808967,"Yamamoto, Yoshinobu",SB,2B,,not measured,cut_in_window
273ae8e4-2bff-3468-87d2-b1da87779df6,AWAY,59.74373083877054,9.2,,,,,,,no_release,no_set_before_lift,808967,"Yamamoto, Yoshinobu",CS,2B,,not measured,no_release
0f4a5cb4-f936-302d-a8ad-c71c76aacd2f,AWAY,59.67244441475248,7.8999999999999995,196.0,140.0,L,0.16,5.54,7.0,PASS,cut_in_window,671131,"Rutledge, Jackson",SB,2B,0.938,high,
8768d292-935b-3b7c-962c-eb7547a42e95,HOME,59.64759387451044,5.2,175.0,106.0,L,0.11,29.9,9.0,PASS,PASS,670036,"Festa, Matt",SB,2B,1.157,high,
082a0ddb-519d-36ca-ad97-887740105e58,HOME,59.675805336937934,3.6,179.0,115.0,L,0.16,9.47,9.0,PASS,PASS,671131,"Rutledge, Jackson",SB,2B,1.072,high,
1894fe39-42bb-34c8-ad4d-add478c96bde,AWAY,59.6395788627572,7.8,173.0,119.0,L,0.15,7.28,9.0,PASS,cut_in_window,592836,"Walker, Taijuan",CS,2B,0.905,high,
474b1702-b9c4-3ca1-a2b7-777fb6393431,HOME,59.626243244283415,3.6,180.0,114.0,L,0.12,22.26,8.0,PASS,PASS,681217,"Silseth, Chase",SB,3B,1.107,high,
c3a1cf76-fded-38e9-b794-3ec0d786c10e,HOME,59.64876587165805,3.6,178.0,121.0,L,0.2,16.73,9.0,PASS,PASS,663436,"Martin, Davis",SB,3B,0.956,high,
54d9e581-bcd4-368b-9bba-a738a11ae73a,HOME,59.62626562482083,5.4,183.0,120.0,L,0.39,21.72,8.0,PASS,PASS,543243,"Gray, Sonny",SB,2B,1.057,low,release_to_wrist 0.39 outside -0.32
a7687ec6-b631-38e2-92a7-a127c8f012f6,HOME,59.689921612165634,3.6,178.0,121.0,L,0.22,14.55,6.0,PASS,PASS,673929,"Leasure, Jordan",CS,2B,0.955,high,
ff5253ae-e4d3-3142-b589-3c482bfea9e9,HOME,59.67368404792431,3.6,174.0,112.0,L,0.16,22.97,6.0,PASS,PASS,688497,"Rashi, Taylor",CS,2B,1.039,high,
013f51b1-a4c7-385d-a205-109cb0ef00e6,HOME,59.70636942202155,3.6,173.0,119.0,R,0.14,13.63,9.0,PASS,PASS,656222,"Beeks, Jalen",SB,2B,0.904,high,
6755a0de-83f4-35c4-ad63-58540099615f,AWAY,59.66793170076293,9.0,179.0,122.0,L,0.1,19.55,9.0,not_cf_view,not_cf_view,677961,"Wilcox, Cole",SB,2B,,not measured,not_cf_view
dad778a3-b5aa-3a49-8ad9-507f850b58e2,HOME,59.637164771029816,3.5,178.0,119.0,L,0.15,17.59,9.0,PASS,PASS,663485,"Sands, Cole",SB,3B,0.989,high,
e29088af-b4be-36d9-b54e-113790749036,HOME,59.65539603658864,5.3,184.0,127.0,L,0.09,13.59,9.0,PASS,PASS,686613,"Brown, Hunter",CS,2B,0.955,high,
9b59ff46-e697-38e8-aa51-0da1ea2f73c8,AWAY,,4.1,,,,,,,no_clip,cut_in_window,453286,"Scherzer, Max",SB,2B,,not measured,no_clip
32008361-14ae-3a15-9dc1-976a11290bd0,AWAY,59.622147705896786,4.8,179.0,134.0,L,0.13,2.28,9.0,PASS,not_cf_view,605288,"Houser, Adrian",SB,2B,0.755,low,lift_peak_in 2.28 outside 4.28-
7d60ec4c-b49b-3af4-83df-20c2d5f946db,AWAY,59.665237028883745,9.5,182.0,,,0.12,,9.0,cut_in_window,cut_in_window,664285,"Valdez, Framber",SB,2B,,not measured,cut_in_window
3f2505f3-e0ff-3d29-b1bc-83a0a753d089,HOME,59.64275385592438,3.6,179.0,123.0,L,0.11,18.74,9.0,PASS,PASS,682790,"González, Wikelman",SB,2B,0.939,high,
1eb0edb8-5817-338c-b99b-169370e6ec6c,HOME,59.69179059517392,3.5,177.0,115.0,L,0.22,25.91,9.0,PASS,PASS,672782,"Gómez, Yoendrys",SB,3B,1.039,high,
4ad111f2-dc37-3f4c-862f-2045a73cc313,HOME,59.72455392295235,3.5,179.0,111.0,R,0.12,23.42,9.0,PASS,PASS,664285,"Valdez, Framber",SB,2B,1.139,high,
01564a15-bf64-3b73-84b8-7eec9225e987,HOME,59.66496403030103,5.2,179.0,109.0,R,0.19,24.32,6.0,PASS,PASS,458677,"Wilson, Justin",SB,2B,1.173,high,
347a469a-93ce-31c2-90e5-d2ec4747550a,HOME,59.677114631009914,5.2,178.0,115.0,L,0.14,29.74,9.0,PASS,PASS,640448,"Finnegan, Kyle",SB,2B,1.056,high,
b6671a71-a34b-37e6-a5be-af5eb3bac52b,HOME,59.657861746857634,3.6,179.0,123.0,R,0.08,20.23,9.0,PASS,PASS,678606,"Ferrer, José A.",SB,3B,0.939,high,
b887ccdf-c280-3b18-9b3f-1fa30e215406,HOME,59.691030707275495,3.6,172.0,117.0,L,0.11,11.42,9.0,PASS,PASS,677955,"Hill, Jaden",SB,2B,0.921,high,
41d3fd3a-d3d6-3a3a-8944-b4d6040aff86,AWAY,59.644059644059645,7.4,186.0,114.0,L,1.04,21.15,9.0,release_not_at_hand,release_not_at_hand,665871,"Assad, Javier",SB,2B,,not measured,release_not_at_hand
a1d5ddef-cb08-3678-a1bc-5f8f2cfc82a2,HOME,59.63459196102314,3.7,180.0,121.0,R,0.12,20.32,9.0,PASS,PASS,607074,"Rodón, Carlos",SB,2B,0.989,high,
07d384d8-6353-36d4-9e42-47c680f1a55c,AWAY,59.69606699933435,7.8,179.0,141.0,L,0.28,4.41,9.0,PASS,cut_in_window,664854,"Helsley, Ryan",CS,2B,0.637,low,delivery_s 0.637 outside 0.7-1.31
2bc902e8-b713-3222-94af-a1678abf0e41,HOME,59.714932287532136,5.3,180.0,119.0,L,0.25,10.74,9.0,PASS,PASS,605288,"Houser, Adrian",SB,2B,1.022,high,
f648d452-76e8-32db-8953-b0c3b2764575,HOME,59.722552073874354,3.6,178.0,122.0,L,0.16,4.43,8.0,PASS,PASS,552640,"Kittredge, Andrew",SB,2B,0.938,high,
739013c7-be0b-392b-8bf0-a0cf18598522,AWAY,59.750255083079374,7.5,177.0,112.0,L,0.17,24.41,7.0,PASS,cut_in_window,666974,"Cano, Yennier",SB,2B,1.088,high,
4ce24d40-06a3-3de5-92bf-17ffabbf5230,HOME,59.70517844367049,3.5,180.0,139.0,L,0.14,5.37,8.0,PASS,PASS,683004,"Leiter, Jack",SB,2B,0.687,low,delivery_s 0.687 outside 0.7-1.31
15857288-1c99-308a-86b5-0beeb051a2d8,AWAY,59.64996108109774,7.2,,,,,,,no_release,no_release,605288,"Houser, Adrian",SB,2B,,not measured,no_release
5c7cced3-ebb5-3203-bd11-958577f7aa20,HOME,59.74770001675616,3.7,174.0,111.0,L,0.2,23.3,4.0,PASS,PASS,665871,"Assad, Javier",SB,2B,1.054,low,ball_pts 4.0 outside 5-
1e088d7f-1a6e-3e5c-ab00-6ceeb3ea75c0,HOME,59.650714447720574,3.7,205.0,145.0,R,0.12,20.5,9.0,PASS,PASS,620454,"Castillo, José",SB,2B,1.006,high,
4a9aa1ad-5b81-3e74-99d1-5262e3ebf044,HOME,59.65910177358351,3.6,182.0,117.0,L,0.15,21.27,8.0,PASS,PASS,657097,"Webb, Jacob",SB,3B,1.09,high,
1e5ded26-1a9a-37f5-b541-1cbc89b03a5a,HOME,59.69291061572972,3.6,181.0,122.0,R,0.13,20.25,9.0,PASS,PASS,664285,"Valdez, Framber",SB,2B,0.988,high,
5b714349-a74e-3aec-b489-34c1750afc7b,AWAY,59.60803203179095,7.5,178.0,126.0,L,0.21,4.51,8.0,PASS,cut_in_window,683004,"Leiter, Jack",SB,2B,0.872,high,
04af51c5-6f07-3443-994b-3da00d9fadb2,AWAY,59.61399935418167,2.2,,,,,,,not_cf_view,not_cf_view,543294,"Hendricks, Kyle",SB,2B,,not measured,not_cf_view
423f83e9-530c-323c-a73a-2be8523646f2,AWAY,59.66429488217922,7.5,173.0,,,0.12,,9.0,cut_in_window,not_cf_view,671096,"Abbott, Andrew",SB,2B,,not measured,cut_in_window
7e9e1309-a4be-36cb-ae6d-8d53e2457ead,AWAY,59.67626327598404,8.2,181.0,133.0,L,0.08,14.46,9.0,PASS,cut_in_window,669711,"Weissert, Greg",SB,2B,0.804,high,
fdba7e3c-4af1-3e59-bb54-075d10902279,HOME,59.690596583894276,3.8,192.0,116.0,R,0.5,21.33,9.0,PASS,PASS,669461,"Liberatore, Matthew",SB,3B,1.273,low,release_to_wrist 0.5 outside -0.32
d59afac9-0d76-32d6-840e-2b70469d0db3,HOME,59.68325773178856,3.9,180.0,127.0,L,0.12,13.16,9.0,PASS,PASS,605280,"Holmes, Clay",SB,3B,0.888,high,
ac127eb7-b68e-39bf-824e-df5e5153f463,AWAY,59.66704875845473,7.9,175.0,109.0,L,0.2,15.97,9.0,PASS,no_release,702674,"Dana, Caden",SB,2B,1.106,high,
17f37a05-7b31-3e55-b11e-1e25068dbb5d,AWAY,59.6953242489295,5.0,175.0,117.0,R,0.17,20.56,9.0,PASS,not_cf_view,676282,"Cantillo, Joey",SB,2B,0.972,high,
225a5de5-6eab-31d8-a82c-fdfc9a0ae746,HOME,59.6901243155649,3.9,178.0,110.0,L,0.19,33.51,9.0,PASS,PASS,675911,"Strider, Spencer",SB,2B,1.139,high,
20428813-c0fc-3b92-8347-e9979e3b2403,HOME,59.675615428971696,3.8,166.0,106.0,L,0.07,20.85,9.0,PASS,PASS,669302,"Gilbert, Logan",SB,2B,1.005,high,
e88492bc-190c-301f-bd25-127a229e0d8b,AWAY,59.70324804017854,7.9,177.0,109.0,L,0.17,8.03,9.0,cut_in_window,no_release,670280,"Bednar, David",SB,2B,,not measured,cut_in_window
2f43906f-b7b9-39b3-ba11-08a53a2f6848,AWAY,59.664958311022716,9.8,,,,,,,no_release,cut_in_window,693645,"Schlittler, Cam",SB,2B,,not measured,no_release
cef9c12f-d050-3b09-ab95-45d0c80d993a,AWAY,59.71801689214691,3.5,,,,,,,no_release,not_cf_view,680573,"Woods Richardson, Simeon",SB,2B,,not measured,no_release
b08bb6dc-7a2f-3cfe-8c83-6e06b2858e14,AWAY,59.668584071358445,7.6,176.0,109.0,L,0.14,23.0,8.0,PASS,cut_in_window,678692,"Henriquez, Ronny",SB,2B,1.123,high,
7ad7c677-bc8e-3568-a228-d4faefce71db,AWAY,59.67308509849959,9.5,175.0,101.0,L,0.1,23.4,8.0,PASS,cut_in_window,518876,"Kelly, Merrill",SB,3B,1.24,high,
2d986763-2618-389a-a26a-d16d07c27335,HOME,59.68978427527188,3.9,173.0,115.0,L,0.08,9.11,8.0,PASS,PASS,518876,"Kelly, Merrill",SB,2B,0.972,high,
e8e95f19-8f9a-3e90-8bf4-bca5e09d03c2,HOME,59.68197245234882,3.9,176.0,118.0,L,0.4,10.28,9.0,PASS,PASS,592791,"Taillon, Jameson",SB,2B,0.972,low,release_to_wrist 0.4 outside -0.32
535d0535-65d6-3ae3-be5c-c9803018b25b,HOME,59.764957980379684,3.9,173.0,117.0,L,0.12,8.85,9.0,PASS,PASS,518876,"Kelly, Merrill",SB,2B,0.937,high,
4e695493-7f67-3330-972f-bd0fc50ea210,AWAY,59.655562994384496,7.6,176.0,117.0,R,0.13,21.22,9.0,PASS,cut_in_window,642397,"Soto, Gregory",SB,2B,0.989,high,
6f46c564-be95-3225-9e84-13a6a10e283b,HOME,59.68091743664399,4.0,176.0,118.0,L,0.21,15.63,9.0,PASS,PASS,680742,"Bowlan, Jonathan",CS,2B,0.972,high,
8b78b4c9-c654-34bd-83bc-7873c8555ce0,AWAY,59.701305378258745,8.1,244.0,,,1.33,,3.0,not_cf_view,no_release,434378,"Verlander, Justin",SB,2B,,not measured,not_cf_view
883f196b-5ab1-3486-a131-5aa7219a5556,HOME,59.67991283352165,4.0,180.0,109.0,R,0.12,30.59,9.0,PASS,PASS,829272,"Ogasawara, Shinnosuke",SB,2B,1.19,high,
14efae5e-1719-3127-9e53-750c7afecfb7,HOME,59.69739356292198,3.9,182.0,124.0,R,0.12,20.43,9.0,PASS,PASS,676571,"Poulin, PJ",SB,2B,0.972,high,
a3f6794f-69a6-39ec-add0-f7165ba34ba0,HOME,59.6905572555273,3.9,172.0,113.0,L,0.14,13.18,9.0,PASS,PASS,657277,"Webb, Logan",CS,2B,0.988,high,
44607de6-1fde-3ad5-9715-9a14c0f3b22e,AWAY,59.65235390470292,8.3,175.0,118.0,L,0.19,27.33,9.0,PASS,cut_in_window,696147,"Bachman, Sam",SB,2B,0.956,high,
ae3f62f4-6412-3d74-a34f-a9185304723a,AWAY,59.6947591868301,7.8999999999999995,177.0,119.0,L,0.29,17.86,8.0,PASS,release_not_at_hand,665795,"Cabrera, Edward",SB,2B,0.972,high,
46b1d47d-3ad8-3f67-8131-a72bded297c2,AWAY,59.68263993052815,9.6,193.0,130.0,L,1.2,6.32,9.0,release_not_at_hand,release_not_at_hand,678368,"Bellozo, Valente",CS,2B,,not measured,release_not_at_hand
e79904c3-c7b8-3525-9a2e-2f36999e06cd,HOME,59.70785602118536,4.0,178.0,127.0,L,0.25,11.36,9.0,PASS,PASS,689147,"Kerkering, Orion",SB,2B,0.854,high,
f7833dff-e9f1-388e-8c92-5d621bca6dd4,AWAY,59.671365479746726,7.5,180.0,118.0,L,0.24,22.44,9.0,PASS,cut_in_window,665795,"Cabrera, Edward",SB,2B,1.039,high,
5ba98fce-89e9-325f-88dd-b05f58b6b597,HOME,59.60654086172961,3.6,174.0,116.0,L,0.18,28.04,9.0,PASS,PASS,696147,"Bachman, Sam",SB,3B,0.973,high,
95e82f75-80d7-326d-8c89-38c498b33d8a,AWAY,59.71821178393966,7.8999999999999995,183.0,122.0,L,0.19,11.93,7.0,PASS,cut_in_window,694462,"Waldrep, Hurston",SB,2B,1.021,high,
81c8e5d9-502b-3244-a7b6-f814a64e282b,HOME,59.64951962148329,3.6,174.0,122.0,L,0.17,21.07,9.0,PASS,PASS,660896,"Alcala, Jorge",SB,2B,0.872,high,
f55e4130-f795-300f-9086-135f851a3aa9,HOME,59.619394732975735,3.7,180.0,120.0,L,0.3,18.68,9.0,PASS,PASS,690990,"Horton, Cade",SB,2B,1.006,high,
2b508c36-cf28-3bbb-9909-bd4010a9d86d,HOME,59.67213114754098,3.8,181.0,121.0,L,0.08,13.39,6.0,PASS,PASS,681343,"Smith, Shane",SB,2B,1.005,high,
334aa5d4-8cb8-3f8d-8b89-e8ceb3103bd1,AWAY,59.66855749035828,7.7,181.0,,,0.44,,9.0,no_set_before_lift,no_release,686752,"Pepiot, Ryan",SB,2B,,not measured,no_set_before_lift
1d5f73cb-4e95-39e2-889b-9d47c031690b,AWAY,59.705731051868334,7.8999999999999995,181.0,126.0,R,0.11,16.89,9.0,PASS,cut_in_window,573204,"Thielbar, Caleb",SB,2B,0.921,high,
e6b872df-70c8-338b-89fe-ec55273a562b,HOME,59.665897669203545,3.7,180.0,121.0,R,0.13,25.45,9.0,PASS,PASS,656849,"Peterson, David",SB,2B,0.989,high,
b81389e6-1e9c-3477-949f-61caafaa8fee,AWAY,59.62481840958376,7.5,178.0,113.0,R,0.17,20.04,9.0,PASS,cut_in_window,674841,"Alvarez, Andrew",SB,3B,1.09,high,
7b7c5432-252f-3fff-b0b0-475b316f22e2,HOME,59.67515071144578,3.6,175.0,108.0,R,0.15,21.18,9.0,PASS,PASS,670970,"Morejon, Adrian",SB,2B,1.123,high,
219b9e24-f8ad-3f15-bf5a-016a290d8fc7,HOME,59.67101667737654,3.6,177.0,122.0,L,0.22,22.63,9.0,PASS,PASS,688158,"Morgan, David",CS,2B,0.922,high,
7a94ea5a-1b55-33ba-8f56-d4021aa6f87a,HOME,59.677596306981556,3.6,178.0,125.0,L,0.13,11.09,9.0,PASS,PASS,656427,"Flaherty, Jack",SB,2B,0.888,high,
c24ae1fd-6b09-310f-9acd-f18d0b31faf3,HOME,59.647142362944486,5.1,174.0,113.0,L,0.17,16.47,9.0,PASS,PASS,663568,"Kolek, Stephen",SB,2B,1.023,high,
bc056140-77ee-3127-a948-d0002aff62cc,HOME,59.64266137823572,3.6,177.0,125.0,L,0.21,6.25,8.0,PASS,PASS,669358,"Baz, Shane",SB,2B,0.872,high,
7af6af45-5bc6-396a-aa84-ac7f4bef81bc,AWAY,59.700100277512185,7.300000000000001,173.0,97.0,R,0.15,28.7,9.0,PASS,cut_in_window,605483,"Snell, Blake",SB,3B,1.273,high,
ba1fcacd-f94d-311c-a95f-24c43905af98,HOME,59.726399136716196,3.7,177.0,120.0,L,0.2,10.65,7.0,PASS,PASS,594798,"deGrom, Jacob",SB,2B,0.954,high,
865b2308-54e8-386c-a036-37350ab935ce,HOME,59.71977643365745,3.8,179.0,111.0,R,0.09,21.95,9.0,PASS,PASS,666200,"Luzardo, Jesús",CS,3B,1.139,high,
b3e99069-0971-38a9-bac1-6235b3832383,HOME,59.66241196764781,3.7,180.0,125.0,L,0.24,24.32,9.0,PASS,PASS,694477,"Patrick, Chad",CS,2B,0.922,high,
bc6d6e51-8caf-337e-93ba-fdb40a74fb5e,AWAY,59.69004587089586,7.5,175.0,115.0,L,0.21,23.7,9.0,not_cf_view,not_cf_view,543243,"Gray, Sonny",CS,2B,,not measured,not_cf_view
0c3be7e3-b3a2-3dd1-a476-09a9829ed561,AWAY,,4.2,,,,,,,no_clip,cut_in_window,640455,"Manaea, Sean",SB,2B,,not measured,no_clip
880031dc-a7f8-3ecc-8f76-8869b4f2e508,AWAY,59.74929197089015,7.6,192.0,110.0,R,0.54,21.56,9.0,PASS,no_set_before_lift,666200,"Luzardo, Jesús",SB,2B,1.372,low,release_to_wrist 0.54 outside -0.32; delivery_s 1.372 outside 0.7-1.31
43d8c536-1e67-3341-9fa2-c18dd3a7d4f2,HOME,59.66723762386979,3.6,177.0,123.0,L,0.16,10.88,9.0,PASS,PASS,701519,"Adams, Travis",SB,2B,0.905,high,
b827f2c1-65a4-3174-bcab-0ec02fb81c23,AWAY,59.6410789124906,7.4,173.0,97.0,R,0.16,27.56,9.0,PASS,cut_in_window,605483,"Snell, Blake",SB,3B,1.274,high,
7c5d1e2c-5db7-3ea3-9e03-b2298ca30d7b,HOME,59.72797801317911,3.7,177.0,118.0,L,0.2,19.76,9.0,PASS,PASS,656876,"Rasmussen, Drew",CS,3B,0.988,high,
fb8f3086-4a6f-3c5f-92da-819269cf97ae,AWAY,59.73335436157689,7.4,179.0,109.0,L,0.1,22.39,9.0,PASS,no_set_before_lift,678692,"Henriquez, Ronny",SB,2B,1.172,high,
2d3fcb47-ea3f-3567-bedf-43d4768a5528,AWAY,59.79635618456021,7.8999999999999995,176.0,109.0,L,0.15,30.28,9.0,PASS,cut_in_window,670036,"Festa, Matt",CS,2B,1.12,high,
f0f263e2-f77e-33d5-95ad-e0f9211ffdae,HOME,59.718722596543415,3.7,179.0,113.0,L,0.14,29.44,9.0,PASS,PASS,621111,"Buehler, Walker",CS,2B,1.105,high,
4d5ca6b7-45e7-3171-aa4e-4030ed57a9f7,AWAY,59.74005581448464,7.5,175.0,,,0.21,,9.0,cut_in_window,no_set_before_lift,678692,"Henriquez, Ronny",SB,2B,,not measured,cut_in_window
cb7437fa-bb19-3e84-8538-6380aa63716a,AWAY,59.870466129044225,7.8999999999999995,181.0,117.0,L,0.14,14.72,6.0,PASS,cut_in_window,641927,"Ober, Bailey",CS,2B,1.069,high,
a4957998-7ae4-31e7-88d6-4866c0ddeb3a,HOME,59.73427197923843,3.7,184.0,132.0,L,0.14,6.59,9.0,PASS,PASS,694361,"Klein, Will",SB,2B,0.871,high,
6a323621-12e2-39a9-a874-2fb8c8106c86,HOME,59.624737285640315,3.5,174.0,113.0,R,0.15,25.07,9.0,PASS,PASS,702070,"Cameron, Noah",SB,2B,1.023,high,
2487ef2f-ec1c-34f5-aeb3-c69f500d24af,AWAY,59.70470887616344,6.4,,,,,,,no_release,no_release,506433,"Darvish, Yu",SB,3B,,not measured,no_release
c5a20806-9ec0-30fb-8bc8-e74fd328cdb2,AWAY,59.830459887792294,6.8,,,,,,,no_release,no_release,669923,"Kirby, George",SB,2B,,not measured,no_release
b1478f3f-c03e-3f0f-b6fc-a3836d107337,HOME,59.74147088830379,5.2,177.0,121.0,L,0.1,12.45,9.0,PASS,PASS,641793,"Littell, Zack",SB,2B,0.937,high,
a32375d6-7e1f-36b8-bbd9-3be56919a20a,AWAY,59.706905435318625,7.5,192.0,,,0.14,,9.0,no_set_before_lift,no_set_before_lift,685314,"Saalfrank, Andrew",SB,2B,,not measured,no_set_before_lift
87d4d83b-08dd-326f-a867-cbd523bdc7ba,AWAY,59.74765603154585,8.5,,,,,,,no_release,no_release,645261,"Alcantara, Sandy",SB,2B,,not measured,no_release
35bb7fcb-9f93-34c5-9fec-738e721b23e8,AWAY,59.697910912696614,7.8,179.0,120.0,L,0.13,16.57,9.0,PASS,not_cf_view,700669,"Graceffo, Gordon",SB,2B,0.988,high,
b2604a29-7f34-3b84-8e6f-ee1b451ab5b0,HOME,59.669869958598625,4.3,177.0,112.0,L,0.11,20.26,6.0,PASS,PASS,701542,"Warren, Will",SB,2B,1.089,high,
c80f50ea-be6e-3b12-9c25-274ad14f4633,AWAY,,4.1,,,,,,,no_clip,cut_in_window,642121,"Sulser, Cole",SB,2B,,not measured,no_clip
b4769779-a21f-3d32-8c0d-d127d9a9fe3b,AWAY,59.77797417535648,9.1,186.0,116.0,L,1.0,13.57,9.0,release_not_at_hand,release_not_at_hand,650556,"Abreu, Bryan",CS,2B,,not measured,release_not_at_hand
ce693940-87e6-3ba2-b6eb-3fa4d89d502e,AWAY,59.67525558588148,8.0,191.0,138.0,L,0.08,7.72,9.0,PASS,cut_in_window,506433,"Darvish, Yu",CS,2B,0.888,high,
087bffea-c343-30e9-98cf-fb56f937fbeb,HOME,59.71081592533392,3.7,178.0,110.0,R,0.14,21.18,9.0,PASS,PASS,642397,"Soto, Gregory",SB,2B,1.139,high,
f2a0cf7c-4741-3eeb-8ad1-e6f6f93f712f,HOME,59.79911484021344,4.0,182.0,123.0,L,0.16,24.83,9.0,PASS,PASS,640448,"Finnegan, Kyle",SB,2B,0.987,high,
f4a5478d-a308-374a-8dfc-53021c91c30c,AWAY,59.72447858464255,9.9,,,,,,,no_release,cut_in_window,645261,"Alcantara, Sandy",SB,2B,,not measured,no_release
50e2ef4b-591f-3c5c-ac87-e075d1357351,HOME,59.71444247381113,4.0,177.0,110.0,L,0.15,28.76,9.0,PASS,PASS,676917,"Cavalli, Cade",SB,2B,1.122,high,
e4193d45-c5e2-3cfe-9859-30061247726e,HOME,59.71081592533392,4.0,176.0,119.0,R,0.15,14.32,9.0,PASS,PASS,656641,"Latz, Jacob",SB,2B,0.955,high,
a866eaac-77da-3142-a6ad-111129735cc6,HOME,59.74304250758135,3.9,180.0,110.0,L,0.13,25.32,7.0,PASS,PASS,642701,"Santana, Dennis",SB,2B,1.172,high,
8adb817e-c3c9-3290-8f2a-381c85f8dcc4,HOME,59.67518072923176,3.9,178.0,125.0,L,0.12,11.43,9.0,PASS,PASS,678024,"Vasil, Mike",SB,2B,0.888,high,
9fb78b25-76c1-3022-8e33-e40e7e544f9b,HOME,59.83219058874956,3.9,181.0,119.0,L,0.16,12.62,9.0,PASS,PASS,685068,"Ragsdale, Carson",CS,2B,1.036,high,
730e9c94-35e6-3151-b4a0-0897cca9ac6e,AWAY,59.68125787461042,8.5,180.0,,,0.15,,9.0,not_cf_view,cut_in_window,671212,"Boyle, Joe",CS,2B,,not measured,not_cf_view
7a64109d-654f-3a9d-a6f6-ea623422f78a,HOME,59.673870276729374,4.1,188.0,144.0,L,0.13,2.53,9.0,PASS,PASS,607192,"Glasnow, Tyler",SB,3B,0.737,low,lift_peak_in 2.53 outside 4.28-
ceb6dcc4-b454-30f4-b66c-34a4a7e72b4c,AWAY,59.69335863858586,9.5,179.0,,,0.12,,9.0,cut_in_window,no_set_before_lift,607192,"Glasnow, Tyler",SB,2B,,not measured,cut_in_window
8a112464-1b6e-3650-af76-e042f99a2713,AWAY,59.69006805761244,7.699999999999999,175.0,103.0,L,0.18,20.67,9.0,camera_moved,camera_moved,595014,"Treinen, Blake",SB,2B,,not measured,camera_moved
5718597c-65e4-3764-ad83-f92e7898754c,HOME,59.774168715521306,5.8,183.0,115.0,L,0.16,25.03,9.0,PASS,PASS,675911,"Strider, Spencer",SB,2B,1.138,high,
7a61b527-4fa3-3ed7-b51a-fc1e6fd28d08,AWAY,59.745755290926965,8.6,183.0,119.0,R,0.15,24.07,9.0,PASS,cut_in_window,660761,"Suarez, José",SB,2B,1.071,high,
12673b01-1187-38fd-bfe0-141e007eef6c,AWAY,59.81706172155113,8.0,178.0,,,0.26,,9.0,no_set_before_lift,cut_in_window,592791,"Taillon, Jameson",SB,2B,,not measured,no_set_before_lift
d380936e-6aac-37e1-820c-a61ed2edc9aa,AWAY,59.64969087395145,8.399999999999999,178.0,122.0,L,0.18,26.88,9.0,PASS,cut_in_window,671212,"Boyle, Joe",SB,2B,0.939,high,
b9c7b3ef-ef7c-3b20-9491-8f9637faefd7,AWAY,59.79959163523312,7.6,173.0,114.0,R,0.14,7.63,9.0,PASS,no_set_before_lift,663687,"Harris, Hogan",SB,2B,0.987,high,
69941201-fcba-389f-95ee-a6b6df6973c3,HOME,59.769764680358456,4.0,181.0,119.0,L,0.4,21.88,8.0,PASS,PASS,660896,"Alcala, Jorge",SB,3B,1.037,low,release_to_wrist 0.4 outside -0.32
02f631cd-8e6e-359b-825a-bb81a3693271,AWAY,59.795878614366416,9.1,180.0,123.0,L,0.26,12.03,9.0,PASS,no_release,663623,"Irvin, Jake",SB,2B,0.953,high,
6c699659-7d5c-3743-b0ea-c4df58792712,AWAY,59.72162721381108,11.6,174.0,102.0,L,0.15,10.05,9.0,cut_in_window,not_cf_view,665871,"Assad, Javier",SB,2B,,not measured,cut_in_window
9515375d-df75-3f89-8419-c401e88c2354,AWAY,59.7401126238251,7.699999999999999,,,,,,,no_release,no_release,665660,"Alvarado, Elvis",SB,2B,,not measured,no_release
b1c84b64-b280-3247-982a-6e4467a9cf20,AWAY,59.73164360119318,6.9,,,,,,,no_release,no_release,685326,"Brown, McCade",CS,2B,,not measured,no_release
8e1a5cdf-f689-3bc9-a072-ea05149f26b5,HOME,59.730265704872444,3.8,183.0,132.0,L,0.27,9.53,9.0,PASS,PASS,663978,"Paddack, Chris",SB,2B,0.854,high,
9320caf3-bf03-3282-9a43-8717e77b9bee,HOME,59.75017965425639,3.9,180.0,117.0,R,0.11,20.32,8.0,PASS,PASS,691951,"Aldegheri, Sam",SB,2B,1.054,high,
68a7685f-c386-39f6-a761-cf26323c34fc,HOME,59.74989307577895,3.8,178.0,109.0,L,0.15,19.68,9.0,PASS,PASS,605130,"Barlow, Scott",SB,2B,1.155,high,
9d756005-8779-37b6-8630-d5a8d8b41618,HOME,59.80850048202469,3.8,181.0,132.0,L,0.14,5.08,9.0,PASS,PASS,641401,"Brogdon, Connor",CS,2B,0.819,high,
1909a750-fc2e-3485-b778-129bda91ea79,HOME,59.671663773853865,3.8,180.0,130.0,L,0.12,9.46,7.0,PASS,PASS,663941,"Beck, Tristan",SB,2B,0.838,high,
895ac8cd-8a65-3b0b-80e9-04223aa8bde5,HOME,59.83905089700063,4.0,178.0,108.0,L,0.13,16.72,9.0,PASS,PASS,592254,"De León, José",SB,2B,1.17,high,
a17a42c4-4a8f-3df2-a01b-46b71fe1552a,AWAY,59.823699047593074,7.6,179.0,,,0.21,,9.0,no_set_before_lift,no_set_before_lift,664854,"Helsley, Ryan",SB,2B,,not measured,no_set_before_lift
47a7d9a4-17d1-3571-b945-03bb6f5fbffb,AWAY,59.76004210734674,7.8,182.0,133.0,L,0.22,24.54,7.0,cut_in_window,no_set_before_lift,692030,"Corniell, Jose",SB,2B,,not measured,cut_in_window
8fb20ce1-c9a4-33b3-bf0a-905d2281cc0e,HOME,59.79100397114513,3.9,178.0,118.0,L,0.11,12.46,9.0,PASS,PASS,670912,"Oviedo, Johan",CS,2B,1.003,high,
bf5bde5b-f451-3320-be16-d0ac5e82c55d,HOME,59.67350070329483,3.6,177.0,113.0,R,0.1,23.35,9.0,PASS,PASS,691951,"Aldegheri, Sam",SB,2B,1.073,high,
acd9c194-4582-3da6-bd4a-66b6da8adcca,HOME,59.81704272190564,3.6,182.0,118.0,R,0.09,23.34,8.0,PASS,PASS,571578,"Corbin, Patrick",SB,3B,1.07,high,
210a52cc-4032-36bf-9b86-e36ffbf2eeb6,AWAY,59.81779470764596,9.8,180.0,,,0.39,,5.0,no_set_before_lift,cut_in_window,666157,"Lodolo, Nick",SB,2B,,not measured,no_set_before_lift
598a8ee4-fe17-3a3b-8fe4-3a206f347336,HOME,59.76321662274785,5.3,146.0,108.0,L,0.26,16.54,9.0,PASS,PASS,670955,"Uceta, Edwin",SB,2B,0.636,low,delivery_s 0.636 outside 0.7-1.31
d578157e-1b02-3f56-b7cb-90bf0ec4f742,HOME,59.81102588391395,3.9,181.0,120.0,L,0.16,19.06,9.0,PASS,PASS,665795,"Cabrera, Edward",SB,2B,1.02,high,
db8a6ec0-cefa-394c-b5d6-ae9078acad73,HOME,59.813448284260005,5.5,181.0,128.0,R,0.21,2.67,9.0,PASS,PASS,640455,"Manaea, Sean",SB,2B,0.886,low,lift_peak_in 2.67 outside 4.28-
b385ab87-288f-31b2-9f05-ac73a25485fb,HOME,59.822683843571575,3.8,177.0,133.0,R,0.17,9.67,9.0,PASS,PASS,669211,"Akin, Keegan",SB,2B,0.736,high,
