play_id,feed,fps,seconds,release_frame,lift_frame,lead_foot,release_to_wrist,lift_peak_in,ball_pts,qa,delivery_s,home_qa,pitcher_id,pitcher_name,result,base,confidence,why
2113f148-aeb6-3d9c-956c-b5ad0aa2c1a0,HOME,59.81432636191821,21.9,180.0,116.0,L,0.15,18.63,8.0,PASS,1.07,PASS,657277,"Webb, Logan",SB,2B,high,
08872116-3771-377a-9d98-dd0275c96828,HOME,59.67534646900402,5.1,179.0,116.0,R,0.16,16.39,9.0,PASS,1.056,PASS,656794,"Newcomb, Sean",SB,3B,high,
e567633d-67cf-3b62-8048-0e0622696a3d,AWAY,59.720279860893974,10.1,190.0,,,0.17,,9.0,cut_in_window,,not_cf_view,642100,"Speier, Gabe",SB,3B,not measured,cut_in_window
91353e3c-6107-332c-b188-ba80c5b25009,AWAY,59.80509203987006,11.0,187.0,125.0,L,0.68,15.68,9.0,release_not_at_hand,,release_not_at_hand,667755,"Soriano, José",SB,2B,not measured,release_not_at_hand
4f15fbb8-c088-3628-ac69-cff87be05a0f,AWAY,59.69984245874907,7.7,,,,,,,not_cf_view,,no_release,669432,"Rogers, Trevor",SB,2B,not measured,not_cf_view
b3da7c68-48c8-3182-8ade-e946bb52e885,HOME,59.798617125279115,5.3,184.0,134.0,L,0.14,9.71,9.0,PASS,0.836,PASS,657746,"Ryan, Joe",SB,2B,high,
4e27bbd7-6932-3a0b-a557-35bb47b203e1,HOME,59.76602707179671,6.6,179.0,119.0,L,0.17,16.67,6.0,PASS,1.004,PASS,656876,"Rasmussen, Drew",SB,2B,high,
7a257941-1c0d-3242-82b6-0522b4655120,HOME,59.750278981082005,6.1,205.0,148.0,R,0.12,15.01,9.0,PASS,0.954,PASS,656222,"Beeks, Jalen",SB,2B,high,
183b7a7e-f65a-3dcb-956b-372d955ee5ff,HOME,59.699292452830186,5.5,182.0,126.0,L,0.1,19.3,8.0,PASS,0.938,PASS,663855,"Hicks, Jordan",CS,2B,high,
06322826-78ad-3ef2-85a1-8fe9e66817fd,AWAY,59.68090344157659,12.0,178.0,121.0,R,0.18,14.55,9.0,PASS,0.955,not_cf_view,671096,"Abbott, Andrew",SB,2B,high,
92c16a9b-4edf-380b-b7d5-9ceb2eff9b81,AWAY,59.70331641448416,8.2,189.0,128.0,L,0.22,15.24,9.0,PASS,1.022,not_cf_view,676962,"Brown, Ben",SB,2B,high,
3559cd07-a08a-3b54-800d-0d9f70b79792,AWAY,59.76316080717158,10.2,181.0,113.0,L,0.13,26.57,9.0,PASS,1.138,no_set_before_lift,686613,"Brown, Hunter",SB,2B,high,
3926fab1-ce31-3b41-ab96-3b1a6fc0230d,HOME,59.672615812699725,5.0,179.0,108.0,L,0.12,30.12,8.0,PASS,1.19,PASS,642701,"Santana, Dennis",SB,2B,high,
5d970088-71bd-341b-8ca6-cb7fc1d3228e,HOME,59.768754117456105,7.3,172.0,108.0,R,0.1,22.67,3.0,PASS,1.071,PASS,670970,"Morejon, Adrian",CS,2B,low,ball_pts 3.0 outside 5-
eb1f3127-ce89-35ec-94ae-9d1ca89f6962,HOME,59.7605340303041,7.0,148.0,112.0,L,0.08,16.41,9.0,PASS,0.602,PASS,645261,"Alcantara, Sandy",SB,2B,low,delivery_s 0.602 outside 0.7-1.31
7e78eeca-a200-3ff1-a51c-e45f367c576e,AWAY,59.70056144728634,10.600000000000001,173.0,122.0,L,0.51,13.58,9.0,PASS,0.854,cut_in_window,650633,"King, Michael",SB,2B,low,release_to_wrist 0.51 outside -0.32
4e37558f-7636-3a63-a121-a4c730db28d1,HOME,59.77642375161168,6.9,176.0,121.0,L,0.13,21.79,9.0,PASS,0.92,PASS,656464,"Ginkel, Kevin",SB,2B,high,
de53c92b-1b58-3612-b8ae-e5cc4b71e6dd,HOME,59.77982858156991,6.1,179.0,115.0,R,0.11,25.79,8.0,PASS,1.071,PASS,579328,"Kikuchi, Yusei",SB,2B,high,
9d3aa093-588c-3e68-8e6e-e7fb3c12355f,AWAY,,6.9,,,,,,,no_clip,,cut_in_window,668909,"Williams, Gavin",SB,2B,not measured,no_clip
284fed06-b9a7-3b63-981b-709596eb18d0,AWAY,59.737236210571254,11.8,212.0,,,0.53,,9.0,no_set_before_lift,,release_not_at_hand,607536,"Freeland, Kyle",SB,3B,not measured,no_set_before_lift
bb543f49-170d-335d-b6f6-f3bda24b2b17,AWAY,59.71892768168977,8.399999999999999,180.0,130.0,R,0.17,17.96,8.0,PASS,0.837,not_cf_view,666142,"Ragans, Cole",CS,2B,high,
e2703bfa-9197-3c20-a25c-c430a9c95254,HOME,59.691030707275495,7.1,180.0,115.0,R,0.18,25.33,7.0,PASS,1.089,PASS,669062,"Miller, Erik",SB,2B,high,
f0869252-38ef-370a-896c-856d6bd0b74b,HOME,59.797967181376755,5.1,166.0,108.0,R,0.1,26.09,7.0,PASS,0.97,PASS,519242,"Sale, Chris",SB,2B,high,
7bd95657-4170-395f-8125-7ff9a73d4324,AWAY,59.73034239174394,11.0,175.0,107.0,L,0.2,30.4,9.0,PASS,1.138,cut_in_window,621242,"Díaz, Edwin",SB,2B,high,
4d722a99-9e8d-3874-b68f-c1b318af2216,AWAY,,5.3999999999999995,,,,,,,no_clip,,release_not_at_hand,668909,"Williams, Gavin",CS,2B,not measured,no_clip
263c2f15-d96c-3cae-81d1-ee26d86d0dc6,AWAY,,4.4,,,,,,,no_clip,,no_release,681217,"Silseth, Chase",SB,2B,not measured,no_clip
1da6b5a1-5aed-3797-af68-8ff7d36e2c1f,AWAY,59.69159343392472,11.0,163.0,112.0,L,0.05,20.95,5.0,PASS,0.854,no_release,645261,"Alcantara, Sandy",CS,2B,high,
8075ae8b-ba45-3f22-a2fe-a0d1b7520847,HOME,59.76122190355499,5.5,193.0,138.0,L,0.24,24.64,9.0,PASS,0.92,PASS,671212,"Boyle, Joe",SB,2B,high,
4f9e3a54-97ee-36fd-b12c-6b851914fda0,HOME,59.71606575202632,6.4,178.0,117.0,R,0.16,28.72,6.0,PASS,1.022,PASS,663542,"Hudson, Bryan",SB,3B,high,
ab6ae893-b45e-3b8f-bb9d-3d042bc099de,AWAY,59.709560901294935,8.5,,,,,,,not_cf_view,,cut_in_window,608650,"Enns, Dietrich",SB,2B,not measured,not_cf_view
03f62db3-29cd-356b-94e5-8f52b467523f,HOME,59.676866731643706,5.2,178.0,119.0,L,0.15,38.3,9.0,PASS,0.989,PASS,680732,"Burke, Sean",SB,2B,high,
c6b9848e-2d3c-3e23-b3d9-acc7f87a596f,HOME,59.792008915971316,5.1,178.0,115.0,R,0.14,29.98,7.0,PASS,1.054,PASS,663542,"Hudson, Bryan",SB,2B,high,
1c278d27-1523-3b59-ad51-a5f93a461c12,AWAY,59.701760126216335,10.6,,,,,,,no_release,,no_release,691799,"Taylor, Grant",SB,2B,not measured,no_release
1424c41e-bd4f-3bc0-8960-80143ee2ce82,AWAY,59.87858430327044,14.8,,,,,,,no_release,,no_release,691587,"Pérez, Eury",SB,2B,not measured,no_release
b9275b52-85a6-3ef3-ac16-624d815ab492,HOME,59.71972913327453,6.2,180.0,110.0,L,0.26,24.81,8.0,PASS,1.172,PASS,605400,"Nola, Aaron",SB,2B,high,
114262ed-1c00-3f1d-a422-b58afeaa32ea,HOME,59.71959475047624,5.1,180.0,120.0,L,0.11,24.09,9.0,PASS,1.005,PASS,625643,"López, Reynaldo",CS,2B,high,
aaee9f7e-c614-3682-911a-dc48c8cf179b,AWAY,59.69801764364149,11.8,176.0,107.0,R,0.13,22.9,9.0,PASS,1.156,no_set_before_lift,672282,"Detmers, Reid",SB,3B,high,
dd9befb7-a093-3a30-995f-52192d738a2b,HOME,59.75006508721687,6.0,177.0,121.0,L,0.12,22.0,9.0,PASS,0.937,PASS,543243,"Gray, Sonny",SB,2B,high,
c6342eec-0308-3c55-a9e0-e6aad2573214,AWAY,59.70396782619512,11.7,187.0,,,0.69,,5.0,cut_in_window,,not_cf_view,657514,"Bernardino, Brennan",SB,2B,not measured,cut_in_window
5342b842-6f73-30bf-bb88-f04581257cb4,HOME,59.665069504630154,7.2,181.0,130.0,L,0.11,5.72,9.0,PASS,0.855,PASS,656605,"Keller, Mitch",SB,2B,high,
11d49921-ebf2-3085-ab1f-1bdccb8ce7eb,AWAY,59.74084175333558,15.4,160.0,125.0,L,0.09,10.96,7.0,PASS,0.586,no_release,677955,"Hill, Jaden",SB,2B,low,delivery_s 0.586 outside 0.7-1.31
7d6284e6-530d-3359-bdb7-1f1b3a715d93,AWAY,59.73250227243215,14.7,,,,,,,no_release,,no_release,607192,"Glasnow, Tyler",SB,2B,not measured,no_release
935d5358-ca25-3135-b4ac-53c16c292b6a,HOME,59.65976138674769,8.0,163.0,101.0,R,0.16,17.11,6.0,PASS,1.039,PASS,607455,"Banda, Anthony",SB,2B,high,
d723210b-9040-3881-94db-799fb827cf77,AWAY,59.7156771718375,9.4,,,,,,,no_release,,not_cf_view,592773,"Stanek, Ryne",CS,2B,not measured,no_release
3d480545-7ec9-3067-bb28-da9769230c2e,HOME,59.69045768120512,6.6,179.0,119.0,L,0.2,23.89,9.0,PASS,1.005,PASS,680732,"Burke, Sean",SB,2B,high,
7394e7f7-ec99-30be-a7ec-d3541adb7ad6,HOME,59.68541805656321,6.9,178.0,110.0,L,0.21,21.62,6.0,PASS,1.139,PASS,650556,"Abreu, Bryan",SB,2B,high,
68942652-d010-314e-84be-30d55ae78cd3,HOME,59.700801064716934,11.1,162.0,114.0,L,0.07,15.75,5.0,PASS,0.804,PASS,691587,"Pérez, Eury",SB,2B,high,
0b87a75f-f8f6-3656-9c47-1545acaa8b35,AWAY,59.65918831502795,14.0,177.0,126.0,L,0.24,4.83,9.0,PASS,0.855,cut_in_window,571945,"Mikolas, Miles",SB,2B,high,
a17867f4-4e23-32b3-ad0b-6114a156c319,AWAY,59.70853389749298,11.3,179.0,102.0,R,0.09,24.07,9.0,PASS,1.29,cut_in_window,663893,"Little, Brendon",SB,3B,high,
cb47cee2-4aab-3f6c-ac05-7fc3de30e3af,HOME,59.67709267671653,5.6,179.0,124.0,L,0.1,12.5,4.0,PASS,0.922,PASS,663903,"Singer, Brady",SB,2B,low,ball_pts 4.0 outside 5-
2c8911ce-3a4c-3718-9ba2-936e72945715,HOME,59.73981450751124,5.7,180.0,117.0,L,0.2,23.59,9.0,PASS,1.055,PASS,543243,"Gray, Sonny",CS,2B,high,
134b4aa0-3d3e-3602-b39c-7e9db4b1c65b,HOME,59.69325459265847,5.8,182.0,110.0,R,0.03,20.4,9.0,PASS,1.206,PASS,682120,"Herrin, Tim",SB,3B,high,
58922ed7-06dd-3e33-b520-30f749669745,AWAY,59.71729790955946,9.4,214.0,,,0.14,,3.0,no_set_before_lift,,no_release,656302,"Cease, Dylan",SB,2B,not measured,no_set_before_lift
1b01cad4-3c36-3266-80e3-bfaab4ace4de,HOME,59.54005578039227,7.0,171.0,115.0,L,0.19,28.08,9.0,PASS,0.941,PASS,657756,"Seabold, Connor",SB,3B,high,
e86be707-1473-34cd-b578-86178023c9dd,AWAY,59.66794066574318,10.6,,,,,,,not_cf_view,,cut_in_window,571945,"Mikolas, Miles",SB,2B,not measured,not_cf_view
1dc18df3-fc98-358e-af50-3e71e2fbfa17,AWAY,59.7676637297267,11.9,173.0,112.0,L,0.16,18.11,9.0,PASS,1.021,cut_in_window,642528,"Loáisiga, Jonathan",SB,2B,high,
2ad5e307-4b2c-3893-aea1-614e3c87f680,HOME,59.737633787409,5.9,184.0,113.0,R,0.15,25.83,7.0,PASS,1.189,PASS,676282,"Cantillo, Joey",SB,2B,high,
541b0f8b-e800-379f-8798-3cbad837e2da,HOME,59.67400727847745,5.9,181.0,111.0,R,0.11,27.34,9.0,PASS,1.173,PASS,669062,"Miller, Erik",SB,2B,high,
cfcc9205-6588-3eda-8634-64081e05a1d7,AWAY,59.68554026037575,14.600000000000001,,,,,,,no_release,,release_not_at_hand,671212,"Boyle, Joe",SB,2B,not measured,no_release
3b0ec7eb-c54f-3687-a4ed-37e419fc1a0b,AWAY,59.70653467091638,12.9,,,,,,,no_release,,cut_in_window,571945,"Mikolas, Miles",SB,2B,not measured,no_release
6cb3f4bd-543b-3904-a728-86027f7773b5,HOME,59.74609297350073,6.2,181.0,124.0,L,0.14,11.43,7.0,PASS,0.954,PASS,677955,"Hill, Jaden",SB,2B,high,
a40ffbd5-35d7-32f8-9107-0585f04f4ce1,HOME,59.66961117111557,7.7,179.0,123.0,L,0.42,14.96,6.0,PASS,0.939,PASS,670990,"Ramírez, Yohan",CS,2B,low,release_to_wrist 0.42 outside -0.32
bef43f93-989d-3b24-91f0-ff40ccbe2c08,AWAY,59.79615557750321,14.0,179.0,109.0,L,0.14,18.32,9.0,not_cf_view,,cut_in_window,687075,"Sproat, Brandon",SB,2B,not measured,not_cf_view
9021e871-7cd8-35fc-90fb-a1a51382540a,AWAY,59.6187083927527,19.6,252.0,,,0.85,,9.0,cut_in_window,,not_cf_view,500779,"Quintana, Jose",SB,2B,not measured,cut_in_window
6dd573ea-d76e-39e2-8aaf-595cc9b7f4cf,AWAY,59.73889340538472,7.0,,,,,,,not_cf_view,,no_release,673929,"Leasure, Jordan",SB,2B,not measured,not_cf_view
01580c63-5bf9-3768-b5a4-d51bc8c09751,HOME,59.715481482168876,5.7,177.0,120.0,L,0.38,13.08,9.0,PASS,0.955,PASS,690953,"Abel, Mick",CS,2B,low,release_to_wrist 0.38 outside -0.32
1f90971e-e24a-3c38-8ac5-2dd216a43750,AWAY,59.6345089479604,14.6,,,,,,,no_release,,release_not_at_hand,663969,"Phillips, Tyler",SB,3B,not measured,no_release
2d7c198d-138c-3675-b8bc-d1c0a21ddfe4,AWAY,59.78711723063751,9.4,,,,,,,not_cf_view,,cut_in_window,663623,"Irvin, Jake",SB,2B,not measured,not_cf_view
3a8ab818-9f56-39c5-a015-894c5d08cced,AWAY,59.7179668928647,8.5,,,,,,,not_cf_view,,cut_in_window,571948,"Milner, Hoby",SB,2B,not measured,not_cf_view
253959c9-481b-3873-90b3-7bbed57747ae,AWAY,59.86240515319233,14.0,,,,,,,no_release,,not_cf_view,682274,"Hiraldo, Yaramil",SB,2B,not measured,no_release
1f3b272c-2a6d-342e-bf80-3df227f03883,HOME,59.67676932007676,5.5,184.0,123.0,L,0.22,24.17,9.0,PASS,1.022,PASS,693686,"Miles, Spencer",CS,2B,high,
6782dde7-53f5-3b98-8a20-1e8e1025c337,AWAY,59.6707793666794,10.3,181.0,108.0,R,0.17,23.1,9.0,PASS,1.223,cut_in_window,663893,"Little, Brendon",SB,2B,high,
3444073f-a08b-3182-af51-b5ee1a8919e3,AWAY,59.76125810439888,12.5,178.0,116.0,R,0.7,33.57,9.0,cut_in_window,,cut_in_window,690986,"Harrison, Kyle",SB,2B,not measured,cut_in_window
54833dfa-3661-3b0e-80f4-dd785aece29c,AWAY,59.68969398145667,11.100000000000001,180.0,121.0,L,0.51,17.35,7.0,PASS,0.988,release_not_at_hand,663436,"Martin, Davis",CS,2B,low,release_to_wrist 0.51 outside -0.32
82b37570-a57a-3e5f-9ab9-265970dc5059,AWAY,59.7402849301252,10.7,180.0,118.0,R,0.32,14.54,9.0,PASS,1.038,no_release,682052,"Lopez, Jacob",SB,2B,high,
9679c2cd-814e-35f4-bac6-ef7df2b9c92c,AWAY,59.76312163716572,12.5,178.0,120.0,R,0.13,18.34,8.0,PASS,0.97,cut_in_window,664076,"Cleavinger, Garrett",SB,2B,high,
8d41fe41-9b87-34ac-830d-b179536e2218,HOME,59.65294767229227,5.5,182.0,125.0,L,0.09,16.76,9.0,PASS,0.956,PASS,808963,"Sasaki, Roki",SB,2B,high,
cd25df07-1caf-3cc5-882b-c9db1eee7e6b,HOME,59.65389989609831,5.3,178.0,116.0,R,0.11,21.19,8.0,PASS,1.039,PASS,608650,"Enns, Dietrich",SB,2B,high,
095664ae-1365-3371-841e-141d7776d471,AWAY,59.68260985609624,10.2,,,,,,,no_release,,no_release,641312,"Anderson, Shaun",SB,2B,not measured,no_release
0d3fe1ce-10db-3f0a-9a2c-9ec28c70e66d,HOME,59.848636429704484,5.9,174.0,110.0,L,0.22,36.5,9.0,PASS,1.069,PASS,621111,"Buehler, Walker",SB,2B,high,
a8f15814-37f4-3aec-9232-f5dacb5b6832,AWAY,59.641342003826374,9.8,,,,,,,no_release,,cut_in_window,686973,"Varland, Louis",SB,2B,not measured,no_release
a1e44312-7b08-3681-9113-a2343b351669,HOME,59.654452935396264,5.7,174.0,113.0,L,0.16,17.14,9.0,PASS,1.023,PASS,623437,"Topa, Justin",SB,2B,high,
d24212fa-c757-30e1-b362-f43fb2fd0abe,HOME,59.684420296708566,5.7,178.0,115.0,L,0.15,33.09,9.0,PASS,1.056,PASS,695505,"Burns, Chase",SB,2B,high,
a929db7d-4d79-3b26-8153-3e1b56edb1e5,HOME,59.75003276336573,5.5,176.0,119.0,L,0.15,16.87,9.0,PASS,0.954,PASS,607259,"Martinez, Nick",SB,2B,high,
422b8194-47da-38fe-ab06-922413812710,AWAY,59.682352381869535,12.1,180.0,129.0,L,0.09,11.93,9.0,PASS,0.855,no_release,547184,"Kelly, Michael",CS,2B,high,
a6d61392-1375-306b-ad35-e054220597d4,AWAY,59.66940113054178,12.2,178.0,119.0,L,0.12,18.66,8.0,PASS,0.989,release_not_at_hand,669199,"Bachar, Lake",SB,3B,high,
c7117f21-8798-39ff-8fac-54cff77a7d74,AWAY,59.66953479201018,12.8,184.0,,,0.85,,9.0,release_not_at_hand,,no_set_before_lift,677952,"Ashcraft, Braxton",CS,2B,not measured,release_not_at_hand
400040ed-52c5-35bc-b1c0-30d50fb1b764,AWAY,59.71938548974336,8.9,,,,,,,no_release,,no_set_before_lift,686973,"Varland, Louis",SB,2B,not measured,no_release
50e5415c-e71e-39c9-bdb8-6c26f570bdf6,HOME,59.714433125024804,5.2,178.0,105.0,R,0.12,35.28,9.0,PASS,1.222,PASS,656945,"Scott, Tanner",SB,2B,high,
f41fd405-6ba1-3cea-a10e-a464edb2583e,HOME,59.69639359245399,5.2,200.0,129.0,L,0.53,24.22,6.0,PASS,1.189,PASS,670912,"Oviedo, Johan",CS,2B,low,release_to_wrist 0.53 outside -0.32
34d465fe-fe89-3319-b663-7ba63cc500a5,AWAY,59.6600572925947,9.899999999999999,,,,,,,no_release,,no_release,669199,"Bachar, Lake",SB,2B,not measured,no_release
97f7ace0-b0f6-373a-9f5a-11e890b5b3f5,AWAY,59.73982165106068,7.7,,,,,,,no_release,,not_cf_view,605540,"Woodruff, Brandon",SB,2B,not measured,no_release
8fac94c7-d7be-30f3-8d72-669d221cbf38,HOME,59.787525697465654,5.7,176.0,122.0,L,0.17,14.77,9.0,PASS,0.903,PASS,688158,"Morgan, David",SB,2B,high,
d852b107-c4a2-3c32-bdaa-7d4ea87087e1,HOME,59.69181016745659,5.4,180.0,125.0,L,0.18,16.86,8.0,PASS,0.921,PASS,661395,"Duran, Jhoan",SB,2B,high,
5bec0ef7-fe24-36d6-9ac5-4c9aa02e8646,AWAY,59.67198891841131,11.3,179.0,119.0,L,0.2,31.82,9.0,cut_in_window,,no_set_before_lift,642121,"Sulser, Cole",SB,2B,not measured,cut_in_window
f740a014-0ccc-3a01-8c07-ac56db083767,AWAY,59.750840965150275,11.5,178.0,114.0,L,0.16,17.48,6.0,PASS,1.071,release_not_at_hand,669622,"Bender, Anthony",SB,2B,high,
f6f976f6-6109-3762-8f78-23a000c1e433,HOME,59.69283507685066,6.0,178.0,121.0,L,0.13,14.86,9.0,PASS,0.955,PASS,676962,"Brown, Ben",SB,2B,high,
3709e58f-7fee-3438-83d4-b9901b54f741,AWAY,59.71341917440023,9.4,,,,,,,not_cf_view,,cut_in_window,663372,"Feltner, Ryan",SB,2B,not measured,not_cf_view
70672c2d-4618-39b6-88db-7fd81764ee9c,AWAY,59.668068743508336,21.200000000000003,182.0,,,0.77,,9.0,release_not_at_hand,,no_set_before_lift,592791,"Taillon, Jameson",SB,2B,not measured,release_not_at_hand
dd9b3a85-918c-36c4-9839-1afacee94475,AWAY,59.65500331416685,5.0,176.0,113.0,L,0.16,47.99,9.0,cut_in_window,,not_cf_view,672782,"Gómez, Yoendrys",SB,2B,not measured,cut_in_window
273012e5-81ca-3b1f-b853-16404accdb25,AWAY,59.70970063243373,9.3,174.0,108.0,L,0.37,18.4,9.0,PASS,1.105,cut_in_window,669302,"Gilbert, Logan",CS,2B,low,release_to_wrist 0.37 outside -0.32
27454f87-06a6-3900-80c6-53b63f4a446c,HOME,59.678789787345295,3.5,180.0,124.0,L,0.15,9.86,9.0,PASS,0.938,PASS,641793,"Littell, Zack",SB,2B,high,
5da26600-27df-3b47-a07b-16206dd28828,AWAY,59.69252648097293,9.1,198.0,134.0,L,0.11,18.43,9.0,PASS,1.072,not_cf_view,657277,"Webb, Logan",SB,2B,high,
f24fe28b-65f3-3209-8f49-097b4f40c6c4,AWAY,59.64146305096669,7.8,182.0,,,0.11,,9.0,cut_in_window,,cut_in_window,657746,"Ryan, Joe",SB,2B,not measured,cut_in_window
eb180fb2-d203-3294-b26d-11152962270b,AWAY,59.704737773951784,10.9,184.0,127.0,L,0.66,14.61,9.0,release_not_at_hand,,not_cf_view,681867,"Criswell, Cooper",CS,2B,not measured,release_not_at_hand
d6003573-f753-31d5-ba34-fb659de0a12d,AWAY,59.69935911967455,9.5,194.0,114.0,L,0.95,27.99,5.0,release_not_at_hand,,cut_in_window,667297,"Nance, Tommy",SB,2B,not measured,release_not_at_hand
91975134-3f32-3208-9ec0-4ddfc59db573,HOME,59.82218117254614,3.6,180.0,113.0,L,0.23,17.19,8.0,PASS,1.12,PASS,666808,"Doval, Camilo",SB,2B,high,
1950e3d3-096d-3655-a652-2c5b6e8f9527,AWAY,59.71564930749218,4.8,177.0,116.0,L,0.25,14.26,9.0,PASS,1.022,not_cf_view,656876,"Rasmussen, Drew",SB,2B,high,
b3dd0a7d-7660-3b16-8587-e8f1c98886be,AWAY,59.76490208026381,7.8,181.0,115.0,L,0.13,19.46,9.0,PASS,1.104,cut_in_window,642207,"Williams, Devin",SB,2B,high,
a32bf502-dc26-3dc0-9770-aa7aa03eefa2,AWAY,59.691447883367594,7.699999999999999,174.0,107.0,L,0.21,18.45,9.0,cut_in_window,,not_cf_view,656876,"Rasmussen, Drew",SB,2B,not measured,cut_in_window
00984603-11c3-3248-8d1c-38c0041b26e7,AWAY,59.74641829628644,6.8,,,,,,,no_release,,no_release,676917,"Cavalli, Cade",SB,2B,not measured,no_release
8001e282-b9b3-3e20-b9e9-c9a611fee26e,HOME,59.72603360090155,3.5,179.0,127.0,L,0.16,3.84,9.0,PASS,0.871,PASS,808967,"Yamamoto, Yoshinobu",SB,3B,low,lift_peak_in 3.84 outside 4.28-
6ebae293-e627-3d6b-94c3-8e5da6ded04d,AWAY,59.77434301276836,7.3,181.0,116.0,L,0.79,16.75,9.0,release_not_at_hand,,release_not_at_hand,657746,"Ryan, Joe",SB,2B,not measured,release_not_at_hand
f3798d14-d845-3258-98eb-ed2ad239de05,HOME,59.69836964687368,3.5,180.0,125.0,L,0.19,10.94,9.0,PASS,0.921,PASS,680742,"Bowlan, Jonathan",SB,2B,high,
c68b0afe-97a6-32c1-b30b-e10b90683faa,AWAY,59.718763465549436,9.0,255.0,,,1.44,,4.0,not_cf_view,,no_release,694361,"Klein, Will",CS,2B,not measured,not_cf_view
c1c2c809-1be7-33c5-938e-750157cef817,AWAY,59.69692897396982,5.0,178.0,,,0.13,,9.0,no_set_before_lift,,not_cf_view,621237,"Alvarado, José",CS,2B,not measured,no_set_before_lift
03eb92cb-9aa1-3114-9901-69b21a5ed6e8,HOME,59.775745161182165,3.6,182.0,113.0,L,0.13,27.08,8.0,PASS,1.154,PASS,676477,"Whitlock, Garrett",SB,2B,high,
773a962b-9154-3cda-a001-0777d6971fc2,AWAY,59.66448890871407,7.699999999999999,183.0,118.0,L,0.14,23.34,9.0,PASS,1.089,cut_in_window,666171,"Zeferjahn, Ryan",SB,2B,high,
9fd4525f-95f4-3e13-a5a8-202936b75170,HOME,59.805115432159866,3.8,180.0,114.0,L,0.1,25.31,9.0,PASS,1.104,PASS,669923,"Kirby, George",SB,2B,high,
82f65f15-1081-3460-b4e5-b7a61df27915,HOME,59.77402140536029,3.7,176.0,113.0,L,0.18,19.06,9.0,PASS,1.054,PASS,601713,"Pivetta, Nick",SB,2B,high,
2646fdff-3238-3113-ae8f-229089a0ee0f,HOME,59.6759780877268,3.8,195.0,134.0,R,0.13,23.45,9.0,PASS,1.022,PASS,666142,"Ragans, Cole",CS,2B,high,
542d3ad2-e2f1-3440-acac-11ce4c08abc4,AWAY,59.76949763304127,7.6,176.0,,,0.22,,9.0,no_set_before_lift,,no_set_before_lift,666142,"Ragans, Cole",SB,3B,not measured,no_set_before_lift
b53656c4-ebfc-3930-975b-648e6b179f1c,AWAY,59.70856057246951,5.0,174.0,113.0,R,0.14,12.25,5.0,PASS,1.022,not_cf_view,573124,"Rogers, Taylor",SB,2B,high,
6137a1be-2de7-3738-a294-86e080ba1dcf,AWAY,59.68227538069837,11.5,176.0,117.0,L,0.32,4.59,6.0,cut_in_window,,no_set_before_lift,686973,"Varland, Louis",CS,2B,not measured,cut_in_window
7e97b295-fd4d-3df3-9f28-a36dbc9f56ef,HOME,59.65279017003594,3.9,182.0,120.0,L,0.17,25.33,7.0,PASS,1.039,PASS,543243,"Gray, Sonny",SB,2B,high,
331725dd-4f72-3159-9fab-3a8875c179ee,AWAY,59.74924386484382,7.8,179.0,112.0,R,0.14,28.56,9.0,PASS,1.121,release_not_at_hand,676282,"Cantillo, Joey",SB,3B,high,
6f7b11a9-61c3-3514-aff9-eebf6c59c3b5,HOME,59.69708543423211,3.8,179.0,119.0,R,0.12,14.87,9.0,PASS,1.005,PASS,593958,"Rodriguez, Eduardo",SB,2B,high,
0131e948-2c9b-3b6c-90eb-f597e1fd1f0a,HOME,59.67107974818804,3.8,177.0,131.0,L,0.2,9.79,9.0,PASS,0.771,PASS,700241,"McGreevy, Michael",SB,2B,high,
e2fc372a-1b92-3820-af9e-04b796623a39,HOME,59.73907834305873,3.8,180.0,107.0,L,0.12,19.37,6.0,PASS,1.222,PASS,691587,"Pérez, Eury",SB,3B,high,
b61ab30e-b9cf-3256-be28-b58425679f06,HOME,59.64025814876444,5.5,176.0,117.0,L,0.11,15.49,9.0,PASS,0.989,PASS,656302,"Cease, Dylan",SB,2B,high,
4a6010c8-665e-3351-9b63-e2498b4a7140,AWAY,59.696437265818496,7.699999999999999,184.0,110.0,L,0.67,15.19,8.0,release_not_at_hand,,release_not_at_hand,691587,"Pérez, Eury",SB,2B,not measured,release_not_at_hand
f106c678-b4bd-3f1d-9c0b-1fb5aee2a16f,HOME,59.643358614263114,3.8,173.0,113.0,R,0.18,24.31,9.0,PASS,1.006,PASS,657424,"Gage, Matt",SB,2B,high,
24920677-7ae3-3d5d-a1d8-77e7f4815a32,HOME,59.64765898121059,5.5,178.0,113.0,L,0.13,25.36,9.0,PASS,1.09,PASS,666277,"Soriano, George",SB,2B,high,
3ed33f5b-a03c-3588-b56c-5518f000a353,AWAY,59.69414443521339,8.3,178.0,130.0,L,0.2,11.45,6.0,PASS,0.804,cut_in_window,680694,"Bradish, Kyle",CS,2B,high,
eb806436-9c18-3344-97df-887eb42c9c36,AWAY,59.70807183041938,8.1,157.0,109.0,L,0.13,14.57,7.0,PASS,0.804,cut_in_window,671212,"Boyle, Joe",SB,2B,high,
47bb56ed-7e72-3c42-8b4f-e4c60c42cbc8,AWAY,59.66039997644072,7.6,,,,,,,no_release,,no_release,680732,"Burke, Sean",SB,2B,not measured,no_release
dab022f0-8c01-3929-8190-f126930ac294,AWAY,59.72298103730869,7.7,,,,,,,no_release,,cut_in_window,687330,"Kelly, Kevin",SB,2B,not measured,no_release
029c2f46-37d8-3eb7-b94d-1d69da757b1e,HOME,59.67027783973119,3.8,178.0,104.0,L,0.21,25.29,9.0,PASS,1.24,PASS,656302,"Cease, Dylan",SB,3B,high,
91053965-299f-34e4-a833-4f132970de5d,HOME,59.733665120987915,3.8,178.0,115.0,L,0.16,20.78,7.0,PASS,1.055,PASS,669199,"Bachar, Lake",SB,2B,high,
071b6ec0-e569-38f4-8dc2-6363ebc501b6,AWAY,59.71203028413913,7.699999999999999,177.0,119.0,L,0.11,16.25,9.0,PASS,0.971,cut_in_window,656427,"Flaherty, Jack",SB,2B,high,
e0f5d50e-21ea-326c-818d-3e5589ae13a6,HOME,59.66803015791278,3.8,175.0,116.0,L,0.24,16.16,9.0,PASS,0.989,PASS,687849,"Kent, Zak",SB,2B,high,
fb43689b-668f-3ebd-ae5b-63c0861e78b7,AWAY,59.63043851684621,5.0,177.0,118.0,L,0.24,14.03,9.0,PASS,0.989,not_cf_view,663623,"Irvin, Jake",SB,2B,high,
97868d93-9242-3493-9f48-6ff3c5cebb47,AWAY,59.65226331542374,7.4,162.0,102.0,L,0.8,8.64,6.0,release_not_at_hand,,no_release,677955,"Hill, Jaden",SB,2B,not measured,release_not_at_hand
3e0606ef-3a7b-3c97-8766-6fd7e8a95f95,HOME,59.8261217966959,3.7,181.0,126.0,L,0.17,18.47,9.0,PASS,0.919,PASS,607625,"Lugo, Seth",SB,2B,high,
1bf8f2ca-bcc2-3116-a5e0-f553b51d005c,AWAY,59.61538701884321,9.399999999999999,,,,,,,no_release,,no_set_before_lift,837227,"Imai, Tatsuya",CS,2B,not measured,no_release
405bef5a-23ca-307b-8c1a-a8dac3cec4f4,AWAY,59.779233022351,7.699999999999999,189.0,129.0,R,0.14,13.89,7.0,PASS,1.004,release_not_at_hand,573124,"Rogers, Taylor",SB,2B,high,
248f7932-b6c8-3b0a-9303-2f3e7293193a,AWAY,59.702639363786545,9.7,210.0,129.0,R,0.42,15.1,6.0,PASS,1.357,not_cf_view,573124,"Rogers, Taylor",SB,2B,low,release_to_wrist 0.42 outside -0.32; delivery_s 1.357 outside 0.7-1.31
95d91a33-9b89-322b-9352-9f19f148868e,AWAY,59.766180458255505,7.8,189.0,,,0.69,,8.0,release_not_at_hand,,release_not_at_hand,682995,"Barco, Hunter",SB,2B,not measured,release_not_at_hand
df21ec01-6b9c-3541-8880-29a7ba5ad93f,AWAY,59.63507357055012,9.0,181.0,119.0,L,0.51,4.64,9.0,cut_in_window,,cut_in_window,681190,"Vásquez, Randy",CS,2B,not measured,cut_in_window
7e910914-4bbf-3aa9-a070-27bf653c3cf7,AWAY,59.68456185510787,7.9,181.0,120.0,L,0.22,20.31,9.0,not_cf_view,,not_cf_view,681751,"Estrada, Lazaro",SB,2B,not measured,not_cf_view
f60ba4b4-247d-359e-a591-e2fc2ee05f62,AWAY,59.64645646730532,5.8,,,,,,,no_release,,no_release,607192,"Glasnow, Tyler",SB,2B,not measured,no_release
466f4365-5b33-33d9-969e-381e8953d90b,HOME,59.70235037592364,3.8,176.0,115.0,L,0.19,24.27,6.0,PASS,1.022,PASS,679883,"Avila, Luinder",CS,3B,high,
c723764d-6447-30a9-83b7-684f07c08681,AWAY,,1.1,,,,,,,no_clip,,not_cf_view,647336,"Soroka, Michael",CS,2B,not measured,no_clip
5fc0116e-8d4c-393a-9582-6b2357c08fb6,AWAY,59.71646330300169,7.4,186.0,121.0,L,0.95,12.31,9.0,release_not_at_hand,,release_not_at_hand,676534,"Faucher, Calvin",SB,2B,not measured,release_not_at_hand
70f01266-bf5b-356b-9261-ca79a0dfa70a,AWAY,59.632153268192475,6.4,,,,,,,no_release,,no_release,690953,"Abel, Mick",SB,2B,not measured,no_release
6897a4a6-b0a4-3060-a5a3-2867fddeb2eb,AWAY,59.75629692038781,7.5,,,,,,,no_release,,no_release,676879,"Ashby, Aaron",SB,2B,not measured,no_release
88f68e0a-49d3-3875-bb02-00bb41964ad9,HOME,59.72907791827259,3.8,176.0,115.0,R,0.17,16.1,9.0,PASS,1.021,PASS,641743,"Kay, Anthony",SB,2B,high,
c6ef7b64-edfe-33db-8d61-4c9e63d8e181,HOME,59.6371232669014,3.8,179.0,122.0,L,0.22,18.46,9.0,PASS,0.956,PASS,701656,"Henderson, Logan",CS,2B,high,
1b3fa7f9-2e1b-39cc-995b-4ab6976bf94d,HOME,59.66059229971226,3.8,173.0,112.0,R,0.13,19.45,9.0,PASS,1.022,PASS,666200,"Luzardo, Jesús",CS,2B,high,
1602e9d7-643a-36a8-b9f0-daed86e8cf57,HOME,59.784359206675454,3.7,161.0,90.0,R,0.13,20.89,9.0,PASS,1.188,PASS,666200,"Luzardo, Jesús",SB,2B,high,
d386f154-fc86-37ae-8b78-62f07fe3004e,HOME,59.71262244410601,3.8,178.0,111.0,L,0.14,17.33,6.0,PASS,1.122,PASS,669160,"May, Dustin",CS,2B,high,
c1130082-8482-3928-91f6-f4f74c59029b,HOME,59.73411106312289,3.7,178.0,124.0,L,0.16,11.23,7.0,PASS,0.904,PASS,808963,"Sasaki, Roki",SB,2B,high,
64436e02-77db-3291-9e90-366e22915305,AWAY,59.85498980223663,6.9,,,,,,,no_release,,no_release,621121,"McCullers Jr., Lance",SB,2B,not measured,no_release
53d2433b-d783-3a6d-bb0f-e725dbd0ffc0,HOME,59.75958260229998,3.8,178.0,118.0,L,0.17,18.71,9.0,PASS,1.004,PASS,622491,"Castillo, Luis",SB,2B,high,
663248b8-d5d4-3bd8-bd84-7a848b601614,HOME,59.68691623277443,3.7,176.0,116.0,L,0.15,13.48,9.0,PASS,1.005,PASS,641755,"Kinley, Tyler",SB,2B,high,
5b641981-3551-3840-8008-e46243102487,AWAY,59.65879756928643,4.9,177.0,111.0,R,0.23,21.89,9.0,PASS,1.106,not_cf_view,641778,"Lauer, Eric",SB,2B,high,
6a9ff618-d40d-3ff2-bb14-a548b60e0c2c,AWAY,59.72759409621734,6.1,174.0,116.0,L,0.22,11.13,5.0,PASS,0.971,no_release,657277,"Webb, Logan",SB,2B,high,
2d7f9898-a00c-3e05-b3aa-2afa6176794d,AWAY,59.72730012511682,7.6,174.0,115.0,L,0.12,18.95,9.0,PASS,0.988,cut_in_window,665795,"Cabrera, Edward",CS,2B,high,
98527d26-e8ed-3d85-a187-994de0f1d18a,HOME,59.57884562490191,3.8,178.0,129.0,L,0.17,4.99,7.0,PASS,0.822,PASS,673540,"Senga, Kodai",SB,2B,high,
61b55ce0-ed83-32df-b7e5-5a0e6c6e8e16,AWAY,59.66432942226607,6.9,,,,,,,no_release,,no_release,686993,"Sterner, Justin",SB,2B,not measured,no_release
2be05462-0918-3f56-9889-3404cb66adfb,AWAY,59.69479982624049,6.8,,,,,,,no_release,,no_release,690986,"Harrison, Kyle",SB,2B,not measured,no_release
5448343f-230e-39c2-b618-55ad9646ea26,HOME,59.67000070555744,3.7,176.0,114.0,L,0.12,20.48,9.0,PASS,1.039,PASS,677952,"Ashcraft, Braxton",CS,2B,high,
913e8a96-acf3-30e2-8cd5-7c42c86c2429,HOME,59.76435767545108,5.5,180.0,120.0,R,0.25,17.4,5.0,PASS,1.004,PASS,663460,"Bubic, Kris",SB,3B,high,
eb67ebad-408a-34e1-8bfc-ce3b59a3bc73,AWAY,59.669268108735594,8.0,178.0,,,0.2,,5.0,cut_in_window,,cut_in_window,656641,"Latz, Jacob",SB,2B,not measured,cut_in_window
123af970-5e3f-3ed5-8baa-ca0adb43ae75,HOME,59.698673040822,3.8,177.0,115.0,L,0.21,14.92,9.0,PASS,1.039,PASS,641755,"Kinley, Tyler",SB,2B,high,
cdb8b164-1028-3c73-8a41-79e2ef2e1615,AWAY,59.644427451730074,9.7,174.0,106.0,L,1.02,11.03,3.0,release_not_at_hand,,cut_in_window,683004,"Leiter, Jack",SB,2B,not measured,release_not_at_hand
f0ccc321-c954-3ebb-9e6f-bd09e48dc90a,HOME,59.654549471686835,3.8,181.0,150.0,L,0.12,4.4,9.0,PASS,0.52,PASS,657044,"Thompson, Ryan",SB,3B,low,delivery_s 0.52 outside 0.7-1.31
b6a2965a-49d9-3385-9d19-e842ecef4bc5,AWAY,59.71518110865708,10.9,195.0,,,1.12,,8.0,release_not_at_hand,,release_not_at_hand,572955,"Johnson, Pierce",SB,2B,not measured,release_not_at_hand
29990e58-4afc-3c3b-8074-494eab83cad1,HOME,59.74525557152078,3.8,179.0,122.0,R,0.15,12.09,9.0,PASS,0.954,PASS,682052,"Lopez, Jacob",SB,2B,high,
c2f99cf6-a127-3c47-a83e-b48c946e2b9f,AWAY,59.69170464157032,8.1,184.0,118.0,L,0.36,8.67,6.0,cut_in_window,,not_cf_view,695505,"Burns, Chase",SB,2B,not measured,cut_in_window
e811518e-54dc-3b9c-8f2e-4ef1a3ec6773,HOME,59.729415703341935,3.8,174.0,113.0,R,0.17,25.17,6.0,PASS,1.021,PASS,676395,"Garcia, Robert",SB,2B,high,
245118d9-3c71-32b2-bc3e-c081e568ec24,AWAY,59.73577084062997,9.7,177.0,112.0,R,0.14,20.74,6.0,PASS,1.088,cut_in_window,676263,"Dreyer, Jack",SB,2B,high,
304912ea-b90a-301f-b027-7e086d717c20,HOME,59.87046976033272,3.8,176.0,103.0,R,0.15,27.06,8.0,PASS,1.219,PASS,608331,"Fried, Max",SB,2B,high,
0ebc0fe3-a7b4-365f-a5b3-6b4dd9742a0e,AWAY,59.77673015333452,5.199999999999999,,,,,,,no_release,,no_release,674444,"Cruz, Steven",SB,2B,not measured,no_release
b2727518-c935-35f1-9206-9c29fad3603d,HOME,59.72052003100641,3.8,179.0,126.0,R,0.11,13.06,9.0,PASS,0.887,PASS,642232,"Yarbrough, Ryan",SB,2B,high,
8d83a3f0-fae1-3d7d-aeed-eb4e18ba4bbc,HOME,59.75588613921646,3.8,180.0,125.0,L,0.15,23.8,9.0,PASS,0.92,PASS,696147,"Bachman, Sam",CS,2B,high,
a66c2dc3-7f78-31c5-9df2-f31ae920ad0a,AWAY,59.77678553646752,6.0,180.0,127.0,L,0.13,8.61,9.0,PASS,0.887,no_release,691946,"Klassen, George",SB,2B,high,
812fdfe6-6ca0-3b56-864a-c465c7642386,HOME,59.70932712181359,3.7,177.0,109.0,L,0.11,37.82,9.0,PASS,1.139,PASS,621111,"Buehler, Walker",SB,2B,high,
9af84768-e13f-37a4-b28c-03366a5273cf,HOME,59.69644988715309,3.8,178.0,121.0,L,0.2,11.04,9.0,PASS,0.955,PASS,808963,"Sasaki, Roki",SB,2B,high,
4d5d56e9-62aa-3c7d-9475-07a742c7a6e2,HOME,59.657695305591766,3.7,176.0,117.0,R,0.16,23.01,7.0,PASS,0.989,PASS,676395,"Garcia, Robert",SB,2B,high,
1e1d4b79-7182-3574-be8e-8d1e2d9884a9,AWAY,,4.3,,,,,,,no_clip,,cut_in_window,657756,"Seabold, Connor",CS,2B,not measured,no_clip
a9c125be-d05e-3a9a-af60-ec72109f0c0c,HOME,59.665667871596966,3.7,183.0,110.0,L,0.35,19.64,8.0,PASS,1.223,PASS,642207,"Williams, Devin",CS,2B,low,release_to_wrist 0.35 outside -0.32
54dd3992-a28c-35cf-83e5-7c9fc1b711ed,HOME,59.8137482788742,3.7,181.0,122.0,L,0.17,16.2,6.0,PASS,0.986,PASS,657746,"Ryan, Joe",SB,2B,high,
e60c1124-ed1c-3481-a2f8-e472879c3e60,HOME,59.687383616407104,3.7,180.0,116.0,R,0.25,19.92,8.0,PASS,1.072,PASS,642397,"Soto, Gregory",SB,2B,high,
7cc680ad-4710-32f8-a35a-27e8e9a1485d,AWAY,59.690844233055884,6.9,,,,,,,no_release,,no_release,676083,"Junk, Janson",SB,2B,not measured,no_release
19a14bfa-574f-34a5-8a2f-83e0800938f8,AWAY,59.70654300896934,7.9,191.0,130.0,R,0.16,25.72,9.0,PASS,1.022,cut_in_window,657424,"Gage, Matt",CS,2B,high,
424dbb27-b772-3075-8fb4-741a53cc101b,HOME,59.70745566332985,5.4,180.0,124.0,L,0.12,8.69,6.0,PASS,0.938,PASS,594798,"deGrom, Jacob",CS,2B,high,
0ff79b6b-0407-3cce-9eb7-ed23e8f13055,HOME,59.82829547487033,3.8,177.0,114.0,L,0.18,20.46,9.0,PASS,1.053,PASS,608566,"Márquez, Germán",SB,2B,high,
b6f456c6-1825-3314-9b87-e58f44200b36,HOME,59.70613042127225,3.7,178.0,118.0,L,0.18,19.15,9.0,PASS,1.005,PASS,605540,"Woodruff, Brandon",CS,2B,high,
42c9b98c-7722-3e4b-ad89-0c84c7ebd354,HOME,59.715820457256605,3.8,179.0,124.0,L,0.24,10.41,9.0,PASS,0.921,PASS,687064,"Young, Brandon",CS,2B,high,
b5e41476-624e-3b38-99a5-403852577065,AWAY,59.64267111811182,6.9,,,,,,,no_release,,no_release,663372,"Feltner, Ryan",CS,2B,not measured,no_release
f42f28c9-82b1-3876-b25c-60411205410c,AWAY,59.74083989517826,6.5,181.0,112.0,L,0.12,23.45,5.0,cut_in_window,,not_cf_view,592791,"Taillon, Jameson",SB,2B,not measured,cut_in_window
ebdc484c-e642-3b7c-ada4-b6b1ffbd8e47,HOME,59.68640624946402,3.8,199.0,131.0,L,0.21,31.0,9.0,PASS,1.139,PASS,667297,"Nance, Tommy",SB,3B,high,
3935ce0c-a315-3fcb-9323-33adc590ca0e,AWAY,59.68989181352552,4.6,,,,,,,not_cf_view,,no_release,663969,"Phillips, Tyler",SB,2B,not measured,not_cf_view
7582376d-00ac-3f0e-8fa3-dab2cf14d445,HOME,59.73823897265198,3.7,174.0,118.0,L,0.25,16.04,9.0,PASS,0.937,PASS,694918,"Tidwell, Blade",SB,2B,high,
24aa7959-4dda-335a-a132-b80baebff337,AWAY,59.67143874468973,5.8,,,,,,,no_release,,no_release,608371,"Sims, Lucas",CS,2B,not measured,no_release
a5039fd2-277c-3bc7-9c42-5937d7906f26,HOME,59.73406394730659,3.8,179.0,123.0,L,0.21,12.57,6.0,PASS,0.937,PASS,676083,"Junk, Janson",CS,2B,high,
9c2afbfe-455d-3294-b689-0b5211b0e503,AWAY,59.67904889452785,9.2,178.0,124.0,L,0.17,11.74,9.0,PASS,0.905,no_set_before_lift,592791,"Taillon, Jameson",SB,2B,high,
9d0629ed-cb15-341d-b393-7079dc3fa235,HOME,59.672650774499736,3.8,177.0,116.0,R,0.2,27.09,9.0,PASS,1.022,PASS,663558,"Morán, Jovani",SB,2B,high,
da79ed61-2881-3137-a21b-d93ccb60e5f0,HOME,59.72682321839456,3.8,191.0,126.0,L,0.15,20.29,9.0,PASS,1.088,PASS,592791,"Taillon, Jameson",SB,3B,high,
ad72d780-8118-30c7-86e9-215a408a2e05,HOME,59.7784449055152,4.1,180.0,128.0,L,0.41,5.8,9.0,PASS,0.87,PASS,687064,"Young, Brandon",SB,2B,low,release_to_wrist 0.41 outside -0.32
7fc3ecf5-b42a-3046-b563-7e91a87d7ef5,AWAY,59.65981053536299,2.2,,,,,,,not_cf_view,,not_cf_view,669330,"Wells, Tyler",CS,2B,not measured,not_cf_view
11b45d3a-3b76-37d4-9c81-81309fe26539,HOME,59.64244998692386,5.4,175.0,115.0,L,0.23,22.65,9.0,PASS,1.006,PASS,668909,"Williams, Gavin",SB,2B,high,
554ba1fa-5bbd-3ae7-bd7b-9c89eeb5f1cf,AWAY,59.721433581615955,5.6,178.0,,,0.11,,4.0,cut_in_window,,not_cf_view,669461,"Liberatore, Matthew",SB,2B,not measured,cut_in_window
27035f23-eddd-3697-a1df-f64b475d62e9,HOME,59.75679529210902,3.9,169.0,103.0,R,0.12,20.05,9.0,PASS,1.104,PASS,671096,"Abbott, Andrew",SB,3B,high,
5ac84afa-38b1-36c9-a70b-72564c053852,HOME,59.751669018886474,3.8,170.0,108.0,R,0.14,15.07,9.0,PASS,1.038,PASS,671096,"Abbott, Andrew",SB,2B,high,
9231fecd-3084-32b9-85ee-2317ef1ba5d0,AWAY,59.644138145913004,9.7,239.0,,,1.21,,9.0,release_not_at_hand,,no_release,676917,"Cavalli, Cade",CS,2B,not measured,release_not_at_hand
8622fe4d-c22c-38a7-bfbb-55e0f9b6b015,HOME,59.696024844203365,3.9,180.0,115.0,R,0.41,22.91,4.0,PASS,1.089,PASS,669461,"Liberatore, Matthew",SB,2B,low,release_to_wrist 0.41 outside -0.32; ball_pts 4.0 outside 5-
8b776014-df34-35a0-a69b-9b114b3ffcb9,AWAY,59.81212998873668,6.9,,,,,,,no_release,,no_release,645261,"Alcantara, Sandy",SB,2B,not measured,no_release
d934b4d0-8b74-3345-b069-849adfac6112,HOME,59.6489677739629,3.8,179.0,115.0,L,0.14,28.18,9.0,PASS,1.073,PASS,700669,"Graceffo, Gordon",SB,2B,high,
4f8671e8-ae8a-3fa3-aa0d-ab1eda9e363b,AWAY,59.72194737261828,8.0,178.0,117.0,L,0.14,24.53,9.0,PASS,1.021,cut_in_window,642121,"Sulser, Cole",SB,2B,high,
31b12819-fcad-357d-ab6f-325da4a310d9,HOME,59.802999547969804,3.9,178.0,119.0,L,0.15,17.05,9.0,PASS,0.987,PASS,700669,"Graceffo, Gordon",SB,2B,high,
b1daf5b8-4071-3039-bdba-82abe3e03d43,AWAY,59.68768074031232,11.5,172.0,112.0,L,0.18,19.07,9.0,PASS,1.005,cut_in_window,676917,"Cavalli, Cade",SB,2B,high,
2af4d565-cb98-395d-9d5c-db5c51f10efa,HOME,59.73187027122694,3.8,178.0,118.0,L,0.2,10.26,9.0,PASS,1.004,PASS,542888,"Armstrong, Shawn",SB,2B,high,
3380e574-dd18-3004-ad68-03393d7f1f7d,AWAY,59.66276223370366,7.6,176.0,115.0,L,0.22,13.63,9.0,PASS,1.022,cut_in_window,542888,"Armstrong, Shawn",SB,3B,high,
6bb59e56-04b1-3de4-9bfc-a7f427d2d29a,AWAY,59.73812801621761,7.2,170.0,103.0,L,0.1,21.06,6.0,PASS,1.122,no_release,669622,"Bender, Anthony",SB,3B,high,
46c2cebe-6903-34ab-8032-3bfed47e613e,AWAY,59.680312459591455,5.5,,,,,,,not_cf_view,,cut_in_window,642121,"Sulser, Cole",CS,2B,not measured,not_cf_view
a73d8a1a-ca1e-358c-a5e0-ca88d6ae36dd,HOME,59.71972516345307,5.5,168.0,111.0,L,0.12,18.56,9.0,PASS,0.954,PASS,683742,"Franco, Jose",SB,3B,high,
fc31cfb8-c157-377d-9da2-0b8fb01a2718,HOME,59.64004791593593,3.7,172.0,109.0,L,0.21,26.22,9.0,PASS,1.056,PASS,625643,"López, Reynaldo",SB,2B,high,
9f064b60-3daa-35f6-aeda-bc79788eaa29,AWAY,59.79819065287329,7.6,182.0,123.0,R,0.13,19.47,9.0,PASS,0.987,cut_in_window,687396,"Headrick, Brent",SB,2B,high,
ee42d3a0-9635-3643-a962-63a41842a0ea,AWAY,59.75744287942345,6.9,,,,,,,no_release,,no_release,518585,"Cruz, Fernando",SB,2B,not measured,no_release
02bffc08-c97f-39df-9b96-57e872f78deb,HOME,59.72569098809659,3.7,177.0,115.0,L,0.14,20.49,9.0,PASS,1.038,PASS,676917,"Cavalli, Cade",SB,3B,high,
f5f76c52-7ee2-347d-8e71-a0e1cd57427b,AWAY,59.7199756360248,7.5,181.0,118.0,L,0.17,23.84,8.0,PASS,1.055,cut_in_window,672782,"Gómez, Yoendrys",SB,2B,high,
efccd9e2-149f-3db0-a117-67b8f0350ab8,AWAY,59.715871458576096,4.9,181.0,151.0,L,0.81,3.26,6.0,release_not_at_hand,,not_cf_view,543135,"Eovaldi, Nathan",SB,2B,not measured,release_not_at_hand
122fccca-afed-3404-949b-9475dc39c581,AWAY,59.667767486901894,7.8,178.0,115.0,L,0.23,13.37,9.0,PASS,1.056,no_release,673929,"Leasure, Jordan",SB,2B,high,
7e8ce2ad-b801-3653-8208-964da8a6a9a7,AWAY,59.68991686176729,6.8,,,,,,,no_release,,no_release,641941,"Pagán, Emilio",SB,3B,not measured,no_release
ea23beb6-27d1-3375-afda-bbf47b234303,AWAY,59.72194185432227,7.5,188.0,124.0,L,0.88,3.99,9.0,release_not_at_hand,,cut_in_window,669270,"Kuhnel, Joel",SB,2B,not measured,release_not_at_hand
099aeb4b-13c9-31a4-9c8b-b3d63c00bbd7,AWAY,59.69142100477092,6.9,,,,,,,no_release,,no_release,685005,"Roa, Christian",SB,2B,not measured,no_release
b292a834-ee50-3dbe-9866-eaaa3ddde0e8,HOME,59.65937452164017,3.8,178.0,118.0,L,0.19,28.6,8.0,PASS,1.006,PASS,640451,"Harvey, Hunter",CS,3B,high,
18c84d94-fcc3-3e2e-aff1-dd40fe704adc,HOME,59.66072931927108,3.8,177.0,119.0,L,0.22,28.71,9.0,PASS,0.972,PASS,640451,"Harvey, Hunter",SB,2B,high,
7c25ff36-52d1-3cd0-8105-af23277db062,HOME,59.7209529741151,3.8,180.0,127.0,L,0.16,8.98,9.0,PASS,0.887,PASS,664299,"Javier, Cristian",SB,2B,high,
7a673dde-cde5-3bee-998c-3becd87d7520,AWAY,59.74597515458749,4.8,,,,,,,not_cf_view,,no_set_before_lift,594580,"Moll, Sam",CS,2B,not measured,not_cf_view
34b86bcd-6285-3d7f-81ef-ca231594760e,HOME,59.671322156799974,3.8,176.0,117.0,L,0.26,20.71,9.0,PASS,0.989,PASS,666171,"Zeferjahn, Ryan",SB,2B,high,
5f7193c5-a71b-37ec-a33d-e3a22e730afb,AWAY,59.6282492294554,9.2,178.0,130.0,L,0.15,9.56,9.0,PASS,0.805,no_set_before_lift,671212,"Boyle, Joe",CS,2B,high,
35658417-fbcf-32ad-b069-d663f6c34607,AWAY,59.68650169580308,8.9,194.0,128.0,L,0.14,27.89,8.0,PASS,1.106,no_release,664353,"Urquidy, José",SB,2B,high,
2ecf2676-2350-3ec0-bcec-f396a180a75e,AWAY,59.67980373726442,7.9,,,,,,,no_release,,no_set_before_lift,656605,"Keller, Mitch",SB,2B,not measured,no_release
8835577b-9c6c-33bf-972a-97d3509ae751,HOME,59.76642813739064,3.9,180.0,117.0,R,0.15,21.8,6.0,PASS,1.054,PASS,672282,"Detmers, Reid",SB,2B,high,
2ba9c0cb-3c5a-32aa-8f78-ddccda04d1ed,HOME,59.625794173148044,3.8,181.0,128.0,L,0.11,10.24,9.0,PASS,0.889,PASS,607067,"Rea, Colin",SB,2B,high,
4bdd5b9b-3c89-3219-86b6-0442d9e53524,AWAY,59.657741328452694,9.3,195.0,120.0,L,0.5,20.66,5.0,PASS,1.257,not_cf_view,681982,"Anderson, Grant",SB,2B,low,release_to_wrist 0.5 outside -0.32
f78d9c6a-a63c-35d4-a0ed-f0c502dceb63,AWAY,59.69742401526509,6.9,,,,,,,no_release,,no_release,691587,"Pérez, Eury",SB,2B,not measured,no_release
dcc91b7d-5351-3083-91bc-11a87c3238b9,AWAY,59.76072366501313,7.5,186.0,119.0,R,0.77,17.86,7.0,release_not_at_hand,,release_not_at_hand,678606,"Ferrer, José A.",CS,2B,not measured,release_not_at_hand
f1b620a6-eb64-37f6-bc84-67eed3099eff,AWAY,59.80938447967987,7.5,176.0,110.0,R,1.08,24.74,9.0,release_not_at_hand,,release_not_at_hand,656849,"Peterson, David",SB,2B,not measured,release_not_at_hand
99285062-63d2-36f3-afe3-0c4237683c28,HOME,59.674722192253746,5.3,155.0,106.0,L,0.11,20.25,9.0,PASS,0.821,PASS,691587,"Pérez, Eury",SB,2B,high,
f4d4811f-ab6b-3121-a1df-aeca0626f8fe,AWAY,59.67168961433978,7.6,192.0,126.0,L,0.21,19.76,8.0,PASS,1.106,cut_in_window,656605,"Keller, Mitch",SB,3B,high,
21593901-7d07-37c7-9b62-c719f8d2d4fc,AWAY,59.68478764972146,5.2,,,,,,,not_cf_view,,no_release,656605,"Keller, Mitch",SB,2B,not measured,not_cf_view
ca08e982-3fe8-378f-8710-830ad04dd7ca,HOME,59.68303090090101,5.4,168.0,115.0,L,0.17,18.67,9.0,PASS,0.888,PASS,669330,"Wells, Tyler",SB,2B,high,
b4c79837-cdac-3be1-9096-838b59bc0135,AWAY,59.72918487859704,8.5,178.0,,,0.15,,9.0,not_cf_view,,cut_in_window,664285,"Valdez, Framber",SB,2B,not measured,not_cf_view
88392f4f-52be-361c-a660-f38efa31d150,AWAY,59.75821131489821,9.2,178.0,120.0,L,0.18,10.4,5.0,PASS,0.971,release_not_at_hand,656638,"Lange, Alex",SB,2B,high,
d20007fc-f9a6-3cfa-be72-bb31dedb3d8a,HOME,59.706322559767,3.8,182.0,135.0,L,0.09,6.35,9.0,PASS,0.787,PASS,680694,"Bradish, Kyle",SB,2B,high,
eb44820f-2ce1-3c76-9d12-1fa22c1328cd,AWAY,59.615372175611775,7.5,181.0,,,0.11,,9.0,not_cf_view,,cut_in_window,664285,"Valdez, Framber",SB,2B,not measured,not_cf_view
475bf16c-5169-3db8-9352-0fd51120e9cc,HOME,59.761296585777885,3.8,176.0,107.0,L,0.18,17.28,9.0,PASS,1.155,PASS,677955,"Hill, Jaden",SB,3B,high,
5f1b5de5-7d25-3857-87ce-2b36316bce83,AWAY,59.73709406998282,10.9,192.0,125.0,R,0.69,7.39,7.0,release_not_at_hand,,release_not_at_hand,605488,"Springs, Jeffrey",SB,2B,not measured,release_not_at_hand
ecf6a356-aeda-370f-83e8-5c9213235ce9,AWAY,59.80661587179192,9.3,178.0,134.0,L,0.14,2.46,3.0,PASS,0.736,cut_in_window,801403,"Dollander, Chase",SB,2B,low,ball_pts 3.0 outside 5-; lift_peak_in 2.46 outside 4.28-
e1a648ae-aa0f-3454-b6db-5b485b6c9dc0,HOME,59.720896219707896,3.9,178.0,122.0,L,0.1,15.93,7.0,PASS,0.938,PASS,656427,"Flaherty, Jack",CS,2B,high,
801ae11c-6234-3194-9465-9241aa25d8c4,AWAY,59.762743702179336,8.0,175.0,,,0.2,,9.0,no_set_before_lift,,cut_in_window,681190,"Vásquez, Randy",CS,2B,not measured,no_set_before_lift
f3bd2c26-9fef-3cc2-bf0a-6ab4607f750c,HOME,59.67691891945993,3.8,192.0,135.0,L,0.15,17.38,9.0,PASS,0.955,PASS,683742,"Franco, Jose",SB,3B,high,
16048701-cedb-346e-b88a-d95653c7c987,HOME,59.713285066360754,3.8,178.0,115.0,R,0.12,16.81,9.0,PASS,1.055,PASS,593958,"Rodriguez, Eduardo",SB,2B,high,
1ee665a9-e5d4-387d-8596-86c4102e24f3,AWAY,59.72932856676872,6.9,,,,,,,no_release,,no_release,605488,"Springs, Jeffrey",SB,3B,not measured,no_release
f6ed9b93-f7d2-329e-a364-da0faee88fdd,HOME,59.735333231594325,3.8,180.0,113.0,R,0.1,19.15,9.0,PASS,1.122,PASS,641743,"Kay, Anthony",SB,2B,high,
1c4256a0-20c1-37f0-9b49-10d65ad92b6a,AWAY,59.78162853197962,6.9,,,,,,,no_release,,no_release,656427,"Flaherty, Jack",SB,2B,not measured,no_release
dc22ff77-2369-35ce-bdd9-215721e154eb,HOME,59.66837850006851,3.7,176.0,123.0,L,0.15,13.09,9.0,PASS,0.888,PASS,689147,"Kerkering, Orion",SB,2B,high,
02e68851-e61e-33b2-bdf1-eb420cd06013,HOME,59.74368723580327,3.9,178.0,125.0,L,0.29,15.8,9.0,PASS,0.887,PASS,681799,"Roberts, Ethan",SB,2B,high,
22aeec34-b504-3211-9807-905c91f60649,HOME,59.684742131306436,3.8,176.0,113.0,L,0.24,23.26,7.0,PASS,1.056,PASS,676106,"Hancock, Emerson",CS,2B,high,
6046637f-97cf-3362-b307-e1bcc2274ae9,HOME,59.731379453543205,3.8,179.0,124.0,R,0.13,13.08,9.0,PASS,0.921,PASS,663460,"Bubic, Kris",SB,2B,high,
2d4b5c60-5982-3207-b7aa-43c820240866,AWAY,59.70015009359769,5.4,,,,,,,not_cf_view,,cut_in_window,573124,"Rogers, Taylor",SB,2B,not measured,not_cf_view
6ca7f844-c9e0-3c3a-a936-04fbce8d04d2,HOME,59.64407345336314,3.8,172.0,115.0,L,0.21,17.26,9.0,PASS,0.956,PASS,607192,"Glasnow, Tyler",SB,2B,high,
fc853b2a-5694-3f8b-b93c-ad563e4576ce,AWAY,59.681835993201744,8.0,179.0,118.0,L,0.23,8.37,9.0,cut_in_window,,cut_in_window,622608,"Senzatela, Antonio",CS,2B,not measured,cut_in_window
7258838b-259f-345b-ad46-f6e498aed69b,HOME,59.75079980798645,3.9,180.0,119.0,R,0.12,25.38,8.0,PASS,1.021,PASS,571578,"Corbin, Patrick",SB,2B,high,
a2375a33-a790-3260-a230-414dddf56a07,HOME,59.68355051307238,3.8,175.0,108.0,L,0.22,32.19,8.0,PASS,1.123,PASS,621242,"Díaz, Edwin",SB,2B,high,
626b1c6c-2a47-3ba8-aaf9-2f3e7439f189,AWAY,59.70881440860592,7.6,175.0,112.0,L,0.13,28.49,7.0,PASS,1.055,cut_in_window,621111,"Buehler, Walker",SB,2B,high,
8adffce0-88e3-3103-b76a-787a7db4dc66,HOME,59.67375390060783,3.8,176.0,116.0,L,0.26,15.46,9.0,PASS,1.005,PASS,647336,"Soroka, Michael",SB,2B,high,
a77e0e99-077b-3777-941b-a61f924d8c90,HOME,59.7109782530513,3.8,177.0,134.0,L,0.38,2.71,9.0,PASS,0.72,PASS,641585,"France, J.P.",CS,2B,low,release_to_wrist 0.38 outside -0.32; lift_peak_in 2.71 outside 4.28-
e6c46914-bf12-3729-b90f-d355b8d31b7d,AWAY,59.71569962819023,7.5,199.0,135.0,R,0.1,17.12,5.0,PASS,1.072,release_not_at_hand,571927,"Matz, Steven",SB,2B,high,
164146b0-c44a-3fee-a6cf-a80a94f0c34e,AWAY,59.76052641041315,8.2,182.0,127.0,L,0.09,3.94,9.0,PASS,0.92,cut_in_window,680573,"Woods Richardson, Simeon",CS,3B,low,lift_peak_in 3.94 outside 4.28-
16b6d4e0-07c4-310c-a133-b5b378cba8f2,AWAY,59.67087458374194,8.2,179.0,117.0,L,0.13,17.8,9.0,PASS,1.039,cut_in_window,647336,"Soroka, Michael",SB,2B,high,
ed3249a4-7910-3ddc-9f35-6f8a141d833b,HOME,59.69610486299902,3.7,180.0,118.0,R,0.15,26.55,9.0,PASS,1.039,PASS,642232,"Yarbrough, Ryan",SB,2B,high,
58e9a4d8-8db3-380f-8884-eaedb35db05e,AWAY,59.80861244019139,9.7,251.0,,,1.23,,9.0,release_not_at_hand,,cut_in_window,693821,"Elder, Bryce",SB,2B,not measured,release_not_at_hand
f260d8fb-2cf7-3efc-9a63-295770a05987,AWAY,59.69654257524252,7.6,178.0,,,0.11,,9.0,no_set_before_lift,,no_set_before_lift,663623,"Irvin, Jake",SB,2B,not measured,no_set_before_lift
7aeb1d8f-1ab3-36a3-aa5b-227a7be265b0,HOME,59.75918822172039,5.5,176.0,123.0,L,0.11,3.98,9.0,PASS,0.887,PASS,647336,"Soroka, Michael",CS,2B,low,lift_peak_in 3.98 outside 4.28-
ba7257c0-c2c2-3246-9b1e-5a65c8ba4fe8,AWAY,59.654535821895266,7.6,180.0,119.0,L,0.43,7.55,9.0,PASS,1.023,release_not_at_hand,663372,"Feltner, Ryan",CS,2B,low,release_to_wrist 0.43 outside -0.32
17b14046-4714-357f-a66a-d2aa17a55844,HOME,59.819356877508575,3.8,179.0,118.0,L,0.11,17.64,9.0,PASS,1.02,PASS,674370,"Bido, Osvaldo",SB,2B,high,
236018d1-ec06-3f83-a9e5-523861accf6b,HOME,59.6769456681351,3.8,180.0,116.0,L,0.13,21.28,9.0,PASS,1.072,PASS,663554,"Mize, Casey",SB,2B,high,
c9b5d70a-597b-3fd0-82d8-633a03403521,AWAY,59.66370653599462,11.3,235.0,,,1.53,,6.0,not_cf_view,,cut_in_window,455119,"Martin, Chris",CS,2B,not measured,not_cf_view
8f1644b3-9beb-3e03-84b4-fabadf46e5cc,HOME,59.70713232934033,3.8,181.0,119.0,L,0.13,22.47,9.0,PASS,1.038,PASS,669622,"Bender, Anthony",SB,2B,high,
ea88da31-9e2b-3b24-80cf-215a847d75e6,HOME,59.67673369806299,3.7,177.0,101.0,R,0.11,24.9,9.0,PASS,1.274,PASS,682052,"Lopez, Jacob",SB,2B,high,
a9080d5f-5db7-3294-bbb8-e427437b7a47,HOME,59.70984206827681,3.9,181.0,110.0,R,0.19,31.6,6.0,PASS,1.189,PASS,621366,"Borucki, Ryan",SB,2B,high,
83e697f0-164d-33bf-9e1c-ecabc741b71f,AWAY,59.74803927623047,5.0,,,,,,,not_cf_view,,cut_in_window,641778,"Lauer, Eric",CS,2B,not measured,not_cf_view
4a004f1a-35f6-35d8-b088-0fb397a62c1e,HOME,59.71024331538426,3.8,177.0,107.0,L,0.11,23.53,8.0,PASS,1.172,PASS,641755,"Kinley, Tyler",SB,3B,high,
39076361-c01e-3252-8ff4-c54b55882fdf,AWAY,59.742323513733695,8.1,171.0,,,0.17,,9.0,cut_in_window,,cut_in_window,608566,"Márquez, Germán",SB,2B,not measured,cut_in_window
cf7b7761-2da4-3f40-ac53-3f2873dc4ce6,AWAY,59.65996179875964,8.1,179.0,,,0.16,,9.0,cut_in_window,,cut_in_window,683004,"Leiter, Jack",SB,2B,not measured,cut_in_window
80b7f59f-569b-3a56-ab6c-d63c8cc7e36d,HOME,59.773268963321264,3.8,176.0,114.0,R,0.18,12.75,9.0,PASS,1.037,PASS,621237,"Alvarado, José",SB,2B,high,
b7d45726-e350-3911-82fc-59ccdd9ae529,AWAY,,5.8,,,,,,,no_clip,,not_cf_view,668873,"Kilian, Caleb",SB,2B,not measured,no_clip
fbc0560d-2029-32b0-9cbf-21e1f1ff715a,HOME,59.735152745711666,3.8,178.0,117.0,L,0.13,18.36,9.0,PASS,1.021,PASS,665795,"Cabrera, Edward",SB,2B,high,
002fd796-cd19-3cc5-b3a3-d47e3d4a729b,AWAY,59.74871639134703,12.0,180.0,,,1.26,,6.0,cut_in_window,,cut_in_window,663372,"Feltner, Ryan",SB,2B,not measured,cut_in_window
5df60c03-ddc3-3733-94f6-896a2be31a85,HOME,59.89382231332592,3.8,179.0,110.0,L,0.13,19.5,8.0,PASS,1.152,PASS,665795,"Cabrera, Edward",SB,2B,high,
33342267-997c-3362-9674-c74e96eb8174,HOME,59.70915193586641,3.8,182.0,124.0,L,0.14,14.55,9.0,PASS,0.971,PASS,665795,"Cabrera, Edward",SB,2B,high,
7f9a338e-ad41-3af9-b174-9069b3a0f67e,HOME,59.7005366186165,3.8,182.0,123.0,L,0.13,11.74,9.0,PASS,0.988,PASS,657097,"Webb, Jacob",CS,2B,high,
c429a619-81ef-3f6c-a1cc-7c53c1473e36,AWAY,59.644645039221096,8.0,173.0,114.0,L,0.12,16.97,9.0,PASS,0.989,cut_in_window,608566,"Márquez, Germán",CS,2B,high,
ce312470-8e7e-3a1d-9d86-e26c51f94ff8,HOME,59.67196721846027,3.8,175.0,115.0,L,0.23,17.73,9.0,PASS,1.005,PASS,665795,"Cabrera, Edward",SB,2B,high,
9dac63c9-3115-39da-914e-941859a42c26,AWAY,,3.8,,,,,,,no_clip,,release_not_at_hand,657277,"Webb, Logan",SB,2B,not measured,no_clip
24ab50ef-7cee-3ef6-8624-5c418ae20f54,HOME,59.68007676709154,3.8,177.0,118.0,L,0.12,11.48,9.0,PASS,0.989,PASS,687075,"Sproat, Brandon",CS,2B,high,
dd00508e-f9f9-3082-8cef-ff49284b9eef,HOME,59.63032525001906,3.8,174.0,112.0,R,0.08,22.75,3.0,PASS,1.04,PASS,641302,"Alexander, Tyler",SB,2B,low,ball_pts 3.0 outside 5-
f5b89562-7438-365a-b48c-0eb3d558c4e0,HOME,59.624615595805984,3.8,177.0,115.0,L,0.21,23.08,9.0,PASS,1.04,PASS,685801,"Bigge, Hunter",SB,2B,high,
8961d52b-46ed-3625-9c2c-7240c3aed8d5,HOME,59.798223708002425,3.8,181.0,116.0,R,0.09,27.97,9.0,PASS,1.087,PASS,573009,"Mantiply, Joe",SB,2B,high,
595bc7f8-540e-3941-8e5f-35b7fb7f8fe3,HOME,59.8234377704691,3.7,178.0,117.0,L,0.2,17.1,9.0,PASS,1.02,PASS,592791,"Taillon, Jameson",SB,2B,high,
d4c54165-ab3a-3921-b002-6b5d90500292,AWAY,59.702912598265996,9.2,,,,,,,no_release,,not_cf_view,693312,"Nicolas, Kyle",SB,2B,not measured,no_release
a1c842b4-f485-3dbb-8c2a-d24a649cd1a8,AWAY,59.75299904971573,7.0,,,,,,,no_release,,no_release,650556,"Abreu, Bryan",SB,2B,not measured,no_release
a330d06d-834c-3728-9212-1bbc790e1cd6,HOME,59.680508936259955,3.8,177.0,134.0,L,0.2,2.62,7.0,PASS,0.721,PASS,650644,"Civale, Aaron",CS,2B,low,lift_peak_in 2.62 outside 4.28-
374e74d1-e2e2-3871-8392-aadc04a2e00f,HOME,59.755665722379604,3.8,182.0,134.0,L,0.17,3.61,9.0,PASS,0.803,PASS,605288,"Houser, Adrian",CS,2B,low,lift_peak_in 3.61 outside 4.28-
aa0157dd-cab7-3147-a8d5-a6c2302c80f0,HOME,59.710621865949605,3.8,178.0,112.0,L,0.16,24.91,7.0,PASS,1.105,PASS,693645,"Schlittler, Cam",SB,2B,high,
4fd48f2d-775d-3340-9b9a-633bbc687f71,HOME,59.799428710401955,5.4,152.0,115.0,L,0.1,16.05,5.0,PASS,0.619,PASS,594798,"deGrom, Jacob",CS,3B,low,delivery_s 0.619 outside 0.7-1.31
66ee13d5-684e-3393-8e43-f8711c45935f,HOME,59.71089807098962,3.8,180.0,120.0,R,0.11,15.85,9.0,PASS,1.005,PASS,621237,"Alvarado, José",SB,2B,high,
cadc57b8-cab4-302a-a0be-baf2a211f6d3,AWAY,59.68184473845744,6.9,,,,,,,no_release,,no_release,605288,"Houser, Adrian",SB,2B,not measured,no_release
e9b74004-fa93-392e-b18a-a7d34b6a8950,HOME,59.66477600369275,3.8,180.0,117.0,L,0.21,11.86,6.0,PASS,1.056,PASS,694037,"Palencia, Daniel",SB,2B,high,
c175a74c-a321-39df-a63c-bcc30be95f81,AWAY,59.69335303459635,9.8,180.0,119.0,L,0.19,18.75,9.0,PASS,1.022,cut_in_window,668678,"Gallen, Zac",SB,2B,high,
c6f67d4e-f62d-3f9e-b348-084d7b1318db,AWAY,59.60495290616021,7.6,178.0,120.0,R,0.11,14.8,9.0,PASS,0.973,release_not_at_hand,702070,"Cameron, Noah",CS,2B,high,
e9709103-3fee-31bd-a599-5a3394cb57c7,AWAY,59.698347339975264,6.1,177.0,125.0,L,0.23,9.39,9.0,PASS,0.871,no_release,694361,"Klein, Will",CS,2B,high,
ce941478-2824-3a63-9621-8844e9adca7e,AWAY,59.64747671067623,8.2,201.0,139.0,L,0.19,22.16,8.0,PASS,1.039,cut_in_window,693645,"Schlittler, Cam",SB,2B,high,
57395887-9829-3e94-af5e-706cf4b72fcd,AWAY,,4.4,,,,,,,no_clip,,cut_in_window,676440,"Bibee, Tanner",SB,2B,not measured,no_clip
80ec7c3a-c9bc-3e5c-bf6a-f8cdadf37fc4,HOME,59.74596205112122,3.8,181.0,126.0,L,0.17,10.49,9.0,PASS,0.921,PASS,678368,"Bellozo, Valente",SB,2B,high,
fe70a83f-6ee4-3ab0-8d0e-dbc8dda29093,AWAY,59.73763324908296,9.4,180.0,113.0,L,0.17,14.79,9.0,PASS,1.122,no_set_before_lift,544150,"Suárez, Albert",CS,2B,high,
df4dfa2f-bd32-3b0c-9469-dc87e746aa3d,AWAY,59.752461132552355,7.5,183.0,126.0,R,0.13,14.42,9.0,PASS,0.954,release_not_at_hand,607481,"Bummer, Aaron",SB,2B,high,
da07f6e4-3d78-3072-be68-b07be6c6ae68,AWAY,59.726467435945196,8.1,177.0,125.0,L,0.2,13.96,9.0,PASS,0.871,cut_in_window,687606,"Schultz, Paxton",SB,2B,high,
7e497c51-829e-3062-911f-155e9a345930,HOME,59.75193310353468,3.8,174.0,108.0,L,0.19,29.11,9.0,PASS,1.105,PASS,665871,"Assad, Javier",SB,2B,high,
5e094ca5-b656-3edb-9a62-375a2592b6fb,AWAY,59.679644948760526,7.6,182.0,105.0,L,0.16,25.84,6.0,PASS,1.29,release_not_at_hand,605447,"Romano, Jordan",SB,3B,high,
aa42affc-74d7-3563-86e4-5ea83b9c199f,AWAY,59.74944943860789,4.6,,,,,,,not_cf_view,,no_release,622663,"Severino, Luis",SB,2B,not measured,not_cf_view
102f7a8d-bd12-352d-a86e-98a36f290374,AWAY,59.61366442179033,7.6,148.0,,,0.09,,7.0,no_set_before_lift,,no_release,691548,"Muñoz, Rolddy",SB,2B,not measured,no_set_before_lift
44a7ce83-b83f-3f2f-8912-cb639ec4625f,AWAY,59.68206542840556,10.8,178.0,114.0,R,0.1,22.03,6.0,not_cf_view,,no_set_before_lift,669461,"Liberatore, Matthew",CS,2B,not measured,not_cf_view
efd193f1-3e5c-32c6-acd7-0ea7b0cff215,AWAY,59.7212419740992,8.1,176.0,123.0,L,0.18,6.59,9.0,PASS,0.887,cut_in_window,671131,"Rutledge, Jackson",SB,2B,high,
32ab8adc-8150-3f8d-8ef3-e85cede297c1,AWAY,59.641049240681085,9.7,170.0,112.0,L,0.27,19.34,5.0,PASS,0.972,cut_in_window,518886,"Kimbrel, Craig",CS,2B,high,
f2f8157b-3de3-3315-8dcd-0892c2dae817,HOME,59.73428898953394,3.8,177.0,115.0,R,0.13,22.22,8.0,PASS,1.038,PASS,669461,"Liberatore, Matthew",SB,2B,high,
607d200b-b22d-3221-9f09-34a77e17d890,HOME,59.689887023738734,3.8,182.0,124.0,L,0.22,9.41,9.0,PASS,0.972,PASS,542888,"Armstrong, Shawn",SB,2B,high,
23756f54-d539-3191-9968-660e89be1379,HOME,59.639200906997786,3.8,178.0,124.0,L,0.12,13.13,9.0,PASS,0.905,PASS,663903,"Singer, Brady",CS,2B,high,
ec1c759f-04a0-35bc-bdeb-5627629aaeb0,AWAY,59.74133274015698,11.3,232.0,,,0.74,,9.0,release_not_at_hand,,release_not_at_hand,676974,"Meyer, Max",SB,2B,not measured,release_not_at_hand
85a0b3cb-2ac8-3bb9-ad4f-2fdd7f5ed18c,AWAY,59.64421189026652,11.0,189.0,,,0.41,,8.0,cut_in_window,,cut_in_window,663556,"McClanahan, Shane",SB,2B,not measured,cut_in_window
285847f7-40ff-3a8e-a837-355a5be62545,AWAY,59.80629900174063,7.699999999999999,177.0,121.0,L,0.23,19.26,9.0,PASS,0.936,cut_in_window,543243,"Gray, Sonny",SB,2B,high,
ad023cfc-dda7-3d93-a39b-0c71467a2be3,AWAY,59.7738884431871,7.6,193.0,130.0,L,0.09,19.76,8.0,PASS,1.054,not_cf_view,681982,"Anderson, Grant",CS,3B,high,
a027f4c0-57ce-32c0-bd39-66270aaf3d22,HOME,59.69348402025554,3.9,178.0,108.0,R,0.17,17.03,7.0,PASS,1.173,PASS,663556,"McClanahan, Shane",SB,2B,high,
176ce07d-be4a-3329-a140-d6874e94487a,AWAY,59.65093158553649,7.6,174.0,128.0,L,0.4,3.27,7.0,PASS,0.771,not_cf_view,656605,"Keller, Mitch",CS,2B,low,release_to_wrist 0.4 outside -0.32; lift_peak_in 3.27 outside 4.28-
c6c451b2-2a2b-3b6f-970d-f5a8c4123bbc,HOME,59.639585468066436,3.8,180.0,133.0,R,0.14,7.67,8.0,PASS,0.788,PASS,592662,"Ray, Robbie",CS,2B,high,
c1d53873-6eac-30d0-b1d9-3ed66c8c4b46,HOME,59.64906851519465,5.5,179.0,117.0,L,0.13,25.88,9.0,PASS,1.039,PASS,625643,"López, Reynaldo",SB,2B,high,
944def64-c6a3-3b02-89da-c7897480c183,AWAY,59.69195755682215,7.6,176.0,107.0,L,0.1,23.53,6.0,PASS,1.156,no_set_before_lift,656605,"Keller, Mitch",SB,3B,high,
038cbce4-322e-37a7-9c05-fccc0b7a5a27,HOME,59.640156221603235,3.8,166.0,126.0,L,0.03,21.64,8.0,PASS,0.671,PASS,625643,"López, Reynaldo",SB,2B,low,delivery_s 0.671 outside 0.7-1.31
eec748c7-cc95-30f4-b5a5-85f3dac79f3e,HOME,59.90380500094728,3.8,179.0,120.0,L,0.17,7.73,7.0,PASS,0.985,PASS,656546,"Hoffman, Jeff",SB,2B,high,
0c08ce7f-db43-34b4-a2c7-30c180e8be66,HOME,59.723044893925,3.8,179.0,117.0,L,0.2,22.72,9.0,PASS,1.038,PASS,666277,"Soriano, George",SB,2B,high,
041521be-ae16-3973-8a57-bad5826d1cf0,HOME,59.80494651066206,3.9,209.0,146.0,R,0.12,23.86,9.0,PASS,1.053,PASS,669432,"Rogers, Trevor",SB,2B,high,
3f497899-891a-39eb-8ed2-61aba3d0637c,HOME,59.6960413590295,3.8,178.0,123.0,R,0.12,5.96,9.0,PASS,0.921,PASS,676467,"Gordon, Colton",CS,2B,high,
f98e2dcf-e004-3f4d-9863-6878449dd1fe,HOME,59.71584874656834,3.8,177.0,105.0,R,0.19,28.12,8.0,PASS,1.206,PASS,676282,"Cantillo, Joey",CS,2B,high,
c6222967-d702-3510-a017-ca069daaee2f,AWAY,59.772381939482976,7.6,183.0,,,0.57,,6.0,no_set_before_lift,,no_set_before_lift,663556,"McClanahan, Shane",SB,2B,not measured,no_set_before_lift
6a7f1292-00db-3d1f-9aae-5cb6b8d16b2f,AWAY,59.75129493471977,9.5,222.0,,,0.69,,5.0,cut_in_window,,no_release,518876,"Kelly, Merrill",SB,2B,not measured,cut_in_window
170c9124-6a30-335f-9d6b-3e7b578de4c8,HOME,59.72435313778098,3.8,174.0,106.0,R,0.19,20.89,9.0,PASS,1.139,PASS,605488,"Springs, Jeffrey",SB,2B,high,
0edbb238-15b7-32b7-9c1f-76aabc983ede,AWAY,59.678205753291074,9.3,251.0,,,1.76,,9.0,cut_in_window,,no_release,664199,"Clarke, Taylor",CS,2B,not measured,cut_in_window
d35818e5-4a7d-385d-9505-5743e42921c6,HOME,59.70830446530131,3.8,185.0,109.0,L,0.46,29.9,9.0,PASS,1.273,PASS,656546,"Hoffman, Jeff",SB,2B,low,release_to_wrist 0.46 outside -0.32
c6e331d1-1126-348b-a8cc-9e07b175c388,HOME,59.734272991661335,3.8,178.0,122.0,R,0.14,28.71,9.0,PASS,0.937,PASS,702273,"Schultz, Noah",SB,2B,high,
a905e0b4-f80e-3d45-b0f0-42c16da5293c,HOME,59.75949583613158,3.9,203.0,141.0,L,0.24,7.77,5.0,PASS,1.037,PASS,445276,"Jansen, Kenley",SB,2B,high,
b87c6c48-7e3c-37bd-bdcd-0231529310ec,HOME,59.5833006845843,4.0,210.0,144.0,R,0.09,23.01,9.0,PASS,1.108,PASS,669432,"Rogers, Trevor",SB,2B,high,
1c9e4292-134f-306e-bff7-71b19725fb00,HOME,59.60916964071874,3.7,172.0,113.0,L,0.22,23.27,7.0,PASS,0.99,PASS,668964,"Myers, Tobias",SB,2B,high,
dfc46465-ceab-311e-a8da-bb0c6d111254,AWAY,59.75036288353613,5.4,179.0,,,0.17,,9.0,cut_in_window,,not_cf_view,656302,"Cease, Dylan",SB,2B,not measured,cut_in_window
0839f5c3-694b-3e37-a0bd-2d563aa2f9b9,HOME,59.70402049414604,3.7,176.0,113.0,L,0.14,5.08,8.0,PASS,1.055,PASS,677944,"Cecconi, Slade",SB,2B,high,
b5c1945b-0903-3092-9bb2-cda179e51444,HOME,59.777857474848034,3.8,182.0,115.0,L,0.34,17.56,8.0,PASS,1.121,PASS,605447,"Romano, Jordan",SB,2B,low,release_to_wrist 0.34 outside -0.32
94966c37-85e8-394e-8f27-102afeaf3af9,AWAY,59.720521380282165,9.6,260.0,,,,,8.0,cut_in_window,,no_release,677958,"Rocker, Kumar",SB,2B,not measured,cut_in_window
a67929cd-29a5-3855-9653-c326d616a263,HOME,59.74203344180493,3.8,178.0,121.0,R,0.14,14.22,9.0,PASS,0.954,PASS,593958,"Rodriguez, Eduardo",SB,2B,high,
cd650090-0984-341e-b9f8-f2a85f40da52,HOME,59.665897669203545,3.8,172.0,119.0,L,0.48,3.81,9.0,PASS,0.888,PASS,677958,"Rocker, Kumar",SB,2B,low,release_to_wrist 0.48 outside -0.32; lift_peak_in 3.81 outside 4.28-
50f7631d-b900-352b-a486-a69e7546d1ff,HOME,59.674976369164895,3.8,179.0,113.0,L,0.17,19.51,9.0,PASS,1.106,PASS,677944,"Cecconi, Slade",SB,3B,high,
bfa86c6f-85d3-33bc-a80e-de460e80e40d,HOME,59.75285021809433,3.7,176.0,111.0,L,0.16,19.28,6.0,PASS,1.088,PASS,650556,"Abreu, Bryan",SB,2B,high,
85c4a2a5-906b-335e-aaa9-5d92ccb6fce1,HOME,59.62578855105359,3.8,181.0,127.0,L,0.03,6.9,9.0,PASS,0.906,PASS,669160,"May, Dustin",CS,2B,high,
0297ee76-7d48-37ed-9832-1cb7528e45ab,HOME,59.80777995047449,3.7,182.0,101.0,R,0.59,27.1,6.0,PASS,1.354,PASS,666200,"Luzardo, Jesús",SB,3B,low,release_to_wrist 0.59 outside -0.32; delivery_s 1.354 outside 0.7-1.31
0a868bc6-0d96-347c-818b-43052da3e054,HOME,59.665679247500016,3.9,181.0,125.0,L,0.13,13.69,8.0,PASS,0.939,PASS,656302,"Cease, Dylan",CS,2B,high,
6439fa83-5eba-3e20-906a-fd654a0a54b4,AWAY,59.75037243357045,5.300000000000001,148.0,119.0,L,0.1,4.45,6.0,PASS,0.485,not_cf_view,669372,"Ginn, J.T.",SB,2B,low,delivery_s 0.485 outside 0.7-1.31
bcb4b2c4-be92-3beb-91dc-99eea202f395,HOME,59.77259267458518,5.5,180.0,118.0,L,0.22,25.88,9.0,PASS,1.037,PASS,669438,"Englert, Mason",CS,2B,high,
dd1745c1-b958-3c66-a2ec-3a0b74f39efc,HOME,59.62200928308273,3.8,178.0,111.0,R,0.1,26.93,9.0,PASS,1.124,PASS,656457,"Gilbert, Tyler",SB,2B,high,
d243435e-4ac7-37b8-a30e-44848a07789d,HOME,59.74974382658142,3.8,177.0,126.0,L,0.22,3.87,9.0,PASS,0.854,PASS,680573,"Woods Richardson, Simeon",SB,2B,low,lift_peak_in 3.87 outside 4.28-
7f532b26-63ad-3275-b974-7dbc7e270a7a,HOME,59.67891923929816,3.8,177.0,117.0,L,0.17,7.72,9.0,PASS,1.005,PASS,677944,"Cecconi, Slade",SB,2B,high,
594fa841-4b88-3128-9a0e-265ddb3b2fdd,HOME,59.8605032518874,3.7,179.0,115.0,L,0.11,18.61,9.0,PASS,1.069,PASS,681293,"Arrighetti, Spencer",SB,2B,high,
d3231fdc-2a59-3e2a-ba10-51be4918ce00,AWAY,59.71296850342435,8.2,178.0,120.0,L,0.14,19.28,9.0,cut_in_window,,no_set_before_lift,680732,"Burke, Sean",SB,2B,not measured,cut_in_window
46f42f67-e5d8-391f-bc9e-ce7daa71a716,AWAY,59.739575950264275,8.2,175.0,120.0,L,0.18,5.63,9.0,PASS,0.921,cut_in_window,676760,"Marinaccio, Ron",SB,2B,high,
426edfc0-64c4-346f-ac39-624907947da9,AWAY,59.663264153075446,10.2,249.0,,,1.89,,9.0,cut_in_window,,no_release,680732,"Burke, Sean",SB,2B,not measured,cut_in_window
067ea7c6-223a-39d4-b5ce-e768b3de8dd0,AWAY,59.74352081926479,8.1,178.0,119.0,L,0.25,18.96,9.0,PASS,0.988,cut_in_window,661563,"Gil, Luis",SB,2B,high,
52841c4c-0e80-31f0-b0ac-b000516cf7f0,AWAY,59.68366196324627,5.3,,,,,,,not_cf_view,,no_release,656464,"Ginkel, Kevin",SB,2B,not measured,not_cf_view
ec370b61-b855-3d5d-980c-a37c1231ff52,HOME,59.690348083891514,3.7,178.0,122.0,R,0.09,14.49,9.0,PASS,0.938,PASS,666200,"Luzardo, Jesús",CS,2B,high,
6947d56c-9283-392a-9710-dda544746686,HOME,59.75870261061682,3.8,175.0,108.0,R,0.1,18.68,9.0,PASS,1.121,PASS,641743,"Kay, Anthony",SB,2B,high,
58462895-a3a6-33dd-b69f-f38017cd3dcb,AWAY,59.69870276702006,9.7,,,,,,,no_release,,not_cf_view,683409,"Chivilli, Angel",SB,2B,not measured,no_release
36da4a9c-49dd-3252-980d-47783d083da1,HOME,59.67661620943835,3.8,179.0,122.0,L,0.15,7.31,9.0,PASS,0.955,PASS,656638,"Lange, Alex",SB,2B,high,
4d0ff743-d4c4-3500-8fbb-8030e64e934a,AWAY,59.64560761545216,9.4,176.0,121.0,R,0.15,18.99,8.0,PASS,0.922,release_not_at_hand,608718,"Suter, Brent",SB,3B,high,
dd6a04ab-dc4d-344f-9290-dfa410cc161c,AWAY,59.63541411027889,7.6,176.0,109.0,L,0.14,34.35,9.0,PASS,1.123,cut_in_window,695505,"Burns, Chase",CS,2B,high,
6081e8d8-633d-3309-bb5b-a7270d152c5d,HOME,59.68911066871632,3.8,180.0,121.0,L,0.16,21.6,9.0,PASS,0.988,PASS,685005,"Roa, Christian",SB,2B,high,
b90ba841-6c50-3ae1-990c-fc8081cd7fcc,HOME,59.70125586705569,3.8,179.0,122.0,L,0.55,11.73,9.0,PASS,0.955,PASS,680704,"Sandlin, Nick",CS,2B,low,release_to_wrist 0.55 outside -0.32
b62dd70d-6417-383d-80c2-8ae557666e09,HOME,59.70598515370578,3.8,177.0,111.0,R,0.15,26.3,7.0,PASS,1.105,PASS,682052,"Lopez, Jacob",SB,2B,high,
4b117ab1-8126-32ad-882c-04cfcbe9abd3,AWAY,59.7723599137931,6.199999999999999,,,,,,,no_release,,no_release,683004,"Leiter, Jack",SB,2B,not measured,no_release
8f7ca349-0404-3b01-ad4a-32a72bf7249d,AWAY,59.67991171299062,6.8,,,,,,,no_release,,no_release,605130,"Barlow, Scott",SB,2B,not measured,no_release
e36add62-76c0-3924-b4cb-f3c2ca00f4e4,HOME,59.670966871937786,3.8,175.0,124.0,R,0.21,19.68,9.0,PASS,0.855,PASS,656492,"Griffin, Foster",SB,3B,high,
a2841125-a6ea-3fb0-a475-0050321809b6,AWAY,59.72540959956676,8.1,175.0,109.0,L,0.1,27.05,9.0,cut_in_window,,cut_in_window,642701,"Santana, Dennis",SB,2B,not measured,cut_in_window
97ae6557-7949-35d0-a846-0b18e15ce975,HOME,59.762651494854296,3.8,193.0,131.0,L,0.12,21.57,9.0,PASS,1.037,PASS,622491,"Castillo, Luis",CS,2B,high,
9d4493a5-d8c5-38d8-aa05-3bf4aa3bc54f,HOME,59.64801206969711,3.7,179.0,120.0,L,0.31,17.12,8.0,PASS,0.989,PASS,696147,"Bachman, Sam",SB,2B,high,
53f6c79f-7ba7-3bf5-ae21-26f207f89332,AWAY,59.65746488794963,5.4,,,,,,,not_cf_view,,cut_in_window,571578,"Corbin, Patrick",CS,2B,not measured,not_cf_view
f2ddc57e-efcb-3575-b075-c6bddf912514,HOME,59.89046777995172,3.8,177.0,119.0,L,0.19,10.85,8.0,PASS,0.968,PASS,690925,"Beeter, Clayton",SB,2B,high,
f95f445d-41eb-3985-a9f9-09a15fba575d,AWAY,59.737671151071105,7.4,182.0,,,0.1,,5.0,no_set_before_lift,,no_set_before_lift,805123,"Blubaugh, AJ",SB,2B,not measured,no_set_before_lift
95c8eff8-b651-36c8-a722-1e6cd1b1b077,HOME,59.70172014151519,3.7,174.0,113.0,L,0.16,16.72,9.0,PASS,1.022,PASS,676083,"Junk, Janson",SB,3B,high,
561a29e4-f8ea-3633-b6be-baf9c2a62c16,AWAY,59.68023442470799,7.0,,,,,,,no_release,,no_release,594798,"deGrom, Jacob",CS,2B,not measured,no_release
c94b58a7-290b-348f-b19d-37dbf6d143b4,AWAY,59.62188296539969,7.4,171.0,,,0.2,,9.0,no_set_before_lift,,cut_in_window,647336,"Soroka, Michael",SB,3B,not measured,no_set_before_lift
207bfe77-ce74-321d-950f-613723578e18,AWAY,59.72141819169926,8.2,179.0,112.0,L,0.1,20.13,9.0,PASS,1.122,cut_in_window,641793,"Littell, Zack",CS,2B,high,
70bb9a70-bac9-3a1d-b331-160a61adaf9e,AWAY,,6.0,,,,,,,no_clip,,cut_in_window,640448,"Finnegan, Kyle",SB,2B,not measured,no_clip
5d10956e-1a11-3f24-9343-986c6f6039d8,HOME,59.73153628198536,3.7,162.0,102.0,L,0.14,15.67,6.0,PASS,1.004,PASS,688642,"Agnos, Zach",SB,2B,high,
547bda24-10d1-31d2-a87a-412da295621e,HOME,59.66307482167248,3.8,180.0,117.0,L,0.15,31.38,9.0,PASS,1.056,PASS,643377,"Jax, Griffin",SB,2B,high,
f5833cfc-f70f-3f00-b89d-249458207a2b,HOME,59.78716435641366,5.4,176.0,117.0,L,0.35,22.67,9.0,PASS,0.987,PASS,665660,"Alvarado, Elvis",CS,2B,low,release_to_wrist 0.35 outside -0.32
15514b34-60a3-3859-932c-9e5fd281dda1,AWAY,59.759590107991784,7.8,185.0,122.0,L,1.59,13.34,9.0,release_not_at_hand,,not_cf_view,605135,"Bassitt, Chris",CS,2B,not measured,release_not_at_hand
ebaa440e-f258-3837-8ce8-e664d6d47d91,AWAY,,4.3,,,,,,,no_clip,,cut_in_window,663554,"Mize, Casey",CS,2B,not measured,no_clip
ba36e576-8260-31d1-88b5-65ce028e883b,HOME,59.662691320313264,3.8,181.0,119.0,R,0.19,4.84,8.0,PASS,1.039,PASS,547973,"Chapman, Aroldis",CS,2B,high,
eef50cab-5a84-3c3f-8735-c5f0a501595a,AWAY,,4.4,,,,,,,no_clip,,cut_in_window,682254,"Montgomery, Mason",SB,2B,not measured,no_clip
593227ac-a2d0-3edc-9670-bd7d5a4a9a76,AWAY,59.70725352664813,7.5,181.0,115.0,L,0.84,24.35,6.0,release_not_at_hand,,release_not_at_hand,676440,"Bibee, Tanner",SB,2B,not measured,release_not_at_hand
8a357305-40e6-367d-9fff-3403496b9f57,AWAY,,3.9,,,,,,,no_clip,,cut_in_window,672782,"Gómez, Yoendrys",SB,2B,not measured,no_clip
63d846cd-a2ae-334e-a372-71ef3ab859f9,HOME,59.70013216059791,5.4,174.0,108.0,L,0.19,17.85,7.0,PASS,1.106,PASS,665795,"Cabrera, Edward",CS,2B,high,
95b515c5-e88d-30eb-8af1-71fc38c71841,HOME,59.69426549194808,3.8,169.0,107.0,L,0.15,24.53,9.0,PASS,1.039,PASS,607192,"Glasnow, Tyler",SB,2B,high,
b5ae4772-113f-3139-ab8d-116b28b97e03,HOME,59.72069833483929,3.8,180.0,118.0,R,0.11,22.09,9.0,PASS,1.038,PASS,595345,"Okert, Steven",SB,2B,high,
8ee5d0cd-d9b4-3b62-8f51-b9e59568a1c6,AWAY,59.72013884986318,6.199999999999999,177.0,111.0,L,0.31,19.98,9.0,PASS,1.105,no_release,622554,"Domínguez, Seranthony",SB,2B,high,
6a968482-0993-31d3-ab3b-a16b9ad309b0,HOME,59.79538548742299,3.7,175.0,120.0,L,0.21,8.4,9.0,PASS,0.92,PASS,453286,"Scherzer, Max",SB,2B,high,
28432978-7ddb-355b-b961-ab917edad573,HOME,59.70587926564288,5.4,180.0,119.0,R,0.14,12.4,9.0,PASS,1.022,PASS,656794,"Newcomb, Sean",SB,2B,high,
3e3145f2-19c5-30d6-bf64-d2e3652aaf53,AWAY,59.741342115064775,8.2,182.0,126.0,R,0.13,7.92,9.0,PASS,0.937,cut_in_window,681895,"Sisk, Evan",CS,2B,high,
2ad7236e-c194-3b06-81f8-c578dbfae125,AWAY,59.76348917051668,6.3,,,,,,,no_release,,cut_in_window,607200,"Fedde, Erick",SB,2B,not measured,no_release
1489c1d7-cb21-387d-9542-bcb6922f87c9,HOME,59.70858022773062,3.8,179.0,124.0,L,0.21,12.94,9.0,PASS,0.921,PASS,592791,"Taillon, Jameson",CS,2B,high,
09ffe903-2e76-3493-8d50-72ab3fd50e5d,AWAY,59.704214515715385,7.4,,,,,,,no_release,,no_release,643410,"Leiter Jr., Mark",SB,2B,not measured,no_release
156d3093-a792-3b4c-a08a-8adb6a91cd38,AWAY,59.72792971517642,2.2,,,,,,,not_cf_view,,not_cf_view,645261,"Alcantara, Sandy",SB,2B,not measured,not_cf_view
5c006f0f-a70e-3675-8b91-eb08e1ae9197,HOME,59.74268719812038,3.8,173.0,117.0,L,0.16,4.21,7.0,PASS,0.937,PASS,669467,"Pallante, Andre",SB,2B,low,lift_peak_in 4.21 outside 4.28-
c1acdf7a-768d-3097-af9f-6ce985c01e36,HOME,59.73997920913718,3.9,177.0,111.0,L,0.29,20.12,9.0,PASS,1.105,PASS,669622,"Bender, Anthony",SB,2B,high,
740d9044-161b-3055-82f2-21fbe7d8a903,AWAY,59.628273252408086,2.3,,,,,,,not_cf_view,,not_cf_view,579328,"Kikuchi, Yusei",CS,2B,not measured,not_cf_view
9b703643-7918-349d-b848-6e7e5e25d27e,HOME,59.66145233169075,3.7,175.0,121.0,L,0.43,14.07,9.0,PASS,0.905,PASS,680704,"Sandlin, Nick",SB,2B,low,release_to_wrist 0.43 outside -0.32
ee2abb3d-9f4b-3477-824c-97bb04a14ee0,HOME,59.76591682576575,3.8,177.0,121.0,L,0.17,13.26,9.0,PASS,0.937,PASS,665152,"Kremer, Dean",SB,2B,high,
a4aefec7-1872-3899-86e7-38509adf78cf,AWAY,,3.9,,,,,,,no_clip,,not_cf_view,519242,"Sale, Chris",SB,2B,not measured,no_clip
42330856-2c0e-383a-8261-8f69d109b709,AWAY,59.70895758369898,7.4,183.0,117.0,L,0.73,15.75,7.0,release_not_at_hand,,release_not_at_hand,621121,"McCullers Jr., Lance",SB,2B,not measured,release_not_at_hand
6ae25e60-7b51-3bdf-bec3-441dfbcf4d8b,HOME,59.763799759549045,3.9,182.0,133.0,L,0.28,10.06,9.0,PASS,0.82,PASS,671737,"Bradley, Taj",SB,2B,high,
57ff2afa-ec32-3be0-ad04-0107abd6e9bf,HOME,59.62321130366089,3.7,173.0,115.0,L,0.22,18.96,9.0,PASS,0.973,PASS,608566,"Márquez, Germán",CS,2B,high,
386ce041-da87-38f1-bbf9-b8be76478db7,HOME,59.65764307341787,5.4,175.0,116.0,L,0.23,18.46,8.0,PASS,0.989,PASS,686218,"Sheehan, Emmet",SB,2B,high,
30a94644-9a64-39bb-accc-09868960620a,HOME,59.82648930017351,3.8,181.0,119.0,L,0.09,17.95,9.0,PASS,1.036,PASS,615698,"Quantrill, Cal",SB,2B,high,
1dbb2800-0f08-3955-bb59-e9afd5fb30de,AWAY,59.72280554388912,6.9,,,,,,,no_release,,no_release,596001,"Junis, Jakob",SB,2B,not measured,no_release
7f86fbea-62d8-334f-81af-3ffcd0b3765c,HOME,59.67292247513628,3.8,177.0,107.0,R,0.25,21.85,9.0,PASS,1.173,PASS,656849,"Peterson, David",SB,2B,high,
7d22a0c1-d4ab-3f1d-9ed0-bf585e67d7f4,AWAY,59.69354559235115,7.5,176.0,124.0,R,0.14,4.07,7.0,PASS,0.871,not_cf_view,693855,"Seymour, Ian",SB,2B,low,lift_peak_in 4.07 outside 4.28-
579f5595-5315-3616-a4ad-e8d52bbb0f40,AWAY,59.767892128793044,9.3,181.0,115.0,L,0.66,12.19,9.0,cut_in_window,,no_release,691587,"Pérez, Eury",SB,2B,not measured,cut_in_window
471d1930-4538-3ce9-a33a-f11cac1ea982,HOME,59.742198889893245,3.8,178.0,124.0,L,0.26,23.39,9.0,PASS,0.904,PASS,700712,"Ureña, Walbert",SB,2B,high,
9d6e31d4-c30d-32d0-a3ea-e5ae974a5d17,AWAY,59.7662475650788,2.4,,,,,,,not_cf_view,,not_cf_view,656849,"Peterson, David",CS,2B,not measured,not_cf_view
384a359e-817d-3e09-b324-0e77270dc6ab,AWAY,59.71078268170172,9.9,,,,,,,no_release,,cut_in_window,656605,"Keller, Mitch",CS,2B,not measured,no_release
5ccde285-f8d2-3676-98c4-e16defdd778d,HOME,59.66517642334474,3.9,170.0,112.0,R,0.1,16.38,9.0,PASS,0.972,PASS,592662,"Ray, Robbie",SB,2B,high,
a6c2b3a4-95c7-3e2e-9e0e-f1860a7c95be,HOME,59.680947352541864,3.8,176.0,104.0,R,0.16,18.51,9.0,PASS,1.206,PASS,663556,"McClanahan, Shane",SB,3B,high,
8122758e-a3aa-362b-b5bc-8d7201c4f164,HOME,59.721241800143545,3.9,179.0,113.0,R,0.15,27.92,7.0,PASS,1.105,PASS,676282,"Cantillo, Joey",SB,2B,high,
9b0e3631-97e3-3d5e-a4d2-befb4267e70a,HOME,59.732675658640126,5.5,105.0,40.0,R,0.18,21.74,8.0,PASS,1.088,PASS,676263,"Dreyer, Jack",CS,2B,high,
be32fcc2-596a-3b9b-9e68-6b1904d056f6,HOME,59.68681189712408,3.8,176.0,104.0,R,0.06,24.68,9.0,PASS,1.206,PASS,664285,"Valdez, Framber",SB,2B,high,
73ec954e-62f7-3221-a513-8b15ae086c0f,AWAY,59.7543612723717,7.9,144.0,,,,,8.0,cut_in_window,,cut_in_window,621242,"Díaz, Edwin",SB,2B,not measured,cut_in_window
3243a644-65fb-3740-9868-9428dc0a595f,HOME,59.752901125842655,3.8,178.0,109.0,R,0.17,27.37,9.0,PASS,1.155,PASS,676282,"Cantillo, Joey",SB,2B,high,
ce474e31-62ef-3eb2-b944-5342ee57438d,HOME,59.68004862818777,3.8,178.0,128.0,L,0.17,13.88,9.0,PASS,0.838,PASS,650633,"King, Michael",CS,2B,high,
e2814946-afbf-3407-8b7a-053c926a46a2,AWAY,59.67149007692259,7.0,,,,,,,no_release,,no_release,650633,"King, Michael",SB,2B,not measured,no_release
b4978850-a48c-33ae-b2fc-7ee5b8d70b8a,AWAY,59.77164167667118,5.699999999999999,,,,,,,no_release,,no_release,641927,"Ober, Bailey",SB,2B,not measured,no_release
ee5834fa-8b84-3a77-b3ef-3d946a90d193,AWAY,59.707294318866495,8.0,184.0,111.0,R,0.07,22.25,9.0,PASS,1.223,cut_in_window,682120,"Herrin, Tim",SB,2B,high,
cbf14700-ea20-3d3b-8e57-4cc48142d57f,HOME,59.69464417744392,3.8,178.0,114.0,R,0.18,17.63,9.0,PASS,1.072,PASS,676428,"Hurter, Brant",SB,3B,high,
3c33ab96-6ee5-3d2f-ac30-0d1c5f90ff8b,HOME,59.813458483360115,3.8,181.0,123.0,L,0.18,7.34,9.0,PASS,0.97,PASS,677944,"Cecconi, Slade",SB,2B,high,
7836dd78-855a-3fa3-925b-fdce06658072,AWAY,59.72463193854037,6.9,,,,,,,no_release,,no_release,693821,"Elder, Bryce",SB,2B,not measured,no_release
3bae7efa-8342-3ae1-bb25-846d028686c2,HOME,59.72346790122817,5.4,175.0,113.0,L,0.15,16.96,9.0,PASS,1.038,PASS,623454,"Anderson, Drew",SB,2B,high,
8925a02c-7afd-3efa-88d5-3d43b9dfa024,HOME,59.74504930650205,3.8,179.0,121.0,L,0.14,14.19,8.0,PASS,0.971,PASS,676974,"Meyer, Max",SB,2B,high,
e43d4daf-7a58-375a-8bff-9b2beb679343,HOME,59.661180680226174,3.8,182.0,112.0,L,0.22,24.96,9.0,PASS,1.173,PASS,694680,"Martin, Trevor",SB,3B,high,
206c191c-f7f6-3544-9743-6a19442562f2,HOME,59.73660299363774,3.8,177.0,115.0,R,0.13,16.98,9.0,PASS,1.038,PASS,676428,"Hurter, Brant",SB,2B,high,
d494d7a9-0ec6-3b5b-b3da-c520c0c1b62b,HOME,59.724922846388495,3.8,174.0,113.0,L,0.12,18.34,9.0,PASS,1.021,PASS,656302,"Cease, Dylan",SB,2B,high,
87ff8eab-c904-3c0f-9ecf-e4b0e886b399,AWAY,59.6780746116022,9.2,176.0,122.0,L,0.14,5.9,9.0,PASS,0.905,not_cf_view,676106,"Hancock, Emerson",SB,2B,high,
80696043-3bac-3744-86ca-862275761069,HOME,59.70501300979605,3.8,173.0,113.0,R,0.14,18.64,9.0,PASS,1.005,PASS,500779,"Quintana, Jose",SB,2B,high,
008ec4af-992d-3de6-a946-87c911bc68bc,AWAY,59.68991964537165,7.1,179.0,,,1.03,,5.0,release_not_at_hand,,no_release,656302,"Cease, Dylan",SB,3B,not measured,release_not_at_hand
db5a7181-8e58-3ab5-afed-fac8fdc81858,HOME,59.715658552982816,3.7,180.0,134.0,L,0.24,10.47,9.0,PASS,0.77,PASS,680694,"Bradish, Kyle",CS,2B,high,
001af24a-b6e3-3b85-be38-95ce217831a4,HOME,59.741170763048,3.8,177.0,114.0,L,0.16,32.72,9.0,PASS,1.055,PASS,543243,"Gray, Sonny",SB,2B,high,
ad2336bb-6300-3a19-9d38-331e59192934,HOME,59.77040348199937,3.8,177.0,126.0,L,0.29,3.68,8.0,PASS,0.853,PASS,681676,"Fernandez, Ryan",SB,2B,low,lift_peak_in 3.68 outside 4.28-
7cf0b620-c4e6-35a0-b57d-b4f4fce3925f,HOME,59.738535684395835,3.8,176.0,122.0,L,0.2,5.52,9.0,PASS,0.904,PASS,669372,"Ginn, J.T.",SB,2B,high,
7d8e92c3-c28e-3160-bd3b-d85925c85428,HOME,59.731346067000764,3.8,173.0,111.0,L,0.19,12.12,9.0,PASS,1.038,PASS,685299,"Gordon, Tanner",SB,2B,high,
552fadc1-f200-3d12-9014-8576312735bd,HOME,59.708549074631875,3.8,184.0,118.0,L,0.21,19.67,9.0,PASS,1.105,PASS,681293,"Arrighetti, Spencer",SB,2B,high,
c1a241bc-3a7e-3533-9814-766bb46e4673,HOME,59.706981876079496,3.8,178.0,126.0,L,0.18,2.25,9.0,PASS,0.871,PASS,663969,"Phillips, Tyler",CS,2B,low,lift_peak_in 2.25 outside 4.28-
bb99964d-9c0f-378b-9024-31cbc2132d10,HOME,59.75492038472301,3.8,175.0,117.0,R,0.09,28.74,8.0,PASS,0.971,PASS,689254,"Fluharty, Mason",CS,2B,high,
c832cbb8-dfbd-3120-9f1b-80841196ab5c,AWAY,59.71904901938607,7.699999999999999,185.0,116.0,L,0.25,19.58,9.0,PASS,1.155,release_not_at_hand,669358,"Baz, Shane",SB,3B,high,
145780d2-8137-3417-8dcc-d91d6afe6739,AWAY,59.717985785756994,9.5,176.0,122.0,R,0.2,13.89,9.0,PASS,0.904,cut_in_window,684007,"Imanaga, Shota",SB,2B,high,
68e14aa7-cb78-35b2-835e-9a8dec8cbb75,AWAY,59.735087871179985,4.9,180.0,,,0.15,,9.0,cut_in_window,,not_cf_view,571927,"Matz, Steven",SB,2B,not measured,cut_in_window
d7df0ddc-9d92-3fcf-af11-9ff0f29a5ae5,AWAY,59.69986020104421,4.6,,,,,,,no_release,,no_release,606303,"Payamps, Joel",SB,2B,not measured,no_release
ce3818c3-3b7f-315d-82aa-16329fcda44f,AWAY,59.70303737438368,8.100000000000001,177.0,116.0,L,0.2,20.55,9.0,PASS,1.022,cut_in_window,606303,"Payamps, Joel",SB,3B,high,
ff9ad8b6-27e0-3e8d-80b2-bf50bc4c30d8,HOME,59.75315389169741,3.9,178.0,121.0,L,0.18,21.82,9.0,PASS,0.954,PASS,669387,"Mlodzinski, Carmen",SB,2B,high,
43d87b40-2786-3f79-817d-3e024bed89e1,HOME,59.68553228204799,3.7,177.0,125.0,L,0.17,18.74,9.0,PASS,0.871,PASS,690997,"McLean, Nolan",SB,2B,high,
de92471c-a7d5-33ce-af8b-74ba633de690,AWAY,59.66321382773687,8.1,177.0,119.0,L,0.46,10.76,7.0,PASS,0.972,cut_in_window,622491,"Castillo, Luis",CS,2B,low,release_to_wrist 0.46 outside -0.32
94c92cac-8fe9-3414-a0fa-21b7bb7995df,HOME,59.70895856935894,3.8,167.0,106.0,L,0.12,18.89,9.0,PASS,1.022,PASS,642528,"Loáisiga, Jonathan",SB,2B,high,
da82b567-2002-38e4-b2fa-bbc0bd38c004,AWAY,59.67747263897607,7.699999999999999,179.0,119.0,R,0.13,20.86,8.0,PASS,1.005,cut_in_window,689266,"Dodd, Dylan",SB,2B,high,
c94ed2ef-fcff-3150-95a3-5edcb65b9261,HOME,59.75024809791598,3.8,175.0,117.0,R,0.15,14.92,9.0,PASS,0.971,PASS,682052,"Lopez, Jacob",CS,2B,high,
14275e75-3cf5-399a-b04d-2372c0116f66,AWAY,59.75432557586323,6.8,,,,,,,no_release,,no_release,663969,"Phillips, Tyler",SB,2B,not measured,no_release
bf98a939-f049-3a21-af2c-4329f3860aaf,AWAY,59.76215063792931,9.4,260.0,,,0.45,,3.0,no_set_before_lift,,no_release,622491,"Castillo, Luis",SB,2B,not measured,no_set_before_lift
13221cc8-2229-3991-ba00-515da6a5cf66,AWAY,59.69145304472273,8.5,177.0,,,0.18,,8.0,cut_in_window,,cut_in_window,642207,"Williams, Devin",SB,2B,not measured,cut_in_window
ab25689f-8c17-3826-8d32-f1ab75f5e634,AWAY,59.70642463659816,9.7,176.0,116.0,L,0.22,31.63,9.0,PASS,1.005,cut_in_window,695505,"Burns, Chase",SB,2B,high,
1e05d6b2-dd9b-36b7-87eb-296d31e5aea0,AWAY,59.75612460926349,11.9,179.0,116.0,L,0.12,11.44,7.0,cut_in_window,,cut_in_window,677958,"Rocker, Kumar",SB,2B,not measured,cut_in_window
2469e73e-dbeb-3b87-8648-4e45249e012e,HOME,59.707857980594945,3.9,176.0,118.0,L,0.2,22.89,8.0,PASS,0.971,PASS,681190,"Vásquez, Randy",SB,2B,high,
9a06b000-dc96-34ee-a7fc-bd66b9022d4a,AWAY,59.7500760001321,4.800000000000001,177.0,108.0,L,0.17,24.03,9.0,PASS,1.155,not_cf_view,685801,"Bigge, Hunter",SB,3B,high,
adc92aab-3e15-35bd-b05a-bdeb126f04ec,HOME,59.69348402025554,3.7,173.0,121.0,L,0.16,6.9,8.0,PASS,0.871,PASS,680573,"Woods Richardson, Simeon",SB,2B,high,
378e983e-61ed-3b51-8f20-87ff8d344b61,HOME,59.68107140533814,3.8,179.0,125.0,L,0.19,19.56,9.0,PASS,0.905,PASS,663567,"Lambert, Peter",CS,2B,high,
ac00ae18-59d0-31c8-b99c-d2e6738c15ad,HOME,59.725321227975684,3.8,182.0,117.0,L,0.18,30.77,9.0,PASS,1.088,PASS,640448,"Finnegan, Kyle",SB,2B,high,
3b388bbc-6b20-34b8-a2bf-68e8287c8785,HOME,59.67957750648305,3.8,176.0,115.0,L,0.22,17.51,9.0,PASS,1.022,PASS,663554,"Mize, Casey",SB,2B,high,
8daf7a7f-a721-330b-947f-2e21860e395b,AWAY,59.777487411418896,1.8,,,,,,,not_cf_view,,not_cf_view,681517,"Leahy, Kyle",SB,2B,not measured,not_cf_view
1195b322-5054-3420-b279-0bfecee546fd,AWAY,59.71694972814666,5.0,,,,,,,not_cf_view,,not_cf_view,663554,"Mize, Casey",CS,2B,not measured,not_cf_view
d6a3b985-f58d-3ad0-896a-fbb2bc322667,AWAY,59.74257419463268,6.7,,,,,,,no_release,,cut_in_window,641755,"Kinley, Tyler",SB,2B,not measured,no_release
4a1bc757-0171-3759-ac2e-e0db45be7f1a,AWAY,59.67865910521748,5.4,,,,,,,not_cf_view,,cut_in_window,660604,"Rangel, Alan",SB,2B,not measured,not_cf_view
33226508-b1a5-3ea0-b3ea-4652687753fa,AWAY,59.66613288876215,8.0,173.0,114.0,R,0.17,14.53,9.0,PASS,0.989,cut_in_window,641743,"Kay, Anthony",SB,2B,high,
43442cfe-aafd-3336-92a8-508bad62f534,AWAY,59.77034717311513,7.699999999999999,183.0,117.0,R,0.25,24.82,9.0,PASS,1.104,release_not_at_hand,624133,"Suarez, Ranger",SB,2B,high,
aa44db18-b365-3a92-9b08-cdf8da9afa63,AWAY,59.73163257356936,5.300000000000001,179.0,,,0.17,,9.0,cut_in_window,,not_cf_view,643410,"Leiter Jr., Mark",SB,3B,not measured,cut_in_window
9300897a-5794-3263-b04e-49ebc716c3d2,HOME,59.6351214053274,3.8,177.0,119.0,L,0.26,16.26,9.0,PASS,0.973,PASS,667755,"Soriano, José",CS,2B,high,
6763eefd-cb72-31d2-8b4c-eaea76dcb17c,AWAY,59.7056577169379,7.5,178.0,118.0,L,0.14,11.57,8.0,PASS,1.005,cut_in_window,677952,"Ashcraft, Braxton",SB,2B,high,
a29129d6-957b-3e7f-aef5-3d87fb98223f,AWAY,59.742751531078504,7.6,180.0,,,0.18,,9.0,no_set_before_lift,,no_set_before_lift,667297,"Nance, Tommy",SB,2B,not measured,no_set_before_lift
044004be-77b5-32bb-8805-9091d3d63051,AWAY,59.64410771178852,4.9,181.0,123.0,R,0.14,24.08,9.0,PASS,0.972,not_cf_view,641302,"Alexander, Tyler",CS,2B,high,
89271cf1-a7b2-3f7b-b175-3a1203e39e41,HOME,59.715668206344155,3.8,179.0,121.0,L,0.13,14.26,9.0,PASS,0.971,PASS,686993,"Sterner, Justin",SB,2B,high,
491b5906-0750-3777-92ac-17766c953812,HOME,59.63695114997149,3.8,180.0,120.0,R,0.15,24.29,6.0,PASS,1.006,PASS,641302,"Alexander, Tyler",SB,2B,high,
fb7a6884-9eac-37ea-9bde-ac97b4d1fa01,HOME,59.68048870196536,3.8,172.0,125.0,L,0.14,7.31,9.0,PASS,0.788,PASS,608372,"Sugano, Tomoyuki",SB,2B,high,
87452f52-eb6a-3409-a1b6-81b8c7d80f1a,HOME,59.71916380159967,3.8,176.0,109.0,R,0.08,22.0,9.0,PASS,1.122,PASS,641743,"Kay, Anthony",SB,3B,high,
d7e072b4-b5af-3195-b52c-d13b70fb1a6e,HOME,59.71395091256401,3.8,179.0,123.0,L,0.17,14.19,5.0,PASS,0.938,PASS,605135,"Bassitt, Chris",SB,2B,high,
b940822a-056f-300c-9c54-8a976147ac94,AWAY,59.675434328400925,8.5,181.0,115.0,L,0.17,8.32,9.0,cut_in_window,,cut_in_window,696149,"Chandler, Bubba",SB,2B,not measured,cut_in_window
ec6a7b7f-b08b-3378-aa5d-9a0caf2111c0,HOME,59.798711583315644,3.8,172.0,110.0,L,0.21,28.56,7.0,PASS,1.037,PASS,678020,"Halvorsen, Seth",SB,2B,high,
808603ca-f418-3151-a183-45c35d0cb376,HOME,59.67783117194913,3.8,180.0,118.0,L,0.24,19.96,9.0,PASS,1.039,PASS,607192,"Glasnow, Tyler",SB,2B,high,
12f08c9a-aeb4-37cd-8e3c-2dd7cda5383f,AWAY,59.72042963708354,7.6,177.0,114.0,R,0.14,15.38,9.0,not_cf_view,,cut_in_window,650911,"Sánchez, Cristopher",SB,2B,not measured,not_cf_view
d1b61eb3-d5e6-3ebf-af67-da3c8e4e38d6,AWAY,59.65873848270573,9.9,179.0,117.0,L,0.55,20.66,6.0,PASS,1.039,cut_in_window,642759,"Fernández, Julian",SB,2B,low,release_to_wrist 0.55 outside -0.32
5d1f371b-2544-30b8-a211-e1a7f415bbb3,AWAY,59.702389222029055,8.1,184.0,118.0,L,0.51,23.75,8.0,PASS,1.105,cut_in_window,693645,"Schlittler, Cam",CS,2B,low,release_to_wrist 0.51 outside -0.32
a1b06ebc-bc99-3fbc-a28e-cb2d99ed5647,HOME,59.6573751736938,3.8,174.0,119.0,L,0.12,20.59,9.0,PASS,0.922,PASS,663436,"Martin, Davis",SB,2B,high,
08876f83-4f53-303a-b47a-607caa372d8a,AWAY,59.68566878557075,2.4,,,,,,,not_cf_view,,not_cf_view,681895,"Sisk, Evan",CS,2B,not measured,not_cf_view
ce2ef27a-86d8-33d2-be33-3368922cc58a,HOME,59.68191348654504,3.8,184.0,121.0,R,0.18,6.33,7.0,PASS,1.056,PASS,571948,"Milner, Hoby",SB,2B,high,
8980ab03-d574-3e59-ba2e-c1ad535b3cc1,HOME,59.70605322885109,3.8,178.0,115.0,L,0.11,19.24,9.0,PASS,1.055,PASS,647336,"Soroka, Michael",SB,2B,high,
5c44a1cd-8b05-3c73-8b90-8fa094679175,HOME,59.728819448172075,3.7,154.0,121.0,L,0.07,19.88,5.0,PASS,0.552,PASS,666661,"Morillo, Juan",SB,2B,low,delivery_s 0.552 outside 0.7-1.31
48cccd4c-bc95-3d45-9279-d53515ffaf37,AWAY,,4.4,,,,,,,no_clip,,cut_in_window,592791,"Taillon, Jameson",SB,2B,not measured,no_clip
6e72e3f8-5def-3698-83bb-f9e045464288,HOME,59.72846845193129,3.9,176.0,114.0,R,0.18,20.49,7.0,PASS,1.038,PASS,664285,"Valdez, Framber",SB,3B,high,
dd077616-e446-3384-8168-f4d07627a31c,AWAY,59.65877820583379,6.9,,,,,,,no_release,,no_release,607200,"Fedde, Erick",SB,2B,not measured,no_release
892007e8-7c06-3f26-ac35-9c6da9bb5a10,HOME,59.67520064920284,3.8,179.0,119.0,L,0.14,22.77,6.0,PASS,1.005,PASS,640448,"Finnegan, Kyle",CS,2B,high,
0bf05b05-1e39-3bd2-b6a2-4f2cbf253757,AWAY,59.771285541645895,9.5,177.0,124.0,L,0.27,7.34,9.0,PASS,0.887,not_cf_view,687064,"Young, Brandon",SB,2B,high,
897c80b2-fff0-3bab-b34e-41ab7dc36fe4,HOME,59.69953205812331,5.4,166.0,136.0,L,0.05,2.71,9.0,PASS,0.503,PASS,571945,"Mikolas, Miles",CS,2B,low,lift_peak_in 2.71 outside 4.28-; delivery_s 0.503 outside 0.7-1.31
f67b9eda-8ed6-39b8-b1f3-16d9b8699f75,AWAY,59.636027380156186,10.8,192.0,125.0,L,0.88,13.49,5.0,release_not_at_hand,,release_not_at_hand,621121,"McCullers Jr., Lance",CS,2B,not measured,release_not_at_hand
78b77a16-66d1-3225-af10-6bebc1e23db6,HOME,59.72515369088546,3.8,175.0,108.0,L,0.18,23.15,9.0,PASS,1.122,PASS,645261,"Alcantara, Sandy",SB,2B,high,
dbdfea2c-92f4-3d74-855e-1193ec9dd13d,HOME,59.663018832543415,3.8,182.0,114.0,R,0.1,23.04,9.0,PASS,1.14,PASS,519141,"Pomeranz, Drew",SB,2B,high,
b4c675af-e1da-3562-894c-aec3d29f3201,HOME,59.7304271511468,3.8,179.0,124.0,L,0.2,4.11,9.0,PASS,0.921,PASS,669467,"Pallante, Andre",SB,2B,low,lift_peak_in 4.11 outside 4.28-
7b4bf926-510f-3cd3-a94b-e2ecccde39aa,HOME,59.685117121070824,3.8,177.0,122.0,R,0.24,20.48,9.0,PASS,0.922,PASS,676571,"Poulin, PJ",SB,2B,high,
6c832968-dc15-3c9e-97ed-7b91d8490bed,AWAY,,3.4,,,,,,,no_clip,,no_release,691725,"Painter, Andrew",SB,3B,not measured,no_clip
3e14a17a-10da-37c5-aaf2-3fe7f6fc17ef,HOME,59.76356814726038,3.7,177.0,106.0,L,0.13,28.1,9.0,PASS,1.188,PASS,678394,"Bello, Brayan",CS,2B,high,
2f7d70f4-5a3f-3ca2-a17a-d44bc18dd80f,AWAY,,2.8,,,,,,,no_clip,,no_release,592791,"Taillon, Jameson",CS,2B,not measured,no_clip
a49c76a4-e588-34aa-a686-01ad58c6b492,AWAY,59.67477248992988,7.5,174.0,,,0.18,,9.0,no_set_before_lift,,no_set_before_lift,605288,"Houser, Adrian",SB,3B,not measured,no_set_before_lift
3ad3f080-bc6f-3501-be9d-baed856d49b3,AWAY,59.67397453072372,9.3,216.0,,,0.89,,6.0,release_not_at_hand,,not_cf_view,640455,"Manaea, Sean",SB,2B,not measured,release_not_at_hand
e1fe1b84-4dd2-3466-80c6-6d8a513e6158,HOME,59.71886990487162,3.8,178.0,121.0,R,0.16,9.09,9.0,PASS,0.954,PASS,656271,"Burke, Brock",SB,2B,high,
3d2ec0d4-8935-3522-bf20-f8db8086da98,AWAY,59.68103800797957,6.1,177.0,113.0,L,0.16,18.68,9.0,PASS,1.072,no_release,592332,"Gausman, Kevin",SB,2B,high,
fb6cceb3-fc12-3bf0-bbcb-9187357cc1ab,AWAY,59.71174299150109,6.9,,,,,,,no_release,,no_release,677865,"Bruihl, Justin",SB,2B,not measured,no_release
88a61b60-cec8-316e-a1f3-81f7143fd430,AWAY,59.71032616348029,5.699999999999999,,,,,,,no_release,,no_release,641755,"Kinley, Tyler",SB,2B,not measured,no_release
7820ec7a-0125-305a-9044-a248e0bc9e6c,HOME,59.7609561752988,3.8,178.0,123.0,L,0.43,10.73,9.0,PASS,0.92,PASS,680704,"Sandlin, Nick",CS,2B,low,release_to_wrist 0.43 outside -0.32
d34024a6-deb8-37bc-aeae-d20db298e977,AWAY,59.696364534346884,7.5,176.0,125.0,L,0.14,6.72,9.0,PASS,0.854,cut_in_window,544150,"Suárez, Albert",CS,2B,high,
0449733e-e0bf-3bce-9570-41218b3e081f,HOME,59.761398727756095,3.9,179.0,109.0,R,0.14,21.47,9.0,PASS,1.171,PASS,676282,"Cantillo, Joey",SB,2B,high,
1ddf2d3a-c14f-3920-96af-a85dd98c7333,AWAY,59.66597766934379,9.6,175.0,,,0.25,,4.0,not_cf_view,,not_cf_view,693433,"Woo, Bryan",SB,2B,not measured,not_cf_view
980b54ec-e99c-3eec-b2d0-b6f00feefc6b,HOME,59.7261599946741,3.9,181.0,128.0,L,0.18,14.39,7.0,PASS,0.887,PASS,666374,"Brash, Matt",CS,2B,high,
70e92642-8676-3c95-af3a-00c52290d845,AWAY,59.725829999431184,9.6,178.0,113.0,L,0.13,17.99,9.0,PASS,1.088,release_not_at_hand,641927,"Ober, Bailey",CS,2B,high,
8edc0034-724f-31ab-8ec8-b218d1e66001,HOME,59.60618524553747,3.9,180.0,111.0,R,0.11,23.47,9.0,PASS,1.158,PASS,592662,"Ray, Robbie",SB,2B,high,
cc9edb35-8adf-3462-ba47-6f55b86420a9,AWAY,59.60732984293194,7.199999999999999,177.0,123.0,L,0.16,30.7,9.0,cut_in_window,,no_release,700712,"Ureña, Walbert",CS,2B,not measured,cut_in_window
98f1e9ec-6aa1-3989-8951-42eb50863093,AWAY,59.70016805231252,5.0,,,,,,,not_cf_view,,no_set_before_lift,592773,"Stanek, Ryne",SB,2B,not measured,not_cf_view
e6bb44d0-6a11-3439-a4c0-7ebae1600b4c,HOME,59.7442526727692,3.9,184.0,110.0,R,0.14,26.1,9.0,PASS,1.239,PASS,676282,"Cantillo, Joey",SB,2B,high,
f3932884-75d2-33a8-aa11-f9b3769c6f8c,HOME,59.741816417583884,3.8,190.0,116.0,R,0.48,21.13,7.0,PASS,1.239,PASS,669461,"Liberatore, Matthew",SB,2B,low,release_to_wrist 0.48 outside -0.32
9f802065-ae72-367e-ba95-9fe77627bdaa,HOME,59.78393621112049,5.4,153.0,117.0,L,0.08,10.92,6.0,PASS,0.602,PASS,544150,"Suárez, Albert",SB,2B,low,delivery_s 0.602 outside 0.7-1.31
91a8e5bf-f607-37ec-9c5e-7a47187113ff,HOME,59.672624075137676,3.8,188.0,112.0,R,0.45,23.21,9.0,PASS,1.274,PASS,669461,"Liberatore, Matthew",SB,3B,low,release_to_wrist 0.45 outside -0.32
a2e8411c-b345-4945-8cbc-ea6f1f687b89,AWAY,59.688514382352835,6.3,,,,,,,no_release,,no_release,694851,"Hoffmann, Andrew",CS,2B,not measured,no_release
6f015521-6761-3bf8-8f47-77b5958b4fc7,AWAY,59.67867279362076,7.6,185.0,109.0,R,0.49,24.34,9.0,PASS,1.273,cut_in_window,669461,"Liberatore, Matthew",CS,2B,low,release_to_wrist 0.49 outside -0.32
fa95c1dd-87ce-324d-8d1f-23d3c6d1e6e8,HOME,59.7484571225218,3.8,176.0,110.0,R,0.15,24.75,9.0,PASS,1.105,PASS,669432,"Rogers, Trevor",SB,3B,high,
0eb8084f-4da4-3456-8b15-1e1b842fffcd,HOME,59.85675306957708,3.8,176.0,110.0,L,0.15,27.06,6.0,PASS,1.103,PASS,687330,"Kelly, Kevin",SB,2B,high,
0d6c737c-e44a-333a-b9e1-0ad1fd30934f,HOME,59.60747462600988,3.7,176.0,112.0,R,0.14,23.54,6.0,PASS,1.074,PASS,666142,"Ragans, Cole",SB,3B,high,
6c677587-f498-3454-9132-f49a88681e2a,HOME,59.75826950011239,5.4,182.0,119.0,L,0.15,24.33,9.0,PASS,1.054,PASS,681347,"Burrows, Mike",CS,3B,high,
d33db8bf-d263-36c3-95c3-76f575de5a0c,HOME,59.71893952669348,5.5,174.0,120.0,R,0.16,10.18,9.0,PASS,0.904,PASS,663556,"McClanahan, Shane",SB,2B,high,
65987fc0-6c23-3f7b-845b-4f8bf3743284,HOME,59.69190273121544,3.7,181.0,115.0,L,0.15,29.23,9.0,PASS,1.106,PASS,681347,"Burrows, Mike",SB,2B,high,
0912ab95-f4a1-3800-a0f0-c55d0f9f1682,AWAY,59.63735667958475,7.5,182.0,,,0.16,,9.0,no_set_before_lift,,no_set_before_lift,656986,"Sousa, Bennett",CS,3B,not measured,no_set_before_lift
441608d5-762d-3d87-afa5-fd682c532a53,HOME,59.68866511504289,3.9,176.0,116.0,R,0.12,11.19,9.0,PASS,1.005,PASS,621237,"Alvarado, José",SB,2B,high,
7b84035d-c542-3a7a-8796-71fbfce1fbb5,AWAY,59.63641277232662,7.6,184.0,126.0,L,0.15,6.31,8.0,PASS,0.973,cut_in_window,663969,"Phillips, Tyler",SB,2B,high,
fab9d2b3-79c0-3b5d-bd47-87bc0c8ec4bd,HOME,59.75154692740069,3.8,180.0,118.0,L,0.13,16.0,8.0,PASS,1.038,PASS,641927,"Ober, Bailey",SB,2B,high,
092dfacb-237f-3e6f-9144-a09e1578de69,HOME,59.766748150461446,3.8,179.0,120.0,L,0.22,14.92,8.0,PASS,0.987,PASS,607067,"Rea, Colin",SB,2B,high,
7685c99c-24ae-3128-9b53-ee12e953b33b,HOME,59.76457480562889,3.7,177.0,126.0,L,0.16,4.53,9.0,PASS,0.853,PASS,801403,"Dollander, Chase",CS,2B,high,
ee6dbe93-5d8f-399d-a516-a61d6ee33547,HOME,59.696194949892686,3.8,176.0,118.0,L,0.22,19.81,9.0,PASS,0.972,PASS,623211,"Brazobán, Huascar",CS,2B,high,
f0e0392b-85e6-356d-a9a0-94d39fbe943b,HOME,59.65325637595582,3.7,178.0,125.0,L,0.11,7.03,9.0,PASS,0.888,PASS,681293,"Arrighetti, Spencer",SB,2B,high,
fd0bc59c-98f9-3c04-9f03-4859b566e85a,AWAY,59.750480772894825,4.9,175.0,118.0,L,0.21,6.65,9.0,PASS,0.954,not_cf_view,669372,"Ginn, J.T.",SB,2B,high,
44b295ed-982d-31f4-84f7-2d6f67ab54a6,AWAY,59.73087297234348,6.9,,,,,,,no_release,,no_release,680732,"Burke, Sean",CS,2B,not measured,no_release
51587c70-132b-318a-9fc2-8da8a714d884,HOME,59.69792848188168,3.8,175.0,129.0,L,0.25,10.35,9.0,PASS,0.771,PASS,680694,"Bradish, Kyle",SB,2B,high,
dfced956-b67b-3204-bce7-8f8905b06325,HOME,59.83417683627225,3.7,176.0,120.0,R,0.19,11.47,9.0,PASS,0.936,PASS,684007,"Imanaga, Shota",SB,2B,high,
0909b640-996f-3858-b978-a33b98432344,AWAY,,4.3,,,,,,,no_clip,,cut_in_window,656638,"Lange, Alex",SB,2B,not measured,no_clip
dafe6114-3b59-3ca7-b3d2-1e96cbfcc660,AWAY,59.74361558831884,4.6,,,,,,,not_cf_view,,no_release,680694,"Bradish, Kyle",SB,2B,not measured,not_cf_view
ce6d8238-5737-3581-87c4-73e828f1f886,AWAY,59.70331109689604,8.0,179.0,117.0,R,0.12,25.92,9.0,PASS,1.038,cut_in_window,571578,"Corbin, Patrick",CS,2B,high,
03bd2ea3-f4b9-3c35-a0ca-07908caf98c9,HOME,59.671326483963334,3.8,186.0,117.0,L,0.14,27.71,8.0,PASS,1.156,PASS,605400,"Nola, Aaron",SB,2B,high,
475b45da-4a98-3220-8cdd-c56e1fa60c8c,HOME,59.671010922747094,3.8,193.0,128.0,L,0.24,17.62,7.0,PASS,1.089,PASS,663767,"Shugart, Chase",CS,2B,high,
21afe893-1fb7-3449-8d13-d465f70dedea,AWAY,59.63117016969117,5.5,,,,,,,not_cf_view,,cut_in_window,680732,"Burke, Sean",SB,2B,not measured,not_cf_view
96c8e703-cd88-311d-b3ef-3cdae4d606b5,HOME,59.671549588672434,3.8,177.0,113.0,L,0.11,25.36,9.0,PASS,1.073,PASS,666974,"Cano, Yennier",SB,2B,high,
7f117842-1ef8-34cc-8eaa-6b1c55b7cfb0,HOME,59.782246642317375,3.8,180.0,114.0,L,0.17,18.67,9.0,PASS,1.104,PASS,681293,"Arrighetti, Spencer",SB,2B,high,
df17f2bc-beec-37c7-bb7c-4ba83ba452f6,HOME,59.63564078011176,3.8,176.0,116.0,R,0.14,16.84,9.0,PASS,1.006,PASS,681895,"Sisk, Evan",SB,2B,high,
9f9be57d-18cc-3d89-9252-3e896a220c9d,AWAY,59.74170498140393,7.6,192.0,,,0.8,,9.0,release_not_at_hand,,not_cf_view,669160,"May, Dustin",SB,2B,not measured,release_not_at_hand
ddb1c00a-14c9-342a-a6d3-17b2abe949ef,AWAY,59.721236054507784,9.8,180.0,118.0,L,0.21,20.51,5.0,PASS,1.038,cut_in_window,669160,"May, Dustin",CS,2B,high,
a13d5b11-c111-36b0-bf58-f96976fa65a4,HOME,59.71983739870597,3.8,175.0,121.0,L,0.15,15.54,8.0,PASS,0.904,PASS,676962,"Brown, Ben",SB,2B,high,
027da0ad-b289-3563-bce0-45467c74c6fc,HOME,59.706923540303286,3.8,179.0,126.0,L,0.21,12.23,8.0,PASS,0.888,PASS,686560,"Collyer, Gavin",CS,2B,high,
9a2c538e-fd24-37ef-9fbe-1c62d51900ef,AWAY,59.66710078227716,8.8,176.0,110.0,R,0.13,18.02,5.0,cut_in_window,,cut_in_window,670970,"Morejon, Adrian",SB,2B,not measured,cut_in_window
73203f1e-a001-39f6-a288-8c94b7dc3e7b,HOME,59.7154054144817,3.8,174.0,108.0,L,0.16,14.15,9.0,PASS,1.105,PASS,683769,"Gaddis, Hunter",SB,2B,high,
811e9ab5-6c73-362f-a6e8-4ba0d50501c5,AWAY,59.72043223951621,8.5,178.0,100.0,L,0.13,106.46,9.0,cut_in_window,,cut_in_window,676440,"Bibee, Tanner",SB,2B,not measured,cut_in_window
8476992b-cf66-3181-8f4e-542ada022284,AWAY,59.74525520760775,9.2,184.0,110.0,L,1.15,30.61,6.0,not_cf_view,,release_not_at_hand,694918,"Tidwell, Blade",SB,2B,not measured,not_cf_view
90a14273-9c33-32cf-b3cb-1840a5ad116e,AWAY,59.7045988150133,8.0,176.0,128.0,L,0.16,2.65,9.0,PASS,0.804,cut_in_window,650644,"Civale, Aaron",SB,2B,low,lift_peak_in 2.65 outside 4.28-
537f980b-5a29-32dc-8812-46164cc8b9fa,AWAY,59.73691620740979,4.699999999999999,,,,,,,no_release,,no_release,667755,"Soriano, José",CS,2B,not measured,no_release
f387c2fc-9f33-3a09-9d70-d68f9d8567d8,AWAY,59.72943751483347,4.6,,,,,,,no_release,,no_release,669302,"Gilbert, Logan",SB,2B,not measured,no_release
6ddd2706-ac7b-3b2f-9f16-5f3c8145a237,AWAY,59.719542353996246,8.0,172.0,117.0,L,0.12,15.92,9.0,PASS,0.921,cut_in_window,663436,"Martin, Davis",SB,2B,high,
267ed2dd-c135-3111-93f5-1498c32ce56c,HOME,59.65038830131058,3.8,178.0,118.0,L,0.18,8.39,9.0,PASS,1.006,PASS,518876,"Kelly, Merrill",CS,2B,high,
34b669d2-2193-3c9e-8187-159028f8e6af,AWAY,59.73590728114336,7.699999999999999,179.0,119.0,L,0.19,17.71,7.0,PASS,1.004,cut_in_window,657746,"Ryan, Joe",CS,2B,high,
50b1d034-af91-320b-a3c3-ac6d32369602,HOME,59.725142456653565,3.8,180.0,127.0,L,0.16,5.82,9.0,PASS,0.887,PASS,518876,"Kelly, Merrill",CS,2B,high,
b4c628ec-6d98-3e7c-8460-9503d603ce9f,AWAY,59.632543160340006,5.300000000000001,180.0,122.0,L,0.14,4.16,9.0,cut_in_window,,not_cf_view,594798,"deGrom, Jacob",SB,2B,not measured,cut_in_window
f37b1220-6a65-392c-aec3-0f8337720861,AWAY,59.68235968420858,3.4,,,,,,,no_release,,not_cf_view,680802,"Weiss, Ryan",SB,2B,not measured,no_release
caa7d9b7-ea23-3e2d-b060-d1bbf23316f9,HOME,59.63520223569628,5.5,180.0,121.0,L,0.21,21.72,9.0,PASS,0.989,PASS,695505,"Burns, Chase",SB,2B,high,
df9b9d04-a0ea-3292-a2b9-bf4008377923,HOME,59.61960652758256,3.8,174.0,107.0,L,0.16,20.62,9.0,PASS,1.124,PASS,595014,"Treinen, Blake",SB,3B,high,
626ac117-9b60-3376-9dd0-dcf0c8f0adf0,AWAY,59.683387769743426,11.5,249.0,,,1.77,,8.0,not_cf_view,,cut_in_window,595014,"Treinen, Blake",SB,2B,not measured,not_cf_view
355ba022-8974-3d68-8c34-deebe27884d5,HOME,59.73749158626879,3.8,174.0,111.0,R,0.1,13.9,9.0,PASS,1.055,PASS,607536,"Freeland, Kyle",SB,2B,high,
26793b8a-c60c-3412-8182-331f5670d32a,AWAY,59.763167632909834,4.9,177.0,113.0,R,0.17,20.43,9.0,PASS,1.071,not_cf_view,663460,"Bubic, Kris",SB,2B,high,
29869bfe-7f19-39d1-b0eb-d592885ec0e6,HOME,59.708339190718945,3.8,177.0,114.0,L,0.14,24.27,9.0,PASS,1.055,PASS,621111,"Buehler, Walker",SB,3B,high,
a3f29c3a-14f4-3376-baec-0051a0d0f243,HOME,59.687553926892896,3.8,176.0,111.0,L,0.11,14.74,9.0,PASS,1.089,PASS,650644,"Civale, Aaron",SB,2B,high,
8a09d81e-a8fc-3a12-ba2e-adbc587a91a6,AWAY,59.76998859561137,8.9,175.0,119.0,L,0.23,17.53,4.0,PASS,0.937,no_release,660825,"Bazardo, Eduard",SB,2B,low,ball_pts 4.0 outside 5-
fcae20de-0694-359b-9a98-7fc34bca3258,AWAY,59.706199349481246,4.800000000000001,180.0,133.0,L,0.14,2.99,5.0,PASS,0.787,not_cf_view,681517,"Leahy, Kyle",SB,2B,low,lift_peak_in 2.99 outside 4.28-
a2a1cdce-a0d5-3a22-bdb6-ce4f05dae698,HOME,59.653726441168,3.9,177.0,115.0,L,0.3,18.68,9.0,PASS,1.039,PASS,663436,"Martin, Davis",SB,2B,high,
b28fcae4-c6ef-3387-8e55-3b140c74f532,HOME,59.64510788491944,3.8,174.0,115.0,L,0.13,21.04,9.0,PASS,0.989,PASS,665795,"Cabrera, Edward",SB,2B,high,
60bff7f9-c375-3d49-a8af-f8644b7f5b36,AWAY,59.65258100283356,7.6,178.0,113.0,R,0.11,14.67,9.0,PASS,1.09,cut_in_window,607536,"Freeland, Kyle",SB,2B,high,
31af7790-dd8b-3163-bb95-21868f199321,HOME,59.78418838402379,3.8,176.0,119.0,L,0.01,24.15,9.0,PASS,0.953,PASS,677952,"Ashcraft, Braxton",SB,2B,high,
bb6a35a7-361b-3e07-ac1c-e7b088f291ee,HOME,59.74365311959323,4.1,178.0,111.0,R,0.12,14.22,9.0,PASS,1.121,PASS,607536,"Freeland, Kyle",SB,2B,high,
13499405-50e6-3502-b66a-21dcbed35600,AWAY,59.789052614508556,8.7,176.0,115.0,L,0.16,11.0,9.0,cut_in_window,,cut_in_window,688883,"Pallette, Peyton",SB,2B,not measured,cut_in_window
65454cec-336a-3570-a390-708274ddb3bf,HOME,59.73865654750251,3.9,175.0,120.0,L,0.19,17.76,8.0,PASS,0.921,PASS,665795,"Cabrera, Edward",SB,2B,high,
05202794-35bd-39e6-9258-ba7861017583,AWAY,59.67153284671533,3.5,,,,,,,not_cf_view,,no_release,681895,"Sisk, Evan",SB,2B,not measured,not_cf_view
a1063412-2bd7-320d-9ae9-2883614b8df7,HOME,59.70503115763701,5.6,179.0,110.0,L,0.13,24.54,9.0,PASS,1.156,PASS,666171,"Zeferjahn, Ryan",SB,2B,high,
cbedeff8-b5c6-39ab-bf00-f8e63c99e067,AWAY,59.659251180021435,7.699999999999999,194.0,,,0.55,,9.0,no_set_before_lift,,release_not_at_hand,641778,"Lauer, Eric",SB,2B,not measured,no_set_before_lift
70c06f51-de81-35d4-9e18-5c893edf3afc,AWAY,59.68088717890687,6.1,180.0,118.0,L,0.2,19.83,9.0,PASS,1.039,no_release,607192,"Glasnow, Tyler",SB,2B,high,
1082bab1-b2aa-3ad0-a353-7d69dfa0e859,AWAY,59.83799087247363,10.8,191.0,116.0,L,0.66,19.09,9.0,release_not_at_hand,,not_cf_view,695684,"Rodríguez, Elmer",CS,2B,not measured,release_not_at_hand
ed26e750-87f8-3721-9287-2c483be4dc36,HOME,59.73028138797214,5.6,197.0,120.0,R,0.45,18.84,9.0,PASS,1.289,PASS,642100,"Speier, Gabe",SB,2B,low,release_to_wrist 0.45 outside -0.32
5ebeacd8-ea1a-305e-a9c5-9502f243ecbc,HOME,59.72426700681286,3.8,179.0,120.0,L,0.17,14.3,9.0,PASS,0.988,PASS,687075,"Sproat, Brandon",CS,2B,high,
e0a9dd7f-566d-3234-8f15-456a31806611,AWAY,59.8780459375843,5.4,187.0,,,0.74,,9.0,cut_in_window,,not_cf_view,608372,"Sugano, Tomoyuki",SB,2B,not measured,cut_in_window
b88694e3-9612-3c95-a672-99e1fdc84f98,HOME,59.80257943655883,3.9,182.0,129.0,R,0.11,9.84,8.0,PASS,0.886,PASS,681895,"Sisk, Evan",SB,2B,high,
2b325468-9a4e-3c3b-a813-e60de1a854b3,AWAY,59.66404779038475,8.100000000000001,176.0,122.0,L,0.21,14.7,9.0,PASS,0.905,cut_in_window,592791,"Taillon, Jameson",SB,2B,high,
227881aa-46b0-37b1-9bbb-d7b81c6ff130,AWAY,59.651356706085814,9.4,177.0,,,0.12,,9.0,cut_in_window,,no_release,645261,"Alcantara, Sandy",SB,2B,not measured,cut_in_window
e068c9b5-c36a-360c-94cf-61deeb43ca96,HOME,59.678825246923815,3.8,180.0,118.0,L,0.23,29.03,9.0,PASS,1.039,PASS,672782,"Gómez, Yoendrys",SB,3B,high,
f195440f-2d53-39be-85d1-76eeea22dce4,AWAY,59.60792305402789,7.0,,,,,,,no_release,,no_release,608379,"Wacha, Michael",CS,3B,not measured,no_release
95f7ad61-fa70-30a2-b35e-55fdb7ae2453,AWAY,59.66900032159909,7.5,182.0,119.0,L,0.85,16.84,8.0,release_not_at_hand,,release_not_at_hand,656876,"Rasmussen, Drew",SB,2B,not measured,release_not_at_hand
59344f51-c9e7-32ad-a26b-d3f750ab24c9,HOME,59.61380236257192,5.7,184.0,112.0,L,0.11,15.05,9.0,PASS,1.208,PASS,606965,"Devenski, Chris",SB,3B,high,
ed226d33-3d97-3940-858a-a822b482d363,HOME,59.69557925522976,3.9,178.0,123.0,L,0.16,10.93,9.0,PASS,0.921,PASS,694361,"Klein, Will",SB,2B,high,
6fb09050-8d90-34c7-bb47-72661c9559cc,AWAY,59.78335071446624,8.0,,,,,,,no_release,,no_release,669467,"Pallante, Andre",SB,2B,not measured,no_release
a1375190-bbd9-3a9d-97ac-56e87654b6ef,HOME,59.70556546204768,3.8,180.0,122.0,L,0.19,10.7,9.0,PASS,0.971,PASS,679358,"Orze, Eric",SB,2B,high,
563c3f67-7bc8-39be-beeb-9a30734b7e56,HOME,59.741371212674686,3.9,181.0,124.0,R,0.17,18.2,9.0,PASS,0.954,PASS,681870,"Sabrowski, Erik",SB,3B,high,
3b53863a-32cf-3a47-a729-b2448626e300,HOME,59.742744123033845,3.8,176.0,115.0,L,0.2,21.05,9.0,PASS,1.021,PASS,607192,"Glasnow, Tyler",CS,2B,high,
fe68753d-c208-343e-8f12-8f1690269a2d,HOME,59.67541732623806,3.8,179.0,110.0,L,0.13,27.08,9.0,PASS,1.156,PASS,665622,"Medina, Luis",SB,3B,high,
8998a37d-99d1-37fa-9533-4387036da82a,AWAY,59.71408539411296,7.4,,,,,,,no_release,,no_release,667297,"Nance, Tommy",SB,2B,not measured,no_release
78cdd3b0-98d6-3eff-9d9b-53ad90cfa0d1,HOME,59.73905801795133,3.8,175.0,115.0,L,0.16,18.91,6.0,PASS,1.004,PASS,605135,"Bassitt, Chris",CS,2B,high,
585baf31-6fca-3dbe-b3ad-4dbc1b1c8b69,HOME,59.696030557048594,3.7,179.0,108.0,L,0.17,21.86,9.0,PASS,1.189,PASS,642207,"Williams, Devin",SB,2B,high,
5b0afe8d-48c8-35cc-b9c4-7a37b7770050,HOME,59.68414503692473,3.8,177.0,121.0,L,0.28,10.67,9.0,PASS,0.938,PASS,657277,"Webb, Logan",CS,2B,high,
b4e27944-932d-3d87-ac8b-501601ce6777,HOME,59.77367883793418,3.8,178.0,117.0,R,0.14,19.24,9.0,PASS,1.021,PASS,671096,"Abbott, Andrew",SB,2B,high,
4fd86624-0b41-3851-bc9a-d63474369903,HOME,59.71867717234491,3.8,179.0,117.0,L,0.15,16.62,9.0,PASS,1.038,PASS,641927,"Ober, Bailey",SB,2B,high,
30bd7e0c-52b7-351d-8c08-bac2e2d2d871,HOME,59.66128803144055,3.8,177.0,109.0,L,0.15,21.14,9.0,PASS,1.14,PASS,642207,"Williams, Devin",CS,2B,high,
e76c3e37-3117-3401-a0b2-ad21d7bde222,AWAY,59.7546246265336,6.9,,,,,,,no_release,,no_release,665622,"Medina, Luis",CS,2B,not measured,no_release
5ab869ff-26f0-3496-b49e-dd2f7069bc7f,HOME,59.7545050927135,3.7,180.0,125.0,L,0.21,16.29,9.0,PASS,0.92,PASS,605135,"Bassitt, Chris",SB,2B,high,
0e9a6f35-7b8d-38e7-aeb9-482da46d3e3a,AWAY,59.73810632474361,9.2,181.0,128.0,L,0.24,13.01,8.0,PASS,0.887,release_not_at_hand,686218,"Sheehan, Emmet",SB,2B,high,
8d8893be-d1c0-3c69-a45a-ccf1284b0a34,AWAY,59.78518235423373,7.6,189.0,125.0,R,0.71,14.99,9.0,release_not_at_hand,,release_not_at_hand,656222,"Beeks, Jalen",SB,2B,not measured,release_not_at_hand
edc8d319-eed2-331b-ad93-edddf0c7c569,HOME,59.671049776504795,3.8,179.0,120.0,L,0.57,10.94,9.0,PASS,0.989,PASS,663623,"Irvin, Jake",SB,2B,low,release_to_wrist 0.57 outside -0.32
e8348414-b434-3474-a6a3-63f4377e3505,AWAY,59.78822674824686,8.2,187.0,110.0,R,0.77,26.31,9.0,release_not_at_hand,,cut_in_window,592662,"Ray, Robbie",SB,3B,not measured,release_not_at_hand
df940af7-1771-33bd-90ab-4effd237db39,HOME,59.70486871997764,3.7,180.0,122.0,L,0.35,11.96,9.0,PASS,0.971,PASS,680704,"Sandlin, Nick",CS,2B,low,release_to_wrist 0.35 outside -0.32
dc87e126-7ac6-3bb9-81f7-3de0665346ad,AWAY,59.71648121082787,7.6,187.0,112.0,R,0.65,11.51,9.0,release_not_at_hand,,release_not_at_hand,687562,"Bennett, Jake",SB,2B,not measured,release_not_at_hand
17a64b67-8904-381e-81c2-cbd3b0cf084b,HOME,59.79335306452469,3.9,182.0,110.0,L,0.25,19.9,9.0,PASS,1.204,PASS,691587,"Pérez, Eury",SB,2B,high,
1e4daba0-fbd7-3c36-b0dd-fdf5c1b34bd6,AWAY,59.62882894378449,8.0,170.0,108.0,L,0.15,20.56,9.0,PASS,1.04,cut_in_window,608566,"Márquez, Germán",CS,2B,high,
b9352f8a-30eb-3893-a2fb-f4b50e07cc23,AWAY,59.75695863837378,7.699999999999999,190.0,113.0,L,0.72,16.04,3.0,release_not_at_hand,,release_not_at_hand,691587,"Pérez, Eury",SB,2B,not measured,release_not_at_hand
47dab470-ad69-3388-9d6b-d8ca5a1609b3,HOME,59.76238803109287,3.8,177.0,117.0,R,0.16,21.82,9.0,PASS,1.004,PASS,666142,"Ragans, Cole",SB,2B,high,
f978676d-cc49-39be-9a1d-c4f16695dcf9,HOME,59.767074783499,3.8,177.0,122.0,L,0.16,16.05,9.0,PASS,0.92,PASS,681035,"Scott, Christian",SB,3B,high,
46f49cc6-2009-3950-98f0-6fa396eba5f8,HOME,59.81851441666798,5.4,177.0,122.0,L,0.16,17.29,9.0,PASS,0.919,PASS,681035,"Scott, Christian",SB,2B,high,
9bed7b40-8b6d-3292-9f0e-4a5558a97f20,AWAY,59.68361744087932,7.800000000000001,166.0,117.0,L,0.15,14.08,5.0,PASS,0.821,no_release,675848,"Mejia, Juan",SB,2B,high,
3754d14f-ccd1-3725-9290-a16209be9ece,AWAY,59.61433809252301,8.0,174.0,114.0,R,0.06,27.61,9.0,PASS,1.006,cut_in_window,702273,"Schultz, Noah",SB,2B,high,
540effe8-6516-3379-ad1c-0f5f2cd2e087,AWAY,59.73845953581317,6.3,,,,,,,no_release,,no_release,650633,"King, Michael",CS,2B,not measured,no_release
fbed0ec5-27b6-3260-b45c-0c3aa8f8fc5b,HOME,59.72345925245581,3.8,184.0,130.0,L,0.27,12.62,9.0,PASS,0.904,PASS,686560,"Collyer, Gavin",SB,2B,high,
de5c857f-bc7c-314a-acdd-1a5dc46e2156,HOME,59.65029915411595,3.8,169.0,111.0,R,0.12,16.13,9.0,PASS,0.972,PASS,672282,"Detmers, Reid",SB,2B,high,
69ab97b0-ec4b-382e-99fa-cce547a903eb,HOME,59.641485630311514,3.8,180.0,105.0,L,0.21,16.81,7.0,PASS,1.258,PASS,666808,"Doval, Camilo",SB,3B,high,
61b3b36c-5fed-349f-addf-72a5861eb5e0,HOME,59.688225014136684,3.9,179.0,111.0,L,0.18,16.56,6.0,PASS,1.139,PASS,666808,"Doval, Camilo",SB,2B,high,
64c2f43e-8333-38c4-9869-089828b4440f,AWAY,59.717265671244455,9.2,182.0,122.0,L,0.16,22.29,9.0,PASS,1.005,not_cf_view,666619,"Santos, Gregory",CS,2B,high,
9592ca93-5a7d-35b4-8a4f-702d0352a785,HOME,59.68429965602935,5.4,180.0,123.0,L,0.09,16.26,9.0,PASS,0.955,PASS,670245,"Watson, Ryan",SB,2B,high,
348c0e15-1d0e-31b1-8dd0-ff142f8eefbb,HOME,59.634108089655236,3.8,178.0,109.0,L,0.1,17.54,5.0,PASS,1.157,PASS,681293,"Arrighetti, Spencer",SB,2B,high,
4aa1de60-9ca3-3f20-88c2-c6f2e09cbb43,AWAY,59.73486413304174,8.3,182.0,,,0.47,,8.0,cut_in_window,,cut_in_window,666619,"Santos, Gregory",CS,2B,not measured,cut_in_window
f5061663-5a79-3339-bb44-cee6f6f82c2b,AWAY,,3.8,,,,,,,no_clip,,release_not_at_hand,615698,"Quantrill, Cal",SB,2B,not measured,no_clip
ceb02911-d17e-3868-985a-a384f62eb9bc,HOME,59.66164491786308,3.8,183.0,115.0,L,0.11,17.4,9.0,PASS,1.14,PASS,677958,"Rocker, Kumar",SB,2B,high,
aa9ec749-ead4-35eb-bbca-f153b2b6c6e7,AWAY,59.655382097045184,7.8999999999999995,191.0,,,0.49,,9.0,no_set_before_lift,,no_set_before_lift,681867,"Criswell, Cooper",SB,3B,not measured,no_set_before_lift
6c62238e-6fca-3508-acbb-b083de453a28,AWAY,59.74764481597463,8.2,178.0,111.0,R,0.1,24.45,9.0,PASS,1.121,cut_in_window,682052,"Lopez, Jacob",SB,3B,high,
f0202894-f221-34b6-9bd0-c59867d22b55,AWAY,59.80332397652863,9.4,184.0,124.0,L,0.11,21.57,8.0,PASS,1.003,cut_in_window,666619,"Santos, Gregory",SB,3B,high,
88e96df1-42e6-32ab-8c2a-c23dc48c89dd,AWAY,59.72880708299187,5.0,186.0,,,0.82,,7.0,cut_in_window,,not_cf_view,694738,"Roupp, Landen",CS,2B,not measured,cut_in_window
862105ee-4bb6-3cbc-b170-dcd957b7a354,HOME,59.718716191849985,3.9,178.0,129.0,L,0.27,2.78,9.0,PASS,0.821,PASS,806960,"Morales, Luis",SB,2B,low,lift_peak_in 2.78 outside 4.28-
25a60ae9-1656-3be6-940d-71738d780e1a,AWAY,59.727425747950264,4.9,181.0,127.0,L,0.16,10.45,9.0,PASS,0.904,not_cf_view,669947,"Scholtens, Jesse",CS,2B,high,
82dbe769-d6f5-3594-970b-a781336ab93a,HOME,59.755280998705906,3.9,212.0,131.0,L,0.46,5.59,8.0,PASS,1.356,PASS,801403,"Dollander, Chase",SB,2B,low,release_to_wrist 0.46 outside -0.32; delivery_s 1.356 outside 0.7-1.31
65624515-23e9-33dc-aecc-7a52a422d1f3,HOME,59.71337579617835,3.9,181.0,112.0,L,0.23,17.74,9.0,PASS,1.156,PASS,677958,"Rocker, Kumar",SB,2B,high,
7fe1be49-b1a3-36ae-b8c4-1320fa850e33,HOME,59.691908195860705,3.8,178.0,109.0,L,0.23,30.02,9.0,PASS,1.156,PASS,689296,"Nunez, Anthony",SB,2B,high,
ec94b2aa-fc9a-35fc-a351-cb096a6af410,AWAY,59.799571293344556,7.0,,,,,,,no_release,,no_release,622491,"Castillo, Luis",CS,2B,not measured,no_release
d18442f8-47a3-36f2-a5be-497d4f661f35,AWAY,59.71132708878879,7.6,177.0,,,0.1,,9.0,cut_in_window,,no_set_before_lift,552640,"Kittredge, Andrew",SB,3B,not measured,cut_in_window
4838e8f3-b6ca-319c-94d2-59c532402969,HOME,59.691975443675446,3.8,175.0,115.0,R,0.12,32.36,9.0,PASS,1.005,PASS,663542,"Hudson, Bryan",SB,2B,high,
b3e05e94-366a-323c-b2d2-52279e811947,HOME,59.724398811132126,5.5,177.0,119.0,L,0.18,18.69,7.0,PASS,0.971,PASS,623474,"Herget, Jimmy",SB,2B,high,
f0a072b1-118e-3707-a9cc-14c970fa4efb,AWAY,59.647829274657546,8.3,182.0,,,0.74,,9.0,cut_in_window,,release_not_at_hand,701656,"Henderson, Logan",SB,2B,not measured,cut_in_window
074b976e-ae6e-3cdd-a2bf-53a9fb4fcf44,HOME,59.649617209149405,3.9,199.0,143.0,L,0.17,19.04,9.0,PASS,0.939,PASS,805123,"Blubaugh, AJ",SB,2B,high,
9879cae8-3108-3f6f-a64f-99e556ad040a,AWAY,,1.2,,,,,,,no_clip,,not_cf_view,702056,"Yesavage, Trey",SB,2B,not measured,no_clip
debe0ec3-24a8-35ca-ac90-fa7b2731ed4b,HOME,59.64980678599686,3.7,181.0,132.0,L,0.15,2.83,9.0,PASS,0.821,PASS,650644,"Civale, Aaron",SB,2B,low,lift_peak_in 2.83 outside 4.28-
956d97ee-d966-3e3b-9462-f228747e2d1c,AWAY,59.73892522184389,7.6,174.0,110.0,R,0.24,19.62,3.0,PASS,1.071,release_not_at_hand,571927,"Matz, Steven",SB,2B,low,ball_pts 3.0 outside 5-
25f700f8-f22a-3242-81e6-b0b7d8e99a9a,HOME,59.76656523911168,3.8,174.0,112.0,L,0.17,21.47,7.0,PASS,1.037,PASS,675911,"Strider, Spencer",SB,2B,high,
0130a80a-9051-35af-982b-a556812f02c7,HOME,59.68920946894515,3.7,170.0,102.0,L,0.12,21.32,9.0,PASS,1.139,PASS,695243,"Miller, Mason",SB,2B,high,
3b7b2d02-871f-31c8-b0c4-3b84e263e10f,AWAY,59.86479474567214,7.699999999999999,182.0,114.0,R,0.17,24.87,6.0,PASS,1.136,no_release,694363,"Shuster, Jared",SB,2B,high,
9807c3f2-ee81-377e-b49b-4772a56301f4,AWAY,59.622646113303766,10.8,176.0,,,0.15,,9.0,no_set_before_lift,,no_set_before_lift,695505,"Burns, Chase",SB,2B,not measured,no_set_before_lift
3d60dbce-b82f-3689-95df-4b139bb3add5,HOME,59.72200617107706,3.9,177.0,121.0,L,0.19,7.8,9.0,PASS,0.938,PASS,676775,"Winn, Keaton",CS,2B,high,
2028cc8b-ef59-3a7f-a3fe-d90c186822d4,HOME,59.68664511315593,4.0,179.0,120.0,L,0.12,8.85,9.0,PASS,0.988,PASS,650644,"Civale, Aaron",CS,2B,high,
ea50837c-1294-30dc-b2db-70a04b523bf5,HOME,59.65473269941549,3.9,198.0,138.0,L,0.12,26.08,9.0,PASS,1.006,PASS,805123,"Blubaugh, AJ",CS,2B,high,
60130373-71a6-3db8-b76b-e6d56fe5c09a,AWAY,59.754375989127205,7.1,,,,,,,no_release,,no_release,622491,"Castillo, Luis",SB,2B,not measured,no_release
c035a854-3c96-3305-90c6-7cf1739c5ab5,HOME,59.67059316814948,3.8,181.0,116.0,L,0.18,10.97,9.0,PASS,1.089,PASS,642152,"Trivino III, Lou",SB,3B,high,
91c6870e-e5d1-3717-b165-8adee892f5c1,AWAY,59.75033384530543,7.5,180.0,,,0.17,,9.0,no_set_before_lift,,no_set_before_lift,623211,"Brazobán, Huascar",SB,2B,not measured,no_set_before_lift
353210fb-a3af-34d9-903c-f92fd377ef0a,HOME,59.714393542810534,3.8,181.0,110.0,R,0.1,30.91,9.0,PASS,1.189,PASS,606996,"Hart, Kyle",SB,2B,high,
fc6d695b-5611-37f2-9f4b-9352e48ea938,HOME,59.70558711117484,3.8,178.0,121.0,L,0.13,17.6,9.0,PASS,0.955,PASS,676962,"Brown, Ben",SB,2B,high,
48ebabf2-f699-348a-a2fd-fc4524f96bc3,HOME,59.66978283748179,3.8,177.0,131.0,L,0.1,3.88,8.0,PASS,0.771,PASS,667297,"Nance, Tommy",CS,2B,low,lift_peak_in 3.88 outside 4.28-
4ade3c93-34ef-3d10-a3e6-3d7fad39b6d7,AWAY,59.69664091086795,8.1,179.0,,,0.15,,9.0,cut_in_window,,cut_in_window,641401,"Brogdon, Connor",SB,2B,not measured,cut_in_window
48c97eaa-7ac3-310a-aa80-988e9befd79e,AWAY,59.6405479116232,8.9,172.0,120.0,L,0.54,4.12,9.0,PASS,0.872,no_release,605400,"Nola, Aaron",CS,2B,low,release_to_wrist 0.54 outside -0.32; lift_peak_in 4.12 outside 4.28-
71fd9159-2314-37e8-a544-d8c9e3e5b215,HOME,59.66479369017596,3.7,183.0,119.0,L,0.28,26.07,5.0,PASS,1.073,PASS,641401,"Brogdon, Connor",SB,3B,high,
232232de-8705-381d-bab0-ecd711e78644,HOME,59.705412543570574,3.8,180.0,124.0,L,0.2,6.49,9.0,PASS,0.938,PASS,662253,"Muñoz, Andrés",SB,2B,high,
d94fae9f-4753-3ae9-a6a1-bbfde531029e,HOME,59.68115863499669,5.5,176.0,118.0,L,0.33,6.47,9.0,PASS,0.972,PASS,605400,"Nola, Aaron",CS,2B,low,release_to_wrist 0.33 outside -0.32
8dc2cfde-1096-3d0d-92be-dcaf4dd523d4,HOME,59.70882518486138,3.8,178.0,122.0,L,0.2,11.38,9.0,PASS,0.938,PASS,669302,"Gilbert, Logan",SB,2B,high,
9fe276f3-886d-335f-8dc1-c577db9b0f0b,HOME,59.70671599601571,3.9,177.0,122.0,L,0.17,12.64,9.0,PASS,0.921,PASS,702275,"Ritchie, JR",SB,2B,high,
11e691ce-f91e-3a23-b41c-25bf488c656a,AWAY,59.769017650538025,8.2,179.0,118.0,L,0.56,20.75,9.0,cut_in_window,,release_not_at_hand,666619,"Santos, Gregory",SB,2B,not measured,cut_in_window
16b81c55-1efa-352d-85b6-f066bbcc395b,AWAY,59.6854604256909,7.0,,,,,,,no_release,,no_release,683175,"Phillips, Connor",SB,2B,not measured,no_release
df51371d-652e-3d11-8c3b-49fd8761290b,HOME,59.71223021582734,3.8,180.0,121.0,L,0.14,15.18,8.0,PASS,0.988,PASS,592332,"Gausman, Kevin",SB,2B,high,
209dbea6-ce01-3e5b-90b4-009a9b9a4d7e,HOME,59.855742555945994,3.9,176.0,125.0,L,0.13,16.32,9.0,PASS,0.852,PASS,687606,"Schultz, Paxton",SB,2B,high,
7b322290-db9a-3f91-a95b-4dbeaa2a52a5,AWAY,59.796356688414825,7.699999999999999,179.0,119.0,L,0.25,3.95,8.0,PASS,1.003,release_not_at_hand,552640,"Kittredge, Andrew",SB,3B,low,lift_peak_in 3.95 outside 4.28-
93f5ece9-1449-397a-ae59-0219c88ee6db,AWAY,59.69475085583872,9.399999999999999,144.0,,,0.66,,9.0,release_not_at_hand,,release_not_at_hand,552640,"Kittredge, Andrew",SB,2B,not measured,release_not_at_hand
f9559fe6-d268-3da8-a28c-f9eb41a6786b,HOME,59.800384631581906,3.9,180.0,119.0,L,0.18,15.63,9.0,PASS,1.02,PASS,656876,"Rasmussen, Drew",SB,2B,high,
5765baf6-7284-3e74-ad95-e24eb09a3c6f,HOME,59.66219631166328,3.9,178.0,119.0,L,0.19,13.74,3.0,PASS,0.989,PASS,693821,"Elder, Bryce",SB,2B,low,ball_pts 3.0 outside 5-
b9a72f0b-1b83-3d62-9379-adc7d3594f36,AWAY,59.73684553014824,8.8,184.0,119.0,L,0.18,5.16,9.0,cut_in_window,,cut_in_window,656546,"Hoffman, Jeff",SB,2B,not measured,cut_in_window
5c42c803-d289-3e4c-b4a9-78fb8e4054d9,AWAY,59.73993808049536,8.2,181.0,127.0,L,0.15,17.28,9.0,PASS,0.904,cut_in_window,663567,"Lambert, Peter",SB,2B,high,
2f0960ca-e5ae-33d2-8b50-e617cf8273e3,AWAY,59.80715515083586,8.9,184.0,123.0,L,0.72,5.65,8.0,cut_in_window,,cut_in_window,668909,"Williams, Gavin",SB,2B,not measured,cut_in_window
630a1ff5-a492-3d34-ba4e-8c686973ebd0,AWAY,59.730035955909806,10.9,176.0,120.0,L,0.19,16.64,9.0,PASS,0.938,not_cf_view,605135,"Bassitt, Chris",CS,2B,high,
a8f67f55-38c4-3043-9121-ab1dec2da1bd,HOME,59.58906339885598,3.8,180.0,106.0,R,0.11,27.74,9.0,PASS,1.242,PASS,664285,"Valdez, Framber",SB,2B,high,
42124bfe-a332-3e01-8273-1d5bc876b39b,AWAY,59.70442876472452,7.6,142.0,,,0.58,,9.0,no_set_before_lift,,release_not_at_hand,628452,"Iglesias, Raisel",SB,2B,not measured,no_set_before_lift
6e97eab2-8383-3984-8cb0-27a0a9d2fd85,HOME,59.77336526741092,3.9,175.0,114.0,L,0.23,24.84,9.0,PASS,1.021,PASS,666171,"Zeferjahn, Ryan",SB,2B,high,
34558e27-3229-3ef2-ba97-a4bbb5f3f9bb,AWAY,59.688833044965136,7.699999999999999,186.0,,,0.84,,7.0,release_not_at_hand,,release_not_at_hand,678394,"Bello, Brayan",SB,2B,not measured,release_not_at_hand
e41f7c6f-d4a1-387e-8df9-97463829294d,HOME,59.7392074598477,3.8,178.0,106.0,R,0.16,29.65,9.0,PASS,1.205,PASS,621366,"Borucki, Ryan",SB,2B,high,
5ba461ce-6213-367f-b3c8-3d8d120eeec8,AWAY,59.700746600090184,7.8,179.0,,,0.12,,9.0,cut_in_window,,cut_in_window,621237,"Alvarado, José",SB,2B,not measured,cut_in_window
3bb5d61f-6b39-3485-ac61-b6f0e6a72bce,HOME,59.72232447112665,5.6,192.0,130.0,L,0.23,21.38,8.0,PASS,1.038,PASS,656730,"Megill, Trevor",SB,2B,high,
dd6db320-a9b3-36c4-90cd-7685bc3928a3,HOME,59.720365157139746,3.9,180.0,118.0,L,0.18,23.21,6.0,PASS,1.038,PASS,679883,"Avila, Luinder",SB,3B,high,
4455fa4f-25e0-3e5b-ae1e-4c320278cf15,HOME,59.70528455284553,3.9,181.0,121.0,R,0.1,31.02,9.0,PASS,1.005,PASS,702273,"Schultz, Noah",CS,2B,high,
b54678fc-c7d5-3b76-9aa3-4c007d112198,AWAY,59.734875347771535,7.6,173.0,120.0,L,0.13,10.05,9.0,PASS,0.887,not_cf_view,547179,"Lorenzen, Michael",CS,2B,high,
44b3f5f4-bf8c-3a01-a8bd-b19b73bdd901,AWAY,59.61621054700701,7.699999999999999,182.0,106.0,R,0.15,7.16,9.0,cut_in_window,,cut_in_window,676282,"Cantillo, Joey",SB,3B,not measured,cut_in_window
3ff7ebd1-73de-35e4-9d52-9d77fa4ca927,AWAY,59.65015590101672,6.8,181.0,122.0,R,0.09,28.0,7.0,PASS,0.989,not_cf_view,702273,"Schultz, Noah",SB,2B,high,
c6b7b5c1-6ba1-38be-83cf-10c2fcdc492b,HOME,59.72629367779154,5.5,179.0,119.0,R,0.18,9.22,9.0,PASS,1.005,PASS,676282,"Cantillo, Joey",CS,2B,high,
2915c326-51bc-3d0d-90b5-751b1655017b,AWAY,59.686087607314114,6.3,,,,,,,no_release,,no_set_before_lift,800311,"Fuentes, Didier",SB,2B,not measured,no_release
89f74d08-f1bd-3534-bfd0-9758f94f61f0,HOME,59.59934536989227,3.8,176.0,115.0,L,0.17,21.15,9.0,PASS,1.024,PASS,554430,"Wheeler, Zack",SB,2B,high,
ea63c76b-3c6d-3a53-82cf-b20d0ff2f64a,AWAY,59.72094464786298,5.1,,,,,,,no_release,,not_cf_view,623454,"Anderson, Drew",SB,2B,not measured,no_release
cee25b1e-6702-391d-ae98-3ede60376b5e,AWAY,59.76927302691815,7.3,177.0,123.0,L,0.09,9.04,9.0,PASS,0.903,no_release,663903,"Singer, Brady",SB,2B,high,
668347b3-8077-3a7f-9209-d97480c93150,AWAY,59.769020705696455,8.5,176.0,137.0,L,0.13,2.34,9.0,cut_in_window,,cut_in_window,647336,"Soroka, Michael",SB,2B,not measured,cut_in_window
07c884ee-085a-30e3-9907-5735edae5445,AWAY,59.65664287765969,7.9,178.0,123.0,R,0.17,17.78,6.0,PASS,0.922,release_not_at_hand,681892,"Funderburk, Kody",SB,2B,high,
ebaad492-a028-3e15-bfad-52fcd21e4124,HOME,59.76038782001679,4.0,177.0,110.0,R,0.14,28.37,9.0,PASS,1.121,PASS,642232,"Yarbrough, Ryan",SB,2B,high,
fc52d622-9bdf-36f3-9e57-ebc09421fecd,AWAY,59.655103268498095,7.699999999999999,173.0,104.0,L,0.13,28.49,9.0,PASS,1.157,no_set_before_lift,647336,"Soroka, Michael",SB,2B,high,
b6e7ec17-c8cb-3dee-b2f6-a976908cdf93,HOME,59.754963154564095,3.9,193.0,121.0,L,0.19,17.52,8.0,PASS,1.205,PASS,687075,"Sproat, Brandon",SB,2B,high,
a563f0ea-f524-30cd-a3ad-d81c76896a53,AWAY,59.672771867553365,5.2,179.0,126.0,L,0.18,4.79,8.0,PASS,0.888,not_cf_view,656638,"Lange, Alex",SB,2B,high,
dce59cab-f69b-3f2b-8fa9-24fc82021f15,AWAY,59.66021237347343,9.100000000000001,174.0,120.0,L,0.2,6.32,9.0,cut_in_window,,cut_in_window,656464,"Ginkel, Kevin",SB,2B,not measured,cut_in_window
2fef1033-8ea7-3372-a634-d1c5bcf2aa7a,HOME,59.63046813807015,3.9,177.0,120.0,L,0.13,7.5,9.0,PASS,0.956,PASS,641927,"Ober, Bailey",SB,2B,high,
891718f0-9a39-37be-b3ed-6843983872d4,HOME,59.682721166214094,3.9,180.0,123.0,L,0.09,12.46,8.0,PASS,0.955,PASS,669920,"Alexander, Jason",SB,2B,high,
924158bc-030f-37af-a113-d7c7e1e695e3,HOME,59.672650774499736,4.0,180.0,117.0,L,0.13,25.75,9.0,PASS,1.056,PASS,640448,"Finnegan, Kyle",SB,2B,high,
dc67a413-47c6-3134-b0c4-dfc413f0398a,HOME,59.64653902798233,3.9,178.0,119.0,L,0.15,8.47,9.0,PASS,0.989,PASS,641927,"Ober, Bailey",SB,2B,high,
da3c73c4-f16b-3c3e-a077-4016475b1725,AWAY,,4.0,,,,,,,no_clip,,release_not_at_hand,593974,"Peralta, Wandy",CS,2B,not measured,no_clip
cecc9d2a-99e7-342e-b319-1d38513c5981,AWAY,59.69662820774702,7.300000000000001,,,,,,,no_release,,no_release,641302,"Alexander, Tyler",CS,2B,not measured,no_release
a7f2d0f7-40ce-3810-9fa6-26033efa5f65,AWAY,59.7809356411555,8.1,,,,,,,no_release,,no_release,656638,"Lange, Alex",SB,2B,not measured,no_release
9e7fd1dc-8d61-3141-9292-16c07e756174,AWAY,,1.1,,,,,,,no_clip,,not_cf_view,643377,"Jax, Griffin",SB,2B,not measured,no_clip
34ec79eb-e631-39c0-b9f3-0474469cf15e,AWAY,59.706311288804955,5.9,,,,,,,no_release,,no_release,641302,"Alexander, Tyler",SB,2B,not measured,no_release
740e97d1-2b16-375f-a50e-4f62ab0aff61,HOME,59.72797801317911,3.8,178.0,119.0,L,0.22,19.9,9.0,PASS,0.988,PASS,656605,"Keller, Mitch",SB,2B,high,
3525e3ce-0110-37e6-8f94-89fe209b9642,HOME,59.78877227668555,3.9,177.0,113.0,L,0.17,20.83,5.0,PASS,1.07,PASS,623149,"Sewald, Paul",SB,2B,high,
ec2f2179-8ab0-3dec-b488-02f28d27c71a,AWAY,59.7118665487173,6.7,196.0,,,0.96,,9.0,release_not_at_hand,,not_cf_view,683232,"Mears, Nick",CS,2B,not measured,release_not_at_hand
b64dfb7d-80be-3df8-b0f2-6f99d8df6c81,HOME,59.64078162621294,3.8,177.0,121.0,L,0.2,23.55,8.0,PASS,0.939,PASS,607625,"Lugo, Seth",CS,2B,high,
544540ce-084f-33df-ae0d-082eb70d1502,AWAY,,4.2,,,,,,,no_clip,,no_release,666277,"Soriano, George",CS,2B,not measured,no_clip
c6de3bad-b7b2-356d-8f76-271c8c91359a,HOME,59.75580511175838,3.8,178.0,119.0,L,0.16,12.81,9.0,PASS,0.987,PASS,672021,"Cerantola, Eric",SB,2B,high,
c76c55e9-9206-34c1-858c-2c7c14addb67,AWAY,59.74894819721933,9.1,176.0,109.0,L,0.15,15.98,8.0,PASS,1.121,no_release,672021,"Cerantola, Eric",SB,3B,high,
d31a6a6a-cba5-3ae1-9a8e-2ee8e2a38244,AWAY,59.714766699488614,7.8,184.0,133.0,L,0.29,12.55,9.0,PASS,0.854,release_not_at_hand,621112,"Blackburn, Paul",CS,2B,high,
c7e4b2ae-c430-3621-9cd0-e623a8466fc7,HOME,59.77445568755104,3.9,180.0,120.0,R,0.12,9.79,9.0,PASS,1.004,PASS,687562,"Bennett, Jake",SB,2B,high,
23863275-30ad-3cf6-b0ad-3884f8310adc,AWAY,,3.9,,,,,,,no_clip,,release_not_at_hand,643377,"Jax, Griffin",SB,2B,not measured,no_clip
fb2ca208-5625-3ccb-9e51-b082e9ab2daf,AWAY,59.698546032435424,7.9,175.0,112.0,R,0.12,21.49,9.0,PASS,1.055,release_not_at_hand,592662,"Ray, Robbie",SB,2B,high,
b604282b-60d8-3624-bf60-456ddb1a8a74,HOME,59.686218891694224,3.9,179.0,105.0,R,0.15,34.19,9.0,PASS,1.24,PASS,607455,"Banda, Anthony",SB,2B,high,
b544c6cd-0c71-3ca2-ad92-aedcd11da9a1,AWAY,59.64356435643565,7.699999999999999,180.0,96.0,R,0.18,17.7,8.0,cut_in_window,,cut_in_window,656492,"Griffin, Foster",SB,3B,not measured,cut_in_window
4ecb7811-b7ca-3638-9943-afe98ba78ff6,AWAY,59.78644656018566,7.9,190.0,120.0,L,0.95,22.17,3.0,release_not_at_hand,,release_not_at_hand,669438,"Englert, Mason",SB,2B,not measured,release_not_at_hand
fd968747-4bb3-34d0-a09e-e11ed6fb4e41,HOME,59.7436995290205,4.0,195.0,125.0,R,0.1,21.66,7.0,PASS,1.172,PASS,666200,"Luzardo, Jesús",SB,2B,high,
d2f5289e-ccb3-3667-9ff4-ed30e4d654fb,AWAY,59.72163989078303,11.1,183.0,107.0,R,0.63,27.03,7.0,release_not_at_hand,,release_not_at_hand,666200,"Luzardo, Jesús",SB,2B,not measured,release_not_at_hand
239fe318-2060-3833-877a-f72b168c6bc7,HOME,59.69825981603189,3.9,180.0,114.0,R,0.13,24.03,9.0,PASS,1.106,PASS,672282,"Detmers, Reid",SB,2B,high,
9bdf5f90-ee8d-3570-9728-99e92ff858fe,AWAY,59.822162006169435,7.1,,,,,,,no_release,,no_release,695418,"Lord, Brad",CS,2B,not measured,no_release
361d967a-64a1-3d9d-b0d5-420ffa4f34bb,HOME,59.6572186123411,3.8,179.0,119.0,R,0.1,19.19,8.0,PASS,1.006,PASS,667463,"King, John",SB,2B,high,
54327f94-120e-3f05-8ef8-ceb043d24d4b,HOME,59.83286166268006,4.0,181.0,119.0,R,0.18,18.74,9.0,PASS,1.036,PASS,667463,"King, John",SB,3B,high,
01bdd95a-5f46-3db5-bdae-1e343a9743a2,AWAY,59.782171375557944,7.6,182.0,,,0.15,,9.0,cut_in_window,,not_cf_view,656492,"Griffin, Foster",SB,2B,not measured,cut_in_window
80aa6a3d-aef5-399d-a42e-c672d2b3b354,AWAY,,4.4,,,,,,,no_clip,,cut_in_window,607455,"Banda, Anthony",SB,3B,not measured,no_clip
32f25d23-706d-39ab-bf01-c97604cea4dc,HOME,59.6943507114169,3.9,200.0,144.0,L,0.18,17.09,8.0,PASS,0.938,PASS,661395,"Duran, Jhoan",SB,2B,high,
c9dc5165-d5dc-3e0b-b05b-0cf8bf2c8d37,HOME,59.6280116993714,5.5,181.0,121.0,L,0.11,15.1,7.0,PASS,1.006,PASS,615698,"Quantrill, Cal",SB,2B,high,
6b90d41a-d37b-3e56-9dbd-347313bf1f7f,HOME,59.65942513918635,3.9,185.0,124.0,L,0.11,14.46,7.0,PASS,1.022,PASS,615698,"Quantrill, Cal",SB,3B,high,
ec7fdb0e-78fc-3181-918a-ee6a8f306b1a,HOME,59.686349976090554,3.9,179.0,122.0,L,0.12,18.08,9.0,PASS,0.955,PASS,670059,"Holderman, Colin",SB,2B,high,
9155edc2-aa6b-3e5e-805a-23955d6e6dc9,AWAY,59.70456657310636,7.8,196.0,136.0,R,0.15,12.9,9.0,PASS,1.005,cut_in_window,621237,"Alvarado, José",SB,2B,high,
04031eae-98c0-3d8d-b22d-36c142e23547,HOME,59.79470876451788,3.9,181.0,125.0,L,0.27,19.73,8.0,PASS,0.937,PASS,699823,"Davis, Tyler",SB,2B,high,
573b6f55-8c63-3ca6-ab3c-ca98522ab45f,HOME,59.725221015543596,3.8,178.0,114.0,R,0.11,10.1,7.0,PASS,1.072,PASS,673513,"Matsui, Yuki",CS,3B,high,
79ca1e00-d3b1-3427-ab82-e9e3e556e521,HOME,59.66814788917798,3.9,192.0,128.0,R,0.12,18.65,9.0,PASS,1.073,PASS,663460,"Bubic, Kris",SB,2B,high,
e6b383f7-bc29-3f4f-9aa0-ec2901d8ff93,HOME,59.697674847097865,3.9,196.0,133.0,L,0.13,14.12,9.0,PASS,1.055,PASS,680742,"Bowlan, Jonathan",CS,2B,high,
b64192f7-cd03-3438-a697-7ae338d1c7fe,HOME,59.737626533916384,3.8,169.0,104.0,R,0.15,23.94,9.0,PASS,1.088,PASS,592662,"Ray, Robbie",SB,2B,high,
75db13c4-91cf-3fdf-8e16-2010b4876502,HOME,59.75524604020433,3.9,181.0,124.0,R,0.1,11.35,8.0,PASS,0.954,PASS,607536,"Freeland, Kyle",CS,2B,high,
662fe360-b2ad-3915-b5f1-553b1898f431,AWAY,59.75005654004129,7.1,,,,,,,no_release,,no_release,687849,"Kent, Zak",SB,3B,not measured,no_release
58e23596-5863-31fd-ad59-86a3ca7328fa,AWAY,59.69423287383513,7.699999999999999,186.0,107.0,L,0.76,18.87,9.0,release_not_at_hand,,release_not_at_hand,641793,"Littell, Zack",SB,3B,not measured,release_not_at_hand
87a2d6c5-b894-3603-827b-fe335b7630e8,AWAY,59.66559173307473,9.8,189.0,112.0,L,0.82,15.58,9.0,cut_in_window,,release_not_at_hand,641793,"Littell, Zack",SB,2B,not measured,cut_in_window
450e61cb-4e03-386e-9230-4bd34fc03e16,AWAY,59.71862115866876,7.6,176.0,115.0,R,0.15,14.04,9.0,PASS,1.021,release_not_at_hand,641743,"Kay, Anthony",CS,2B,high,
0a4f28dd-a4b9-3468-9b17-9fc725ac9838,HOME,59.70664578619299,3.9,181.0,125.0,L,0.27,11.47,9.0,PASS,0.938,PASS,657746,"Ryan, Joe",SB,2B,high,
85eb67a2-0fac-3efd-b1d6-de291224771f,AWAY,59.71876443203474,5.8,,,,,,,no_release,,no_release,676083,"Junk, Janson",CS,2B,not measured,no_release
69e50611-52cf-32cf-8159-2feffce34f49,AWAY,,2.4,,,,,,,no_clip,,no_release,669160,"May, Dustin",SB,2B,not measured,no_clip
f37dfef5-b099-38ba-aa8a-76c2b0a86355,HOME,59.69029023784067,3.8,177.0,121.0,L,0.19,24.6,9.0,PASS,0.938,PASS,680744,"Madden, Ty",CS,2B,high,
e5829854-c3cd-380a-a526-f53e71fbd472,AWAY,59.884489473637515,9.5,,,,,,,no_release,,cut_in_window,681293,"Arrighetti, Spencer",SB,2B,not measured,no_release
3ecf203f-5ed3-3684-894a-10cc9c5d7e58,HOME,59.731060749498255,3.9,181.0,123.0,L,0.11,5.99,9.0,PASS,0.971,PASS,472610,"García, Luis",SB,3B,high,
aa1c3718-2552-33f5-b75b-ed8bb6292a98,AWAY,59.7066292019078,11.0,180.0,126.0,L,0.18,4.91,8.0,PASS,0.904,no_set_before_lift,666808,"Doval, Camilo",SB,2B,high,
01880fd9-27e2-3bcf-9755-72bd0b4320d6,HOME,59.75842339478703,3.9,179.0,115.0,R,0.11,20.46,9.0,PASS,1.071,PASS,607536,"Freeland, Kyle",SB,2B,high,
496ee883-dac7-3a5f-b18e-05b29225876d,AWAY,59.744847641125006,7.6,,,,,,,no_release,,no_release,681293,"Arrighetti, Spencer",CS,2B,not measured,no_release
17257b01-7798-323c-bce8-c2c4e32b925d,HOME,59.7209880652221,3.8,178.0,103.0,R,0.16,25.19,9.0,PASS,1.256,PASS,605483,"Snell, Blake",SB,2B,high,
96f5b08a-5b88-38bd-9a11-f8b8784ec295,HOME,59.75251079101891,3.9,180.0,119.0,L,0.23,15.42,8.0,PASS,1.021,PASS,657746,"Ryan, Joe",SB,2B,high,
3a54796e-650c-3e25-8746-764bb433b649,HOME,59.75694817040455,4.0,203.0,144.0,L,0.16,14.67,9.0,PASS,0.987,PASS,665795,"Cabrera, Edward",SB,2B,high,
30815311-d55f-3ad0-b53a-dd290d476aa4,HOME,59.669179603025164,4.0,178.0,115.0,L,0.12,27.54,9.0,PASS,1.056,PASS,694477,"Patrick, Chad",CS,2B,high,
5018aaec-cc5b-3047-ad28-c50a78de2c50,HOME,59.71281928384558,3.9,168.0,104.0,L,0.11,27.01,9.0,PASS,1.072,PASS,681190,"Vásquez, Randy",SB,2B,high,
c942ef13-1764-3617-866e-8022944c0932,AWAY,59.7162372872609,7.6,180.0,123.0,L,0.16,13.23,9.0,PASS,0.955,not_cf_view,608379,"Wacha, Michael",SB,2B,high,
6769a792-a130-3b7f-bd14-831b4bcccfca,HOME,59.71909905260441,3.9,181.0,108.0,L,0.19,20.79,9.0,PASS,1.222,PASS,669358,"Baz, Shane",SB,3B,high,
10307a99-c72c-3e86-88bc-30ebda1ad5d0,AWAY,,5.5,,,,,,,no_clip,,release_not_at_hand,677865,"Bruihl, Justin",CS,2B,not measured,no_clip
dd0e7c00-02ee-30af-9d19-21dd45b5e437,HOME,59.6888088541772,3.9,177.0,107.0,R,0.16,23.48,9.0,PASS,1.173,PASS,605483,"Snell, Blake",SB,2B,high,
966b9ba8-0cd5-365c-a97f-e38ca02c2012,AWAY,59.68051727768426,9.0,,,,,,,no_release,,release_not_at_hand,681293,"Arrighetti, Spencer",SB,3B,not measured,no_release
33fd7585-2583-3a11-91bf-e62129f2d1fa,AWAY,59.711924152181844,9.5,179.0,118.0,L,0.34,19.12,9.0,PASS,1.022,not_cf_view,622491,"Castillo, Luis",SB,2B,low,release_to_wrist 0.34 outside -0.32
8e4ce4c5-54f5-30dd-9aa3-8e6eec257bf1,AWAY,59.696694609639756,4.9,176.0,125.0,L,0.19,14.05,8.0,PASS,0.854,not_cf_view,621112,"Blackburn, Paul",SB,2B,high,
9882b429-b83e-33ec-ad70-af0c3b90c127,AWAY,59.65852793625299,8.1,178.0,121.0,L,0.2,18.35,9.0,PASS,0.955,cut_in_window,701656,"Henderson, Logan",SB,2B,high,
fec46352-c57e-3cd0-ace4-8059d6246baa,HOME,59.723509316212315,5.5,172.0,117.0,L,0.26,25.92,9.0,PASS,0.921,PASS,681402,"Varland, Gus",SB,3B,high,
409c31d6-66ae-3f9d-b9ca-75fa1855bd1a,HOME,59.68682057149307,3.8,178.0,114.0,L,0.15,9.86,9.0,PASS,1.072,PASS,680916,"Aleman, Franco",CS,2B,high,
94934e8e-5fc6-36a6-97a1-cf462864ac7e,HOME,59.73090740596479,3.9,176.0,119.0,L,0.16,27.46,9.0,PASS,0.954,PASS,681402,"Varland, Gus",SB,3B,high,
1c0eddbd-2c02-3d4b-aa21-d049725d49cb,AWAY,,5.9,,,,,,,no_clip,,cut_in_window,645261,"Alcantara, Sandy",SB,2B,not measured,no_clip
52ecc12e-2a9c-33fd-8266-31701ab33ce6,AWAY,59.74449693862418,7.6,,,,,,,no_release,,no_release,668909,"Williams, Gavin",SB,2B,not measured,no_release
5b69f416-1b5a-3b9b-871c-b7c5de85d8d7,HOME,59.73595314097995,3.8,175.0,114.0,L,0.13,15.53,7.0,PASS,1.021,PASS,607259,"Martinez, Nick",CS,2B,high,
a4459d65-da50-319a-8996-0f3b08022d17,AWAY,59.73232990714075,7.699999999999999,191.0,142.0,L,0.26,3.78,8.0,PASS,0.82,cut_in_window,681517,"Leahy, Kyle",SB,2B,low,lift_peak_in 3.78 outside 4.28-
bb621125-1aca-3a09-a5b5-c3f2f179506d,AWAY,59.75233396557731,4.699999999999999,,,,,,,no_release,,no_release,681517,"Leahy, Kyle",SB,2B,not measured,no_release
10e786a2-e654-343e-aeee-4e3155a06248,AWAY,59.708291823170576,5.9,,,,,,,no_release,,no_release,605135,"Bassitt, Chris",SB,2B,not measured,no_release
a52cf345-bcef-3044-8187-71a5e98d03cd,HOME,59.6868770473648,3.8,177.0,113.0,L,0.15,24.37,9.0,PASS,1.072,PASS,621111,"Buehler, Walker",SB,2B,high,
b1798946-2c03-3056-b7f7-5248a05e560c,AWAY,59.69013095818728,7.5,179.0,124.0,R,0.12,16.55,9.0,PASS,0.921,cut_in_window,669084,"Hall, DL",CS,2B,high,
7194be30-e589-35be-a4c2-da0446cf018d,HOME,59.69227726640724,3.9,178.0,113.0,R,0.12,18.59,9.0,PASS,1.089,PASS,682120,"Herrin, Tim",SB,3B,high,
77e63a06-a04a-3863-b4b0-d216f485da76,AWAY,59.81398807826462,7.699999999999999,189.0,125.0,L,0.92,12.78,8.0,release_not_at_hand,,release_not_at_hand,608372,"Sugano, Tomoyuki",SB,3B,not measured,release_not_at_hand
f8f8cdb3-b78a-391e-a487-b887f9ec0cc2,AWAY,59.72027049650211,6.0,,,,,,,no_release,,no_release,666277,"Soriano, George",SB,2B,not measured,no_release
97702c04-3727-3e31-aa82-ba9d4d359cc3,HOME,59.658313250425365,3.9,182.0,110.0,L,0.25,21.61,9.0,PASS,1.207,PASS,656638,"Lange, Alex",CS,3B,high,
e46d8fd6-3070-39db-bb23-3dcd8df6572c,HOME,59.65315394932471,3.9,180.0,125.0,L,0.19,10.84,5.0,PASS,0.922,PASS,675989,"Bolton, Cody",SB,3B,high,
c99c6de5-f8bb-375f-ba27-38b6a17d1fc5,HOME,59.62316600310456,3.9,176.0,118.0,R,0.19,16.55,7.0,PASS,0.973,PASS,671096,"Abbott, Andrew",CS,2B,high,
50ff7c1b-52fb-3bed-8a3b-39aae50e323e,AWAY,59.72959154304831,11.600000000000001,243.0,,,2.75,,9.0,not_cf_view,,not_cf_view,622663,"Severino, Luis",CS,2B,not measured,not_cf_view
91aa7536-dd5c-36d5-ae8f-0b163c348f37,AWAY,59.6705210178651,7.6,178.0,,,0.14,,7.0,cut_in_window,,no_set_before_lift,594798,"deGrom, Jacob",SB,2B,not measured,cut_in_window
5f48d4a8-b9e7-3d2e-85e9-a99938e62079,AWAY,59.774973003727226,7.699999999999999,178.0,121.0,L,1.11,16.01,9.0,release_not_at_hand,,release_not_at_hand,641816,"Mahle, Tyler",SB,2B,not measured,release_not_at_hand
c2e6f528-cc1b-312f-b31a-60484260cb0a,AWAY,59.75047863499611,8.3,179.0,120.0,L,0.16,43.86,9.0,cut_in_window,,cut_in_window,592332,"Gausman, Kevin",SB,2B,not measured,cut_in_window
01bc36f8-6ae7-3989-bf7a-1a75c5f9dead,HOME,59.650690219423254,3.8,181.0,121.0,L,0.17,22.29,9.0,PASS,1.006,PASS,669923,"Kirby, George",SB,2B,high,
37ebe895-8f5b-3099-b1b4-6edacc0ad2ec,AWAY,59.69791847510491,8.2,176.0,126.0,L,0.16,2.95,9.0,cut_in_window,,cut_in_window,689296,"Nunez, Anthony",CS,2B,not measured,cut_in_window
74709402-dee7-30a8-b984-c7d3ea006ece,HOME,59.63607270692552,3.9,182.0,121.0,L,0.16,12.74,7.0,PASS,1.023,PASS,647336,"Soroka, Michael",CS,2B,high,
f3cf16c5-1d23-388b-8fdb-7c7e9dcea251,HOME,59.66740576496674,3.8,174.0,122.0,L,0.09,15.15,8.0,PASS,0.871,PASS,808963,"Sasaki, Roki",SB,2B,high,
e34a1e3b-e47b-3107-b3aa-7d3e32f056ab,AWAY,59.74355205094566,7.0,,,,,,,no_release,,no_release,592332,"Gausman, Kevin",SB,3B,not measured,no_release
4a90dc67-0cad-30bd-ab9d-0a5f2d6f7886,HOME,59.68694051226341,3.9,181.0,117.0,L,0.1,17.85,8.0,PASS,1.072,PASS,684320,"Rodríguez, Yariel",CS,2B,high,
aac53454-5ff3-3833-a990-0ad6904c25eb,HOME,59.75397995067925,3.8,177.0,110.0,L,0.39,16.41,7.0,PASS,1.121,PASS,670090,"Mills, Wyatt",SB,2B,low,release_to_wrist 0.39 outside -0.32
751f591a-7049-3d9c-b2d6-ac1e5dfcf3dd,AWAY,59.62904842590355,6.199999999999999,,,,,,,no_release,,no_set_before_lift,663568,"Kolek, Stephen",SB,2B,not measured,no_release
d60e6f3e-5ec1-32bf-ba93-c36f5f56bd2e,AWAY,59.71041109673394,7.699999999999999,203.0,134.0,L,0.83,20.22,8.0,release_not_at_hand,,release_not_at_hand,661395,"Duran, Jhoan",SB,2B,not measured,release_not_at_hand
c418b3fc-5edc-3a39-aee2-084dfa47c8fb,HOME,59.711098398169334,3.8,178.0,109.0,L,0.17,26.09,8.0,PASS,1.156,PASS,678394,"Bello, Brayan",SB,3B,high,
4585e6b7-f808-3665-af90-89d1cc5c5322,AWAY,59.65619821510572,7.6,176.0,116.0,L,0.17,26.23,9.0,PASS,1.006,not_cf_view,667297,"Nance, Tommy",SB,2B,high,
9ceb11cf-620d-39a3-ac4c-847b53190d68,AWAY,59.67563283099779,8.2,181.0,,,0.07,,7.0,cut_in_window,,no_set_before_lift,643511,"Rogers, Tyler",CS,2B,not measured,cut_in_window
1d84d196-268b-3bae-ae03-625091ee96a5,AWAY,59.767108107617126,5.6,,,,,,,not_cf_view,,cut_in_window,694973,"Skenes, Paul",CS,2B,not measured,not_cf_view
03aaafdf-07ae-3017-81a5-55e98b666f41,HOME,59.69468058334009,3.9,194.0,147.0,L,0.11,6.82,7.0,PASS,0.787,PASS,837227,"Imai, Tatsuya",SB,2B,high,
3d57b3c3-3a15-3c72-9bdb-23c045f040f7,HOME,59.65950429257409,3.9,182.0,119.0,L,0.41,14.37,8.0,PASS,1.056,PASS,687075,"Sproat, Brandon",CS,2B,low,release_to_wrist 0.41 outside -0.32
163729ef-a141-389d-90c7-7877347aa7d8,HOME,59.70888600910229,3.9,181.0,126.0,L,0.13,19.45,8.0,PASS,0.921,PASS,683175,"Phillips, Connor",SB,2B,high,
7566e5ea-316d-3be5-acfc-921173412ee4,HOME,59.68056687065421,3.8,176.0,119.0,R,0.13,6.59,9.0,PASS,0.955,PASS,677020,"Walker, Josh",CS,2B,high,
c51fbba3-d7ca-32c8-9dd3-56c44b98381f,AWAY,59.71304004597117,8.2,179.0,,,0.13,,9.0,no_set_before_lift,,cut_in_window,669330,"Wells, Tyler",CS,2B,not measured,no_set_before_lift
89c0aa47-6e3c-3c6e-9f60-f94480bc4d27,HOME,59.61997177411964,3.9,180.0,120.0,R,0.57,24.55,9.0,PASS,1.006,PASS,571578,"Corbin, Patrick",SB,2B,low,release_to_wrist 0.57 outside -0.32
0f49c4b0-7936-34f2-b9be-eca4bc918e0c,AWAY,59.651834483842656,7.6,182.0,129.0,L,0.21,19.68,9.0,PASS,0.888,cut_in_window,572143,"Smith, Burch",SB,2B,high,
9c74800b-b009-3e21-a627-f76843687ad3,HOME,59.797086078503796,3.9,182.0,148.0,L,0.08,5.84,9.0,PASS,0.569,PASS,657044,"Thompson, Ryan",SB,3B,low,delivery_s 0.569 outside 0.7-1.31
0e75a26e-28d4-320c-b9f4-1655cb867b96,AWAY,59.77636660389587,5.6000000000000005,,,,,,,not_cf_view,,cut_in_window,621237,"Alvarado, José",SB,2B,not measured,not_cf_view
2983b247-4982-38ae-9ff3-bdf9bf52175b,HOME,59.867250878486836,5.6,163.0,119.0,L,0.07,19.37,7.0,PASS,0.735,PASS,642547,"Peralta, Freddy",SB,2B,high,
5b489140-fdec-3e85-8c9c-60710ae83e87,AWAY,59.71520440973817,9.7,179.0,120.0,L,0.23,8.82,8.0,PASS,0.988,cut_in_window,691587,"Pérez, Eury",SB,2B,high,
17b5aad7-3ed3-3b3b-9f01-460c4669ce34,HOME,59.76370026314395,3.9,198.0,149.0,L,0.11,7.96,7.0,PASS,0.82,PASS,837227,"Imai, Tatsuya",SB,2B,high,
3473fc56-ab52-36dd-bb18-29449cf7bcb7,AWAY,59.66594868208448,8.1,182.0,114.0,L,0.5,30.21,9.0,PASS,1.14,cut_in_window,687330,"Kelly, Kevin",SB,2B,low,release_to_wrist 0.5 outside -0.32
4e60075e-4ef1-37db-8a51-7163299d61a9,AWAY,59.65301433890517,9.9,180.0,,,0.29,,9.0,cut_in_window,,no_release,691587,"Pérez, Eury",SB,2B,not measured,cut_in_window
6f0ff1a0-0e4a-3b6e-8fe0-649d32cd68f7,HOME,59.713336954294576,3.9,179.0,127.0,L,0.14,4.74,9.0,PASS,0.871,PASS,571945,"Mikolas, Miles",SB,2B,high,
7953424b-2bc2-3db4-a8ac-55ea86b8927c,HOME,59.66538908439409,3.9,174.0,105.0,R,0.11,24.22,9.0,PASS,1.156,PASS,592662,"Ray, Robbie",SB,2B,high,
ee6161c7-951c-387f-a2e0-e8e58e878430,AWAY,59.77454974734023,8.1,180.0,,,0.13,,9.0,cut_in_window,,cut_in_window,672282,"Detmers, Reid",SB,3B,not measured,cut_in_window
9611cb58-b016-3258-b799-2c383f853bf5,HOME,59.87637564359872,3.9,176.0,111.0,R,0.08,23.77,9.0,PASS,1.086,PASS,672282,"Detmers, Reid",SB,2B,high,
3e35a5c4-6bcf-3420-a7ef-eae2d2cfe576,AWAY,59.76715371893609,9.0,184.0,120.0,L,0.25,19.39,9.0,PASS,1.071,no_release,702275,"Ritchie, JR",SB,2B,high,
4b5865ee-6963-39ac-8ae3-b77c1bddee4f,HOME,59.645306288872,3.8,182.0,112.0,R,0.13,27.58,9.0,PASS,1.174,PASS,664285,"Valdez, Framber",SB,3B,high,
d8812f85-8bd8-3a15-bdd2-44ba9b60cb02,HOME,59.69177470667336,3.9,180.0,112.0,L,0.17,27.64,9.0,PASS,1.139,PASS,656546,"Hoffman, Jeff",SB,2B,high,
7bcb5c18-4231-32ea-8bed-d467978d0556,HOME,59.712090533381414,3.9,177.0,116.0,L,0.21,19.76,9.0,PASS,1.022,PASS,668933,"Ashcraft, Graham",CS,2B,high,
c318fc6b-73f6-32cb-b121-24f510ded2fe,AWAY,59.6351539279579,6.0,,,,,,,no_release,,no_release,547973,"Chapman, Aroldis",SB,3B,not measured,no_release
98312ab2-b282-3438-8ab9-00667fb0b799,HOME,59.7160219830514,3.8,177.0,119.0,L,0.19,8.48,5.0,PASS,0.971,PASS,677958,"Rocker, Kumar",CS,2B,high,
f29e644a-f005-3a29-8221-89fa40b0310a,HOME,59.713664371148965,3.9,189.0,119.0,L,0.13,20.48,8.0,PASS,1.172,PASS,663158,"Suarez, Robert",SB,2B,high,
79b48599-cf9c-3d85-9673-8d4f0b952cb6,AWAY,59.75832432780354,4.9,178.0,118.0,L,0.23,20.65,9.0,PASS,1.004,not_cf_view,676974,"Meyer, Max",SB,2B,high,
0e7e823d-889b-3ffd-be0e-584e67b110f5,AWAY,59.673051195875615,7.6,182.0,110.0,L,0.16,22.43,9.0,PASS,1.207,cut_in_window,642207,"Williams, Devin",SB,2B,high,
22319ac1-c38b-3eb7-96e9-05b46cf87dc7,AWAY,59.733516704711874,8.2,181.0,113.0,L,0.19,46.72,8.0,PASS,1.138,cut_in_window,662253,"Muñoz, Andrés",SB,2B,high,
ff205ffd-d7d6-3f74-a33a-275c13fadc12,AWAY,59.75363286358357,6.5,,,,,,,no_release,,no_release,472610,"García, Luis",SB,2B,not measured,no_release
12fb300e-91ff-3c70-9cda-5925274bb7a6,HOME,59.714762484532216,3.8,177.0,117.0,R,0.09,14.4,9.0,PASS,1.005,PASS,672282,"Detmers, Reid",SB,2B,high,
1b650325-9f1c-321b-b2f7-10c1a7b55ce5,AWAY,59.82013081395349,9.9,179.0,127.0,L,0.19,14.56,8.0,PASS,0.869,not_cf_view,650633,"King, Michael",SB,2B,high,
d2269399-ebf1-3fa1-adf4-66a595256fcf,HOME,59.68423468997356,3.8,177.0,122.0,L,0.2,29.31,5.0,PASS,0.922,PASS,621121,"McCullers Jr., Lance",SB,2B,high,
557e24de-09e1-3811-bfbd-1f95783d7cf6,HOME,59.68003050798466,3.9,179.0,119.0,R,0.13,23.21,9.0,PASS,1.005,PASS,641302,"Alexander, Tyler",SB,2B,high,
a2fb1a06-201f-362f-bbb0-f800a4badd00,HOME,59.66050332630981,3.8,176.0,117.0,L,0.2,6.04,9.0,PASS,0.989,PASS,669372,"Ginn, J.T.",CS,2B,high,
16442442-40ca-38e7-8cce-c2b74948cc5c,AWAY,59.731345318999026,8.3,180.0,,,0.14,,9.0,cut_in_window,,cut_in_window,500779,"Quintana, Jose",SB,2B,not measured,cut_in_window
f4089b24-62ee-3a0b-bf83-525b69d71386,AWAY,59.66954543874374,8.3,245.0,,,2.35,,7.0,not_cf_view,,no_release,656546,"Hoffman, Jeff",SB,2B,not measured,not_cf_view
ab1b3f14-9c2f-363c-ae65-e5caa865c2a1,HOME,59.67327975195204,5.5,150.0,123.0,L,0.12,6.34,9.0,PASS,0.452,PASS,621112,"Blackburn, Paul",SB,2B,low,delivery_s 0.452 outside 0.7-1.31
5495d2f3-70f0-3df3-a6e6-382a1b689569,HOME,59.69272024317896,3.9,176.0,120.0,R,0.1,7.62,9.0,PASS,0.938,PASS,672282,"Detmers, Reid",SB,2B,high,
ec23f18c-1232-3696-9bf2-1267c74bd4d2,HOME,59.74652987326494,3.8,180.0,117.0,L,0.18,8.2,8.0,PASS,1.054,PASS,663623,"Irvin, Jake",SB,2B,high,
f1d4ba7c-b1e8-34f9-baa0-f8f89363157d,HOME,59.685210970641556,3.9,177.0,116.0,L,0.29,23.06,8.0,PASS,1.022,PASS,623437,"Topa, Justin",SB,2B,high,
85ecf7be-2b66-3139-b4e1-9d39d722fdec,HOME,59.75764953245172,3.9,178.0,125.0,L,0.22,16.85,9.0,PASS,0.887,PASS,672456,"Montero, Keider",SB,2B,high,
a3a13c73-6b2f-3a9a-b5d2-165bc0aec5fc,AWAY,59.89554154281017,8.9,176.0,118.0,L,0.21,16.03,9.0,PASS,0.968,no_release,676534,"Faucher, Calvin",CS,3B,high,
8695da72-cb69-385d-a623-d9c3655d42bb,AWAY,59.64742273757643,8.2,181.0,114.0,L,0.52,29.28,7.0,PASS,1.123,cut_in_window,625643,"López, Reynaldo",SB,2B,low,release_to_wrist 0.52 outside -0.32
55aae195-6d3d-343c-be43-74771d4e5491,HOME,59.644853259636605,3.9,179.0,120.0,R,0.11,20.01,7.0,PASS,0.989,PASS,519242,"Sale, Chris",SB,2B,high,
dedcf514-0662-3a71-a897-3f7f40480646,HOME,59.79926678285955,3.9,180.0,126.0,R,0.21,15.18,7.0,PASS,0.903,PASS,663460,"Bubic, Kris",SB,2B,high,
abf7c401-6bdf-352a-871c-87a1c4dce222,HOME,59.58745865444814,3.9,182.0,128.0,R,0.18,7.91,9.0,PASS,0.906,PASS,641743,"Kay, Anthony",SB,2B,high,
1302cb13-38da-34e3-9582-b17a49cfa209,HOME,59.64377463229418,3.9,178.0,121.0,R,0.11,4.8,9.0,PASS,0.956,PASS,666129,"Garrett, Braxton",SB,2B,high,
a03ccdaa-495d-3949-b62f-a09d9afa774e,AWAY,59.639566051157495,4.699999999999999,,,,,,,no_release,,no_release,679883,"Avila, Luinder",SB,2B,not measured,no_release
abd1dceb-90ef-3348-b194-121295fbb01a,HOME,59.75679788067922,4.1,181.0,118.0,L,0.15,9.64,9.0,PASS,1.054,PASS,676760,"Marinaccio, Ron",SB,2B,high,
6bf04b74-97a2-3376-a1c4-19056a1df047,AWAY,59.79911484021344,7.5,,,,,,,no_release,,no_release,694335,"Svanson, Matt",SB,2B,not measured,no_release
601bc454-8adc-3111-88a9-304d4fd93e2b,AWAY,59.68126110795531,7.5,175.0,116.0,R,0.21,18.86,9.0,PASS,0.989,cut_in_window,667463,"King, John",SB,2B,high,
e91cf39e-d14e-3ddf-adb1-607dfebe2c31,AWAY,59.77123272237804,7.699999999999999,,,,,,,no_release,,no_release,695505,"Burns, Chase",SB,2B,not measured,no_release
5feda3d8-4dc4-3e50-a28e-b64e2535e184,HOME,59.7337672417023,5.5,144.0,116.0,L,0.01,5.07,5.0,PASS,0.469,PASS,675911,"Strider, Spencer",SB,2B,low,delivery_s 0.469 outside 0.7-1.31
b543bc61-388f-347c-9fa6-da2f0d0f30d0,HOME,59.72944799011972,3.9,179.0,133.0,R,0.16,2.63,9.0,PASS,0.77,PASS,693855,"Seymour, Ian",SB,2B,low,lift_peak_in 2.63 outside 4.28-
8d1b85b6-6bf8-3a23-b995-b5bb5665988c,AWAY,59.73703989301994,8.8,,,,,,,no_release,,cut_in_window,681190,"Vásquez, Randy",SB,2B,not measured,no_release
a7dd07a5-005e-3ea4-8f86-f14056946824,AWAY,59.72667828635501,7.6,193.0,111.0,L,0.67,20.64,8.0,release_not_at_hand,,release_not_at_hand,681293,"Arrighetti, Spencer",SB,2B,not measured,release_not_at_hand
d6dcbf74-f927-39d4-b97e-8733095cea96,AWAY,59.58503583058187,7.6,174.0,110.0,R,0.21,14.77,9.0,PASS,1.074,cut_in_window,607536,"Freeland, Kyle",SB,2B,high,
c4cf4862-4d9d-3c7c-8197-d9ff78e68a77,HOME,59.60477827517127,3.8,174.0,107.0,R,0.2,16.26,9.0,PASS,1.124,PASS,607536,"Freeland, Kyle",SB,3B,high,
1339c4e9-eb93-37b8-9fe2-6d670518ef34,HOME,59.69786611107399,3.9,179.0,118.0,R,0.23,12.17,9.0,PASS,1.022,PASS,621237,"Alvarado, José",SB,2B,high,
f2a3e1ae-faba-3080-bf3f-8f9e96908408,HOME,59.685588459437405,3.8,180.0,115.0,L,0.28,20.84,9.0,PASS,1.089,PASS,663767,"Shugart, Chase",SB,2B,high,
e9518aba-b46b-3eba-a255-be67e691047d,AWAY,59.64261952285904,5.8,,,,,,,no_release,,no_release,641816,"Mahle, Tyler",CS,2B,not measured,no_release
eca01fcf-d7a6-3c73-9048-4e74bc5059ea,HOME,59.667200352151895,3.9,181.0,113.0,L,0.18,30.88,8.0,PASS,1.14,PASS,656546,"Hoffman, Jeff",SB,2B,high,
caad7975-9b78-3e0c-8061-5af4734dad50,AWAY,59.7466000232477,7.6,185.0,120.0,L,0.7,21.93,9.0,release_not_at_hand,,release_not_at_hand,675911,"Strider, Spencer",CS,2B,not measured,release_not_at_hand
477fde2b-1a0b-32cc-ac5a-7b159c29a583,AWAY,59.680783313016626,7.1,,,,,,,no_release,,no_release,676106,"Hancock, Emerson",SB,2B,not measured,no_release
398c16f7-d5e4-307d-9724-01d1131baeab,HOME,59.69611483927497,5.5,176.0,117.0,L,0.16,14.53,5.0,PASS,0.988,PASS,657746,"Ryan, Joe",SB,2B,high,
34e6586a-7cf1-3b63-8d40-d7f8a13e7d22,AWAY,,4.5,,,,,,,no_clip,,cut_in_window,573009,"Mantiply, Joe",CS,2B,not measured,no_clip
c5adf84c-df31-3abd-b7cb-da839a9451bd,AWAY,59.62532954081926,7.5,190.0,118.0,L,0.82,21.24,6.0,release_not_at_hand,,cut_in_window,675911,"Strider, Spencer",CS,3B,not measured,release_not_at_hand
89c0d1b0-b160-340d-8dd5-132ad18621ed,HOME,59.70507133437238,3.8,183.0,124.0,L,0.46,12.76,8.0,PASS,0.988,PASS,605280,"Holmes, Clay",SB,3B,low,release_to_wrist 0.46 outside -0.32
9196ca76-e942-3b5c-9465-2a425a976175,HOME,59.66397876706367,3.9,192.0,136.0,L,0.14,23.74,9.0,PASS,0.939,PASS,676440,"Bibee, Tanner",SB,2B,high,
ad24243f-95e9-329a-a0a6-ce5c41a02a4e,HOME,59.633356593646674,3.9,180.0,128.0,L,0.25,11.2,9.0,PASS,0.872,PASS,657746,"Ryan, Joe",CS,2B,high,
768dcdbc-df11-3188-b5b9-c0d1eb0ba48d,HOME,59.74215035394785,3.9,182.0,127.0,R,0.12,11.4,5.0,PASS,0.921,PASS,621381,"Strahm, Matt",SB,2B,high,
5b96ec06-b4d3-38c2-b9f3-cb249595e4ef,HOME,59.612271848518596,3.9,181.0,115.0,L,0.15,30.64,9.0,PASS,1.107,PASS,677952,"Ashcraft, Braxton",SB,2B,high,
461bc053-16eb-38bb-8e80-400a8fd5ad46,AWAY,59.63972241307114,7.5,176.0,,,0.21,,9.0,no_set_before_lift,,no_set_before_lift,680742,"Bowlan, Jonathan",SB,2B,not measured,no_set_before_lift
3dac2f83-74e7-3460-b7c6-c58b0a4dabaa,HOME,59.63641738102276,3.9,180.0,124.0,L,0.51,5.79,9.0,PASS,0.939,PASS,605400,"Nola, Aaron",CS,2B,low,release_to_wrist 0.51 outside -0.32
fc82ce63-4261-3e26-8723-79d8f571c082,HOME,59.746093451078224,3.9,181.0,103.0,L,0.13,22.81,9.0,PASS,1.306,PASS,666808,"Doval, Camilo",SB,3B,high,
fdbede38-1a24-34f0-85f5-f641cd6e23b3,AWAY,59.66198668950819,4.9,179.0,130.0,L,0.25,3.41,9.0,PASS,0.821,not_cf_view,681517,"Leahy, Kyle",CS,2B,low,lift_peak_in 3.41 outside 4.28-
0cf02ce0-713e-3bb1-b34e-5aeca7453057,HOME,59.651199220245765,3.8,181.0,119.0,L,0.18,26.65,9.0,PASS,1.039,PASS,683175,"Phillips, Connor",SB,3B,high,
45fb965e-d1ff-3842-98b5-479a6bafbf64,HOME,59.713614304639286,3.9,184.0,118.0,L,0.27,31.82,8.0,PASS,1.105,PASS,621111,"Buehler, Walker",SB,2B,high,
c90bafd0-cf2e-3693-aaeb-bef54f13e305,AWAY,59.75432557586323,10.2,182.0,120.0,L,0.2,14.22,9.0,PASS,1.038,cut_in_window,664126,"Fairbanks, Pete",SB,2B,high,
ee77c9b9-fe1e-32c7-824d-2cd091b55264,AWAY,59.64831466483664,8.2,180.0,,,0.15,,9.0,not_cf_view,,cut_in_window,645261,"Alcantara, Sandy",SB,2B,not measured,not_cf_view
6842aabb-5caf-3ac4-8578-aff7c51fe9ca,HOME,59.663437021927585,3.8,177.0,117.0,L,0.21,24.62,9.0,PASS,1.006,PASS,693686,"Miles, Spencer",CS,2B,high,
456412a6-ef37-30b0-b2a0-b04c5752bb0d,HOME,59.66138947771709,3.9,174.0,125.0,L,0.15,6.6,9.0,PASS,0.821,PASS,667297,"Nance, Tommy",CS,2B,high,
c17dabc0-9d46-3e2d-8456-1b7aeb478942,HOME,59.710749016539445,3.9,178.0,130.0,L,0.13,11.93,9.0,PASS,0.804,PASS,608372,"Sugano, Tomoyuki",SB,2B,high,
13abfe26-2558-32f6-938d-4a82ac763223,AWAY,,3.6,,,,,,,no_clip,,no_release,682445,"Gonzalez, Domingo",CS,2B,not measured,no_clip
11587a36-c8e6-33a3-b544-ae45c5a6e494,HOME,59.72130059721301,3.8,184.0,122.0,R,0.17,6.82,9.0,PASS,1.038,PASS,547973,"Chapman, Aroldis",SB,2B,high,
973d311b-9322-38fd-87fe-8ff8e3b68c91,HOME,59.57837641126063,3.9,176.0,116.0,L,0.12,24.39,8.0,PASS,1.007,PASS,683175,"Phillips, Connor",SB,2B,high,
c0b30078-3a5c-342c-b00c-521293c79b0d,HOME,59.80166009771691,3.9,176.0,115.0,L,0.17,16.91,9.0,PASS,1.02,PASS,667755,"Soriano, José",SB,2B,high,
db5770e7-801e-3862-885c-184294a283e5,AWAY,,3.9,,,,,,,no_clip,,no_set_before_lift,689690,"Jacob, Alek",SB,2B,not measured,no_clip
ee0630e2-fa2d-3f18-955b-ab9c99a7ec33,HOME,59.75191888492592,3.8,183.0,121.0,L,0.12,22.3,5.0,PASS,1.038,PASS,689690,"Jacob, Alek",SB,3B,high,
1b9138d6-a151-3eb7-986a-46ad3cc8dde8,AWAY,59.64683184502624,8.2,180.0,132.0,L,0.16,14.16,7.0,cut_in_window,,no_set_before_lift,608372,"Sugano, Tomoyuki",CS,2B,not measured,cut_in_window
623fbf5e-be1e-3617-9891-7ba10ee84573,HOME,59.70678431358215,3.9,180.0,110.0,R,0.11,32.15,8.0,PASS,1.172,PASS,676282,"Cantillo, Joey",SB,2B,high,
7e70c012-9ef6-36e0-a6ce-32126667cb3f,HOME,59.68756402497877,3.9,179.0,114.0,L,0.16,4.0,9.0,PASS,1.089,PASS,552640,"Kittredge, Andrew",SB,3B,low,lift_peak_in 4.0 outside 4.28-
43090193-6156-3ba7-9c22-70c6aaf28c6b,HOME,59.6376560593967,3.8,178.0,109.0,R,0.14,26.06,9.0,PASS,1.157,PASS,676282,"Cantillo, Joey",SB,3B,high,
67b2ba1e-6f3b-3b2b-841f-e3f69a5a0616,HOME,59.709876345269045,5.5,185.0,128.0,L,0.17,19.69,7.0,PASS,0.955,PASS,689546,"Davila, Nick",CS,2B,high,
1a93d7d7-6ba8-3d25-9f99-d01dc369df3d,AWAY,59.67166172605807,5.4,,,,,,,not_cf_view,,cut_in_window,679358,"Orze, Eric",SB,2B,not measured,not_cf_view
9f398d20-143f-366f-bd3e-7f0c133e8243,HOME,59.76178867451417,3.8,178.0,121.0,R,0.2,19.06,9.0,PASS,0.954,PASS,681895,"Sisk, Evan",SB,2B,high,
71c24f2f-0b13-3f0d-be5b-b65184d6fe2f,AWAY,59.72804549565982,7.6,187.0,112.0,L,0.95,21.49,7.0,release_not_at_hand,,release_not_at_hand,642528,"Loáisiga, Jonathan",SB,2B,not measured,release_not_at_hand
44a23010-f745-39d2-8e48-2633f2408720,HOME,59.69604578422875,3.8,178.0,121.0,L,0.2,14.36,6.0,PASS,0.955,PASS,621112,"Blackburn, Paul",CS,2B,high,
c964849b-a53f-3981-8a9d-1ade4cd15168,HOME,59.74722328609728,3.9,182.0,131.0,L,0.2,16.53,9.0,PASS,0.854,PASS,676917,"Cavalli, Cade",SB,2B,high,
bbfa84fb-72e0-3dd5-822a-3be5dff1a2a9,AWAY,59.68062991449831,9.5,,,,,,,no_release,,not_cf_view,687330,"Kelly, Kevin",CS,2B,not measured,no_release
7598e2fc-0201-3607-9488-0c586471a004,HOME,59.719676491224256,3.9,180.0,128.0,L,0.17,26.42,9.0,PASS,0.871,PASS,687606,"Schultz, Paxton",CS,2B,high,
35e95e02-1c83-37a0-b63c-615f1eeb70a7,HOME,59.72894932935917,3.9,180.0,121.0,L,0.13,13.28,9.0,PASS,0.988,PASS,607200,"Fedde, Erick",SB,2B,high,
e9f07014-1e2e-3c1e-841f-a183e6972cd1,HOME,59.7988241662785,3.9,181.0,121.0,L,0.16,16.62,8.0,PASS,1.003,PASS,656876,"Rasmussen, Drew",SB,2B,high,
b0d56e00-50a2-386b-b76a-a19bec26955f,HOME,59.719525350593315,3.9,177.0,113.0,L,0.14,9.87,9.0,PASS,1.072,PASS,641927,"Ober, Bailey",SB,2B,high,
2701b703-3375-3382-ae6a-fb34c6fdc40e,AWAY,59.66988005953639,7.8999999999999995,,,,,,,no_release,,release_not_at_hand,695684,"Rodríguez, Elmer",SB,2B,not measured,no_release
387d4eab-fdb7-355f-a16c-c613c60ce605,AWAY,59.624375941041286,9.2,177.0,101.0,L,0.2,25.1,9.0,PASS,1.275,cut_in_window,642207,"Williams, Devin",SB,3B,high,
77887606-542b-3f20-910d-0b594254f74a,HOME,59.78290317337042,3.9,178.0,125.0,L,0.2,7.98,9.0,PASS,0.887,PASS,605288,"Houser, Adrian",SB,2B,high,
ae930611-d64c-3f0e-b9cd-2de04130dddc,HOME,59.72260970068949,3.9,176.0,124.0,L,0.21,3.55,9.0,PASS,0.871,PASS,683175,"Phillips, Connor",CS,2B,low,lift_peak_in 3.55 outside 4.28-
99afbb1b-91b0-37f5-9df0-95fde3c7a653,AWAY,,3.8,,,,,,,no_clip,,no_set_before_lift,656876,"Rasmussen, Drew",SB,2B,not measured,no_clip
500b3ed0-7bfe-3d7a-948b-08c394c690da,HOME,59.7119775201967,3.9,176.0,119.0,L,0.16,13.82,8.0,PASS,0.955,PASS,554430,"Wheeler, Zack",CS,2B,high,
87684de4-acb8-33c1-928a-57ef2087f871,HOME,59.71016070926233,3.8,177.0,113.0,L,0.16,38.48,6.0,PASS,1.072,PASS,656876,"Rasmussen, Drew",SB,2B,high,
9c4a5365-d2dd-3337-89aa-fdc9b2a9e545,AWAY,59.752558423705516,8.6,177.0,,,0.14,,9.0,cut_in_window,,not_cf_view,543135,"Eovaldi, Nathan",CS,2B,not measured,cut_in_window
489d70f3-b62e-31ec-89a8-88b461fbb193,AWAY,,3.5,,,,,,,no_clip,,no_release,669923,"Kirby, George",SB,2B,not measured,no_clip
560de551-f865-3ba4-9547-a13330f45d54,HOME,59.81630798577125,3.8,176.0,123.0,L,0.2,11.18,9.0,PASS,0.886,PASS,547179,"Lorenzen, Michael",SB,2B,high,
e6a4289e-50bb-3348-aae7-3bb02cb8ecea,AWAY,59.77163440632378,8.2,182.0,120.0,R,0.19,4.75,8.0,cut_in_window,,no_set_before_lift,571948,"Milner, Hoby",SB,2B,not measured,cut_in_window
b86d6233-1426-3f18-bd37-b91f15292e00,AWAY,,1.2,,,,,,,no_clip,,not_cf_view,691587,"Pérez, Eury",SB,2B,not measured,no_clip
b5b1080c-07ca-35e7-b43a-81456e3526a4,HOME,59.76722239698018,3.8,182.0,123.0,L,0.17,14.0,8.0,PASS,0.987,PASS,641927,"Ober, Bailey",SB,3B,high,
f810edd5-416e-3027-bcfe-0b0644d26895,HOME,59.716321776072355,3.8,177.0,122.0,L,0.18,20.48,8.0,PASS,0.921,PASS,680604,"Castaño, Blas",SB,2B,high,
0b63c2d2-531a-3280-8dfe-99891ca96370,AWAY,,4.4,,,,,,,no_clip,,cut_in_window,695380,"Hoppe, Alex",SB,2B,not measured,no_clip
c9b969a4-2fad-3eec-925b-88f2b872143c,HOME,59.73893656485056,3.8,181.0,130.0,L,0.16,10.08,7.0,PASS,0.854,PASS,681982,"Anderson, Grant",CS,2B,high,
e733587a-4405-3d14-a6b4-2b40cb472508,HOME,59.86750125510134,5.6,180.0,128.0,L,0.14,16.16,9.0,PASS,0.869,PASS,699823,"Davis, Tyler",SB,3B,high,
488b0b29-0d56-30f8-bdfe-bf730fd49e9b,HOME,59.618205015083404,4.0,178.0,117.0,L,0.18,17.9,9.0,PASS,1.023,PASS,656876,"Rasmussen, Drew",CS,3B,high,
785066c3-f5de-3d6f-af7f-a79ec0953a22,HOME,59.629315424165156,3.9,179.0,114.0,L,0.16,17.91,8.0,PASS,1.09,PASS,656876,"Rasmussen, Drew",SB,2B,high,
41292bdb-b219-3d19-a4e2-11b4615806f9,AWAY,59.68073774497372,6.9,,,,,,,no_release,,no_release,677865,"Bruihl, Justin",SB,2B,not measured,no_release
d93e6d24-1d61-3106-ab58-9780dd6defcd,HOME,59.76894688987538,3.8,180.0,116.0,L,0.15,18.56,9.0,PASS,1.071,PASS,656876,"Rasmussen, Drew",SB,2B,high,
277a9790-6aa5-32eb-85e7-b0d01e91361f,HOME,59.69927753755658,3.8,180.0,115.0,L,0.21,26.26,9.0,PASS,1.089,PASS,669923,"Kirby, George",SB,3B,high,
f92bd900-339f-3dc3-ba52-f8c75f1fe171,AWAY,59.77943274941223,7.699999999999999,189.0,120.0,L,0.93,27.23,9.0,release_not_at_hand,,release_not_at_hand,680604,"Castaño, Blas",SB,2B,not measured,release_not_at_hand
1f4a4701-9408-3cd7-97a0-c6114f6318b2,HOME,59.66920639955489,5.5,175.0,114.0,L,0.17,6.07,9.0,PASS,1.022,PASS,663969,"Phillips, Tyler",CS,2B,high,
0a5c7256-5458-3db6-8bb8-8505044bbed3,AWAY,59.67971148643402,7.4,,,,,,,no_release,,no_release,621237,"Alvarado, José",SB,2B,not measured,no_release
670033f7-6bf7-3e41-b2ee-4913aaaeb3d3,AWAY,59.80849200036248,7.5,179.0,125.0,L,0.15,14.76,6.0,PASS,0.903,not_cf_view,682608,"Gray, Peyton",SB,2B,high,
123e0669-1d43-3413-9872-0fecce5eaf1d,HOME,59.70344752550759,3.9,179.0,124.0,L,0.18,19.32,9.0,PASS,0.921,PASS,681799,"Roberts, Ethan",CS,2B,high,
6d8100f5-7d20-355a-b6ee-f103cd20d5f5,HOME,59.687283003913294,3.9,180.0,113.0,L,0.52,13.3,6.0,PASS,1.123,PASS,686560,"Collyer, Gavin",SB,2B,low,release_to_wrist 0.52 outside -0.32
34f4da6d-b96a-399c-8265-cd6415fbeefb,HOME,59.70395848509654,3.8,174.0,118.0,L,0.25,7.21,8.0,PASS,0.938,PASS,669372,"Ginn, J.T.",SB,2B,high,
2e2f421b-8e81-3beb-ac98-a881093782bb,HOME,59.638802942180945,3.9,180.0,124.0,L,0.24,7.06,9.0,PASS,0.939,PASS,691725,"Painter, Andrew",SB,2B,high,
24a6cede-f7da-3bc8-b60b-b058449a80aa,HOME,59.69858846004175,3.9,177.0,101.0,L,0.12,16.72,4.0,PASS,1.273,PASS,684320,"Rodríguez, Yariel",SB,2B,low,ball_pts 4.0 outside 5-
ea0f34f5-f015-3e7f-8113-fa26450bd5d8,AWAY,59.71526790527644,9.8,254.0,,,2.29,,9.0,not_cf_view,,no_release,660825,"Bazardo, Eduard",SB,2B,not measured,not_cf_view
1de0bff2-6088-3ea0-a6db-89e8660745d9,HOME,59.68972474085755,3.9,186.0,124.0,R,0.13,16.37,8.0,PASS,1.039,PASS,685126,"Eisert, Brandon",SB,3B,high,
754772f8-5188-3cc8-ae8d-78072cc87dce,HOME,59.70783984350082,3.8,185.0,125.0,R,0.1,24.12,9.0,PASS,1.005,PASS,702273,"Schultz, Noah",SB,2B,high,
56d4e9ed-75cb-3a0b-8725-6755427afdb3,HOME,59.72449764960416,3.8,172.0,110.0,R,0.1,20.26,9.0,PASS,1.038,PASS,592662,"Ray, Robbie",SB,2B,high,
2932fa85-79ed-38ea-bf02-288ae0a5077d,AWAY,59.654560326005544,7.699999999999999,197.0,124.0,L,1.08,23.62,3.0,release_not_at_hand,,cut_in_window,676477,"Whitlock, Garrett",SB,2B,not measured,release_not_at_hand
670c2ab4-6ed5-302c-94d5-97efeb401bf4,AWAY,59.75758714648126,8.5,177.0,129.0,L,0.17,43.93,9.0,cut_in_window,,cut_in_window,650633,"King, Michael",CS,2B,not measured,cut_in_window
498877f9-9fe8-3500-948f-5a06f65843b6,AWAY,59.64359316280761,7.699999999999999,178.0,,,0.11,,9.0,cut_in_window,,cut_in_window,663556,"McClanahan, Shane",SB,2B,not measured,cut_in_window
b6f10fc1-2827-3875-aecd-5ca48c559198,AWAY,59.65763407635708,8.5,177.0,117.0,L,0.19,26.87,7.0,cut_in_window,,cut_in_window,666171,"Zeferjahn, Ryan",SB,2B,not measured,cut_in_window
f2828efa-9e5b-344e-aeab-eaca9ee60996,HOME,59.6466248139279,3.8,178.0,119.0,R,0.09,23.58,7.0,PASS,0.989,PASS,666157,"Lodolo, Nick",SB,2B,high,
3dbc5ca0-8166-3c05-bec5-59985296617d,HOME,59.66301040127594,5.6,176.0,123.0,L,0.1,15.16,6.0,PASS,0.888,PASS,650633,"King, Michael",SB,2B,high,
4c84098c-5be6-365a-910c-c2d8329e3ec5,HOME,59.76031615134996,5.6,175.0,117.0,R,0.13,11.98,8.0,PASS,0.971,PASS,656222,"Beeks, Jalen",SB,2B,high,
e2c99f40-2286-32d2-9195-2be56276f284,HOME,59.80953591978165,3.9,177.0,107.0,R,0.13,30.69,9.0,PASS,1.17,PASS,592662,"Ray, Robbie",SB,2B,high,
847a7021-a777-3685-b86c-12836364581a,AWAY,59.73365032782927,8.600000000000001,173.0,,,0.22,,8.0,cut_in_window,,cut_in_window,650633,"King, Michael",CS,2B,not measured,cut_in_window
2898f0ad-ba30-3ead-91d4-75f1cce6935a,HOME,59.78904128663928,3.9,181.0,121.0,R,0.12,26.45,9.0,PASS,1.004,PASS,571578,"Corbin, Patrick",SB,2B,high,
4d192f7f-4e4d-37e0-8313-f237b972e167,AWAY,59.65889247566599,7.800000000000001,187.0,117.0,L,0.94,12.0,7.0,release_not_at_hand,,no_release,656546,"Hoffman, Jeff",SB,2B,not measured,release_not_at_hand
9e2d645d-f783-3ff1-9d8a-7e19a181b55a,AWAY,59.68801667075834,7.6,183.0,126.0,L,0.97,11.45,9.0,release_not_at_hand,,release_not_at_hand,669165,"Hurt, Kyle",CS,2B,not measured,release_not_at_hand
d9da07c0-ef19-36be-ae62-2ae384819b71,HOME,59.80477064870456,3.9,180.0,118.0,R,0.14,26.43,9.0,PASS,1.037,PASS,571578,"Corbin, Patrick",SB,2B,high,
53327ff9-0571-31fe-99f4-843183fbca65,HOME,59.68347793363454,3.8,174.0,123.0,L,0.21,5.65,9.0,PASS,0.855,PASS,808967,"Yamamoto, Yoshinobu",SB,2B,high,
127e27e9-6b6f-3b9f-bc23-5c0956e5362e,HOME,59.70669975776366,5.6,179.0,117.0,R,0.07,23.0,8.0,PASS,1.038,PASS,666157,"Lodolo, Nick",SB,3B,high,
6f1fc541-6e7d-3cf2-9c7e-a07240d1038f,HOME,59.71425199286747,3.8,175.0,108.0,R,0.1,23.96,9.0,PASS,1.122,PASS,592662,"Ray, Robbie",SB,2B,high,
009f59c1-5647-3313-b549-9e0f6cb1b14c,HOME,59.86342615456839,3.9,182.0,117.0,R,0.08,25.1,9.0,PASS,1.086,PASS,571578,"Corbin, Patrick",SB,3B,high,
9560c06b-005a-3431-9537-4896d8891d16,AWAY,59.71548402412968,8.2,178.0,117.0,R,0.12,25.23,9.0,PASS,1.022,cut_in_window,624133,"Suarez, Ranger",SB,2B,high,
78336e69-519c-39d6-bb9f-592a7ff6507d,HOME,59.74346711967966,3.9,181.0,123.0,L,0.18,16.21,4.0,PASS,0.971,PASS,656302,"Cease, Dylan",CS,2B,low,ball_pts 4.0 outside 5-
45ecec5a-bdf9-335a-a25d-e58c02338897,AWAY,59.67431272981965,7.5,,,,,,,no_release,,no_release,643377,"Jax, Griffin",SB,2B,not measured,no_release
8a5f2687-c7d6-35d7-81b2-a68dea769274,AWAY,59.67969741220406,8.6,182.0,158.0,L,0.49,4.56,7.0,cut_in_window,,cut_in_window,666974,"Cano, Yennier",CS,2B,not measured,cut_in_window
21aed762-532a-31ca-ad4d-111c78b7b1d9,AWAY,59.70529571475015,2.3,,,,,,,not_cf_view,,not_cf_view,668984,"Legumina, Casey",SB,2B,not measured,not_cf_view
1a4e635c-e083-3682-90fe-3ec77ac3dec0,HOME,59.701778480777726,5.5,176.0,102.0,L,0.17,32.46,9.0,PASS,1.239,PASS,662253,"Muñoz, Andrés",SB,3B,high,
e9ed5636-fe95-3c67-bb9f-c130d9e68172,HOME,59.6399973382428,3.9,179.0,118.0,L,0.21,16.52,9.0,PASS,1.023,PASS,663423,"Thornton, Trent",SB,2B,high,
c5e18d3d-7f73-3140-91d8-bbca2114b5d9,HOME,59.60274166393319,3.8,178.0,128.0,L,0.36,9.22,6.0,PASS,0.839,PASS,695445,"Lee, Chase",SB,2B,low,release_to_wrist 0.36 outside -0.32
768baf86-1985-37b0-99ba-4782ab8a6890,HOME,59.71057234203644,3.9,195.0,128.0,R,0.24,25.7,8.0,PASS,1.122,PASS,527048,"Pérez, Martín",SB,3B,high,
07c01e83-32a2-30cc-acfb-29ce0c7f679d,HOME,59.70156201630679,3.8,178.0,112.0,L,0.14,21.43,9.0,PASS,1.105,PASS,663767,"Shugart, Chase",CS,2B,high,
c4ea0714-0e04-3aac-858c-041f4df89ca9,AWAY,59.62529844913996,8.100000000000001,178.0,117.0,L,0.15,16.11,9.0,PASS,1.023,cut_in_window,595014,"Treinen, Blake",SB,2B,high,
a9873a8b-b70c-3c27-bc26-51de4088084a,HOME,59.63518142013724,3.8,178.0,113.0,R,0.15,27.41,9.0,PASS,1.09,PASS,663559,"Falter, Bailey",SB,2B,high,
0fa35ffe-0412-34b7-af17-23c495fbcdc7,AWAY,59.68497105503283,5.0,,,,,,,not_cf_view,,not_cf_view,679883,"Avila, Luinder",CS,2B,not measured,not_cf_view
793ade5a-bb8d-3702-a48e-d29ce30d3c5e,HOME,59.70517993905954,5.6,179.0,118.0,L,0.17,21.74,7.0,PASS,1.022,PASS,643377,"Jax, Griffin",SB,2B,high,
a76284b4-9a74-31a3-9692-ca050a59e161,AWAY,59.673512902429515,7.5,175.0,122.0,L,0.18,4.9,5.0,PASS,0.888,release_not_at_hand,694738,"Roupp, Landen",CS,2B,high,
925c4e07-0926-3b78-bdfa-8edf317820f5,AWAY,59.69967977988663,7.699999999999999,188.0,123.0,L,1.03,17.88,9.0,release_not_at_hand,,release_not_at_hand,650960,"Duarte, Daniel",CS,2B,not measured,release_not_at_hand
5f629f84-e5e6-3c76-a65b-a0957ccd65db,HOME,59.67012000324134,3.8,174.0,106.0,R,0.09,9.66,8.0,PASS,1.14,PASS,673513,"Matsui, Yuki",CS,3B,high,
ee66401c-5386-330d-b2c3-a0cc0fcdf51b,HOME,59.717818995863,3.8,176.0,122.0,L,0.14,19.91,9.0,PASS,0.904,PASS,686799,"Kochanowicz, Jack",SB,2B,high,
5c518ebf-df8b-313c-8919-d3d738bdcc5b,HOME,59.67507770577549,3.9,178.0,117.0,R,0.13,11.84,9.0,PASS,1.022,PASS,656271,"Burke, Brock",SB,2B,high,
463991bd-194d-36f0-b4e9-07fbd277d518,HOME,59.80609534863631,3.9,179.0,118.0,R,0.12,16.98,9.0,PASS,1.02,PASS,671096,"Abbott, Andrew",SB,2B,high,
daccd8ac-f9c9-3f18-bac1-c4379abeb820,HOME,59.66500809997686,5.6,179.0,130.0,L,0.19,5.89,7.0,PASS,0.821,PASS,683004,"Leiter, Jack",SB,2B,high,
109d7a0a-98d0-3636-90eb-545dc78fc894,AWAY,59.80003087624981,7.3,181.0,124.0,L,0.29,19.31,6.0,PASS,0.953,no_release,676106,"Hancock, Emerson",SB,2B,high,
d50e079d-d3e5-3185-abee-aa4707537f7d,HOME,59.7379731417941,3.8,178.0,122.0,R,0.15,22.63,9.0,PASS,0.937,PASS,804267,"Thornton, Zac",SB,2B,high,
ff8ffc6c-0d3a-39c7-97ce-774385e37ea1,HOME,59.78014034303433,3.9,179.0,114.0,L,0.14,21.83,9.0,PASS,1.087,PASS,665795,"Cabrera, Edward",SB,2B,high,
05c6aacd-9dfa-3d7b-8df7-ae0c546908e8,HOME,59.69420859698645,3.9,177.0,115.0,R,0.14,17.97,8.0,PASS,1.039,PASS,671096,"Abbott, Andrew",SB,2B,high,
ca7bf155-5cc1-3ae3-9ff0-d66aa837944a,HOME,59.69894194587071,3.9,176.0,114.0,L,0.21,14.5,9.0,PASS,1.039,PASS,666711,"Peguero, Joel",CS,2B,high,
bcc9d8f2-3d73-3a1a-bdb6-c7b307e2fa1b,AWAY,59.745540580646775,10.9,179.0,121.0,L,0.2,21.39,9.0,PASS,0.971,no_set_before_lift,680732,"Burke, Sean",SB,2B,high,
a4424777-75eb-3f6f-ab03-21a4a144c6e2,AWAY,59.753618640946236,4.6,,,,,,,not_cf_view,,no_release,665795,"Cabrera, Edward",SB,2B,not measured,not_cf_view
d44af645-0d3a-3626-9acf-d747d27449e8,AWAY,59.7304960020388,7.6,174.0,,,0.15,,9.0,no_set_before_lift,,no_set_before_lift,671096,"Abbott, Andrew",SB,2B,not measured,no_set_before_lift
c254e81d-e093-38e6-9ed1-dede30a01271,HOME,59.72685179180555,3.8,181.0,125.0,L,0.18,23.37,6.0,PASS,0.938,PASS,669387,"Mlodzinski, Carmen",SB,2B,high,
928e431d-8c67-329d-9802-692cd2275f04,HOME,59.70232562133569,3.9,180.0,110.0,L,0.21,10.42,9.0,PASS,1.172,PASS,445276,"Jansen, Kenley",SB,2B,high,
a98f8860-60b6-369e-890d-38e901b587b1,HOME,59.676025038132,3.8,179.0,114.0,L,0.16,28.32,9.0,PASS,1.089,PASS,640448,"Finnegan, Kyle",SB,2B,high,
e3382c68-7735-3b0c-b848-e6028ecccb01,AWAY,59.63257774965014,7.5,,,,,,,no_release,,no_release,680732,"Burke, Sean",CS,2B,not measured,no_release
ec2df1bc-65d0-35d7-9c8a-7e58da633bc3,AWAY,59.78657582814835,6.9,,,,,,,no_release,,no_release,680732,"Burke, Sean",SB,2B,not measured,no_release
2bca367c-bfd5-3295-ab81-a84927830038,HOME,59.690153837805575,3.8,175.0,117.0,R,0.19,21.46,6.0,PASS,0.972,PASS,519242,"Sale, Chris",SB,2B,high,
a25e943d-0c8c-3e99-9cee-cd054bb4f033,HOME,59.77925904421583,3.8,168.0,110.0,L,0.14,25.68,9.0,PASS,0.97,PASS,678020,"Halvorsen, Seth",SB,2B,high,
3c361e6b-fed1-3a65-be94-e5f73b8ca3ef,AWAY,59.753649166481225,8.1,178.0,123.0,L,0.21,7.75,9.0,cut_in_window,,cut_in_window,676917,"Cavalli, Cade",CS,2B,not measured,cut_in_window
3bc7ffb5-4a97-330b-8d4e-ab9a15a120a6,HOME,59.76581127143639,3.9,188.0,129.0,L,0.14,11.96,9.0,PASS,0.987,PASS,669160,"May, Dustin",SB,2B,high,
08b0fa7e-fea9-3303-8e1f-9a384e862742,HOME,59.719606457413704,3.9,177.0,113.0,R,0.12,19.23,9.0,PASS,1.072,PASS,607074,"Rodón, Carlos",SB,2B,high,
e5e4fa53-9016-3eb4-9be6-9ac454b4b0ba,AWAY,59.67956990780683,7.5,171.0,115.0,L,0.14,8.24,8.0,not_cf_view,,not_cf_view,667755,"Soriano, José",SB,2B,not measured,not_cf_view
77f18201-ba97-3ad7-a108-a673e579a259,HOME,59.675006299028446,3.9,176.0,112.0,L,0.2,21.29,9.0,PASS,1.072,PASS,690925,"Beeter, Clayton",SB,2B,high,
7ef5e7ef-5dcf-3ee0-9635-0cb268215035,AWAY,59.65530056109612,9.2,177.0,115.0,L,0.35,14.99,6.0,PASS,1.039,release_not_at_hand,489446,"Yates, Kirby",SB,2B,low,release_to_wrist 0.35 outside -0.32
56c168e1-3ccb-3f3d-a05b-d98e8bbb8d30,HOME,59.73230338949191,3.8,192.0,132.0,L,0.24,24.69,9.0,PASS,1.004,PASS,693686,"Miles, Spencer",SB,2B,high,
d495530b-13df-35cd-96d3-4fb6fe64401c,HOME,59.73495125853681,3.9,179.0,127.0,R,0.12,5.48,9.0,PASS,0.871,PASS,646241,"De Jesus, Enmanuel",SB,3B,high,
27f42c8a-8de1-3273-89d9-248c321d23cc,HOME,59.664186387971895,3.8,175.0,114.0,L,0.11,18.0,9.0,PASS,1.022,PASS,681217,"Silseth, Chase",SB,2B,high,
7f9b5d1f-5f7d-36ec-96ee-3159b3f7e549,HOME,59.666823404618405,3.7,172.0,118.0,L,0.17,21.2,8.0,PASS,0.905,PASS,680604,"Castaño, Blas",SB,2B,high,
f6842ad3-7eb7-3f68-9ef8-e9893f59e689,HOME,59.691941938143174,3.8,179.0,122.0,R,0.22,25.21,9.0,PASS,0.955,PASS,806188,"Gibson, Cade",SB,2B,high,
bb9ae7b9-4507-325a-935e-efd6d90283b0,AWAY,59.69109356629161,7.699999999999999,174.0,115.0,L,0.12,18.48,9.0,PASS,0.988,cut_in_window,621111,"Buehler, Walker",CS,2B,high,
eec8d422-5124-3d52-8a16-665493bb2dd4,HOME,59.75659584403456,3.9,181.0,122.0,L,0.14,14.05,7.0,PASS,0.987,PASS,693821,"Elder, Bryce",SB,2B,high,
82ecfc65-fad1-35da-aea2-b602a1b0eaab,HOME,59.6954112705884,3.9,179.0,123.0,L,0.32,28.67,8.0,PASS,0.938,PASS,681402,"Varland, Gus",SB,2B,high,
a5cf9091-cda7-3234-9dca-8887ec911351,HOME,59.75047065350892,3.9,177.0,127.0,R,0.26,3.17,5.0,PASS,0.837,PASS,640455,"Manaea, Sean",SB,3B,low,lift_peak_in 3.17 outside 4.28-
39550868-df81-3baf-987c-13d588ca7df5,AWAY,59.839338461035396,6.3999999999999995,,,,,,,no_release,,cut_in_window,668909,"Williams, Gavin",SB,2B,not measured,no_release
13f9e190-3361-30e9-9863-4fae5b7495f3,HOME,59.87968988729167,3.8,183.0,125.0,L,0.57,18.87,8.0,PASS,0.969,PASS,701656,"Henderson, Logan",CS,2B,low,release_to_wrist 0.57 outside -0.32
661bcc75-f765-3e59-9c87-053b62d5dd41,AWAY,59.72587355471043,5.4,,,,,,,not_cf_view,,cut_in_window,687570,"Prielipp, Connor",CS,2B,not measured,not_cf_view
20a96889-90f1-32a2-988d-0bec60c43875,HOME,59.78526110297706,3.9,177.0,112.0,R,0.09,17.0,8.0,PASS,1.087,PASS,650911,"Sánchez, Cristopher",CS,2B,high,
b74720b3-125b-35be-83e3-c1afc09b2d49,AWAY,59.68348457511281,8.2,184.0,124.0,L,0.94,12.38,8.0,cut_in_window,,release_not_at_hand,607259,"Martinez, Nick",CS,2B,not measured,cut_in_window
1c0388ea-265a-323c-ac7f-a0813e906843,HOME,59.64764886367184,3.9,183.0,104.0,R,0.37,27.29,7.0,PASS,1.324,PASS,640455,"Manaea, Sean",SB,3B,low,release_to_wrist 0.37 outside -0.32; delivery_s 1.324 outside 0.7-1.31
84b4c4ce-e4ca-3e25-8eb9-7d488b32f0db,HOME,59.748886074926716,3.9,178.0,120.0,L,0.16,22.69,9.0,PASS,0.971,PASS,668909,"Williams, Gavin",CS,2B,high,
92a45718-4f98-3684-89d4-fcd671f99fc9,AWAY,59.799190952122416,8.2,175.0,113.0,L,0.16,17.79,9.0,PASS,1.037,cut_in_window,647336,"Soroka, Michael",SB,2B,high,
d0601330-e3d3-3376-99ea-578cb940dc2f,HOME,59.70930819521904,3.9,179.0,113.0,L,0.13,26.77,5.0,PASS,1.105,PASS,801434,"Gervase, Paul",CS,2B,high,
31b78804-1c2d-310b-99c4-94898c5a6fd1,HOME,59.817007181976194,5.5,156.0,124.0,L,0.11,14.5,8.0,PASS,0.535,PASS,642701,"Santana, Dennis",SB,3B,low,delivery_s 0.535 outside 0.7-1.31
17c2432f-d817-3ffb-82ec-6689f90a6050,AWAY,59.751240774519076,11.0,175.0,120.0,L,0.13,10.45,9.0,PASS,0.92,cut_in_window,663158,"Suarez, Robert",SB,2B,high,
6f4eacf8-f8b0-3cc3-b235-c1daf2a789e8,HOME,59.76328117125067,5.5,147.0,119.0,L,0.11,4.18,6.0,PASS,0.469,PASS,693821,"Elder, Bryce",SB,2B,low,lift_peak_in 4.18 outside 4.28-; delivery_s 0.469 outside 0.7-1.31
db1351b7-0059-3f0e-b7f3-c8930d276a31,AWAY,59.71658895283563,7.6,171.0,99.0,R,0.11,31.85,9.0,PASS,1.206,no_set_before_lift,669062,"Miller, Erik",SB,2B,high,
25a3b2ce-9e0a-3e52-977b-435c2ab1c622,AWAY,59.729043741965256,5.5,184.0,,,0.17,,9.0,cut_in_window,,not_cf_view,696149,"Chandler, Bubba",SB,2B,not measured,cut_in_window
169bf942-bb8c-34a0-8321-f6e929cc983f,HOME,59.79143506495033,3.8,172.0,120.0,L,0.17,11.59,9.0,PASS,0.87,PASS,608372,"Sugano, Tomoyuki",SB,2B,high,
711be8f7-a2f6-3124-b7ff-1c1c7b6fb9d8,AWAY,59.675643579054146,9.7,194.0,,,0.64,,9.0,cut_in_window,,release_not_at_hand,669711,"Weissert, Greg",CS,2B,not measured,cut_in_window
268b1bdf-ff00-3598-9931-9e889e2e4fc6,AWAY,,6.1,,,,,,,no_clip,,cut_in_window,681293,"Arrighetti, Spencer",SB,2B,not measured,no_clip
de104b66-7ecd-376b-afbf-7440220457fa,HOME,59.65488196743215,5.5,164.0,127.0,L,0.07,3.43,6.0,PASS,0.62,PASS,656848,"Petersen, Michael",CS,2B,low,lift_peak_in 3.43 outside 4.28-; delivery_s 0.62 outside 0.7-1.31
2964851a-329b-3382-bc0f-3602f40f424a,HOME,59.74290915244539,3.9,172.0,121.0,L,0.18,8.86,9.0,PASS,0.854,PASS,664141,"Brubaker, JT",SB,2B,high,
a88aad09-db51-35b0-8bec-9d721e318ba9,AWAY,59.66026192662873,8.2,174.0,,,0.23,,9.0,cut_in_window,,cut_in_window,669372,"Ginn, J.T.",SB,2B,not measured,cut_in_window
0035e53a-63de-3c09-885a-28912b027ff5,HOME,59.67068195065087,4.0,178.0,119.0,L,0.14,16.82,9.0,PASS,0.989,PASS,681982,"Anderson, Grant",SB,2B,high,
678b40a1-48c7-3fb2-82cb-d2757c2322f4,HOME,59.75528786872807,3.8,172.0,99.0,L,0.16,21.31,9.0,PASS,1.222,PASS,668678,"Gallen, Zac",SB,2B,high,
549eed67-9640-380b-a7d9-10b1c707399e,HOME,59.669692852784415,3.9,181.0,121.0,L,0.26,11.75,8.0,PASS,1.006,PASS,678394,"Bello, Brayan",CS,2B,high,
c2abec36-05e1-3bbb-8d57-e7c7a8dc156d,HOME,59.737629310112226,3.9,177.0,115.0,L,0.12,15.3,9.0,PASS,1.038,PASS,684320,"Rodríguez, Yariel",SB,2B,high,
18a80159-c57f-33d1-adea-d4d90f834d1a,HOME,59.6856555474501,4.0,179.0,127.0,R,0.14,16.45,9.0,PASS,0.871,PASS,668941,"Romero, JoJo",CS,2B,high,
0f136f06-b067-33b1-9d1f-4ee118f8ff23,HOME,59.75006138344049,3.8,180.0,114.0,L,0.13,25.85,7.0,PASS,1.105,PASS,670036,"Festa, Matt",SB,3B,high,
0decb24c-79a6-3b5f-ba4d-6164e3521e7c,AWAY,59.85980466917592,4.9,176.0,,,0.1,,9.0,no_set_before_lift,,not_cf_view,683175,"Phillips, Connor",SB,2B,not measured,no_set_before_lift
e829c558-b11a-3d35-8573-9ab5971e1a9a,HOME,59.735243214666774,3.8,178.0,122.0,L,0.17,19.55,9.0,PASS,0.937,PASS,820862,"Fermin, José",SB,3B,high,
d93c5efd-64f6-3f2f-968e-fce8c8c1ef78,HOME,59.67084790350005,3.8,178.0,116.0,L,0.2,24.52,9.0,PASS,1.039,PASS,669923,"Kirby, George",SB,2B,high,
79e9f8d7-0507-3b32-910b-b5be9c3ab7bf,HOME,59.671049526740894,3.9,184.0,124.0,L,0.25,24.72,9.0,PASS,1.006,PASS,669923,"Kirby, George",SB,3B,high,
f6394afa-1b4b-3e61-b186-4808d5640107,HOME,59.70535116526651,3.9,175.0,116.0,L,0.17,5.3,9.0,PASS,0.988,PASS,542888,"Armstrong, Shawn",CS,2B,high,
1fd6ad7c-d177-35e1-adf3-07c8d9a14864,AWAY,59.785767665863986,7.6,175.0,,,0.21,,9.0,no_set_before_lift,,no_set_before_lift,543135,"Eovaldi, Nathan",CS,2B,not measured,no_set_before_lift
28bac587-c8a6-3b6a-8e74-505a11a38312,AWAY,59.770920891176736,8.2,175.0,126.0,R,0.1,26.78,9.0,cut_in_window,,cut_in_window,594580,"Moll, Sam",SB,2B,not measured,cut_in_window
e68e37c5-1af9-382d-bd2d-4c28924171e0,HOME,59.679718842213454,3.9,178.0,110.0,L,0.11,21.98,8.0,PASS,1.139,PASS,471911,"Carrasco, Carlos",SB,2B,high,
c239cad1-5886-3fd3-bd05-87253edd8e43,AWAY,59.738668300544774,7.5,,,,,,,no_release,,no_release,663969,"Phillips, Tyler",SB,2B,not measured,no_release
232b9506-7a6f-30a4-aad5-26933d77b5da,HOME,59.688514382352835,4.2,174.0,111.0,R,0.11,20.34,9.0,PASS,1.055,PASS,500779,"Quintana, Jose",SB,2B,high,
640dec45-a0d7-3cbf-aca8-83f5b0a23e9d,AWAY,59.63981168277645,8.2,178.0,111.0,L,0.15,8.07,9.0,PASS,1.123,cut_in_window,445276,"Jansen, Kenley",SB,2B,high,
bd4fa908-9a23-3bc2-a80d-5bba6323ddf9,HOME,59.705889405373185,5.7,175.0,118.0,R,0.2,16.86,5.0,PASS,0.955,PASS,573204,"Thielbar, Caleb",SB,2B,high,
dc755957-946c-31f4-b0a7-8ff632690ddd,AWAY,59.71807669555477,8.0,217.0,,,0.41,,9.0,not_cf_view,,no_set_before_lift,445276,"Jansen, Kenley",SB,3B,not measured,not_cf_view
ca55a6a0-a88d-37b6-81b2-39a8e7edb018,HOME,59.719759498943844,4.1,178.0,121.0,L,0.14,13.17,9.0,PASS,0.954,PASS,656876,"Rasmussen, Drew",CS,2B,high,
90dbfcac-17d8-32f3-af9f-01a708ac2b0f,HOME,59.705007001810166,4.0,177.0,124.0,L,0.14,6.45,9.0,PASS,0.888,PASS,664126,"Fairbanks, Pete",CS,2B,high,
680ea65d-e9e9-3a5c-939e-ca40e05d224f,HOME,59.63482870324924,4.0,178.0,119.0,R,0.16,25.0,9.0,PASS,0.989,PASS,702273,"Schultz, Noah",CS,2B,high,
54fd05b5-f038-34da-bae7-34c33cf94bdc,HOME,59.75727457543586,3.9,178.0,127.0,L,0.17,2.82,9.0,PASS,0.853,PASS,691725,"Painter, Andrew",CS,2B,low,lift_peak_in 2.82 outside 4.28-
c4ef6b3e-b1c1-37f5-b13e-c4142148adbf,AWAY,,3.9,,,,,,,no_clip,,no_set_before_lift,684320,"Rodríguez, Yariel",SB,2B,not measured,no_clip
90c2d7dd-c684-3244-91d9-d8fac6907c63,AWAY,59.69940824270777,6.199999999999999,216.0,,,0.59,,9.0,no_set_before_lift,,no_release,669622,"Bender, Anthony",SB,2B,not measured,no_set_before_lift
86f6211d-f8ac-325d-a55d-690e6a47457f,HOME,59.69822450911573,3.8,177.0,119.0,L,0.13,14.05,9.0,PASS,0.972,PASS,656876,"Rasmussen, Drew",SB,2B,high,
5485f61e-1727-3521-8d45-d34f6c143fbd,HOME,59.804211037824345,3.9,179.0,127.0,L,0.23,14.37,9.0,PASS,0.87,PASS,695380,"Hoppe, Alex",SB,2B,high,
8aef7c11-d200-3295-80cb-e647cd8d6409,HOME,59.65093966068655,3.9,178.0,120.0,L,0.12,22.27,8.0,PASS,0.972,PASS,543243,"Gray, Sonny",CS,2B,high,
2098c78a-d8ac-38a8-ba3f-9f279aee1729,HOME,59.73120955699353,3.9,186.0,119.0,L,0.13,21.07,9.0,PASS,1.122,PASS,656302,"Cease, Dylan",SB,2B,high,
2551a2f5-a1c5-372f-a8c7-1cf5964a7ba2,AWAY,59.676647164721686,8.3,178.0,118.0,R,0.14,18.01,9.0,PASS,1.005,cut_in_window,682052,"Lopez, Jacob",SB,2B,high,
a2cfe3ce-6587-3bac-8b75-7cb57a0f2c9d,AWAY,59.67517980560713,8.7,177.0,,,0.13,,9.0,cut_in_window,,cut_in_window,650633,"King, Michael",CS,2B,not measured,cut_in_window
160ea4ca-1ef1-3a77-96b0-6a0e975b5c85,HOME,59.71484158068127,3.9,179.0,115.0,L,0.11,28.07,8.0,PASS,1.072,PASS,625643,"López, Reynaldo",SB,2B,high,
f3aa1f49-5c4b-395a-ad9b-167eb20d090b,AWAY,59.65857466293477,7.699999999999999,181.0,107.0,R,0.23,23.18,9.0,PASS,1.24,cut_in_window,666200,"Luzardo, Jesús",CS,2B,high,
1c33f5ff-39cd-391c-b018-c7612f252f43,HOME,59.66302602029008,3.8,173.0,117.0,L,0.13,13.47,9.0,PASS,0.939,PASS,686218,"Sheehan, Emmet",CS,2B,high,
83261b5b-3170-3067-a8d1-7069ba92c846,AWAY,59.68951360495586,2.4,,,,,,,not_cf_view,,not_cf_view,685801,"Bigge, Hunter",SB,2B,not measured,not_cf_view
dcca1276-9484-32a1-80fe-152756409687,HOME,59.68402160330304,5.6,184.0,137.0,L,0.14,3.25,9.0,PASS,0.787,PASS,656234,"Bird, Jake",SB,2B,low,lift_peak_in 3.25 outside 4.28-
312ed931-336c-314b-91e9-90785911b98d,HOME,59.67975481868808,3.9,185.0,123.0,L,0.26,26.01,9.0,PASS,1.039,PASS,641745,"Keller, Brad",SB,3B,high,
a45c3119-3f02-3fd7-a85e-bebb7f7cb476,AWAY,59.781347673577464,9.5,182.0,124.0,L,0.2,14.24,7.0,PASS,0.97,no_release,682608,"Gray, Peyton",SB,2B,high,
5c50aff4-0cdb-356d-82ee-f76445aa346e,AWAY,59.732977105529315,8.8,180.0,125.0,L,0.15,23.6,9.0,cut_in_window,,cut_in_window,670329,"Garcia, Rico",CS,2B,not measured,cut_in_window
0270c6e7-d8ee-3f36-9b9d-1acae36ef4ff,AWAY,59.67332819961472,8.1,178.0,113.0,R,0.12,22.81,9.0,PASS,1.089,no_release,669461,"Liberatore, Matthew",CS,2B,high,
3d277759-cf9e-3a7f-b58e-da30d8bcf2d0,AWAY,59.527488036878985,4.7,,,,,,,not_cf_view,,no_release,805673,"Matthews, Zebby",SB,2B,not measured,not_cf_view
8da5fe98-59ca-3889-b490-7e502fb974ff,HOME,59.77986237461761,3.9,175.0,110.0,R,0.12,22.7,9.0,PASS,1.087,PASS,669461,"Liberatore, Matthew",SB,2B,high,
029616e8-6e68-35bc-bc1f-d60813cc4885,HOME,59.71732607030791,3.8,179.0,116.0,R,0.07,22.95,9.0,PASS,1.055,PASS,666157,"Lodolo, Nick",CS,2B,high,
e67c7f76-e450-3f95-bcd0-4d9d92740d4c,AWAY,59.727398029506354,6.9,,,,,,,no_release,,no_release,677958,"Rocker, Kumar",SB,2B,not measured,no_release
3e782e91-7c2e-3f03-b818-1d6049fd1705,AWAY,59.65757880418712,11.7,239.0,,,1.24,,9.0,release_not_at_hand,,release_not_at_hand,669461,"Liberatore, Matthew",CS,2B,not measured,release_not_at_hand
77880e9e-edc5-3fb4-b60c-824f6aba773a,AWAY,59.73187802162726,7.6,176.0,115.0,R,0.15,23.03,9.0,PASS,1.021,cut_in_window,642100,"Speier, Gabe",SB,2B,high,
e1c01d8d-b79b-38a7-acd0-3d89004fa7b4,HOME,59.64340688209404,3.8,175.0,104.0,L,0.32,28.8,9.0,PASS,1.19,PASS,605400,"Nola, Aaron",SB,2B,high,
47b566db-6961-33c7-88b0-5644791aff06,HOME,59.67551439050165,3.8,172.0,106.0,R,0.09,16.45,9.0,PASS,1.106,PASS,607536,"Freeland, Kyle",SB,3B,high,
ba392eed-c7da-3c77-813a-1c9173651873,AWAY,59.659296687570105,8.2,182.0,122.0,R,0.19,20.01,9.0,PASS,1.006,cut_in_window,696136,"Wicks, Jordan",SB,2B,high,
3813cdd9-3613-30dc-9f66-0763f4421000,HOME,59.63935556978864,3.9,179.0,109.0,R,0.12,26.79,8.0,PASS,1.174,PASS,676282,"Cantillo, Joey",CS,2B,high,
58395bc3-b8e5-37d4-971c-6f26f73bba10,HOME,59.818758091156646,3.9,177.0,111.0,L,0.15,27.83,9.0,PASS,1.103,PASS,675911,"Strider, Spencer",SB,2B,high,
63c93b46-7664-3de7-bd2d-0a348161da66,HOME,59.75787756503821,3.8,172.0,108.0,R,0.1,23.68,9.0,PASS,1.071,PASS,660761,"Suarez, José",CS,2B,high,
8a9cc2be-09cd-3111-9aed-0f49a925a4a1,HOME,59.71367554478362,3.9,173.0,105.0,R,0.19,31.08,9.0,PASS,1.139,PASS,621366,"Borucki, Ryan",SB,2B,high,
88ff12be-299c-3144-b3b8-cd84a5908367,HOME,59.72046756124487,4.0,180.0,147.0,L,0.18,2.43,9.0,PASS,0.553,PASS,681676,"Fernandez, Ryan",SB,2B,low,lift_peak_in 2.43 outside 4.28-; delivery_s 0.553 outside 0.7-1.31
6f269943-aaa2-300d-894a-12e84df62095,HOME,59.63796831896219,3.9,182.0,125.0,L,0.38,15.96,8.0,PASS,0.956,PASS,657746,"Ryan, Joe",SB,2B,low,release_to_wrist 0.38 outside -0.32
9db18926-6bea-3d16-9131-e8a16c7d9912,HOME,59.700568295367226,3.8,189.0,116.0,R,0.55,27.38,6.0,PASS,1.223,PASS,656849,"Peterson, David",CS,2B,low,release_to_wrist 0.55 outside -0.32
9af27400-662b-38e0-996c-b783ff875cda,AWAY,59.8623432752079,8.0,172.0,,,0.16,,9.0,no_set_before_lift,,cut_in_window,681190,"Vásquez, Randy",SB,2B,not measured,no_set_before_lift
c98c98bf-a090-328b-9786-7fb475157633,HOME,59.79839398599009,3.8,184.0,122.0,L,0.2,25.84,9.0,PASS,1.037,PASS,693686,"Miles, Spencer",SB,2B,high,
d148b771-3933-34d5-bdfc-cab6fe690e9e,AWAY,59.6751245760369,7.0,,,,,,,no_release,,no_release,680732,"Burke, Sean",CS,2B,not measured,no_release
be4dee97-e5eb-3375-a1ab-6cd3e39ca76a,AWAY,59.74104554488812,7.6,,,,,,,no_release,,no_release,592332,"Gausman, Kevin",SB,2B,not measured,no_release
4ffcdc17-fbfa-381a-9bc2-da406071cdee,AWAY,59.66558644164839,6.9,,,,,,,no_release,,no_release,656546,"Hoffman, Jeff",SB,2B,not measured,no_release
7ad3206d-55ca-344b-98b8-e1a45166173f,HOME,59.65581391735961,3.8,176.0,114.0,L,0.17,18.93,9.0,PASS,1.039,PASS,592332,"Gausman, Kevin",SB,2B,high,
63eba789-84cc-308c-902e-9a3a8c55488d,HOME,59.74009750935965,3.9,176.0,113.0,R,0.12,19.89,9.0,PASS,1.055,PASS,670970,"Morejon, Adrian",SB,2B,high,
291a6bcd-2513-398c-8868-16e3816d713c,HOME,59.65378295027351,3.9,179.0,119.0,L,0.14,14.94,9.0,PASS,1.006,PASS,647336,"Soroka, Michael",SB,2B,high,
3235c2a2-41fb-3004-a01c-78a6a1090ce7,HOME,59.743583746270204,3.8,180.0,109.0,L,0.2,16.92,9.0,PASS,1.188,PASS,691587,"Pérez, Eury",SB,2B,high,
72ebdeed-4576-3bd5-8552-3dbace2dbe13,AWAY,59.65675404433394,7.2,181.0,135.0,L,0.23,2.22,9.0,PASS,0.771,no_release,656546,"Hoffman, Jeff",CS,2B,low,lift_peak_in 2.22 outside 4.28-
f94ea381-43bb-392e-8f98-1d392d0b308b,HOME,59.78544862139981,3.8,179.0,121.0,L,0.14,22.31,9.0,PASS,0.97,PASS,668909,"Williams, Gavin",SB,2B,high,
3e6ddc3a-232a-3d13-ba08-65e571e959ac,AWAY,59.75212164292663,8.2,181.0,129.0,L,0.18,11.98,9.0,PASS,0.87,cut_in_window,671922,"Smith, Cade",SB,2B,high,
e6cc8a17-9fc8-3b8f-82b9-bd21c3528993,HOME,59.67642599675482,3.9,178.0,119.0,R,0.08,24.27,9.0,PASS,0.989,PASS,689254,"Fluharty, Mason",CS,2B,high,
817909f4-b542-3550-b76f-d39feb321ca1,HOME,59.634434267261284,5.6,179.0,120.0,L,0.19,18.86,9.0,PASS,0.989,PASS,592332,"Gausman, Kevin",SB,2B,high,
43482c95-8770-3df6-a125-3e5c8b6155ab,HOME,59.661105360534016,3.8,176.0,113.0,L,0.21,19.51,9.0,PASS,1.056,PASS,663554,"Mize, Casey",SB,2B,high,
a3bd3b79-2dd6-3bfc-9a6a-faa300720d80,AWAY,59.74283536710292,7.1,,,,,,,no_release,,no_release,679358,"Orze, Eric",SB,2B,not measured,no_release
1d55c781-03c7-3b9b-abbf-e0d021d19bdf,HOME,59.630602061218156,3.8,182.0,119.0,L,0.25,14.17,9.0,PASS,1.057,PASS,691587,"Pérez, Eury",CS,2B,high,
99cea1ae-8808-36a6-9a61-4dccee48d907,HOME,59.69354510996364,5.5,179.0,119.0,L,0.1,14.34,9.0,PASS,1.005,PASS,693821,"Elder, Bryce",SB,2B,high,
33cc0d4a-95ad-35ff-808e-938d6450adcc,HOME,59.72359377322953,3.8,183.0,123.0,R,0.13,18.07,9.0,PASS,1.005,PASS,671096,"Abbott, Andrew",CS,2B,high,
62f2931e-4760-3045-95f7-236234966920,AWAY,59.74850049790417,8.9,182.0,119.0,L,0.15,19.61,4.0,PASS,1.054,no_release,681347,"Burrows, Mike",SB,2B,low,ball_pts 4.0 outside 5-
e0574e37-3074-33e8-a3a3-b8b8d5af0aed,HOME,59.748943789890255,3.8,177.0,116.0,L,0.19,29.79,9.0,PASS,1.021,PASS,656730,"Megill, Trevor",SB,2B,high,
7bfbe6fd-c042-3900-a4f6-106fb2f960c4,HOME,59.61070744419851,3.9,185.0,151.0,L,0.51,3.73,9.0,PASS,0.57,PASS,664875,"Lawrence, Justin",SB,2B,low,release_to_wrist 0.51 outside -0.32; lift_peak_in 3.73 outside 4.28-; delivery_s 0.57 outside 0.7-1.31
88ae3993-d142-3967-9b3d-5a01ab973ff2,HOME,59.69249321676214,3.9,177.0,120.0,R,0.2,18.13,9.0,PASS,0.955,PASS,689266,"Dodd, Dylan",SB,2B,high,
b62e6894-33ab-361b-9688-e8a2142e1876,HOME,59.71823088245602,3.8,181.0,118.0,R,0.13,23.46,9.0,PASS,1.055,PASS,813349,"Early, Connelly",SB,2B,high,
9094ddc4-716d-3c2f-bfeb-8e3fc19194c6,HOME,59.690706577744706,5.5,180.0,123.0,L,0.1,9.38,7.0,PASS,0.955,PASS,686560,"Collyer, Gavin",CS,2B,high,
993e8c11-c80b-3bdb-b66d-5052af724280,HOME,59.79627916592672,3.9,178.0,111.0,L,0.16,24.28,9.0,PASS,1.12,PASS,647336,"Soroka, Michael",SB,2B,high,
7195ff4d-a5a6-397f-8bf0-86f0e951ee5a,AWAY,59.69038645076756,6.3,,,,,,,no_release,,no_release,656546,"Hoffman, Jeff",SB,2B,not measured,no_release
c09a29a5-cb55-3ed1-bfee-368fc2d6319e,HOME,59.670003438234396,3.8,179.0,111.0,L,0.31,27.2,9.0,PASS,1.14,PASS,690925,"Beeter, Clayton",CS,3B,high,
8cb892eb-7229-3cfe-aa53-c1747ee90a27,HOME,59.71713256616778,5.5,181.0,115.0,L,0.16,28.48,5.0,PASS,1.105,PASS,663878,"Pearson, Nate",SB,2B,high,
1de7dba0-1a21-37a5-85a0-1d3c68fce763,HOME,59.67330151899013,3.9,178.0,108.0,R,0.11,26.61,4.0,PASS,1.173,PASS,607455,"Banda, Anthony",CS,2B,low,ball_pts 4.0 outside 5-
a143b337-321b-3c46-b7db-6b842315b52c,HOME,59.68691623277443,3.8,179.0,127.0,L,0.21,16.3,9.0,PASS,0.871,PASS,669724,"Hanifee, Brenan",CS,2B,high,
26747fb6-2faa-3065-bc95-45e1c4e14cb6,HOME,59.63774756854278,3.8,181.0,121.0,L,0.49,19.2,9.0,PASS,1.006,PASS,605135,"Bassitt, Chris",CS,2B,low,release_to_wrist 0.49 outside -0.32
bae3c81b-0470-3f47-81d7-d8011a3ee087,HOME,59.74827943810691,3.9,178.0,119.0,L,0.11,9.14,9.0,PASS,0.987,PASS,680573,"Woods Richardson, Simeon",SB,2B,high,
78191109-aff3-3462-b8a8-b12044641e9b,AWAY,59.73404957266284,5.300000000000001,181.0,,,0.15,,7.0,cut_in_window,,not_cf_view,656546,"Hoffman, Jeff",SB,2B,not measured,cut_in_window
360e47f4-f14e-3fa5-9508-b3003aadc95f,AWAY,59.680926146631265,8.1,182.0,124.0,L,0.18,15.27,9.0,PASS,0.972,cut_in_window,607067,"Rea, Colin",CS,2B,high,
207b0213-f416-345c-ac31-8c67bb176f2e,HOME,59.77125278415623,3.8,181.0,123.0,R,0.1,22.7,9.0,PASS,0.97,PASS,519242,"Sale, Chris",CS,2B,high,
67ef1bd0-2c66-324d-b91f-c256102f05a0,HOME,59.786933813055484,4.1,180.0,115.0,L,0.14,27.99,9.0,PASS,1.087,PASS,594027,"Guerrero, Tyron",SB,3B,high,
0f499167-7944-3556-99b1-9357fb03a0e6,AWAY,59.76685375932893,6.699999999999999,,,,,,,no_release,,no_release,663436,"Martin, Davis",SB,2B,not measured,no_release
925aec2f-acd5-3df6-a9c0-b950394509d4,HOME,59.63179731499156,4.0,179.0,124.0,L,0.1,14.04,8.0,PASS,0.922,PASS,675512,"Melton, Troy",SB,2B,high,
32840aba-73af-3478-ba4b-000a4463a78f,HOME,59.63673131811901,4.0,176.0,114.0,R,0.13,24.23,9.0,PASS,1.04,PASS,607074,"Rodón, Carlos",CS,2B,high,
008195ff-c938-327c-bfba-95dcff44a564,AWAY,59.81534615775678,8.399999999999999,173.0,,,0.09,,9.0,cut_in_window,,cut_in_window,668678,"Gallen, Zac",SB,2B,not measured,cut_in_window
e6ede70c-4c56-367b-a575-28fcb8a37197,HOME,59.70691396982871,4.2,181.0,118.0,R,0.16,20.94,9.0,PASS,1.055,PASS,674841,"Alvarez, Andrew",SB,2B,high,
631cc739-01d0-3de9-a0b4-21d6dbabc922,AWAY,59.72775256968238,8.0,179.0,126.0,L,0.13,4.36,9.0,not_cf_view,,cut_in_window,608337,"Giolito, Lucas",SB,2B,not measured,not_cf_view
7fee517d-2eec-39f2-b199-76e7f1912dd7,HOME,59.897304621292044,4.2,176.0,112.0,L,0.11,17.21,9.0,PASS,1.068,PASS,657277,"Webb, Logan",CS,2B,high,
53e30bde-affe-318c-8a53-26869cd7163b,HOME,59.76708134216494,5.9,179.0,118.0,L,0.13,25.4,9.0,PASS,1.021,PASS,656550,"Holmes, Grant",CS,3B,high,
4b95efbb-4e8c-3097-8b80-e47b37ded4e5,AWAY,59.70958156571792,7.8,179.0,108.0,L,0.16,25.6,7.0,PASS,1.189,no_set_before_lift,678394,"Bello, Brayan",SB,2B,high,
868d3689-ba2f-348a-b7da-4e12fd6c8f7a,AWAY,,5.7,,,,,,,no_clip,,no_set_before_lift,671737,"Bradley, Taj",SB,2B,not measured,no_clip
304a3eb5-e6f4-35ef-9735-2ebc4b8b59dd,HOME,59.722643992306914,4.0,177.0,121.0,R,0.19,7.2,9.0,PASS,0.938,PASS,674841,"Alvarez, Andrew",SB,2B,high,
9b8231c2-a677-370e-b750-e5d204ea1bf9,HOME,59.759170542712866,4.0,179.0,127.0,L,0.23,14.53,6.0,PASS,0.87,PASS,663978,"Paddack, Chris",SB,2B,high,
f918061c-6708-386e-bf02-bbd98fd436a7,HOME,59.70600689613453,4.0,179.0,122.0,L,0.26,3.32,8.0,PASS,0.955,PASS,669467,"Pallante, Andre",SB,2B,low,lift_peak_in 3.32 outside 4.28-
11184940-facf-3b89-a3b2-600eb721c218,AWAY,59.683809354230085,6.3,181.0,121.0,L,0.39,12.51,9.0,PASS,1.005,no_release,607259,"Martinez, Nick",CS,2B,low,release_to_wrist 0.39 outside -0.32
f79db0a5-d434-3549-a23b-cae701f3cfe3,HOME,59.70098481111697,3.9,182.0,128.0,L,0.19,15.01,9.0,PASS,0.905,PASS,663978,"Paddack, Chris",CS,2B,high,
d20e12c5-5dc2-3be9-9715-5b5c94b9c30e,AWAY,59.676075619056704,8.2,180.0,123.0,L,0.18,33.32,9.0,not_cf_view,,cut_in_window,656876,"Rasmussen, Drew",SB,2B,not measured,not_cf_view
f3ade1cd-3e4c-3b47-a0a7-fdf9cb0a1939,HOME,59.7341083422537,3.9,180.0,124.0,L,0.12,15.3,9.0,PASS,0.937,PASS,681035,"Scott, Christian",CS,3B,high,
89e6c91a-05fd-351b-8b1d-3727cf4f1ac2,AWAY,59.72039445401459,7.800000000000001,,,,,,,no_release,,no_release,621366,"Borucki, Ryan",SB,2B,not measured,no_release
e81d8442-3d19-369b-801f-6216a967bdac,AWAY,,3.9,,,,,,,no_clip,,release_not_at_hand,663903,"Singer, Brady",SB,2B,not measured,no_clip
e873ef21-2c72-340f-9780-38fef6ebdcac,HOME,59.64696947003005,3.9,177.0,120.0,R,0.14,19.45,9.0,PASS,0.956,PASS,693855,"Seymour, Ian",SB,3B,high,
e239fbea-cfc9-3f2a-a8f0-445eb78d75bc,AWAY,59.569976053209054,7.6,178.0,,,0.21,,9.0,no_set_before_lift,,no_set_before_lift,676051,"Heuer, Codi",SB,3B,not measured,no_set_before_lift
52e8e1b7-36e5-382b-9bee-f11473f6c5fb,HOME,59.68120290780083,3.9,183.0,117.0,L,0.13,15.38,9.0,PASS,1.106,PASS,687075,"Sproat, Brandon",SB,2B,high,
b112100f-93b2-33e3-a4f9-2bd34057411a,HOME,59.6715377516553,3.8,178.0,115.0,L,0.15,21.2,9.0,PASS,1.056,PASS,681806,"Wantz, Andrew",SB,2B,high,
ed77ab6e-3d29-3006-b065-a27f2530ba21,AWAY,59.73419949776553,2.2,,,,,,,not_cf_view,,not_cf_view,695418,"Lord, Brad",CS,2B,not measured,not_cf_view
379a867b-98c6-3742-98a9-a749c85a70e4,AWAY,59.698785981522484,8.5,179.0,,,0.14,,9.0,cut_in_window,,cut_in_window,804619,"Klein, John",SB,2B,not measured,cut_in_window
6c046594-d11d-3c71-a503-dcd55597e463,AWAY,59.67500305354548,7.699999999999999,177.0,116.0,R,0.27,19.69,9.0,PASS,1.022,cut_in_window,681892,"Funderburk, Kody",SB,2B,high,
f7daca9a-c0c9-34f6-a516-3a22d44daac0,HOME,59.77593665036219,4.0,180.0,128.0,L,0.09,8.98,6.0,PASS,0.87,PASS,663903,"Singer, Brady",SB,3B,high,
9b4dd654-c62b-3c2d-be94-c543f8c93843,AWAY,59.65300655606715,7.699999999999999,179.0,,,0.24,,9.0,no_set_before_lift,,no_set_before_lift,676051,"Heuer, Codi",SB,2B,not measured,no_set_before_lift
64df01bd-f39b-3a50-beb7-a5ac10967d71,HOME,59.63433890579538,3.9,180.0,119.0,L,0.12,22.82,6.0,PASS,1.023,PASS,607625,"Lugo, Seth",SB,2B,high,
bfb201d5-ca2a-3544-9792-327d1df55cf1,AWAY,59.66157603149147,11.2,171.0,118.0,L,0.54,28.94,6.0,PASS,0.888,not_cf_view,680732,"Burke, Sean",SB,2B,low,release_to_wrist 0.54 outside -0.32
199c0743-79ce-3f27-8657-a1d6c7af9d20,HOME,59.74310465000498,3.9,179.0,129.0,L,0.13,12.12,8.0,PASS,0.837,PASS,547184,"Kelly, Michael",SB,3B,high,
b646a7f9-b7d8-348c-9789-0f43be57675b,HOME,59.666269633653556,3.8,176.0,129.0,L,0.13,6.04,8.0,PASS,0.788,PASS,837227,"Imai, Tatsuya",SB,2B,high,
88ede823-61f6-39f8-8daf-52b67c8019a6,HOME,59.66768685006782,3.8,177.0,113.0,L,0.16,16.08,9.0,PASS,1.073,PASS,641793,"Littell, Zack",SB,2B,high,
65cc5d25-02bd-366d-8034-186cc67ee868,AWAY,59.68834261980027,9.399999999999999,177.0,,,0.15,,9.0,no_set_before_lift,,no_set_before_lift,690925,"Beeter, Clayton",CS,2B,not measured,no_set_before_lift
d8dedbd7-190b-319b-a992-ddfe41717d5f,HOME,59.69112845610966,3.8,179.0,129.0,L,0.11,5.27,9.0,PASS,0.838,PASS,837227,"Imai, Tatsuya",SB,2B,high,
0770da22-72f4-3bc7-8eb7-ae36c8055d3a,AWAY,59.74999344846563,6.6000000000000005,186.0,,,0.52,,6.0,no_set_before_lift,,not_cf_view,666157,"Lodolo, Nick",CS,2B,not measured,no_set_before_lift
fa97077c-a94a-36bb-9979-47571592a2f3,AWAY,59.62732919254658,7.6,186.0,,,0.77,,6.0,release_not_at_hand,,release_not_at_hand,837227,"Imai, Tatsuya",SB,3B,not measured,release_not_at_hand
c3051835-f444-3350-8085-53b636a71a05,HOME,59.73361569647497,3.9,182.0,123.0,R,0.16,20.52,9.0,PASS,0.988,PASS,682052,"Lopez, Jacob",SB,2B,high,
89f76917-69b2-338f-87d4-bc323f6fe8f5,HOME,59.72095539656171,3.8,174.0,105.0,R,0.16,15.91,9.0,PASS,1.155,PASS,663556,"McClanahan, Shane",SB,2B,high,
28a5ec15-e6fb-30ea-a760-4a32e807bf43,AWAY,59.76476427797658,10.399999999999999,176.0,121.0,L,0.1,6.26,8.0,cut_in_window,,cut_in_window,641793,"Littell, Zack",CS,2B,not measured,cut_in_window
0157723b-d9d1-3de1-b43a-2e514a5f1067,AWAY,59.71947562109564,8.5,179.0,,,0.13,,8.0,cut_in_window,,cut_in_window,592662,"Ray, Robbie",SB,3B,not measured,cut_in_window
6d064dd8-2b77-3514-ae2e-50ecec737c57,HOME,59.71688323554558,4.0,175.0,104.0,R,0.14,23.05,6.0,PASS,1.189,PASS,592662,"Ray, Robbie",SB,3B,high,
53b1f3a8-0412-3eae-89c9-770e3199943b,HOME,59.74597658919147,5.5,176.0,119.0,L,0.17,22.91,9.0,PASS,0.954,PASS,683004,"Leiter, Jack",SB,2B,high,
aaffc215-38e3-3c26-a02e-f181a9751506,HOME,59.819583042448635,3.9,174.0,113.0,L,0.12,23.52,9.0,PASS,1.02,PASS,675911,"Strider, Spencer",SB,2B,high,
7a789d09-0c61-39ba-b2d0-92ffd1bdef24,HOME,59.71550330952749,3.9,179.0,110.0,R,0.12,27.02,9.0,PASS,1.155,PASS,669020,"Rolison, Ryan",SB,2B,high,
11e747e1-3a5e-3d52-b9b6-285fdd2f5d23,AWAY,59.708297948738405,6.9,,,,,,,no_release,,no_release,669371,"Henry, Cole",SB,2B,not measured,no_release
8f45cdf2-6cd0-39bd-ae88-eb828dfce119,HOME,59.739037876583176,3.8,172.0,100.0,R,0.19,19.59,9.0,PASS,1.205,PASS,621345,"Minter, A.J.",SB,3B,high,
02c8d46b-3249-3de7-ac30-0efbcbb5f368,AWAY,59.797608095676175,9.5,255.0,,,2.11,,9.0,not_cf_view,,no_release,689818,"Sandlin, David",SB,2B,not measured,not_cf_view
7c6f54b4-721c-3342-9e29-f9e87a5ae728,AWAY,59.75551250675589,5.0,183.0,124.0,L,0.82,14.7,9.0,release_not_at_hand,,not_cf_view,645261,"Alcantara, Sandy",CS,2B,not measured,release_not_at_hand
4a634a2c-23cd-3194-ac2e-53a52c5bed39,HOME,59.722529997493396,3.9,174.0,116.0,L,0.17,15.36,9.0,PASS,0.971,PASS,667755,"Soriano, José",CS,2B,high,
7ceb1e38-6ee2-3b35-a1d5-6d918377e460,AWAY,59.741686302995944,7.6,178.0,117.0,L,0.15,22.58,8.0,PASS,1.021,not_cf_view,643377,"Jax, Griffin",CS,2B,high,
c55a9bd2-6e60-3868-8d90-aa2c0e216d8b,HOME,59.78177084225492,3.9,170.0,117.0,R,0.15,3.09,9.0,PASS,0.887,PASS,640455,"Manaea, Sean",SB,2B,low,lift_peak_in 3.09 outside 4.28-
74d424b8-1b3d-36f1-bac9-edcb8e1c7dbb,HOME,59.79172000297307,3.9,182.0,132.0,L,0.18,15.71,9.0,PASS,0.836,PASS,700241,"McGreevy, Michael",SB,2B,high,
a5dd15fb-6c93-323e-bae1-d5df4e78dabc,AWAY,59.73081795515247,7.699999999999999,188.0,136.0,L,1.02,4.96,9.0,release_not_at_hand,,release_not_at_hand,666808,"Doval, Camilo",SB,2B,not measured,release_not_at_hand
f3c9e350-16ae-3c21-99f2-a66bf21e8f0c,HOME,59.81463243137812,3.9,184.0,126.0,R,0.12,21.0,9.0,PASS,0.97,PASS,813349,"Early, Connelly",SB,2B,high,
b9ac15cc-054f-3803-85c9-6be5169ba068,HOME,59.71495540893036,3.9,179.0,119.0,R,0.15,20.67,9.0,PASS,1.005,PASS,701719,"Samaniego, Tyler",SB,2B,high,
735ed03f-ed7e-3860-938d-64a60e5fb626,AWAY,59.78324100342769,5.0,,,,,,,not_cf_view,,cut_in_window,687570,"Prielipp, Connor",SB,2B,not measured,not_cf_view
1b2389ff-6be3-3e33-8385-1cd87906b65c,HOME,59.698380090778805,3.9,176.0,119.0,R,0.12,13.97,9.0,PASS,0.955,PASS,607455,"Banda, Anthony",SB,2B,high,
c8946718-1151-3637-be2f-43d180722383,HOME,59.65524725735326,4.0,182.0,123.0,L,0.12,12.21,9.0,PASS,0.989,PASS,660853,"De Los Santos, Enyel",SB,2B,high,
04f7d733-0931-39e5-b152-d854e0555491,HOME,59.76422067524522,4.0,182.0,131.0,L,0.2,23.06,9.0,PASS,0.853,PASS,687209,"Maxwell, Zach",SB,2B,high,
7664542b-22e6-3c8a-afcd-6f57dcb31837,AWAY,59.79013262173712,5.0,177.0,123.0,R,0.11,13.97,9.0,PASS,0.903,not_cf_view,695611,"Jump, Gage",SB,2B,high,
8bb10541-29e3-3d68-bb7a-c124fb1a11c0,AWAY,59.73350095442339,7.699999999999999,178.0,123.0,L,0.17,16.39,6.0,PASS,0.921,not_cf_view,670059,"Holderman, Colin",SB,2B,high,
f80e7f19-8c66-3803-a7bf-07818d12fa24,AWAY,59.75537470096883,7.699999999999999,179.0,,,0.17,,9.0,no_set_before_lift,,no_set_before_lift,621345,"Minter, A.J.",CS,3B,not measured,no_set_before_lift
9d99bd02-3580-32f7-92fd-ee5e534eb803,AWAY,59.63633528872951,9.399999999999999,178.0,119.0,R,0.15,17.94,7.0,PASS,0.989,no_set_before_lift,671096,"Abbott, Andrew",SB,2B,high,
7dc5756d-a798-3a8f-9791-7ca492fb60ae,HOME,59.700565391642144,4.0,196.0,156.0,R,0.4,2.52,8.0,PASS,0.67,PASS,657612,"Hill, Tim",SB,2B,low,release_to_wrist 0.4 outside -0.32; lift_peak_in 2.52 outside 4.28-; delivery_s 0.67 outside 0.7-1.31
da884e1a-ea6b-3b7b-b52c-3017cf072d88,HOME,59.69056729329562,4.1,194.0,125.0,R,0.13,24.33,9.0,PASS,1.156,PASS,676282,"Cantillo, Joey",SB,2B,high,
d4ea9779-81f6-3824-823f-7afa0a12e30e,HOME,59.790604026845635,3.9,175.0,120.0,R,0.19,25.01,9.0,PASS,0.92,PASS,687570,"Prielipp, Connor",SB,3B,high,
fec6accb-5db2-380e-9ec0-b1f136eedd44,HOME,59.66483019947593,3.9,179.0,125.0,L,0.18,9.56,9.0,PASS,0.905,PASS,686790,"McDonald, Trevor",SB,2B,high,
86152470-fd11-30d2-9bac-696f67f7cd16,AWAY,59.70706222595391,7.6,191.0,,,0.85,,9.0,release_not_at_hand,,no_set_before_lift,696149,"Chandler, Bubba",SB,2B,not measured,release_not_at_hand
0b6f28bb-2f78-3ff6-ae6e-d38f823c8e64,HOME,59.663886362590816,3.9,183.0,127.0,R,0.07,19.95,9.0,PASS,0.939,PASS,663992,"Lovelady, Richard",SB,2B,high,
9cfc30c5-c6f3-3ece-a96d-969f2b64447a,AWAY,59.734045649064015,7.699999999999999,181.0,125.0,R,0.2,20.17,9.0,PASS,0.937,cut_in_window,695611,"Jump, Gage",CS,3B,high,
eae4a4df-c3de-3a8b-bdc6-97f7712cdcb7,HOME,59.85515541728823,3.9,179.0,105.0,L,0.16,21.16,8.0,PASS,1.236,PASS,663158,"Suarez, Robert",SB,2B,high,
5799bfb7-304e-329f-b2c6-ce1ecd1c6a5c,HOME,59.75801172636602,3.9,176.0,105.0,L,0.11,26.28,9.0,PASS,1.188,PASS,605400,"Nola, Aaron",SB,2B,high,
a93ef75c-1353-3fbf-90fd-f25a87e8c20c,AWAY,59.749329798494394,11.3,248.0,,,1.91,,9.0,not_cf_view,,release_not_at_hand,681347,"Burrows, Mike",SB,2B,not measured,not_cf_view
45be1273-2f3e-32eb-ba34-1b8c1c900726,HOME,59.72905001094537,3.8,179.0,120.0,R,0.1,23.47,7.0,PASS,0.988,PASS,595345,"Okert, Steven",SB,2B,high,
04426ca3-1c6a-3fc8-ae72-b83a3ab35ba7,AWAY,59.775182627734935,7.699999999999999,187.0,,,0.96,,9.0,release_not_at_hand,,release_not_at_hand,681190,"Vásquez, Randy",SB,2B,not measured,release_not_at_hand
b38d6cf4-debe-38dc-979b-97524e73cfa1,AWAY,59.783740347646045,4.9,182.0,117.0,R,0.11,32.11,5.0,PASS,1.087,not_cf_view,594580,"Moll, Sam",SB,2B,high,
387db1a9-129a-36b4-ac97-5de1fe9748ac,HOME,59.74887324100623,3.9,176.0,112.0,L,0.15,27.03,8.0,PASS,1.071,PASS,681190,"Vásquez, Randy",SB,2B,high,
0caa9953-30d5-3404-95a1-2af491bb76f3,HOME,59.70798224449567,3.8,181.0,123.0,L,0.13,16.16,5.0,PASS,0.971,PASS,650556,"Abreu, Bryan",SB,2B,high,
d8c467ee-7374-3fe4-a8b6-76785e4334d1,HOME,59.867717039940736,3.8,180.0,122.0,L,0.13,6.92,9.0,PASS,0.969,PASS,681293,"Arrighetti, Spencer",SB,2B,high,
906d864f-7db2-3e09-bb8b-cf5919d509bf,HOME,59.74323750037062,3.9,177.0,120.0,L,0.15,11.74,7.0,PASS,0.954,PASS,605135,"Bassitt, Chris",SB,2B,high,
853a724d-e207-335b-adf0-980948b15c2f,HOME,59.71826789939977,3.9,181.0,121.0,L,0.12,8.02,6.0,PASS,1.005,PASS,681293,"Arrighetti, Spencer",CS,2B,high,
e5d7a9c0-d4e6-3859-a269-8bb2ed3c6df7,HOME,59.70072355731302,3.9,174.0,99.0,R,0.18,17.09,7.0,PASS,1.256,PASS,674841,"Alvarez, Andrew",CS,2B,high,
4ece5944-bcb6-335d-b8fb-e2e835c3986a,HOME,59.65522996590448,3.9,181.0,121.0,R,0.11,23.48,9.0,PASS,1.006,PASS,571578,"Corbin, Patrick",SB,2B,high,
5e887e5f-49b2-3370-8414-20203bea8b88,AWAY,59.73498526379001,7.6,,,,,,,no_release,,no_release,669467,"Pallante, Andre",SB,2B,not measured,no_release
1c7b29cd-92d7-342e-bb1c-a331e826c70e,AWAY,59.661452848385416,7.4,174.0,113.0,L,0.15,21.76,9.0,PASS,1.022,no_set_before_lift,700712,"Ureña, Walbert",SB,2B,high,
560e280c-0230-3a3d-be20-bedc58d7722a,AWAY,59.74993545531664,5.0,178.0,129.0,L,0.28,9.16,8.0,PASS,0.82,not_cf_view,681867,"Criswell, Cooper",SB,2B,high,
ee2a554c-cc86-3975-8b4f-b794f88bccac,HOME,59.82483601507377,3.9,187.0,127.0,R,0.6,6.02,6.0,PASS,1.003,PASS,669022,"Gore, MacKenzie",SB,2B,low,release_to_wrist 0.6 outside -0.32
c843b665-12ce-393d-9f8f-ebac00fdfd70,HOME,59.76140710949467,3.8,176.0,126.0,L,0.21,9.09,9.0,PASS,0.837,PASS,543037,"Cole, Gerrit",SB,2B,high,
fbe165a6-622f-35e8-9ca5-49a04c1a24a4,HOME,59.681919954698365,3.9,181.0,122.0,R,0.13,22.17,9.0,PASS,0.989,PASS,571578,"Corbin, Patrick",SB,2B,high,
3e3bdb80-0d02-37c1-b341-9666b67b5e4b,HOME,59.7187403893647,3.8,172.0,107.0,L,0.12,14.87,9.0,PASS,1.088,PASS,668678,"Gallen, Zac",SB,2B,high,
5415c369-803a-383d-8480-9e98ae37fa12,HOME,59.718024970803185,5.6,183.0,129.0,R,0.3,5.62,9.0,PASS,0.904,PASS,669022,"Gore, MacKenzie",SB,2B,high,
5d096fd3-1203-386d-bbe3-f5bc61f5b5dd,HOME,59.65916725425785,3.9,181.0,120.0,L,0.11,26.62,6.0,PASS,1.022,PASS,694477,"Patrick, Chad",CS,2B,high,
622c15cf-86b8-3bcc-b003-318ce9d21756,HOME,59.658503806316524,3.8,182.0,132.0,L,0.15,4.75,9.0,PASS,0.838,PASS,681168,"Curvelo, Luis",SB,2B,high,
bd264758-2206-314d-adca-7654c2f2e221,HOME,59.792759954906295,3.9,178.0,112.0,R,0.09,22.36,9.0,PASS,1.104,PASS,670970,"Morejon, Adrian",SB,2B,high,
5dfabaf5-6a72-3301-8999-8284cdcb9fa5,AWAY,59.67474767159163,9.8,172.0,,,0.18,,9.0,no_set_before_lift,,cut_in_window,669165,"Hurt, Kyle",SB,2B,not measured,no_set_before_lift
803b4f80-fc4c-3377-afbd-4b08c80a789b,HOME,59.681990775079946,3.8,179.0,125.0,L,0.2,10.2,9.0,PASS,0.905,PASS,664141,"Brubaker, JT",CS,2B,high,
e6eef065-e754-30b3-9d78-0c1f4c6ed624,HOME,59.7138637730056,3.8,176.0,114.0,R,0.13,20.29,9.0,PASS,1.038,PASS,607074,"Rodón, Carlos",SB,2B,high,
8c3414bd-a361-3b02-bd63-fb7a0d1c14e4,HOME,59.68666082081264,3.8,179.0,122.0,L,0.24,9.08,9.0,PASS,0.955,PASS,689149,"Dallas, Chad",SB,2B,high,
643d434d-38ff-393e-a11f-85d4a7d1b8a9,AWAY,59.770102148996735,9.3,180.0,149.0,L,0.77,2.35,8.0,release_not_at_hand,,release_not_at_hand,676051,"Heuer, Codi",SB,2B,not measured,release_not_at_hand
b0597131-ba08-3793-9bbf-b73d1dd4d79f,HOME,59.760091325678026,3.8,178.0,113.0,R,0.11,20.3,9.0,PASS,1.088,PASS,670970,"Morejon, Adrian",SB,2B,high,
0978dec0-b9d7-35d3-9e8e-53d82906edfc,AWAY,59.77364129588801,7.6,179.0,127.0,L,0.16,3.86,9.0,PASS,0.87,not_cf_view,702193,"Morris, Andrew",SB,2B,low,lift_peak_in 3.86 outside 4.28-
ad7ab912-254c-32c7-a716-cf367006e8f2,HOME,59.74824371539947,3.9,181.0,106.0,R,0.6,25.98,9.0,PASS,1.255,PASS,656529,"Hentges, Sam",SB,3B,low,release_to_wrist 0.6 outside -0.32
2f1fde74-c3df-32df-86b4-ccf2dabcbf1f,AWAY,59.72318417676246,8.2,176.0,124.0,L,0.21,2.82,7.0,PASS,0.871,cut_in_window,669372,"Ginn, J.T.",SB,2B,low,lift_peak_in 2.82 outside 4.28-
d1c8f661-bddc-3de3-8a88-180b698ea0ba,HOME,59.66323418924294,3.9,174.0,112.0,L,0.17,12.04,9.0,PASS,1.039,PASS,677944,"Cecconi, Slade",SB,3B,high,
274f744d-a3ae-3f6a-b72b-1a32fb823c64,HOME,59.66345477971855,3.9,175.0,106.0,L,0.14,26.77,9.0,PASS,1.156,PASS,695243,"Miller, Mason",SB,3B,high,
95496327-c849-3006-af9c-09ac948c66f6,AWAY,59.76535851207959,7.8,184.0,118.0,L,1.24,21.62,7.0,release_not_at_hand,,release_not_at_hand,543243,"Gray, Sonny",SB,2B,not measured,release_not_at_hand
76ad00e2-3799-3622-97a2-60190e00c390,HOME,59.64502599359455,3.9,195.0,113.0,R,0.44,20.32,9.0,PASS,1.375,PASS,672282,"Detmers, Reid",CS,2B,low,release_to_wrist 0.44 outside -0.32; delivery_s 1.375 outside 0.7-1.31
083afd22-14b0-3150-8a37-a75e07719292,HOME,59.85462288547771,3.9,178.0,103.0,R,0.07,39.08,8.0,PASS,1.253,PASS,664285,"Valdez, Framber",SB,2B,high,
11d7169c-9857-397b-92aa-4aa15d97535a,AWAY,59.638647016967305,7.6,157.0,90.0,L,0.58,15.36,9.0,PASS,1.123,release_not_at_hand,687075,"Sproat, Brandon",SB,2B,low,release_to_wrist 0.58 outside -0.32
8a5409a5-98df-3845-af21-5c38847fb10c,HOME,59.65605415941816,3.9,176.0,114.0,L,0.23,24.03,9.0,PASS,1.039,PASS,683618,"Henriquez, Edgardo",SB,2B,high,
2f4ed171-8e5c-3e78-8e6d-66d11f856063,HOME,59.67764672712748,3.9,176.0,123.0,L,0.15,15.85,9.0,PASS,0.888,PASS,808963,"Sasaki, Roki",SB,2B,high,
709b8950-a9a0-3b35-9352-331ecb8da703,HOME,59.68644427613362,3.9,180.0,108.0,L,0.2,22.73,9.0,PASS,1.206,PASS,622554,"Domínguez, Seranthony",SB,3B,high,
70e53ecd-e2b9-356f-adcb-63607ddbca0d,HOME,59.680037561485236,3.9,184.0,108.0,R,0.11,28.26,8.0,PASS,1.273,PASS,664285,"Valdez, Framber",SB,3B,high,
263ddd9c-ef37-3aee-956e-6d6fa65f43b9,AWAY,59.63817998130032,5.0,180.0,125.0,L,0.23,8.63,5.0,PASS,0.922,not_cf_view,663903,"Singer, Brady",SB,2B,high,
fe9f835c-a36d-3b82-a256-7ff7d58d9b71,HOME,59.660341389731286,3.8,163.0,95.0,L,0.12,18.89,9.0,PASS,1.14,PASS,687075,"Sproat, Brandon",SB,3B,high,
d0116667-86cd-3b38-adbf-9048396aaf7d,HOME,59.659127124081635,3.8,183.0,130.0,L,0.11,7.84,8.0,PASS,0.888,PASS,663903,"Singer, Brady",SB,2B,high,
c388c9c1-94e4-32be-8cad-53b59d7fbaec,AWAY,59.69559903014062,8.2,190.0,118.0,R,0.67,10.07,9.0,release_not_at_hand,,cut_in_window,681895,"Sisk, Evan",CS,2B,not measured,release_not_at_hand
f10cc292-f8df-33f4-998f-c5c840272f66,HOME,59.75159232582144,5.6,179.0,127.0,L,0.12,16.07,8.0,PASS,0.87,PASS,805673,"Matthews, Zebby",SB,2B,high,
54232cee-48c3-33e8-a0c2-6083e37bab1d,AWAY,59.66127330032379,7.8,184.0,125.0,L,0.4,18.68,6.0,PASS,0.989,release_not_at_hand,686930,"Barnett, Mason",CS,2B,low,release_to_wrist 0.4 outside -0.32
99c7c6e9-8dc8-36d9-841a-888b43a5d4ef,AWAY,,4.4,,,,,,,no_clip,,cut_in_window,677958,"Rocker, Kumar",SB,2B,not measured,no_clip
c845bb99-57f0-3b37-bef4-ca1a046ec063,AWAY,59.675960275184806,8.0,175.0,147.0,L,0.13,99.84,9.0,cut_in_window,,no_set_before_lift,695243,"Miller, Mason",SB,2B,not measured,cut_in_window
d7b9640c-39ed-30fa-a8d7-4aeb00e9a3f0,AWAY,59.655617693414314,9.3,186.0,109.0,R,0.42,24.7,8.0,PASS,1.291,no_set_before_lift,666200,"Luzardo, Jesús",CS,2B,low,release_to_wrist 0.42 outside -0.32
ddf31b90-a9cb-35dc-9fc3-7ec76e6842b9,AWAY,59.72716075205094,7.699999999999999,191.0,122.0,L,1.02,19.3,9.0,release_not_at_hand,,release_not_at_hand,656288,"Canning, Griffin",CS,2B,not measured,release_not_at_hand
cb0c7d7b-f5b2-3be7-8c73-06a827960b43,HOME,59.5927399474873,3.8,177.0,116.0,L,0.17,22.33,8.0,PASS,1.024,PASS,690997,"McLean, Nolan",SB,2B,high,
0085a7b0-0e88-3e94-a59f-433cde3fba2a,HOME,59.719319199761124,3.9,176.0,124.0,L,0.2,10.74,7.0,PASS,0.871,PASS,657746,"Ryan, Joe",SB,2B,high,
730e8da5-ce5e-300c-97f4-465b3a82b096,HOME,59.70155788883732,3.9,176.0,116.0,L,0.14,25.69,9.0,PASS,1.005,PASS,622088,"Antone, Tejay",SB,3B,high,
cbba3ff0-9e60-3368-ad4b-1016bc24eb8e,HOME,59.66581820439367,3.9,180.0,119.0,L,0.14,19.9,9.0,PASS,1.022,PASS,675911,"Strider, Spencer",SB,2B,high,
8f935526-155d-3b3e-a1a0-63d97ef656be,AWAY,59.69619579338272,7.0,,,,,,,no_release,,no_release,669461,"Liberatore, Matthew",SB,2B,not measured,no_release
fd7c4439-e326-3dfb-a004-1d5917ae76f5,HOME,59.65550713075874,3.8,182.0,124.0,L,0.12,17.19,9.0,PASS,0.972,PASS,615698,"Quantrill, Cal",SB,2B,high,
f9eb9933-9339-3bd3-98a8-d462b72e1535,AWAY,59.82173389765021,4.699999999999999,,,,,,,no_release,,no_release,677952,"Ashcraft, Braxton",SB,3B,not measured,no_release
bda9f715-7457-3c94-8bf8-315494474602,AWAY,59.713545418207865,7.4,,,,,,,no_release,,no_release,694738,"Roupp, Landen",SB,2B,not measured,no_release
81ab87c9-d22f-3530-b285-093b51766dec,AWAY,59.63925322006219,7.9,218.0,,,6.21,,8.0,cut_in_window,,cut_in_window,657514,"Bernardino, Brennan",SB,3B,not measured,cut_in_window
5f4b85f5-99f0-3783-864f-c5c485091a29,HOME,59.717578080230666,3.9,179.0,113.0,R,0.17,14.05,9.0,PASS,1.105,PASS,669276,"Lee, Dylan",SB,2B,high,
d78186ef-6a12-3b8d-aba1-2fb1bf649034,HOME,59.7204028603947,3.9,179.0,127.0,R,0.09,7.68,9.0,PASS,0.871,PASS,641835,"Mayza, Tim",CS,3B,high,
f47cd82c-225a-3f7c-a48b-4d11a44e2ea2,AWAY,59.68045170488385,9.9,177.0,123.0,L,0.33,9.44,9.0,PASS,0.905,cut_in_window,679358,"Orze, Eric",SB,2B,low,release_to_wrist 0.33 outside -0.32
07028ae1-cf5b-37de-8757-7ded73cfbaf9,HOME,59.742373585958866,3.9,178.0,123.0,R,0.18,7.61,9.0,PASS,0.921,PASS,663556,"McClanahan, Shane",SB,2B,high,
1f72d908-7c68-389d-b77c-db307ef25e93,HOME,59.81001524569016,4.0,182.0,125.0,L,0.22,20.26,9.0,PASS,0.953,PASS,683004,"Leiter, Jack",SB,2B,high,
3f0cb6ff-6593-3c55-9fd9-ab57dc44e67d,HOME,59.69242894565986,4.0,190.0,114.0,R,0.46,20.91,8.0,PASS,1.273,PASS,666157,"Lodolo, Nick",SB,2B,low,release_to_wrist 0.46 outside -0.32
adb27d76-68cf-32c0-b5e5-57ddf2eae1f4,AWAY,59.820433566727644,7.9,198.0,151.0,L,0.47,13.95,9.0,PASS,0.786,cut_in_window,680694,"Bradish, Kyle",CS,2B,low,release_to_wrist 0.47 outside -0.32
17c74027-ecfa-3240-951e-5bbdcbb2fe2e,AWAY,59.70080758796847,7.1,,,,,,,no_release,,no_release,669461,"Liberatore, Matthew",SB,2B,not measured,no_release
eb51d0f0-a88f-305a-9f23-acdff4629833,HOME,59.69411101302039,4.0,178.0,119.0,L,0.17,25.33,6.0,PASS,0.988,PASS,680732,"Burke, Sean",SB,2B,high,
c9f75cf3-165c-3746-8d67-941586e29e32,AWAY,59.69857874788276,6.3,,,,,,,no_release,,no_release,657097,"Webb, Jacob",SB,2B,not measured,no_release
a2efef1c-18bd-3f13-8082-fbc4e5fcd834,HOME,59.67556851416095,4.2,179.0,111.0,L,0.13,33.76,9.0,PASS,1.139,PASS,681347,"Burrows, Mike",SB,2B,high,
4d7ecdd3-47eb-3f0a-8f8f-c3f62b95775a,AWAY,59.69255905559577,7.7,180.0,,,0.17,,9.0,no_set_before_lift,,no_set_before_lift,640455,"Manaea, Sean",CS,3B,not measured,no_set_before_lift
83af0328-44c4-3a3d-a77b-1a626d5572a6,AWAY,59.71225328610905,10.2,,,,,,,no_release,,not_cf_view,686580,"Slaten, Justin",SB,2B,not measured,no_release
63d430a4-72dd-3957-aa74-158628b9b5ca,AWAY,59.70211134029167,8.399999999999999,182.0,122.0,L,0.19,21.46,9.0,PASS,1.005,cut_in_window,623211,"Brazobán, Huascar",SB,2B,high,
d5984da2-7930-3e76-b014-17ce63dead68,AWAY,,2.5,,,,,,,no_clip,,no_release,681916,"Smith, Dylan",SB,3B,not measured,no_clip
761af9fc-dbc4-3e1b-8c6b-f6d2ee414eac,AWAY,59.69460870711097,5.3,,,,,,,no_release,,not_cf_view,695076,"Lowder, Rhett",SB,2B,not measured,no_release
cfcbca87-5118-3793-92e4-a23de1e197d3,HOME,59.729004180095565,4.0,182.0,123.0,L,0.24,18.04,7.0,PASS,0.988,PASS,689818,"Sandlin, David",SB,2B,high,
c77c3844-4280-3e72-8ce2-f382a4e49c35,AWAY,59.7176269856716,11.2,177.0,120.0,R,0.13,12.28,9.0,PASS,0.954,cut_in_window,571927,"Matz, Steven",SB,3B,high,
d06417ff-9f8f-3521-8b3a-f0a714fd6d1c,HOME,59.72660032949946,5.5,190.0,118.0,R,0.52,10.98,5.0,PASS,1.205,PASS,571927,"Matz, Steven",SB,2B,low,release_to_wrist 0.52 outside -0.32
0c3d9092-2669-3a8c-b3a8-22441cdd852a,HOME,59.714762484532216,3.9,178.0,125.0,R,0.16,13.44,9.0,PASS,0.888,PASS,702070,"Cameron, Noah",SB,2B,high,
2c1f62de-78cf-3c47-9640-fc0d0a2c401f,HOME,59.69272361534569,3.9,180.0,119.0,L,0.26,28.43,9.0,PASS,1.022,PASS,640448,"Finnegan, Kyle",SB,3B,high,
47e3cd69-d007-364d-a159-9e7b9d816d18,AWAY,,1.2,,,,,,,no_clip,,not_cf_view,647336,"Soroka, Michael",SB,2B,not measured,no_clip
729e5d5e-be2c-3ed2-ad4c-26c8eff337ff,HOME,59.785879224686866,3.9,175.0,110.0,L,0.2,25.33,9.0,PASS,1.087,PASS,681347,"Burrows, Mike",SB,2B,high,
4887dca4-9b1d-3214-b636-6397969e7877,AWAY,59.67309202004878,9.399999999999999,183.0,117.0,L,0.88,29.24,9.0,release_not_at_hand,,not_cf_view,640448,"Finnegan, Kyle",SB,2B,not measured,release_not_at_hand
162cae33-3abd-398f-9c6b-80f69f7af964,HOME,59.74993545531664,4.0,180.0,123.0,L,0.24,4.26,9.0,PASS,0.954,PASS,686580,"Slaten, Justin",SB,2B,low,lift_peak_in 4.26 outside 4.28-
feb9e65c-14bc-3c71-b392-a8dfedd12a70,HOME,59.66955874866979,3.8,178.0,113.0,R,0.22,24.49,9.0,PASS,1.089,PASS,675660,"Drohan, Shane",SB,3B,high,
bb313ce9-44ee-3c44-a9df-005be2752b43,AWAY,59.706656123116225,5.8,,,,,,,no_release,,no_release,645261,"Alcantara, Sandy",SB,2B,not measured,no_release
e66c5ea0-d62a-393c-88e9-a6614970957f,HOME,59.77601997335286,5.5,180.0,118.0,L,0.18,20.02,9.0,PASS,1.037,PASS,645261,"Alcantara, Sandy",CS,2B,high,
1fd8b015-b7ef-3dac-b336-622f8999bc01,AWAY,59.78500477865789,7.5,180.0,124.0,R,0.21,24.7,9.0,PASS,0.937,not_cf_view,543056,"Coulombe, Danny",SB,2B,high,
f99d5535-bc55-3958-a600-e1ab9ae85d16,HOME,59.72397508447665,3.9,178.0,125.0,L,0.17,8.18,9.0,PASS,0.887,PASS,676775,"Winn, Keaton",SB,2B,high,
12bb5cd6-cba1-3ac7-bcc0-a728637a9d91,AWAY,59.6898596223273,7.699999999999999,172.0,116.0,L,0.24,28.21,9.0,PASS,0.938,not_cf_view,685112,"McCambley, Zach",SB,2B,high,
ab79b5ca-f44f-3c9a-9d3a-217db54bb2bf,HOME,59.8148389135729,3.9,182.0,124.0,R,0.12,23.41,9.0,PASS,0.97,PASS,571578,"Corbin, Patrick",SB,2B,high,
8f44372f-ee4b-39d1-9c8b-27c932d19145,HOME,59.695737641708526,3.9,177.0,129.0,R,0.15,4.27,9.0,PASS,0.804,PASS,671936,"Macko, Adam",CS,2B,low,lift_peak_in 4.27 outside 4.28-
6ce6c21c-bc78-3848-b779-6ea0d4e7b94a,HOME,59.66779750410663,3.8,170.0,109.0,L,0.27,28.04,9.0,PASS,1.022,PASS,666171,"Zeferjahn, Ryan",SB,2B,high,
19b7114d-00ff-3009-9ef1-9d74b42214f0,HOME,59.66333906278838,3.9,179.0,131.0,L,0.15,8.96,8.0,PASS,0.805,PASS,670059,"Holderman, Colin",CS,2B,high,
2dbb8245-d485-3c1d-950f-b1580da4d6d7,AWAY,59.81051764382809,5.5,179.0,150.0,R,0.11,3.05,9.0,cut_in_window,,not_cf_view,813349,"Early, Connelly",SB,2B,not measured,cut_in_window
14b19686-6794-308d-bae9-7ce44aeda457,AWAY,59.71008237113773,7.6,177.0,110.0,L,0.17,20.35,7.0,PASS,1.122,cut_in_window,657277,"Webb, Logan",SB,2B,high,
b43a0a11-dbf0-3b58-8f00-6728f61f79d5,HOME,59.61132542397554,3.9,189.0,124.0,R,0.11,24.54,9.0,PASS,1.09,PASS,660761,"Suarez, José",SB,3B,high,
2774529a-0a2d-36a6-baff-a8e1e20193e4,HOME,59.73038694902849,3.9,173.0,117.0,R,0.11,17.72,9.0,PASS,0.938,PASS,671096,"Abbott, Andrew",SB,2B,high,
7eb9e5d6-3f2f-3c32-ad2b-3490dc080bec,HOME,59.68434598677626,3.8,174.0,117.0,L,0.12,10.41,9.0,PASS,0.955,PASS,489446,"Yates, Kirby",SB,2B,high,
8aea795b-12e6-312c-b0d0-8cd3d05dba53,HOME,59.80566430744735,3.8,173.0,112.0,L,0.22,26.04,9.0,PASS,1.02,PASS,699134,"Rodriguez, Bradgley",SB,2B,high,
d5a328f3-b350-35e4-8845-6abe0f761847,AWAY,59.73648950424297,5.0,186.0,123.0,R,0.53,10.92,6.0,PASS,1.055,not_cf_view,592155,"Booser, Cam",CS,2B,low,release_to_wrist 0.53 outside -0.32
900f57a7-f394-36ef-9d31-723b834b8b16,HOME,59.782314398657064,3.8,179.0,115.0,R,0.13,23.85,6.0,PASS,1.071,PASS,813349,"Early, Connelly",SB,2B,high,
ea847a9b-78c5-33dc-aaf8-e8fa136f67a2,HOME,59.674620307477305,3.9,175.0,108.0,L,0.19,14.59,9.0,PASS,1.123,PASS,544150,"Suárez, Albert",CS,2B,high,
6dd2781c-6506-3c65-81d6-ff067856a569,HOME,59.734941560749476,3.8,174.0,115.0,R,0.11,21.42,9.0,PASS,0.988,PASS,691951,"Aldegheri, Sam",CS,2B,high,
eaba4d09-fd07-390a-8f51-849391845c56,AWAY,59.639345154055945,7.1,,,,,,,no_release,,no_release,668909,"Williams, Gavin",CS,2B,not measured,no_release
0458402d-80ae-3399-9ec5-3583cbfef78b,HOME,59.74005460658438,3.9,180.0,129.0,L,0.18,3.8,9.0,PASS,0.854,PASS,608337,"Giolito, Lucas",SB,2B,low,lift_peak_in 3.8 outside 4.28-
51e34789-ba6e-33bc-baca-040647f36490,HOME,59.68650169580308,3.9,192.0,120.0,R,0.51,9.99,9.0,PASS,1.206,PASS,656271,"Burke, Brock",CS,2B,low,release_to_wrist 0.51 outside -0.32
d6edc7c4-1472-39c5-b923-d42035987887,AWAY,59.73515017752615,7.6,179.0,,,0.11,,9.0,cut_in_window,,not_cf_view,543037,"Cole, Gerrit",SB,2B,not measured,cut_in_window
43590ca7-6496-3129-8a99-a5359ca2d89e,AWAY,59.748692486364824,7.8,177.0,114.0,R,0.11,23.32,9.0,PASS,1.054,not_cf_view,669432,"Rogers, Trevor",SB,2B,high,
c3e99881-e051-3f37-9edc-6e441d70699a,AWAY,59.677883232671846,7.0,,,,,,,no_release,,no_release,676974,"Meyer, Max",CS,2B,not measured,no_release
1d640112-342f-3ccd-832e-8d86bf813821,HOME,59.66770990201702,3.8,183.0,126.0,R,0.2,16.81,9.0,PASS,0.955,PASS,695239,"Ahlstrom, Robby",SB,2B,high,
71054d3e-da02-353c-98b0-a5b5b24ba472,AWAY,59.68055873597435,8.2,177.0,128.0,L,0.2,2.49,9.0,PASS,0.821,cut_in_window,608337,"Giolito, Lucas",SB,2B,low,lift_peak_in 2.49 outside 4.28-
447850ea-c594-349a-a205-007b45a9fbc9,HOME,59.68082460956356,3.8,178.0,106.0,R,0.11,19.81,7.0,PASS,1.206,PASS,670970,"Morejon, Adrian",SB,2B,high,
f00afd9f-2058-3914-9bcf-2c6a58a682c9,AWAY,59.65039885521832,8.100000000000001,175.0,111.0,L,0.12,20.17,9.0,PASS,1.073,cut_in_window,592094,"Adam, Jason",SB,2B,high,
855c244b-c185-3756-86f8-cfa8a4801683,HOME,59.79464733587546,3.9,174.0,115.0,R,0.12,13.66,9.0,PASS,0.987,PASS,656529,"Hentges, Sam",SB,2B,high,
f882a374-9a74-32c8-83e4-2905c2e29860,HOME,59.65740054490224,3.8,182.0,126.0,L,0.15,5.96,9.0,PASS,0.939,PASS,668390,"Winn, Cole",SB,2B,high,
26782350-950f-3fdc-8e35-136e74d612e1,HOME,59.649295983191024,3.9,178.0,111.0,L,0.18,22.08,9.0,PASS,1.123,PASS,592094,"Adam, Jason",SB,3B,high,
f78c07e5-08de-3a0d-b265-9b1b67436213,AWAY,59.71077592909345,5.8,,,,,,,no_release,,no_release,668678,"Gallen, Zac",SB,3B,not measured,no_release
c70aacaa-7ed0-3c5a-95cd-b213a8054a69,AWAY,59.69470422695358,8.1,181.0,155.0,L,0.18,7.75,9.0,cut_in_window,,cut_in_window,543135,"Eovaldi, Nathan",CS,2B,not measured,cut_in_window
46da8435-d383-3f6c-b0e9-dda526819033,AWAY,59.71742254031634,8.2,176.0,121.0,L,0.23,22.16,9.0,PASS,0.921,cut_in_window,622088,"Antone, Tejay",SB,2B,high,
81cb221b-852e-3fb2-a045-8d34f67630d9,HOME,59.693726885379604,3.9,178.0,117.0,L,0.14,15.76,9.0,PASS,1.022,PASS,607200,"Fedde, Erick",CS,2B,high,
8c27624c-a189-3d86-8098-7862412818c6,HOME,59.77466964420639,3.9,181.0,121.0,L,0.22,18.45,9.0,PASS,1.004,PASS,663568,"Kolek, Stephen",SB,3B,high,
516e1843-5229-384d-9c2e-cd857f3e1deb,HOME,59.74808462074232,3.9,176.0,105.0,L,0.17,21.14,9.0,PASS,1.188,PASS,605288,"Houser, Adrian",SB,3B,high,
757dc98c-1f96-3ba0-b838-68d4cb42e575,AWAY,59.675959539699434,7.699999999999999,180.0,104.0,L,1.29,15.13,9.0,release_not_at_hand,,release_not_at_hand,687075,"Sproat, Brandon",SB,2B,not measured,release_not_at_hand
e51941f4-cc81-3677-966a-a23a57cb8287,AWAY,59.66834167246078,7.699999999999999,177.0,111.0,L,0.13,23.61,9.0,PASS,1.106,cut_in_window,669923,"Kirby, George",SB,2B,high,
6475e363-9b17-3535-8f66-7548dda3d7e4,HOME,59.619409159488,3.8,178.0,119.0,L,0.15,13.77,9.0,PASS,0.99,PASS,453286,"Scherzer, Max",SB,2B,high,
82dd687a-7c1c-3664-97a5-c660dcddca6f,AWAY,59.65751305331761,7.699999999999999,179.0,,,0.28,,9.0,no_set_before_lift,,no_set_before_lift,676051,"Heuer, Codi",SB,3B,not measured,no_set_before_lift
6cb99899-bb29-3691-a3ba-79582879d586,AWAY,59.68214906165138,7.3,,,,,,,no_release,,cut_in_window,669165,"Hurt, Kyle",CS,3B,not measured,no_release
2ac215ba-5aa6-3f69-bc82-63370602821a,AWAY,59.68931472382012,7.699999999999999,177.0,125.0,L,0.19,21.68,9.0,PASS,0.871,cut_in_window,687209,"Maxwell, Zach",SB,2B,high,
327843bd-472c-3601-bbb6-2aa9295dfdb8,HOME,59.777194094737794,3.8,172.0,113.0,L,0.18,20.46,9.0,PASS,0.987,PASS,663567,"Lambert, Peter",SB,3B,high,
0cad72dd-8415-3d5d-b646-ccbdaaf4510e,HOME,59.677895109433074,3.9,178.0,112.0,L,0.18,24.26,9.0,PASS,1.106,PASS,669923,"Kirby, George",SB,3B,high,
095eb169-676f-3fd3-a8e0-475bf22b6d76,AWAY,59.7748019090867,8.5,179.0,119.0,L,0.15,18.38,9.0,cut_in_window,,cut_in_window,656876,"Rasmussen, Drew",SB,2B,not measured,cut_in_window
52283eda-dfe8-339e-84c8-84e44797f221,AWAY,59.695255356962804,4.7,,,,,,,not_cf_view,,no_release,665665,"Sanmartin, Reiver",SB,2B,not measured,not_cf_view
de98398b-948b-378e-9c3b-d95d99069524,HOME,59.702972400654396,3.9,180.0,112.0,R,0.14,22.92,9.0,PASS,1.139,PASS,592662,"Ray, Robbie",SB,2B,high,
79ec521e-711c-342f-bba7-942e56abaa6b,AWAY,59.670392119719644,6.9,,,,,,,no_release,,no_release,663567,"Lambert, Peter",SB,2B,not measured,no_release
6eef9373-dacb-393d-82a9-f0271c67dd45,HOME,59.69508474290111,3.8,180.0,116.0,L,0.2,21.58,9.0,PASS,1.072,PASS,596001,"Junis, Jakob",CS,2B,high,
8a9a9465-34f1-3568-8d9b-35b2ec8d13a8,HOME,59.74753147474477,3.9,175.0,117.0,L,0.21,21.55,9.0,PASS,0.971,PASS,669923,"Kirby, George",CS,2B,high,
e9a9d5b9-3244-339b-ad28-956d3a5622b2,HOME,59.76196848606401,3.9,178.0,117.0,L,0.13,21.53,9.0,PASS,1.021,PASS,670245,"Watson, Ryan",SB,3B,high,
599ea07d-415a-3ecb-931d-e8b08c1caf1f,HOME,59.68802764960105,4.0,201.0,137.0,L,0.25,24.75,9.0,PASS,1.072,PASS,666974,"Cano, Yennier",SB,2B,high,
fed8d3f3-c6a1-3439-b144-66ad51e1aa98,HOME,59.67065671245224,5.5,180.0,120.0,L,0.57,16.47,9.0,PASS,1.006,PASS,800311,"Fuentes, Didier",SB,3B,low,release_to_wrist 0.57 outside -0.32
c586cad8-b654-335a-b370-95a1c3a09952,HOME,59.68327250657124,3.9,181.0,120.0,L,0.22,18.95,9.0,PASS,1.022,PASS,693313,"Seymour, Carson",SB,2B,high,
5af1bdca-e36c-3a6f-a14c-7d9af6950eec,AWAY,59.71817884090407,11.0,197.0,122.0,L,0.65,21.52,9.0,release_not_at_hand,,release_not_at_hand,687606,"Schultz, Paxton",SB,2B,not measured,release_not_at_hand
5db1f986-7478-319b-8561-ff295468de73,AWAY,59.641488386476844,7.699999999999999,179.0,,,0.25,,9.0,no_set_before_lift,,no_set_before_lift,676051,"Heuer, Codi",SB,3B,not measured,no_set_before_lift
1a109f8a-2f3d-37a4-adaf-a823e5e8d9cf,HOME,59.646662405599784,5.5,175.0,118.0,R,0.08,20.62,9.0,PASS,0.956,PASS,519242,"Sale, Chris",SB,2B,high,
be5656b9-a9b9-3163-a372-e8bbf272a8a5,HOME,59.736214340634426,3.9,179.0,123.0,R,0.13,6.72,9.0,PASS,0.937,PASS,669022,"Gore, MacKenzie",SB,3B,high,
36a02ee7-0fe2-35e2-b398-351073b98125,HOME,59.71473451035543,3.9,182.0,126.0,L,0.29,20.08,9.0,PASS,0.938,PASS,650633,"King, Michael",SB,3B,high,
010d4958-810c-3897-8958-8abff3a74219,HOME,59.71610053202218,3.8,181.0,129.0,L,0.17,2.34,9.0,PASS,0.871,PASS,669467,"Pallante, Andre",SB,2B,low,lift_peak_in 2.34 outside 4.28-
bd776e34-1019-3601-aa33-a43937a3bc0f,HOME,59.68746977631015,5.6,180.0,109.0,R,0.15,23.31,9.0,PASS,1.19,PASS,592662,"Ray, Robbie",SB,2B,high,
b053c573-8c4f-3ccc-9543-d94031c9d997,HOME,59.72584297864815,3.8,180.0,118.0,L,0.16,34.28,8.0,PASS,1.038,PASS,656876,"Rasmussen, Drew",CS,3B,high,
da10ff10-7c22-37bb-91a6-9f37536c6828,HOME,59.71333025742317,3.9,177.0,118.0,R,0.11,21.84,9.0,PASS,0.988,PASS,607074,"Rodón, Carlos",SB,2B,high,
262ddd16-407c-34ce-8770-afaa6a6eaa06,AWAY,59.63473723443906,8.0,,,,,,,no_release,,no_release,663372,"Feltner, Ryan",SB,2B,not measured,no_release
9637dbfd-93f0-3eba-9630-6d9074e94085,HOME,59.739849861358465,3.8,180.0,125.0,L,0.19,17.0,9.0,PASS,0.921,PASS,805673,"Matthews, Zebby",SB,2B,high,
0e4ff71d-8821-3eac-b539-9dd7f38429d7,AWAY,59.65378295027351,9.1,,,,,,,no_release,,no_release,663372,"Feltner, Ryan",SB,2B,not measured,no_release
9d45a2d0-19f5-33ba-b50c-4133794892a4,AWAY,59.696496317786206,9.0,,,,,,,no_release,,cut_in_window,518876,"Kelly, Merrill",SB,3B,not measured,no_release
edae10fd-124f-3006-a00f-6e259e5de033,HOME,59.70877673264118,3.8,157.0,112.0,L,0.01,6.45,6.0,PASS,0.754,PASS,663372,"Feltner, Ryan",SB,2B,high,
04abcb16-14dd-3102-a57a-7d3e484b2976,AWAY,59.690569576105474,7.699999999999999,,,,,,,no_release,,release_not_at_hand,665795,"Cabrera, Edward",SB,2B,not measured,no_release
3cadaf71-283d-327e-b4d9-803bd8363f48,AWAY,59.67918832459809,11.6,176.0,121.0,L,0.17,4.53,9.0,cut_in_window,,cut_in_window,680604,"Castaño, Blas",SB,2B,not measured,cut_in_window
3d6e56f1-5eea-397d-9825-beec003887a3,AWAY,59.7003667213162,7.5,,,,,,,no_release,,no_release,623149,"Sewald, Paul",SB,2B,not measured,no_release
a7bf413f-5acc-354c-9646-1a64c6cb6a0e,AWAY,59.7624873493127,7.5,,,,,,,no_release,,no_release,669358,"Baz, Shane",SB,2B,not measured,no_release
30634c92-ac23-3100-9f7e-078d87f2ae45,AWAY,,4.2,,,,,,,no_clip,,cut_in_window,675911,"Strider, Spencer",SB,2B,not measured,no_clip
0aad4958-fb73-3c47-9006-02b89f42d14e,HOME,59.696851923824326,3.9,184.0,120.0,R,0.14,24.56,7.0,PASS,1.072,PASS,695611,"Jump, Gage",SB,2B,high,
11df7cf9-16ce-30e1-82c4-e4df98228b21,HOME,59.71850806155326,3.8,177.0,119.0,L,0.1,21.46,9.0,PASS,0.971,PASS,688158,"Morgan, David",CS,3B,high,
c2e3af94-66e4-31ae-9259-07c701013543,AWAY,59.6319018404908,8.3,195.0,140.0,L,0.17,16.47,9.0,PASS,0.922,cut_in_window,702056,"Yesavage, Trey",SB,2B,high,
a874ae88-e277-3e2e-bfe2-332068a4ed38,HOME,59.69526424159231,3.8,177.0,114.0,R,0.15,7.5,9.0,PASS,1.055,PASS,815083,"Farris, Mitch",SB,2B,high,
5d308653-728e-3157-8d75-1e64f8f8d2fc,AWAY,,4.3,,,,,,,no_clip,,cut_in_window,593958,"Rodriguez, Eduardo",SB,2B,not measured,no_clip
3306a1cc-c008-3003-9c17-2a55af11ca85,HOME,59.770118283218515,3.9,184.0,135.0,L,0.13,6.63,7.0,PASS,0.82,PASS,683004,"Leiter, Jack",SB,2B,high,
23d0672f-e0cf-3d55-9c06-f344aaceb5d9,HOME,59.72293243501716,3.8,174.0,102.0,R,0.13,17.21,9.0,PASS,1.206,PASS,663556,"McClanahan, Shane",SB,2B,high,
89142dbb-0cbd-3970-9824-c9a90210990e,AWAY,59.647827329194165,7.199999999999999,,,,,,,no_release,,cut_in_window,657746,"Ryan, Joe",SB,2B,not measured,no_release
e9d05e2f-c2c2-31a3-9d12-e5b22992285e,HOME,59.680814873612746,3.9,177.0,117.0,L,0.06,8.49,9.0,PASS,1.005,PASS,641793,"Littell, Zack",SB,2B,high,
050586fc-5c45-3887-887a-c1f5ff745e21,AWAY,,4.3,,,,,,,no_clip,,cut_in_window,666157,"Lodolo, Nick",SB,2B,not measured,no_clip
711faa87-04d5-34da-a739-f6d078bb9bac,HOME,59.82441950809441,3.9,177.0,112.0,L,0.25,17.95,9.0,PASS,1.087,PASS,645261,"Alcantara, Sandy",SB,2B,high,
8bbc41eb-de39-3dda-97b7-7d379b521136,AWAY,59.6624974409468,7.6,180.0,,,0.35,,9.0,no_set_before_lift,,no_set_before_lift,691725,"Painter, Andrew",SB,3B,not measured,no_set_before_lift
dd077b0b-1e13-3a23-8483-c1790a88df72,HOME,59.68856832526641,5.5,177.0,128.0,L,0.23,14.36,6.0,PASS,0.821,PASS,687209,"Maxwell, Zach",SB,2B,high,
3c0ccf1b-bb91-3b36-ab74-4c4c1c82d605,AWAY,,4.4,,,,,,,no_clip,,cut_in_window,666157,"Lodolo, Nick",SB,2B,not measured,no_clip
96761130-8974-3579-9354-14d54301ebcf,AWAY,,4.3,,,,,,,no_clip,,cut_in_window,656271,"Burke, Brock",SB,2B,not measured,no_clip
c2535f6f-719f-3889-9f6b-96a6880db744,AWAY,59.644845684598266,11.6,256.0,,,0.38,,9.0,camera_moved,,camera_moved,691725,"Painter, Andrew",SB,2B,not measured,camera_moved
f798e00e-6aab-3b5e-8b40-8cdd93e42036,AWAY,59.68769249946448,6.6,179.0,150.0,L,0.16,7.55,8.0,cut_in_window,,no_release,642546,"Hernández, Jonathan",SB,2B,not measured,cut_in_window
017a926b-2de5-3a6b-a238-7baf375713fe,HOME,59.64850240572925,3.7,179.0,117.0,R,0.12,24.56,9.0,PASS,1.039,PASS,666157,"Lodolo, Nick",SB,2B,high,
1951efc2-a933-3606-9047-cac776396f12,AWAY,59.73823897265198,7.699999999999999,178.0,,,0.11,,9.0,no_set_before_lift,,cut_in_window,642397,"Soto, Gregory",SB,2B,not measured,no_set_before_lift
7503a616-c16f-3dbf-ba01-a520746daccd,HOME,59.77657499882725,3.8,181.0,122.0,R,0.19,12.24,9.0,PASS,0.987,PASS,669373,"Skubal, Tarik",SB,3B,high,
19e92c3c-6d9a-3fa2-8600-9b7ac9420ebc,AWAY,59.78612889994351,7.0,187.0,159.0,L,0.7,134.36,4.0,not_cf_view,,not_cf_view,695076,"Lowder, Rhett",SB,2B,not measured,not_cf_view
d3fbec4c-e87c-33de-aaed-0da065e6200f,AWAY,59.645232815964526,7.4,,,,,,,no_release,,no_release,592332,"Gausman, Kevin",CS,2B,not measured,no_release
e97a0585-4795-3270-8b65-4f764339e5e0,HOME,59.6895187803191,3.8,174.0,120.0,L,0.18,22.72,9.0,PASS,0.905,PASS,642121,"Sulser, Cole",SB,2B,high,
140e0e3e-8b68-353f-81da-4490719d22e5,HOME,59.76284057121553,3.9,183.0,117.0,L,0.14,19.68,9.0,PASS,1.104,PASS,656730,"Megill, Trevor",SB,2B,high,
3693753d-8865-34f7-805a-14a217db9521,AWAY,59.69689842748312,7.5,,,,,,,no_release,,no_release,622491,"Castillo, Luis",SB,2B,not measured,no_release
a0e897ff-3b1f-3e2c-a333-cb0b2a7f2d10,HOME,59.68298120971847,3.8,182.0,121.0,L,0.2,33.12,9.0,PASS,1.022,PASS,678020,"Halvorsen, Seth",SB,3B,high,
47beb802-18b6-34cc-be14-f21e525b6ffc,HOME,59.70923205386794,3.8,172.0,109.0,L,0.18,27.14,9.0,PASS,1.055,PASS,643377,"Jax, Griffin",SB,2B,high,
a3cfcfea-8e3f-3865-9c45-bbb6736cef1c,AWAY,59.72792829985151,7.5,179.0,,,0.68,,7.0,cut_in_window,,no_set_before_lift,681190,"Vásquez, Randy",CS,2B,not measured,cut_in_window
05986133-0e03-334a-8c4c-c6efece50f97,HOME,59.6121048665371,3.9,193.0,135.0,L,0.03,15.53,9.0,PASS,0.973,PASS,622491,"Castillo, Luis",SB,2B,high,
ef2ebb09-395f-3e76-b273-f19d34f7cdd7,AWAY,59.752747252747255,4.9,177.0,122.0,R,0.18,18.04,9.0,PASS,0.92,not_cf_view,624133,"Suarez, Ranger",SB,2B,high,
a20f596b-b63e-36c2-b097-74a62d9539f8,AWAY,59.67579902391911,7.699999999999999,198.0,,,1.25,,9.0,release_not_at_hand,,cut_in_window,643410,"Leiter Jr., Mark",CS,3B,not measured,release_not_at_hand
b3632c16-553d-3f47-8f4e-265636d53057,AWAY,59.721004857902635,7.2,176.0,119.0,L,0.23,13.36,7.0,PASS,0.954,no_release,594798,"deGrom, Jacob",CS,2B,high,
859673a0-5d7e-3c63-8700-1318d0bdc9a5,AWAY,59.70579455030213,7.5,176.0,109.0,L,0.25,28.35,5.0,PASS,1.122,release_not_at_hand,518886,"Kimbrel, Craig",SB,2B,high,
229e3f14-bcf0-308a-867c-587bdc23179d,AWAY,59.65254235207765,7.5,177.0,,,0.23,,9.0,no_set_before_lift,,no_set_before_lift,675660,"Drohan, Shane",SB,2B,not measured,no_set_before_lift
c3c2350e-2168-3637-b7dc-0ecb7774777b,HOME,59.74564314141424,3.9,177.0,110.0,R,0.2,21.84,9.0,PASS,1.121,PASS,650911,"Sánchez, Cristopher",CS,2B,high,
fab16194-cfbf-3ee9-b257-1538d00b19d1,HOME,59.718280675919175,3.9,175.0,111.0,R,0.15,22.31,9.0,PASS,1.072,PASS,669432,"Rogers, Trevor",SB,2B,high,
6373b06e-7296-3220-b3af-54b5e5125c41,AWAY,59.65176268271711,7.6,183.0,113.0,L,1.05,17.08,8.0,release_not_at_hand,,release_not_at_hand,681293,"Arrighetti, Spencer",SB,2B,not measured,release_not_at_hand
c2181961-8aa3-32d0-88ce-b639563403d9,AWAY,59.685844726592265,7.4,178.0,126.0,L,0.25,3.91,9.0,PASS,0.871,no_release,656546,"Hoffman, Jeff",SB,2B,low,lift_peak_in 3.91 outside 4.28-
5925ed0c-a736-38b6-9350-1b87c4fb188e,AWAY,59.670235708440316,7.8999999999999995,178.0,122.0,L,0.2,24.78,9.0,PASS,0.938,no_release,693686,"Miles, Spencer",SB,2B,high,
7aece54e-c77d-38d6-b145-c068a1a55e79,HOME,59.6819773081952,3.9,180.0,123.0,L,0.17,16.41,9.0,PASS,0.955,PASS,686218,"Sheehan, Emmet",SB,2B,high,
075f9506-e38e-394a-9373-8efeaf2712f6,HOME,59.65380597237128,5.6,179.0,118.0,L,0.2,15.17,8.0,PASS,1.023,PASS,695001,"Santa, Alimber",CS,2B,high,
1d77a3c6-32c8-3519-8ed7-5483bfbc06d6,AWAY,59.7326681343121,7.5,177.0,116.0,L,0.16,14.32,9.0,PASS,1.021,cut_in_window,681293,"Arrighetti, Spencer",SB,2B,high,
7beee76e-45bd-3e93-ba0e-7b330a4a2f33,AWAY,59.764210013868116,7.6,,,,,,,no_release,,no_release,607200,"Fedde, Erick",SB,2B,not measured,no_release
b069dd57-a02a-37da-9643-94c749d2f07c,AWAY,59.62734886618293,8.600000000000001,180.0,,,0.15,,9.0,cut_in_window,,cut_in_window,681293,"Arrighetti, Spencer",SB,2B,not measured,cut_in_window
b4a9a3e7-49c8-37a6-8e53-83ef838c383e,AWAY,59.71417545132595,11.2,176.0,,,0.14,,7.0,no_set_before_lift,,no_set_before_lift,671096,"Abbott, Andrew",CS,2B,not measured,no_set_before_lift
6ffeefeb-f4ef-3e59-84e7-15428a6343e3,HOME,59.816321598324336,3.9,180.0,126.0,L,0.15,5.87,9.0,PASS,0.903,PASS,681293,"Arrighetti, Spencer",SB,2B,high,
97411501-b42e-35ce-93e9-00f9c8c09eac,HOME,59.714476337217235,3.9,179.0,152.0,R,0.13,2.97,9.0,PASS,0.452,PASS,669432,"Rogers, Trevor",SB,2B,low,lift_peak_in 2.97 outside 4.28-; delivery_s 0.452 outside 0.7-1.31
7cc64bd6-ebe7-3a2f-bb51-290bdcba0b0d,HOME,59.66918260000427,3.8,178.0,121.0,L,0.25,24.76,9.0,PASS,0.955,PASS,696147,"Bachman, Sam",SB,2B,high,
9256c3ba-7ecc-3785-9ab3-81011929bda4,HOME,59.73180819007276,3.9,177.0,111.0,R,0.12,28.43,9.0,PASS,1.105,PASS,519141,"Pomeranz, Drew",SB,2B,high,
29a1e94e-93d8-3707-835d-c38239c4bb72,HOME,59.65096658859317,3.8,177.0,118.0,L,0.16,21.88,4.0,PASS,0.989,PASS,681799,"Roberts, Ethan",SB,2B,low,ball_pts 4.0 outside 5-
55686f8d-6806-3af8-b966-d707d2d73371,AWAY,59.697559167137534,5.6000000000000005,,,,,,,not_cf_view,,not_cf_view,675916,"Karinchak, James",CS,2B,not measured,not_cf_view
e850e4d2-4d8d-3f48-a87a-9959e96d6c2f,AWAY,,4.4,,,,,,,no_clip,,cut_in_window,657277,"Webb, Logan",SB,2B,not measured,no_clip
a9bc8cd5-351e-3bc9-b87c-b8fc01df28c0,AWAY,,3.5,,,,,,,no_clip,,no_release,681799,"Roberts, Ethan",SB,2B,not measured,no_clip
15085920-b0b5-3863-bfc9-38ba590bd51d,HOME,59.64952303194395,3.8,188.0,126.0,R,0.12,20.18,9.0,PASS,1.039,PASS,671096,"Abbott, Andrew",SB,2B,high,
50bce59a-4a3d-3f02-b590-189ca1a2f4b3,AWAY,59.72443910446316,7.699999999999999,179.0,,,0.11,,9.0,no_set_before_lift,,no_set_before_lift,687209,"Maxwell, Zach",SB,2B,not measured,no_set_before_lift
66e9ffcc-00e6-32cf-b316-9175845bc274,HOME,59.63503690108513,3.9,178.0,101.0,L,0.15,38.77,9.0,PASS,1.291,PASS,676974,"Meyer, Max",CS,2B,high,
355fee81-fec6-3c20-8431-589ae6a76fa2,AWAY,59.6769897188665,8.3,183.0,126.0,L,1.09,5.81,9.0,release_not_at_hand,,cut_in_window,671737,"Bradley, Taj",SB,2B,not measured,release_not_at_hand
a5f5d296-c78c-38c0-a33c-561eacc83c47,HOME,59.71496647970283,3.9,177.0,120.0,L,0.08,7.75,9.0,PASS,0.955,PASS,702752,"Pintaro, Jonathan",SB,2B,high,
39869607-58a2-323c-a990-2489357b6255,HOME,59.68468337449986,3.9,179.0,114.0,L,0.13,27.31,9.0,PASS,1.089,PASS,687531,"Kempner, William",SB,2B,high,
e2ce0571-6fdb-3795-9f35-47478d52fd1b,AWAY,59.697144553812024,7.5,172.0,,,0.18,,9.0,no_set_before_lift,,no_set_before_lift,820862,"Fermin, José",SB,2B,not measured,no_set_before_lift
d9f7b4ba-81d5-3303-b2b7-c5448f679a96,HOME,59.73811774644488,3.8,179.0,114.0,L,0.15,12.67,6.0,PASS,1.088,PASS,681151,"Murray, Jayden",SB,2B,high,
9c35175a-4dfe-329a-8bdd-2ebb4b7cda82,AWAY,59.69010885154572,4.9,178.0,120.0,L,0.24,16.78,9.0,PASS,0.972,not_cf_view,694360,"Way, Beck",CS,2B,high,
8e3c24d0-1afd-306e-b8cb-3c4b7cc28448,AWAY,59.796978451474395,8.6,175.0,121.0,L,0.19,10.04,9.0,cut_in_window,,cut_in_window,700712,"Ureña, Walbert",SB,2B,not measured,cut_in_window
ceb58727-abd6-339b-9153-d9cb15446a0f,HOME,59.63921381848868,3.9,179.0,120.0,R,0.1,12.77,6.0,PASS,0.989,PASS,573124,"Rogers, Taylor",SB,2B,high,
32bf758f-7693-39a7-bd0a-7b70b4898ff0,HOME,59.77181451941331,3.9,176.0,116.0,L,0.12,25.62,9.0,PASS,1.004,PASS,668964,"Myers, Tobias",SB,3B,high,
441609f7-d5eb-3896-9745-2dbb7bd330f2,AWAY,59.75157201478837,7.6,172.0,116.0,L,0.41,9.18,9.0,PASS,0.937,cut_in_window,683003,"Jones, Jared",CS,2B,low,release_to_wrist 0.41 outside -0.32
ce6e7c50-82b4-317f-950e-4fae0d961c60,AWAY,59.66642862386791,6.1,180.0,118.0,L,0.14,14.57,7.0,PASS,1.039,no_release,702474,"Paredes, Mike",SB,2B,high,
90199c54-cb67-335f-aa51-e3ba01e23a4c,AWAY,59.69805497656529,8.1,181.0,116.0,L,0.15,18.57,9.0,PASS,1.089,cut_in_window,663423,"Thornton, Trent",SB,2B,high,
7645c48c-3f52-3fac-952c-db869f2f6f70,HOME,59.68230545254555,3.9,182.0,125.0,L,0.21,10.81,9.0,PASS,0.955,PASS,676760,"Marinaccio, Ron",SB,2B,high,
bda1d3fa-19f8-3103-b3de-3bc7dbc02ae2,AWAY,59.664268348734076,7.699999999999999,189.0,114.0,L,0.93,23.28,6.0,release_not_at_hand,,release_not_at_hand,656302,"Cease, Dylan",SB,2B,not measured,release_not_at_hand
1c7f72a3-81ec-3564-b07a-c567df484400,AWAY,59.70727651154495,7.8999999999999995,177.0,118.0,L,0.12,9.22,5.0,PASS,0.988,no_release,677958,"Rocker, Kumar",SB,2B,high,
0d0e3f21-4701-3274-83fe-48d8263b897c,HOME,59.713063176440976,3.8,179.0,115.0,R,0.15,26.86,9.0,PASS,1.072,PASS,801139,"Tolle, Payton",SB,2B,high,
0476bb2d-dd08-3900-a413-7148f47bc7fb,AWAY,59.727275158505094,4.9,190.0,,,0.7,,9.0,not_cf_view,,not_cf_view,663738,"Lynch IV, Daniel",SB,2B,not measured,not_cf_view
be6320d5-11fa-3d65-8f65-399081b07310,AWAY,59.7184792295221,8.1,173.0,111.0,R,0.14,23.39,9.0,PASS,1.038,cut_in_window,682254,"Montgomery, Mason",SB,2B,high,
2b208774-fa3b-30e3-9475-1eb6f2dedd8d,HOME,59.74940919427476,3.8,178.0,122.0,L,0.14,12.23,9.0,PASS,0.937,PASS,686613,"Brown, Hunter",CS,2B,high,
3013069b-e7c5-34ab-848a-8ae0c226e062,HOME,59.71868234993015,3.9,172.0,120.0,R,0.12,14.63,9.0,PASS,0.871,PASS,680736,"Wrobleski, Justin",SB,2B,high,
bb29072b-9b9b-3e08-8724-84c38f48b82e,AWAY,59.74792675406084,7.699999999999999,193.0,123.0,R,0.71,17.8,9.0,release_not_at_hand,,release_not_at_hand,663738,"Lynch IV, Daniel",SB,3B,not measured,release_not_at_hand
accd586b-da2c-3087-b390-a30e226b0aa0,AWAY,59.71955046019429,7.699999999999999,183.0,120.0,L,0.16,17.7,9.0,PASS,1.055,not_cf_view,663423,"Thornton, Trent",CS,2B,high,
f9c56812-91af-31a8-b2c8-ed718969f38b,AWAY,59.81745121359052,7.699999999999999,176.0,116.0,L,0.12,20.78,9.0,PASS,1.003,release_not_at_hand,678022,"Perkins, Jack",SB,2B,high,
8f24911c-c790-36ad-9b6b-fc86f11ec51e,AWAY,59.694247219255,8.0,182.0,124.0,L,0.39,15.07,5.0,PASS,0.972,no_release,668970,"Hollowell, Gavin",CS,2B,low,release_to_wrist 0.39 outside -0.32
b84a9f73-6882-3594-ab0c-5dcc1db1e030,AWAY,59.636693264631866,7.4,190.0,,,0.56,,8.0,cut_in_window,,no_release,625643,"López, Reynaldo",SB,2B,not measured,cut_in_window
9e056d90-f0f6-3069-952f-d644b600b114,HOME,59.67049504776603,3.8,180.0,116.0,L,0.17,9.44,9.0,PASS,1.073,PASS,663969,"Phillips, Tyler",SB,2B,high,
0e19502c-3c48-39e0-a38b-d6affe4e4a68,HOME,59.740973837317306,4.0,179.0,124.0,L,0.13,5.55,8.0,PASS,0.921,PASS,673540,"Senga, Kodai",CS,2B,high,
aca29234-7cb7-3e9e-8dd0-06caaa79fec8,AWAY,59.885308939575545,8.7,174.0,,,0.23,,9.0,cut_in_window,,cut_in_window,656605,"Keller, Mitch",SB,2B,not measured,cut_in_window
3b8725c9-a9fc-36f8-8ed8-9c98f9778ce1,HOME,59.646967541704385,5.6,180.0,108.0,L,0.18,32.3,9.0,PASS,1.207,PASS,656302,"Cease, Dylan",SB,2B,high,
5ac9d190-4893-3b60-9458-dd7d32ae4914,AWAY,59.68470013583415,5.5,181.0,137.0,L,0.15,2.17,9.0,cut_in_window,,not_cf_view,669467,"Pallante, Andre",SB,2B,not measured,cut_in_window
d5624309-85ac-3f46-86ac-272717fe1457,AWAY,59.6744157958499,7.6,182.0,,,0.14,,9.0,no_set_before_lift,,no_set_before_lift,693686,"Miles, Spencer",SB,2B,not measured,no_set_before_lift
d6ff6a47-3c60-35e6-b6df-89bb4e15b3cd,HOME,59.664237994016,3.9,180.0,122.0,L,0.18,14.32,9.0,PASS,0.972,PASS,680742,"Bowlan, Jonathan",CS,2B,high,
8276ed50-189e-3036-90ba-e14db2bb8a40,HOME,59.70354812608673,3.9,181.0,121.0,L,0.23,18.42,9.0,PASS,1.005,PASS,645261,"Alcantara, Sandy",SB,2B,high,
c4f0ce0e-614c-3773-aea9-b3484901ffa2,HOME,59.72860813677851,3.9,179.0,119.0,L,0.11,21.29,5.0,PASS,1.005,PASS,645261,"Alcantara, Sandy",SB,2B,high,
37e9218a-754a-350a-82ef-22619fe89567,HOME,59.763257405586636,3.9,181.0,133.0,L,0.36,2.6,9.0,PASS,0.803,PASS,681517,"Leahy, Kyle",SB,2B,low,release_to_wrist 0.36 outside -0.32; lift_peak_in 2.6 outside 4.28-
896a04f7-9c3d-321a-95fa-d3ff5ec13abe,HOME,59.713199058795674,3.8,180.0,104.0,R,0.14,25.5,9.0,PASS,1.273,PASS,687562,"Bennett, Jake",SB,3B,high,
11073171-2c1b-3dc9-8ff4-a8e29fdb2e75,HOME,59.66309205638051,3.9,180.0,104.0,R,0.15,25.35,9.0,PASS,1.274,PASS,687562,"Bennett, Jake",SB,2B,high,
4bf7c1f7-3865-33be-a91f-200fe1147374,HOME,59.65093915947027,3.9,185.0,117.0,L,0.44,20.34,7.0,PASS,1.14,PASS,471911,"Carrasco, Carlos",SB,2B,low,release_to_wrist 0.44 outside -0.32
3a090680-5729-3e21-bdd3-ffe1f2f69ed0,HOME,59.61890659704633,3.9,180.0,118.0,R,0.48,21.42,9.0,PASS,1.04,PASS,676571,"Poulin, PJ",SB,3B,low,release_to_wrist 0.48 outside -0.32
24fbccc1-5fd3-3cc3-991e-a33d0329af9d,AWAY,59.67554887504062,7.6,185.0,128.0,L,0.38,5.88,9.0,camera_moved,,camera_moved,702275,"Ritchie, JR",CS,2B,not measured,camera_moved
020b25a9-b124-3a95-851b-190f2a877fb7,HOME,59.76238618824853,3.8,179.0,102.0,R,0.14,26.11,9.0,PASS,1.288,PASS,687562,"Bennett, Jake",SB,3B,high,
190d509c-f122-3c6f-b5a2-3ecef8071c79,AWAY,59.62517881543042,8.9,178.0,,,0.34,,8.0,no_set_before_lift,,no_release,681517,"Leahy, Kyle",SB,2B,not measured,no_set_before_lift
5a3d3680-bffb-3566-8b19-fec0b024c250,HOME,59.688760465873116,3.8,178.0,125.0,L,0.11,18.19,6.0,PASS,0.888,PASS,669711,"Weissert, Greg",SB,2B,high,
0177dc56-6d95-31b6-9c01-2f4f1983f57a,HOME,59.78421415408854,3.9,179.0,119.0,L,0.47,20.94,7.0,PASS,1.004,PASS,699134,"Rodriguez, Bradgley",SB,2B,low,release_to_wrist 0.47 outside -0.32
2873fbb8-6424-30b4-b8f4-6b760dcb824f,HOME,59.69864403781612,3.9,174.0,125.0,L,0.1,12.58,9.0,PASS,0.821,PASS,687606,"Schultz, Paxton",CS,2B,high,
275751ae-3dff-322b-a271-adecdb5f0d41,AWAY,59.66368438072653,8.4,218.0,,,0.55,,9.0,cut_in_window,,no_release,621074,"Rucker, Michael",SB,2B,not measured,cut_in_window
9ad163c0-dae6-38d2-b1f0-25d7f11d4d08,HOME,59.67257623705409,3.8,181.0,109.0,R,0.11,15.64,6.0,PASS,1.207,PASS,663556,"McClanahan, Shane",SB,2B,high,
6683ec2b-4d01-3b8b-9a5a-69538db21884,AWAY,59.72237814950843,11.2,195.0,126.0,L,0.94,3.86,7.0,release_not_at_hand,,release_not_at_hand,688297,"Roycroft, Chris",SB,2B,not measured,release_not_at_hand
3e06c963-63c2-30d4-bb2c-e2d9650911f8,HOME,59.7121752522186,3.8,182.0,123.0,L,0.14,17.98,9.0,PASS,0.988,PASS,668909,"Williams, Gavin",SB,2B,high,
2ff3d1b8-f803-3ddf-ae81-d42f192994aa,AWAY,59.73063879468505,5.5,181.0,158.0,L,0.19,5.19,7.0,cut_in_window,,not_cf_view,702275,"Ritchie, JR",SB,2B,not measured,cut_in_window
69009479-c912-3ee0-b184-0af6995fbf74,HOME,59.69206131761483,3.9,182.0,125.0,R,0.16,24.61,9.0,PASS,0.955,PASS,681911,"Vesia, Alex",SB,2B,high,
6309c799-fa77-3652-8e38-dbaf1dadc56e,HOME,59.72843052224629,3.8,179.0,120.0,L,0.14,10.64,9.0,PASS,0.988,PASS,680573,"Woods Richardson, Simeon",SB,2B,high,
411de243-538c-39a5-ae15-73ddcb720e70,HOME,59.77000357287762,3.9,180.0,123.0,R,0.1,37.57,9.0,PASS,0.954,PASS,677960,"Weathers, Ryan",CS,2B,high,
ec910b50-e709-30fa-8832-430ae9e4dfe9,HOME,59.708291823170576,3.8,180.0,118.0,R,0.14,11.38,9.0,PASS,1.038,PASS,621237,"Alvarado, José",SB,2B,high,
11fef31c-aca6-3336-b1a6-575263be5213,HOME,59.69863785776708,3.8,179.0,126.0,L,0.19,18.16,8.0,PASS,0.888,PASS,680732,"Burke, Sean",CS,2B,high,
7e70e598-2da9-3066-9f77-2dd6c278ba88,AWAY,59.715533196314816,7.6,179.0,,,0.11,,7.0,cut_in_window,,no_set_before_lift,640455,"Manaea, Sean",CS,3B,not measured,cut_in_window
5a03822c-38ae-3da4-90d5-26b31c19b42b,HOME,59.66907935778739,3.8,177.0,106.0,R,0.08,24.54,7.0,PASS,1.19,PASS,677865,"Bruihl, Justin",SB,2B,high,
0ec81493-9749-3840-8900-55544c44afd8,AWAY,59.72730344303926,7.1,,,,,,,no_release,,no_release,669358,"Baz, Shane",SB,2B,not measured,no_release
f004fa9e-92c5-38d7-a60b-bf5ef5d6f5fe,HOME,59.745087626128516,5.4,177.0,124.0,R,0.16,4.78,6.0,PASS,0.887,PASS,640455,"Manaea, Sean",SB,2B,high,
fbd6dd0a-82c7-3a09-aee3-c49e0efe3ba9,AWAY,59.69707810530826,7.699999999999999,178.0,,,0.5,,9.0,no_set_before_lift,,cut_in_window,693433,"Woo, Bryan",SB,2B,not measured,no_set_before_lift
1226ff28-6425-3dda-9169-5cd3b7b972d1,AWAY,59.68726570500103,8.3,180.0,116.0,L,0.19,30.22,9.0,camera_moved,,cut_in_window,667297,"Nance, Tommy",SB,2B,not measured,camera_moved
aa55a883-c421-3ec6-a339-027d75f236d4,HOME,59.76416512736802,3.8,177.0,113.0,L,0.18,23.59,6.0,PASS,1.071,PASS,683004,"Leiter, Jack",SB,2B,high,
8f97da39-1bff-3eb2-9c52-a06e5893aa68,HOME,59.65884481293211,5.5,172.0,115.0,L,0.13,13.43,9.0,PASS,0.955,PASS,677955,"Hill, Jaden",CS,2B,high,
c963606c-3ae0-3cae-95a4-edc0a6d2f2f5,AWAY,59.69072407492261,7.699999999999999,179.0,118.0,R,0.17,13.0,9.0,PASS,1.022,cut_in_window,669276,"Lee, Dylan",SB,2B,high,
5de481a6-7874-3430-b979-3da65069cd23,AWAY,59.868871375738166,8.0,123.0,,,0.05,,6.0,no_set_before_lift,,no_release,489446,"Yates, Kirby",SB,3B,not measured,no_set_before_lift
2970de51-f280-3abf-9f15-f077f55b6f87,HOME,59.72061734186049,3.8,176.0,114.0,L,0.2,21.05,8.0,PASS,1.038,PASS,693645,"Schlittler, Cam",CS,2B,high,
ddff6860-b2be-30b5-accd-74b93fd435ce,AWAY,59.737970155953704,7.699999999999999,182.0,127.0,L,0.69,21.95,8.0,release_not_at_hand,,not_cf_view,687209,"Maxwell, Zach",SB,2B,not measured,release_not_at_hand
56f6e449-642d-32d0-a64a-84ab9799fef7,AWAY,59.71068547524744,11.3,138.0,,,0.08,,8.0,no_set_before_lift,,cut_in_window,694738,"Roupp, Landen",SB,2B,not measured,no_set_before_lift
442be36c-ea22-3058-8f47-7297d96f4996,AWAY,,4.4,,,,,,,no_clip,,cut_in_window,656464,"Ginkel, Kevin",CS,2B,not measured,no_clip
51d3f765-f53c-3c48-a4b1-f99731de2221,HOME,59.76951754605151,3.9,174.0,112.0,L,0.21,20.77,9.0,PASS,1.037,PASS,682243,"Miller, Bryce",CS,2B,high,
adab574d-f1d6-3f25-8211-fff3439b4620,HOME,59.7290356004731,3.8,174.0,115.0,L,0.14,4.45,9.0,PASS,0.988,PASS,694738,"Roupp, Landen",SB,2B,high,
80928e81-8048-3caa-baaa-2ee0920a6990,AWAY,59.63171275530525,4.9,179.0,120.0,L,0.19,22.87,7.0,PASS,0.989,not_cf_view,643377,"Jax, Griffin",SB,2B,high,
a54782ef-c5fd-3293-8d55-358eca8e76a1,HOME,59.703949214234676,3.8,182.0,121.0,R,0.13,12.27,6.0,PASS,1.022,PASS,669373,"Skubal, Tarik",CS,2B,high,
3f5bde12-3bdb-3314-8725-2c3e2e8c40db,AWAY,59.71799834116671,5.2,,,,,,,not_cf_view,,no_release,665660,"Alvarado, Elvis",CS,2B,not measured,not_cf_view
1bb6df84-2242-3eff-9b4c-1263863a0bc7,AWAY,59.73657449412682,7.8,178.0,117.0,L,0.18,17.23,8.0,PASS,1.021,release_not_at_hand,592332,"Gausman, Kevin",SB,2B,high,
55db49a4-ac77-3975-b0a3-b3bf40c4bd36,AWAY,59.57721593333582,7.7,,,,,,,no_release,,no_release,663893,"Little, Brendon",SB,2B,not measured,no_release
55ee77a9-a707-3d1a-acf8-ba1ddb077342,AWAY,59.726869461913225,7.5,,,,,,,no_release,,no_release,592332,"Gausman, Kevin",SB,2B,not measured,no_release
cf716ccf-6876-3b30-96a0-447f92472338,HOME,59.62341848882458,3.9,175.0,109.0,R,0.13,13.38,9.0,PASS,1.107,PASS,607536,"Freeland, Kyle",SB,2B,high,
f3891fc9-5dad-3465-953b-a61931688fb4,HOME,59.71654793291655,4.0,191.0,126.0,R,0.2,27.4,9.0,PASS,1.088,PASS,813349,"Early, Connelly",SB,2B,high,
cd4f31d6-601d-36c9-97f8-c9078d9ad6d6,HOME,59.657043022907594,3.9,175.0,121.0,R,0.25,6.59,8.0,PASS,0.905,PASS,669022,"Gore, MacKenzie",SB,2B,high,
ad3d406a-b5cf-3d41-b81e-72e3c86daa06,AWAY,59.69379295097371,7.9,176.0,127.0,L,0.14,11.58,9.0,not_cf_view,,not_cf_view,608372,"Sugano, Tomoyuki",SB,2B,not measured,not_cf_view
e7b27d8d-6c76-3a74-8a02-97ddd7b41d77,HOME,59.642382381829584,3.9,180.0,113.0,L,0.19,27.4,6.0,PASS,1.123,PASS,690925,"Beeter, Clayton",SB,3B,high,
88f61944-a619-3644-ad76-dc357ae5ecf0,AWAY,59.74747823809506,7.699999999999999,177.0,117.0,L,0.2,13.61,9.0,PASS,1.004,not_cf_view,664141,"Brubaker, JT",SB,2B,high,
c3e73a3d-0c1f-3bf6-affc-607084618382,HOME,59.70331341952062,3.8,177.0,127.0,L,0.27,7.5,6.0,PASS,0.837,PASS,686790,"McDonald, Trevor",SB,2B,high,
15420d37-1b95-3419-b44d-1aa439846668,AWAY,59.710524988652985,8.399999999999999,184.0,128.0,R,0.22,11.34,9.0,PASS,0.938,cut_in_window,669276,"Lee, Dylan",SB,2B,high,
29abff0f-1dda-35cf-8855-1c9b4e13f920,HOME,59.722598012011666,3.9,193.0,135.0,R,0.16,22.97,9.0,PASS,0.971,PASS,678606,"Ferrer, José A.",SB,3B,high,
785d09c8-a899-3f47-bfe3-0eff126d91cc,AWAY,59.739434381951064,8.100000000000001,174.0,111.0,R,0.15,30.65,9.0,PASS,1.055,cut_in_window,813349,"Early, Connelly",CS,3B,high,
32f5f250-71b6-3be7-b602-565949f97c93,HOME,59.79970700545162,3.9,178.0,116.0,R,0.17,15.31,9.0,PASS,1.037,PASS,671096,"Abbott, Andrew",SB,2B,high,
2c7e4969-fcb9-3abb-a437-d4cf147bd3ba,HOME,59.72240143038838,3.9,179.0,119.0,R,0.18,23.64,8.0,PASS,1.005,PASS,641302,"Alexander, Tyler",SB,2B,high,
1d9e50af-d85b-3f36-9e62-250e89c62d42,HOME,59.637592908717465,4.0,179.0,102.0,R,0.16,23.28,9.0,PASS,1.291,PASS,669684,"Murphy, Chris",SB,2B,high,
dd033c77-0312-34ec-8b41-25c9377e4ca0,AWAY,59.7655507445348,9.3,240.0,,,1.68,,8.0,cut_in_window,,no_release,621074,"Rucker, Michael",SB,2B,not measured,cut_in_window
6f57e2bf-b7dd-3be6-bddd-a4981febc98c,AWAY,59.77803010878723,7.8,209.0,,,0.71,,5.0,cut_in_window,,release_not_at_hand,671096,"Abbott, Andrew",SB,2B,not measured,cut_in_window
0860128b-b0e6-347e-887c-403a34307ca4,HOME,59.711496331150855,3.8,178.0,107.0,L,0.2,28.68,9.0,PASS,1.189,PASS,690925,"Beeter, Clayton",SB,2B,high,
5026e772-4565-3d89-945a-9c6fb03702ac,HOME,59.71320797139708,5.7,175.0,111.0,R,0.1,24.03,8.0,PASS,1.072,PASS,669432,"Rogers, Trevor",CS,2B,high,
de134687-59ba-3fc2-97ca-bc617a097b93,HOME,59.68054267236208,3.9,176.0,116.0,L,0.17,13.17,9.0,PASS,1.005,PASS,690925,"Beeter, Clayton",SB,2B,high,
00b36d14-5152-3725-baa4-9fd5fffd5890,HOME,59.72393468258503,3.9,179.0,116.0,R,0.21,18.65,9.0,PASS,1.055,PASS,671096,"Abbott, Andrew",SB,2B,high,
d57fcaf5-1ed1-368f-836d-e24665b1dc2f,AWAY,59.8019693261509,10.9,177.0,127.0,L,0.16,6.39,8.0,PASS,0.836,cut_in_window,686790,"McDonald, Trevor",SB,2B,high,
44b977ab-2e45-32f7-aa6c-e82cd524125e,HOME,59.68979998798192,3.8,190.0,125.0,L,0.14,24.24,7.0,PASS,1.089,PASS,676106,"Hancock, Emerson",SB,2B,high,
6ed39320-39ef-3a53-84df-55ae95312bfe,AWAY,59.67218952655846,9.4,182.0,159.0,R,0.31,2.52,5.0,implausible_delivery,,no_set_before_lift,657612,"Hill, Tim",CS,2B,not measured,implausible_delivery
db756a12-fe19-309d-8321-72a942898a7e,HOME,59.691505845893786,4.0,178.0,112.0,L,0.22,20.11,9.0,PASS,1.106,PASS,681217,"Silseth, Chase",SB,2B,high,
4f60bb08-c93b-374d-a00d-94145de7b47f,HOME,59.65790666578588,4.2,178.0,120.0,L,0.16,27.18,6.0,PASS,0.972,PASS,695505,"Burns, Chase",CS,2B,high,
e6196690-badf-3286-a654-badc7f41800b,HOME,59.66619374116203,3.9,176.0,117.0,L,0.14,23.34,9.0,PASS,0.989,PASS,695505,"Burns, Chase",SB,2B,high,
fde2e72c-f7e1-3c3f-88e0-f23b3373189d,AWAY,59.7287884978307,6.8,,,,,,,no_release,,cut_in_window,695505,"Burns, Chase",SB,3B,not measured,no_release
b1021a2f-de76-34d6-a2ac-1a17a4b4fe04,HOME,59.71919536678576,3.9,174.0,123.0,R,0.13,6.47,8.0,PASS,0.854,PASS,673513,"Matsui, Yuki",CS,2B,high,
efb0546b-1e8c-3af5-a52c-6aab07babbfd,AWAY,59.77087829985057,7.6,174.0,,,0.15,,9.0,no_set_before_lift,,no_set_before_lift,543135,"Eovaldi, Nathan",SB,2B,not measured,no_set_before_lift
1cfe67dd-7479-349b-b731-d1124f62dd94,AWAY,59.7667523069432,7.8,183.0,123.0,L,0.7,18.26,3.0,release_not_at_hand,,release_not_at_hand,663436,"Martin, Davis",SB,2B,not measured,release_not_at_hand
60290993-7f70-38b1-a117-6296e74cde52,AWAY,59.7666255573475,7.8,182.0,131.0,L,0.08,6.2,9.0,PASS,0.853,release_not_at_hand,669302,"Gilbert, Logan",SB,2B,high,
4070c2f0-8428-34b2-bc6b-768382689b33,AWAY,59.679666426235336,11.3,177.0,115.0,L,0.14,15.89,9.0,PASS,1.039,cut_in_window,693821,"Elder, Bryce",SB,3B,high,
d742cca3-a313-3a83-811c-bdf8c18b863c,AWAY,59.74968223189185,5.0,193.0,121.0,L,1.05,27.71,9.0,release_not_at_hand,,not_cf_view,681402,"Varland, Gus",SB,2B,not measured,release_not_at_hand
4670d823-bcd6-3be9-a1aa-300709ec6ea2,AWAY,,4.0,,,,,,,no_clip,,no_release,702193,"Morris, Andrew",CS,2B,not measured,no_clip
b5f07aa9-2b94-3466-bc41-6308dcd6df45,HOME,59.78209211902041,3.8,182.0,125.0,L,0.35,10.9,9.0,PASS,0.953,PASS,657277,"Webb, Logan",CS,2B,low,release_to_wrist 0.35 outside -0.32
61866579-7b93-380d-b64d-a9fa90864377,HOME,59.778048966516664,3.9,194.0,137.0,L,0.13,12.43,9.0,PASS,0.954,PASS,607259,"Martinez, Nick",SB,2B,high,
c1e10cca-e5e2-3d23-bbd1-6a3803f09365,AWAY,59.679315162671045,3.5,,,,,,,not_cf_view,,no_release,678022,"Perkins, Jack",SB,2B,not measured,not_cf_view
33b24297-c3b1-33fc-b2c5-6f25e607b30f,AWAY,59.698747324220356,4.800000000000001,178.0,126.0,L,0.12,10.4,8.0,PASS,0.871,not_cf_view,607259,"Martinez, Nick",SB,2B,high,
d6e9659c-a1c6-3079-ac93-ed80d7b14666,HOME,59.637449317545034,3.9,177.0,120.0,L,0.12,15.07,8.0,PASS,0.956,PASS,695505,"Burns, Chase",SB,2B,high,
4291fe75-4c25-378f-b2ae-fdbb2beb96ed,HOME,59.74463086153287,5.6,193.0,141.0,L,0.14,9.03,6.0,PASS,0.87,PASS,687330,"Kelly, Kevin",CS,2B,high,
8d8fa04a-cf25-3287-a61c-1b05398e77ae,AWAY,59.69212519138723,8.1,,,,,,,no_release,,no_release,665660,"Alvarado, Elvis",CS,2B,not measured,no_release
b4096fde-40b0-3c96-8649-c8ed21c290b6,AWAY,59.719392166740604,7.7,179.0,116.0,R,0.11,20.4,9.0,PASS,1.055,cut_in_window,688107,"Gasser, Robert",SB,3B,high,
83c16daa-5022-35ce-9ebc-55f0a8be6a66,AWAY,,3.9,,,,,,,no_clip,,no_set_before_lift,703615,"Cabrera, Jose",CS,2B,not measured,no_clip
585adeaf-8eeb-38a8-ab16-2a8039f0f984,HOME,59.76946065177174,5.7,181.0,118.0,R,0.08,20.35,7.0,PASS,1.054,PASS,801139,"Tolle, Payton",SB,2B,high,
9a49d73c-f2d5-38cd-bde3-82db61410064,HOME,59.74569370943873,3.8,179.0,118.0,R,0.12,24.12,9.0,PASS,1.021,PASS,595345,"Okert, Steven",SB,2B,high,
1b38bd6d-5f5a-3ec7-ae68-8c3a15bbbab4,HOME,59.65832052788574,3.9,178.0,116.0,L,0.16,31.78,9.0,PASS,1.039,PASS,695505,"Burns, Chase",SB,2B,high,
05b53566-1f5c-31b5-a3cc-c59da644e08e,HOME,59.72961514908851,3.9,180.0,114.0,L,0.15,34.58,9.0,PASS,1.105,PASS,695505,"Burns, Chase",SB,3B,high,
2e8ea627-596f-3fdc-ae95-72beb4d39497,AWAY,59.689772886070394,4.9,178.0,120.0,R,0.11,15.77,9.0,PASS,0.972,not_cf_view,640454,"Krook, Matt",CS,2B,high,
30330781-7891-3aa4-b306-f1cc7447ee47,HOME,59.67477248992988,3.8,181.0,117.0,L,0.15,17.13,9.0,PASS,1.072,PASS,656876,"Rasmussen, Drew",SB,2B,high,
6f8887a0-0d45-36f3-9c9c-3cf03096d6be,HOME,59.64795143410084,5.5,179.0,114.0,L,0.15,25.74,9.0,PASS,1.09,PASS,686613,"Brown, Hunter",SB,2B,high,
96e1b23b-19e4-322b-8ba9-8d2c72cfce4f,AWAY,59.67381306691992,8.2,178.0,98.0,R,0.17,22.1,6.0,cut_in_window,,not_cf_view,664285,"Valdez, Framber",SB,2B,not measured,cut_in_window
bf802209-9b9c-3278-af09-86e6880ca52d,AWAY,59.65965378321458,7.699999999999999,181.0,110.0,L,0.17,26.74,9.0,PASS,1.19,cut_in_window,656302,"Cease, Dylan",SB,2B,high,
9838dc96-c5cd-31b3-972e-661bf7d7e7bf,HOME,59.648171873460136,3.9,175.0,117.0,R,0.15,6.69,9.0,PASS,0.972,PASS,687562,"Bennett, Jake",SB,2B,high,
fb50a44a-9bb5-34ba-9755-1b3893859e8d,HOME,59.719379240176465,3.9,198.0,120.0,R,0.34,19.91,9.0,PASS,1.306,PASS,668941,"Romero, JoJo",SB,2B,low,release_to_wrist 0.34 outside -0.32
b0b28e33-df23-3637-879b-2bf943b2fc31,AWAY,59.86090164234609,7.699999999999999,182.0,108.0,L,0.17,30.35,9.0,PASS,1.236,no_set_before_lift,656302,"Cease, Dylan",SB,3B,high,
bab0271d-a19e-3d3d-8a2f-306d209f385c,AWAY,59.72238722583089,7.699999999999999,192.0,125.0,L,0.87,5.39,9.0,release_not_at_hand,,release_not_at_hand,518876,"Kelly, Merrill",SB,2B,not measured,release_not_at_hand
47adbd04-5d69-3497-a1b2-8a21070c1180,AWAY,59.73044721257913,6.4,,,,,,,no_release,,no_release,668909,"Williams, Gavin",SB,2B,not measured,no_release
ede26e99-612a-3d82-b7e5-2ed75e15ea6a,AWAY,59.711304062012104,9.7,246.0,,,1.92,,9.0,not_cf_view,,no_release,663969,"Phillips, Tyler",SB,2B,not measured,not_cf_view
3e3298a3-c409-3dcd-92c5-e21c6c34c55a,AWAY,59.71154423188483,8.1,,,,,,,no_release,,no_release,622554,"Domínguez, Seranthony",SB,2B,not measured,no_release
cc367bc4-3504-34e5-8b63-43761c01fed2,AWAY,,2.3,,,,,,,no_clip,,no_release,695243,"Miller, Mason",SB,2B,not measured,no_clip
57793620-1661-34f9-a1b5-426a695d3f9e,AWAY,59.695145696137146,6.9,,,,,,,no_release,,no_release,542888,"Armstrong, Shawn",SB,2B,not measured,no_release
d8a695e3-aadf-3165-8348-3b1bf1275f72,HOME,59.73999284253941,3.8,178.0,121.0,L,0.15,7.37,8.0,PASS,0.954,PASS,677958,"Rocker, Kumar",SB,2B,high,
16770263-b479-3ca9-9d0f-2d481adfb00a,HOME,59.70611324259478,3.9,180.0,123.0,L,0.16,5.69,9.0,PASS,0.955,PASS,542888,"Armstrong, Shawn",SB,3B,high,
653f727f-5d45-314c-99f0-22e3804f52f7,HOME,59.6582316765803,4.2,180.0,119.0,L,0.31,15.86,9.0,PASS,1.022,PASS,675916,"Karinchak, James",SB,2B,high,
14878c66-9d2c-3edd-8fa0-554a084a4518,AWAY,59.707613625398054,5.0,185.0,142.0,L,0.09,7.13,6.0,PASS,0.72,not_cf_view,670167,"Schreiber, John",CS,2B,high,
a1e518b9-9d8d-3e90-82c5-e8cfa34c379a,HOME,59.667482695202295,6.0,188.0,104.0,R,0.54,23.41,6.0,PASS,1.408,PASS,666200,"Luzardo, Jesús",SB,3B,low,release_to_wrist 0.54 outside -0.32; delivery_s 1.408 outside 0.7-1.31
a334c97f-fbed-3631-a479-8510e376a3d8,AWAY,59.7341828861566,8.0,185.0,121.0,L,0.8,13.53,7.0,release_not_at_hand,,no_release,688642,"Agnos, Zach",SB,2B,not measured,release_not_at_hand
9b152c36-039c-3e07-a283-ed07191fa558,AWAY,59.62270750689636,8.3,172.0,109.0,L,0.42,20.66,9.0,PASS,1.057,cut_in_window,702275,"Ritchie, JR",SB,2B,low,release_to_wrist 0.42 outside -0.32
47c50670-05b3-3df9-99da-7cd5eb8bdd14,AWAY,59.68321983319305,8.0,174.0,,,0.15,,9.0,cut_in_window,,no_set_before_lift,702275,"Ritchie, JR",SB,2B,not measured,cut_in_window
07631467-ee0f-3e02-b567-c046e8ab3826,AWAY,59.82189111182377,7.199999999999999,,,,,,,no_release,,no_release,656605,"Keller, Mitch",SB,2B,not measured,no_release
e058c135-e48e-3a71-abae-b29088621532,HOME,59.65613591401358,3.9,182.0,120.0,R,0.26,18.64,9.0,PASS,1.039,PASS,682254,"Montgomery, Mason",SB,2B,high,
561d4ac0-e0cb-3a2e-9bcd-f54b123e6dd8,HOME,59.7667456264805,4.0,174.0,115.0,R,0.11,15.9,9.0,PASS,0.987,PASS,640454,"Krook, Matt",SB,2B,high,
42b90834-b387-3ffc-9b75-a35c4671c7b7,HOME,59.724845917530104,4.0,175.0,110.0,R,0.1,31.04,9.0,PASS,1.088,PASS,807743,"Sullivan, Sean",SB,2B,high,
0012af84-b8da-3d92-a20f-e5ae5ec71d8c,HOME,59.71008927714313,3.9,176.0,115.0,L,0.16,18.91,9.0,PASS,1.022,PASS,663554,"Mize, Casey",SB,2B,high,
15d6eb0f-19ec-3cd9-baa2-6477bcf680cc,HOME,59.66141787672596,4.0,178.0,116.0,L,0.14,19.74,9.0,PASS,1.039,PASS,663554,"Mize, Casey",CS,2B,high,
c468f9af-d481-3212-987e-261740326846,AWAY,59.765448804691026,9.4,247.0,,,2.15,,9.0,not_cf_view,,no_release,680732,"Burke, Sean",CS,2B,not measured,not_cf_view
d0277de3-516f-3c7d-be71-f069cfa8b4cd,HOME,59.754188455517436,3.8,181.0,131.0,L,0.16,3.92,9.0,PASS,0.837,PASS,681517,"Leahy, Kyle",CS,2B,low,lift_peak_in 3.92 outside 4.28-
c158f056-d2f2-367d-90b5-60ee49fa45a0,AWAY,59.75608335565936,7.8,177.0,116.0,L,0.13,17.59,8.0,PASS,1.021,no_set_before_lift,670062,"Garcia, Julian",SB,2B,high,
07fc6705-416d-3f04-ad04-ba57ec1aa12d,HOME,59.642147117296226,3.9,178.0,110.0,L,0.05,19.14,9.0,PASS,1.14,PASS,641793,"Littell, Zack",SB,2B,high,
074ce227-a6b7-3086-b2ab-abfe2101494a,AWAY,59.67309202004878,9.8,,,,,,,no_release,,not_cf_view,688642,"Agnos, Zach",CS,2B,not measured,no_release
a5b8bab4-2e7f-3574-873d-d7d48b621ada,HOME,59.679483612486784,3.9,177.0,109.0,R,0.12,35.76,8.0,PASS,1.139,PASS,807743,"Sullivan, Sean",SB,2B,high,
3f909a6e-2a14-3bc6-ac59-f3ce860dfd63,HOME,59.71624308003111,3.9,180.0,110.0,L,0.35,20.91,9.0,PASS,1.172,PASS,663554,"Mize, Casey",SB,3B,low,release_to_wrist 0.35 outside -0.32
6dfd2e27-bd58-32d3-9a1c-8cedc7534549,AWAY,59.66115650346446,7.300000000000001,173.0,115.0,L,0.22,23.4,9.0,PASS,0.972,no_release,543243,"Gray, Sonny",SB,2B,high,
2272dede-0938-347e-9223-868c01d094a0,AWAY,59.79279352683468,9.0,196.0,,,0.76,,9.0,release_not_at_hand,,no_release,800048,"Messick, Parker",SB,2B,not measured,release_not_at_hand
feaa6862-7b66-3b36-94ac-339c23bbce78,AWAY,59.642455902376895,11.8,243.0,,,1.32,,9.0,release_not_at_hand,,cut_in_window,687075,"Sproat, Brandon",CS,2B,not measured,release_not_at_hand
fdeb7384-ba99-3e2e-a7f7-0c92b3892fb3,HOME,59.80105400986261,3.9,180.0,117.0,L,0.23,17.74,6.0,PASS,1.053,PASS,660825,"Bazardo, Eduard",SB,2B,high,
824fe881-7fba-3209-8cb8-2444a62ce7c4,HOME,59.71474395692519,3.9,180.0,119.0,R,0.16,9.67,9.0,PASS,1.022,PASS,640455,"Manaea, Sean",SB,2B,high,
5bc69cdd-b92e-3d2e-b022-0e6a594bff5f,HOME,59.6717671759555,3.9,175.0,106.0,R,0.13,30.73,9.0,PASS,1.156,PASS,669062,"Miller, Erik",SB,2B,high,
8738a75f-ef93-3ca0-b60a-ce56cb37777a,HOME,59.689422694061506,3.8,179.0,104.0,L,0.15,21.18,8.0,PASS,1.257,PASS,642207,"Williams, Devin",SB,2B,high,
e0c2c626-d5e9-3c42-98a2-93f33a641c4b,HOME,59.74117467965455,3.9,177.0,123.0,R,0.14,14.97,9.0,PASS,0.904,PASS,702070,"Cameron, Noah",SB,2B,high,
06a7a901-b4c2-32d5-97fc-7d0bbb225316,HOME,59.73983669882087,3.8,180.0,117.0,L,0.2,13.89,8.0,PASS,1.055,PASS,693433,"Woo, Bryan",SB,2B,high,
3a9033b0-00c9-3eb6-81ae-7ccdf67f64d5,HOME,59.70674645618121,3.8,178.0,110.0,L,0.27,15.91,9.0,PASS,1.139,PASS,691587,"Pérez, Eury",CS,2B,high,
7b6cfd2d-9746-3f1f-b0be-5ace845547fc,AWAY,59.718378438371566,7.699999999999999,180.0,120.0,L,0.25,17.65,8.0,PASS,1.005,not_cf_view,657746,"Ryan, Joe",SB,2B,high,
b759ecbc-8c6c-3e21-99a6-9e0c5bc60b49,HOME,59.723807859978145,3.8,175.0,117.0,L,0.17,15.55,9.0,PASS,0.971,PASS,675916,"Karinchak, James",SB,3B,high,
0145e2b2-d2d6-312e-91dc-edc5d272d432,HOME,59.74580202245106,3.9,177.0,112.0,R,0.14,26.06,8.0,PASS,1.088,PASS,624133,"Suarez, Ranger",SB,2B,high,
c7bf6544-0129-3309-a35d-eccafb53cb60,AWAY,59.72788381070647,9.9,248.0,,,0.78,,3.0,release_not_at_hand,,cut_in_window,667297,"Nance, Tommy",SB,2B,not measured,release_not_at_hand
e12548e3-342a-37d2-8aa8-cdea7f1c3111,AWAY,59.705099718120906,9.4,184.0,121.0,R,0.28,9.06,5.0,PASS,1.055,release_not_at_hand,656271,"Burke, Brock",CS,2B,high,
661ef956-e35c-3553-8dec-728ce9ab02d8,HOME,59.74123165494612,5.7,178.0,114.0,L,0.23,19.79,9.0,PASS,1.071,PASS,669165,"Hurt, Kyle",SB,2B,high,
276313e5-1b88-360e-b527-44c0b9ab96f9,HOME,59.68441515227582,3.9,176.0,121.0,L,0.15,11.98,9.0,PASS,0.922,PASS,641755,"Kinley, Tyler",CS,2B,high,
52b98b92-eba1-3228-9169-0c4742c4044d,HOME,59.760520113537694,3.8,179.0,114.0,L,0.56,15.96,4.0,PASS,1.088,PASS,669622,"Bender, Anthony",SB,2B,low,release_to_wrist 0.56 outside -0.32; ball_pts 4.0 outside 5-
81957564-81a1-33db-87ab-e637458f4e75,AWAY,59.70290238543258,8.1,181.0,117.0,R,0.21,23.59,9.0,PASS,1.072,cut_in_window,607455,"Banda, Anthony",SB,2B,high,
b0fe540e-b991-31c0-ac42-8db824a7177a,AWAY,59.709451792070865,7.6,177.0,112.0,R,0.11,27.3,9.0,PASS,1.089,not_cf_view,595345,"Okert, Steven",SB,2B,high,
9195599f-9bae-32ff-ba8e-b39bad3ab365,HOME,59.64002459230644,3.8,179.0,119.0,R,0.15,24.94,7.0,PASS,1.006,PASS,683352,"Bratt, Mitch",SB,2B,high,
70d1e3ef-5eb0-3046-9280-c4d16f6adf40,HOME,59.684072310569384,3.9,181.0,127.0,L,0.13,13.21,9.0,PASS,0.905,PASS,694360,"Way, Beck",SB,2B,high,
c9b14f29-0ee0-3c25-ac34-ca00bc9f9fa0,HOME,59.86158811143385,3.9,178.0,101.0,R,0.2,16.55,9.0,PASS,1.286,PASS,621345,"Minter, A.J.",SB,2B,high,
04c46cff-ad12-38e1-aacd-423e89b12784,HOME,59.91826846083692,3.9,179.0,120.0,L,0.23,28.94,9.0,PASS,0.985,PASS,681402,"Varland, Gus",CS,2B,high,
dabe8a6b-6063-38ea-9914-347f2e6c8d58,AWAY,59.70023310515047,7.6,186.0,116.0,L,0.6,21.59,9.0,release_not_at_hand,,cut_in_window,693645,"Schlittler, Cam",SB,2B,not measured,release_not_at_hand
3b42265f-568a-35e1-a4f6-722a98faf723,HOME,59.742003053480154,3.8,176.0,105.0,L,0.24,9.99,7.0,PASS,1.188,PASS,445276,"Jansen, Kenley",SB,2B,high,
32f99f47-c471-3186-8552-4cca4ef751c2,HOME,59.61667953160669,3.9,179.0,120.0,L,0.15,25.82,9.0,PASS,0.99,PASS,607625,"Lugo, Seth",SB,2B,high,
76189378-9865-3846-9b37-a7c9c800925c,AWAY,59.723179107642764,4.9,165.0,108.0,L,0.28,14.25,9.0,PASS,0.954,not_cf_view,695380,"Hoppe, Alex",SB,3B,high,
5c3cd4a2-8114-3311-9583-116ebbb731f3,HOME,59.77093993824907,3.8,177.0,111.0,R,0.18,13.96,9.0,PASS,1.104,PASS,650911,"Sánchez, Cristopher",SB,2B,high,
6a51b5a5-2342-3afb-963a-f6ef1af498db,AWAY,59.77830402984895,11.0,199.0,118.0,R,0.59,29.77,7.0,PASS,1.355,release_not_at_hand,657424,"Gage, Matt",SB,2B,low,release_to_wrist 0.59 outside -0.32; delivery_s 1.355 outside 0.7-1.31
043ca785-23cf-3318-85b7-623c9fb37833,HOME,59.75983718361062,3.9,180.0,115.0,R,0.09,12.36,7.0,PASS,1.088,PASS,650911,"Sánchez, Cristopher",SB,2B,high,
ed4834e3-7fdc-3bd7-a618-8bf9dae50b01,AWAY,59.68300716537411,6.3,,,,,,,no_release,,release_not_at_hand,664208,"Maton, Phil",SB,2B,not measured,no_release
8795c587-50ff-39e3-aecd-14487fc2b14c,AWAY,59.71173410555662,7.6,180.0,123.0,L,0.27,28.98,9.0,not_cf_view,,not_cf_view,681402,"Varland, Gus",SB,2B,not measured,not_cf_view
ba583ff1-976b-3863-87a2-6ca4deee1ee7,AWAY,59.63983076560842,8.0,179.0,121.0,R,0.11,27.5,9.0,PASS,0.973,cut_in_window,813349,"Early, Connelly",SB,2B,high,
8ffb2df0-0823-374a-a867-d5934d95562f,AWAY,59.86079092299998,7.6,179.0,125.0,L,0.1,18.59,9.0,PASS,0.902,release_not_at_hand,669711,"Weissert, Greg",SB,3B,high,
6dc9ec40-4fce-30e7-8d7c-2468f86c014d,HOME,59.67880894068904,5.6,184.0,114.0,R,0.14,23.11,9.0,PASS,1.173,PASS,672335,"Pérez, Cionel",SB,2B,high,
2b6ef1d7-d04b-37a2-a46c-df25ee86e26e,AWAY,59.672100324337165,7.8,181.0,,,0.34,,7.0,not_cf_view,,release_not_at_hand,660787,"De los Santos, Yerry",SB,2B,not measured,not_cf_view
9edacf4b-2c55-32d2-8bbc-a149d1b6e753,AWAY,59.66934164086992,7.6,176.0,,,0.13,,9.0,cut_in_window,,cut_in_window,608718,"Suter, Brent",SB,2B,not measured,cut_in_window
6aeb644b-d989-3ead-95a9-29f519a3ea3a,HOME,59.65847683550688,3.8,175.0,123.0,L,0.21,7.3,9.0,PASS,0.872,PASS,686790,"McDonald, Trevor",SB,2B,high,
6c51fcc8-6f1c-3632-ad0e-f37321214444,HOME,59.68890762642288,3.9,182.0,117.0,R,0.15,26.37,7.0,PASS,1.089,PASS,571578,"Corbin, Patrick",SB,2B,high,
3e40c6df-dec4-3c2d-a991-7d641620c23e,AWAY,59.72003200443449,8.2,180.0,124.0,L,0.18,17.01,9.0,PASS,0.938,cut_in_window,666277,"Soriano, George",SB,2B,high,
c17b7c23-0b03-3c87-8c12-dddc4360d888,AWAY,59.67462580454858,8.1,186.0,132.0,R,0.11,5.41,9.0,PASS,0.905,cut_in_window,676282,"Cantillo, Joey",CS,2B,high,
7c0d0c7a-79d9-339f-9fff-75cd289a1b2a,HOME,59.70444184109868,3.9,209.0,148.0,L,0.27,11.69,9.0,PASS,1.022,PASS,681151,"Murray, Jayden",SB,2B,high,
8fe17d26-bd69-3b7c-800e-6dcf9ce90a74,AWAY,,4.5,,,,,,,no_clip,,cut_in_window,607067,"Rea, Colin",SB,2B,not measured,no_clip
f04b3675-56ce-3ff4-8241-75407d2717d7,AWAY,,4.4,,,,,,,no_clip,,cut_in_window,621111,"Buehler, Walker",CS,2B,not measured,no_clip
421bc928-4119-30a8-b8bc-cbbb43061184,HOME,59.72317501311488,3.9,176.0,122.0,R,0.11,17.11,6.0,PASS,0.904,PASS,608718,"Suter, Brent",SB,2B,high,
10bcf20c-e404-3b7b-baaf-3214623219bb,AWAY,59.76839745984311,10.4,180.0,125.0,L,0.13,45.97,9.0,cut_in_window,,cut_in_window,693686,"Miles, Spencer",SB,2B,not measured,cut_in_window
eae96559-7773-3b11-baa3-346228ef4c49,HOME,59.72952204054293,4.0,210.0,148.0,L,0.17,13.76,8.0,PASS,1.038,PASS,681151,"Murray, Jayden",SB,2B,high,
b311014f-8918-39a3-ab42-0e0122eac6fc,AWAY,59.64958702678183,7.699999999999999,181.0,,,0.17,,9.0,cut_in_window,,cut_in_window,663878,"Pearson, Nate",SB,2B,not measured,cut_in_window
b7618e2f-e7b9-352f-9d05-05f885746dbc,AWAY,59.68849239026989,9.8,176.0,,,0.17,,9.0,not_cf_view,,not_cf_view,656794,"Newcomb, Sean",SB,3B,not measured,not_cf_view
aac1e867-3fb6-38a4-8e26-41807e7c945e,HOME,59.84902707821162,3.9,180.0,112.0,L,0.14,18.76,5.0,PASS,1.136,PASS,669302,"Gilbert, Logan",SB,2B,high,
f6bfb863-1748-300a-8931-17416dd4bcac,AWAY,59.61890659704633,9.3,181.0,115.0,L,0.23,21.0,8.0,PASS,1.107,cut_in_window,656302,"Cease, Dylan",SB,2B,high,
ad383f31-b907-3871-a6a9-07483f9f72e6,AWAY,59.72429853333872,5.0,178.0,124.0,L,0.16,19.65,9.0,not_cf_view,,not_cf_view,642121,"Sulser, Cole",CS,2B,not measured,not_cf_view
b0ef582b-8ec2-30a4-a6ce-55436bffd458,AWAY,59.726426133121876,7.6,176.0,117.0,R,0.11,12.04,9.0,PASS,0.988,not_cf_view,656794,"Newcomb, Sean",SB,2B,high,
fa2854f3-5399-31e6-a315-fd4949ee92c3,AWAY,59.7540718609603,7.0,,,,,,,no_release,,no_release,608379,"Wacha, Michael",CS,2B,not measured,no_release
8495592d-2da8-38f8-8441-6066fd3c3beb,HOME,59.76805998678161,3.9,172.0,107.0,L,0.17,17.12,9.0,PASS,1.088,PASS,657277,"Webb, Logan",SB,2B,high,
a4720761-2783-31e5-a8fe-ecebda18d8cb,HOME,59.72260970068949,3.9,178.0,114.0,R,0.21,23.48,7.0,PASS,1.072,PASS,681892,"Funderburk, Kody",SB,3B,high,
ae994412-c187-3578-bc99-247da405535e,AWAY,59.79842797372848,5.6000000000000005,183.0,130.0,R,0.5,21.02,9.0,cut_in_window,,not_cf_view,656849,"Peterson, David",SB,2B,not measured,cut_in_window
a91e279c-b0ef-36a1-a4a3-704b4f430604,HOME,59.77722459678438,3.8,180.0,120.0,L,0.2,3.54,9.0,PASS,1.004,PASS,669467,"Pallante, Andre",SB,2B,low,lift_peak_in 3.54 outside 4.28-
527861e9-1ef3-3322-97d4-fe2cc7f7b2d0,HOME,59.73027003440123,3.8,178.0,109.0,R,0.08,26.23,9.0,PASS,1.155,PASS,677865,"Bruihl, Justin",SB,2B,high,
789af704-ca82-34a7-bc41-b788f3f6195c,HOME,59.729884331226906,3.9,175.0,120.0,L,0.13,15.31,9.0,PASS,0.921,PASS,664129,"Hartlieb, Geoff",SB,2B,high,
327165cc-e213-3414-82cd-f89c0c1d87d3,AWAY,59.648759719717354,7.8,171.0,107.0,L,0.22,26.91,9.0,PASS,1.073,cut_in_window,681190,"Vásquez, Randy",CS,2B,high,
95460e1e-17e2-3380-b8ea-6e991993c7ed,AWAY,59.639026942192,8.7,178.0,117.0,L,0.13,17.76,9.0,not_cf_view,,not_cf_view,676106,"Hancock, Emerson",SB,3B,not measured,not_cf_view
c4e59a47-ba58-37c9-9849-c4d9a199174a,AWAY,59.67897920769111,11.6,175.0,112.0,L,0.13,10.6,8.0,PASS,1.056,cut_in_window,663372,"Feltner, Ryan",SB,2B,high,
03dabc20-d75a-36d5-8ccf-8489d7368a84,AWAY,59.694738278169496,4.9,178.0,123.0,R,0.11,19.15,7.0,PASS,0.921,not_cf_view,668941,"Romero, JoJo",SB,2B,high,
52ec9f31-68e4-3ff5-9b14-8ced3ed131dd,HOME,59.70354560521114,3.8,180.0,121.0,L,0.18,13.89,8.0,PASS,0.988,PASS,686753,"Jameson, Drey",CS,3B,high,
a92f9c6f-3548-3792-8227-5db58947cdd6,HOME,59.760704387591815,4.0,178.0,122.0,L,0.24,6.08,9.0,PASS,0.937,PASS,668873,"Kilian, Caleb",SB,2B,high,
c69e889a-33c6-3615-9215-d32efdfdb1cf,HOME,59.704041352766154,3.9,181.0,116.0,L,0.3,25.25,5.0,PASS,1.089,PASS,656605,"Keller, Mitch",CS,2B,high,
34d30e17-39b7-34cc-b923-e7af13c32b8c,AWAY,59.57595357752119,5.0,176.0,124.0,L,0.22,3.84,9.0,PASS,0.873,not_cf_view,542888,"Armstrong, Shawn",SB,3B,low,lift_peak_in 3.84 outside 4.28-
fe0ba45c-7213-3201-8a49-f0d106012e6e,HOME,59.66357531773056,3.9,179.0,109.0,R,0.13,17.74,9.0,PASS,1.173,PASS,641743,"Kay, Anthony",SB,2B,high,
f7961e05-42cd-3a53-b4c0-c35b7d737ceb,AWAY,59.64973000462648,7.699999999999999,180.0,119.0,L,0.86,17.71,9.0,release_not_at_hand,,release_not_at_hand,686613,"Brown, Hunter",SB,2B,not measured,release_not_at_hand
4d0341ef-f827-34e3-b40d-62f8e382d49b,AWAY,59.679792127670545,7.699999999999999,177.0,127.0,L,0.29,2.37,9.0,PASS,0.838,cut_in_window,656546,"Hoffman, Jeff",CS,2B,low,lift_peak_in 2.37 outside 4.28-
c009587c-6140-3494-8392-8548e6d1213f,AWAY,59.77202078753048,7.9,178.0,125.0,L,0.21,17.18,9.0,cut_in_window,,no_release,605540,"Woodruff, Brandon",SB,2B,not measured,cut_in_window
728a85ba-40ed-3c8e-855f-1079b6dce554,HOME,59.68870256269422,5.5,179.0,114.0,L,0.13,20.06,8.0,PASS,1.089,PASS,622554,"Domínguez, Seranthony",SB,2B,high,
56087b09-e2eb-31b2-bd0e-fd774682914d,AWAY,59.74339819406076,7.8,178.0,109.0,R,0.16,21.24,9.0,PASS,1.155,no_set_before_lift,664991,"Wolfram, Grant",CS,2B,high,
55a47004-37f3-3b03-bdfe-07d25c8c9e63,AWAY,,3.8,,,,,,,no_clip,,no_set_before_lift,686580,"Slaten, Justin",SB,2B,not measured,no_clip
ec27c304-6cfb-3598-9686-7e0b11ea4798,HOME,59.7080716096134,3.9,177.0,115.0,L,0.19,26.37,9.0,PASS,1.038,PASS,668964,"Myers, Tobias",SB,3B,high,
bdd822c9-7aca-34d5-b1fe-6ba1da32c49c,HOME,59.61054444297258,3.9,181.0,130.0,L,0.24,2.66,9.0,PASS,0.856,PASS,542888,"Armstrong, Shawn",SB,2B,low,lift_peak_in 2.66 outside 4.28-
45cb7c9b-994b-3637-9edc-4656db9f8ad0,AWAY,59.67635950355566,8.2,178.0,,,0.85,,8.0,release_not_at_hand,,release_not_at_hand,686613,"Brown, Hunter",CS,2B,not measured,release_not_at_hand
87de134c-cb33-3ec6-ae95-15778b5f5e15,HOME,59.74737252270292,4.0,180.0,118.0,R,0.12,33.49,9.0,PASS,1.038,PASS,607074,"Rodón, Carlos",SB,3B,high,
cd4f2418-afcd-318d-9270-e02a39bd3d7e,AWAY,,3.6,,,,,,,no_clip,,no_release,547973,"Chapman, Aroldis",SB,2B,not measured,no_clip
bd48b241-76a2-3427-b780-47f325bdd9e0,AWAY,59.65053444579909,2.4000000000000004,,,,,,,not_cf_view,,not_cf_view,592662,"Ray, Robbie",SB,2B,not measured,not_cf_view
65af8a39-fbec-3b53-a295-7b6b4c890979,AWAY,59.66416788067166,7.9,179.0,,,0.19,,9.0,no_set_before_lift,,no_set_before_lift,668909,"Williams, Gavin",SB,3B,not measured,no_set_before_lift
40264731-bb1a-3cf4-a263-4d937045a5d8,AWAY,59.715753015645525,7.8,180.0,,,0.08,,9.0,no_set_before_lift,,no_set_before_lift,518876,"Kelly, Merrill",SB,2B,not measured,no_set_before_lift
f3d6465b-a9ca-3286-b1e7-a43645663802,HOME,59.6289263098783,3.9,179.0,110.0,R,0.14,17.41,9.0,PASS,1.157,PASS,641743,"Kay, Anthony",SB,2B,high,
6a4d41bd-1bcd-32dc-9726-60f458ebd756,HOME,59.72763734366349,4.0,183.0,119.0,R,0.11,14.75,9.0,PASS,1.072,PASS,682120,"Herrin, Tim",SB,2B,high,
98167c76-f8f9-38fd-9824-107ad0adf465,AWAY,59.65763407635708,7.8,180.0,104.0,L,0.73,18.74,9.0,release_not_at_hand,,release_not_at_hand,641793,"Littell, Zack",SB,2B,not measured,release_not_at_hand
5ba8129a-fb80-3c02-bf11-e2496e5d606a,HOME,59.63516844700082,3.9,182.0,119.0,R,0.15,39.31,9.0,PASS,1.056,PASS,607074,"Rodón, Carlos",SB,2B,high,
5cc2256e-6ab7-38b2-890c-1b5d8d3894f2,AWAY,59.67077171229386,6.800000000000001,,,,,,,no_release,,cut_in_window,694360,"Way, Beck",SB,2B,not measured,no_release
7180b8af-a5a6-38ba-89b8-7298e0e9174b,HOME,59.7201998046191,3.9,178.0,119.0,L,0.13,4.25,9.0,PASS,0.988,PASS,663969,"Phillips, Tyler",SB,2B,low,lift_peak_in 4.25 outside 4.28-
8dd50bfa-5a6f-356a-99e7-61ce3f3489ed,HOME,59.66978023197084,3.9,184.0,128.0,L,0.15,19.07,9.0,PASS,0.938,PASS,699044,"Ullola, Miguel",SB,3B,high,
1e2e9d8d-aa28-36b3-bb38-93b2425a03d0,AWAY,,3.9,,,,,,,no_clip,,cut_in_window,596001,"Junis, Jakob",SB,2B,not measured,no_clip
09db809d-0e99-39be-ab71-201669908d2d,HOME,59.73120955699353,3.9,181.0,120.0,L,0.29,21.57,8.0,PASS,1.021,PASS,680732,"Burke, Sean",SB,2B,high,
8e9ea3f4-6ead-3ec1-9d79-5b92c482c902,HOME,59.73168684201373,3.9,174.0,108.0,R,0.16,16.46,9.0,PASS,1.105,PASS,815083,"Farris, Mitch",SB,2B,high,
7ebb0910-8840-3e6c-8e9d-abc8c1f21b68,HOME,59.72475532169181,3.9,178.0,109.0,R,0.39,29.56,9.0,PASS,1.155,PASS,807743,"Sullivan, Sean",SB,2B,low,release_to_wrist 0.39 outside -0.32
5664a4e4-e1be-3f76-a275-9aea048b81a9,HOME,59.82499790332951,4.1,180.0,123.0,L,0.12,8.63,8.0,PASS,0.953,PASS,605400,"Nola, Aaron",SB,2B,high,
ee6b63c7-5ff2-3cbe-9335-19192d4b81bc,HOME,59.81815281544106,4.0,170.0,104.0,R,0.18,27.62,9.0,PASS,1.103,PASS,641778,"Lauer, Eric",SB,2B,high,
98ef18c7-4635-34e9-837f-b5a18b28e9e7,HOME,59.647827329194165,3.8,179.0,120.0,R,0.12,22.15,9.0,PASS,0.989,PASS,689254,"Fluharty, Mason",CS,2B,high,
c1e8b323-8f0b-370a-aecb-bf5a77916a4a,HOME,59.74842767295598,3.9,196.0,126.0,R,0.12,26.98,9.0,PASS,1.172,PASS,656529,"Hentges, Sam",CS,3B,high,
cf3b35ca-4fde-35ac-ba12-cc27641294e5,HOME,59.698795682001084,5.6,185.0,123.0,L,0.18,16.84,9.0,PASS,1.039,PASS,663423,"Thornton, Trent",CS,2B,high,
fc9e2d61-11e1-3f7c-a278-f312696ed33e,HOME,59.66784208234532,3.9,197.0,135.0,R,0.15,16.25,9.0,PASS,1.039,PASS,593958,"Rodriguez, Eduardo",SB,2B,high,
ad02b902-368a-3172-bd2e-1b45644c7f53,AWAY,59.65224947896338,7.6,179.0,121.0,L,0.15,5.91,9.0,PASS,0.972,implausible_delivery,571945,"Mikolas, Miles",SB,3B,high,
f80f6ca3-e9d1-369e-b2b8-7cee082638a4,HOME,59.78234416649727,3.8,176.0,119.0,R,0.15,27.47,9.0,PASS,0.953,PASS,813349,"Early, Connelly",SB,2B,high,
386ff0cd-1e4d-3ffc-b55b-b658d9bca5d5,HOME,59.751576326685246,3.9,180.0,121.0,L,0.18,14.09,9.0,PASS,0.987,PASS,675916,"Karinchak, James",SB,2B,high,
bee5a1ad-a20b-3724-88bd-b6488fe228b1,HOME,59.71937423680391,5.5,173.0,116.0,L,0.12,16.57,9.0,PASS,0.954,PASS,667755,"Soriano, José",SB,2B,high,
26d71b49-475a-3381-99e5-dad717790109,AWAY,59.76980298787333,7.8,184.0,119.0,R,0.1,22.8,9.0,PASS,1.088,cut_in_window,669461,"Liberatore, Matthew",SB,2B,high,
ca76626a-deaf-389b-ab40-3a9cdf7155da,HOME,59.790949890528736,3.8,178.0,112.0,L,0.15,21.25,9.0,PASS,1.104,PASS,676917,"Cavalli, Cade",SB,2B,high,
2e0e0dd5-a4ca-3a65-a984-d1e3f6f91c66,HOME,59.76619464654272,3.8,174.0,117.0,L,0.24,7.54,9.0,PASS,0.954,PASS,691587,"Pérez, Eury",CS,2B,high,
b1985ef2-4ee3-3b13-8f6d-c8b07c51a26c,HOME,59.66250392759668,3.8,180.0,124.0,L,0.23,15.0,9.0,PASS,0.939,PASS,594798,"deGrom, Jacob",SB,2B,high,
863b8e8e-5a3e-3cef-8ebf-40f4f458518c,HOME,59.72202908521368,5.6,179.0,109.0,L,0.17,27.8,9.0,PASS,1.172,PASS,687075,"Sproat, Brandon",CS,2B,high,
dc192d55-0a7e-3d55-94d7-3f84b162545a,HOME,59.75804487266232,3.9,175.0,117.0,L,0.11,5.65,9.0,PASS,0.971,PASS,694738,"Roupp, Landen",SB,2B,high,
fa3b52e5-9fdb-3b5c-ba92-46a2e2a3fd7b,HOME,59.71336309786463,3.9,175.0,102.0,L,0.08,22.56,8.0,PASS,1.223,PASS,681217,"Silseth, Chase",SB,2B,high,
634cd101-af15-3fbd-a1b1-3cae820c6f3f,AWAY,59.72872560712629,8.2,184.0,113.0,L,1.42,70.27,5.0,cut_in_window,,release_not_at_hand,694738,"Roupp, Landen",SB,2B,not measured,cut_in_window
35f15c0b-6877-36c0-b85b-ac99c80421ca,HOME,59.69245559463669,5.5,178.0,118.0,L,0.27,16.64,8.0,PASS,1.005,PASS,623454,"Anderson, Drew",SB,2B,high,
a851324e-bb10-3b4e-a849-696b2ef84903,HOME,59.65230995050442,3.9,176.0,118.0,L,0.27,16.33,9.0,PASS,0.972,PASS,623454,"Anderson, Drew",SB,3B,high,
5e9aded1-88c7-33a1-a6da-689fde4aae24,HOME,59.687108983376206,3.8,177.0,118.0,R,0.11,13.82,9.0,PASS,0.988,PASS,607536,"Freeland, Kyle",CS,2B,high,
5bfef1a0-99d5-3720-983d-b29e453bc20c,AWAY,59.67790082555653,7.0,,,,,,,no_release,,no_release,670950,"Richards, Trevor",SB,2B,not measured,no_release
9468c31a-5d46-396e-a774-45b92afa17bb,AWAY,59.779392105738225,4.4,,,,,,,no_release,,not_cf_view,621111,"Buehler, Walker",SB,2B,not measured,no_release
2e8e93c7-e78e-39ad-a946-4bfb57887b97,HOME,59.84566586466746,3.8,177.0,129.0,L,0.12,5.42,7.0,PASS,0.802,PASS,837227,"Imai, Tatsuya",SB,3B,high,
afbefbc7-b44d-3bf5-a2cb-df0b1a1ff71d,AWAY,59.800043604198464,8.2,171.0,145.0,L,0.14,3.19,9.0,not_cf_view,,cut_in_window,657044,"Thompson, Ryan",SB,2B,not measured,not_cf_view
c7fcf08f-a221-3c82-bfbd-071574603c78,HOME,59.68776015608489,3.9,178.0,118.0,L,0.19,17.57,9.0,PASS,1.005,PASS,692437,"Santos, Winston",SB,2B,high,
43602586-80d3-3151-8430-14b1cdbcec3e,AWAY,59.70654866507167,6.800000000000001,,,,,,,no_release,,cut_in_window,665152,"Kremer, Dean",CS,2B,not measured,no_release
7ca7f74a-60b2-30ad-8ec5-0c4abd19a93f,AWAY,59.758273717623524,7.5,178.0,109.0,L,0.83,30.16,9.0,not_cf_view,,not_cf_view,663878,"Pearson, Nate",CS,2B,not measured,not_cf_view
a30c37c7-ba42-30c7-8203-4df9d40c3509,HOME,59.68292008480044,3.9,176.0,126.0,L,0.15,19.38,6.0,PASS,0.838,PASS,607625,"Lugo, Seth",CS,2B,high,
a5d33cfc-ab75-38a2-a49f-99346dcedeaf,HOME,59.68135045051858,3.9,183.0,118.0,R,0.14,27.65,8.0,PASS,1.089,PASS,663558,"Morán, Jovani",SB,2B,high,
4a2971da-0bd2-3b0a-83f1-12ce420b5816,HOME,59.774020474319656,3.9,174.0,120.0,L,0.2,6.62,9.0,PASS,0.903,PASS,686790,"McDonald, Trevor",SB,3B,high,
b1000d32-928f-3783-a93d-aca798869c3b,HOME,59.69102307715655,3.8,169.0,117.0,L,0.12,5.91,9.0,PASS,0.871,PASS,686790,"McDonald, Trevor",SB,2B,high,
935d7e41-f54d-3ee7-92e3-8fb9eb023e20,HOME,59.662538659289325,3.9,181.0,125.0,L,0.31,14.62,9.0,PASS,0.939,PASS,623454,"Anderson, Drew",CS,2B,high,
86c5ad88-4623-3ba7-9797-120bf1c16288,HOME,59.641262258356456,3.9,182.0,122.0,L,0.1,24.87,7.0,PASS,1.006,PASS,607625,"Lugo, Seth",CS,2B,high,
ce6b0e67-4d7a-304c-9557-b6a2eb62284c,AWAY,59.61965956310336,7.6,178.0,110.0,L,0.15,27.55,9.0,PASS,1.141,no_set_before_lift,625643,"López, Reynaldo",SB,2B,high,
c2225907-8e3e-3ff2-ad20-d8c724ad8af6,HOME,59.68010929155652,3.9,179.0,119.0,L,0.15,16.96,9.0,PASS,1.005,PASS,554430,"Wheeler, Zack",SB,2B,high,
5e1c6237-2d48-3212-8285-c8e6317f7dc2,HOME,59.61834070777671,3.9,181.0,126.0,L,0.16,15.95,8.0,PASS,0.923,PASS,677976,"Dobnak, Randy",SB,2B,high,
bd555baa-1e32-38c2-b258-3ddc27264f01,HOME,59.68941482683396,3.8,177.0,124.0,R,0.15,3.38,9.0,PASS,0.888,PASS,693855,"Seymour, Ian",SB,2B,low,lift_peak_in 3.38 outside 4.28-
1a5f3aeb-2578-3de6-af1b-f81ed972f1ac,HOME,59.70848988383381,3.8,178.0,114.0,R,0.11,14.71,9.0,PASS,1.072,PASS,621237,"Alvarado, José",SB,2B,high,
49452968-ed44-33a3-9888-1d96d9d49987,HOME,59.680521404648545,5.5,172.0,112.0,L,0.18,30.66,9.0,PASS,1.005,PASS,695505,"Burns, Chase",SB,2B,high,
8c9a2c50-5e6e-34b9-bd2b-5e2a325b1331,AWAY,59.68545191098999,8.3,179.0,114.0,L,0.17,36.14,9.0,PASS,1.089,cut_in_window,695505,"Burns, Chase",SB,2B,high,
cc1c53b8-6386-3de3-b40a-0eafa205d0b7,HOME,59.70631471818813,5.5,189.0,114.0,R,0.54,19.77,7.0,PASS,1.256,PASS,667463,"King, John",CS,2B,low,release_to_wrist 0.54 outside -0.32
e79c82e5-b53f-3c2d-a995-544dcd72eac1,HOME,59.65086240638781,3.9,174.0,105.0,R,0.17,10.11,9.0,PASS,1.157,PASS,673513,"Matsui, Yuki",SB,3B,high,
45603584-6179-38c2-a618-72a8b82aa815,HOME,59.7359670257462,3.8,176.0,112.0,L,0.12,36.12,9.0,PASS,1.071,PASS,695505,"Burns, Chase",CS,2B,high,
9af61601-1008-35e2-b22d-7974f12cd31e,AWAY,,3.8,,,,,,,no_clip,,cut_in_window,703615,"Cabrera, Jose",SB,2B,not measured,no_clip
109134e3-c4e2-3d11-b0f1-10179d52f805,AWAY,59.720765071422804,8.1,180.0,108.0,R,0.57,34.07,8.0,cut_in_window,,no_set_before_lift,669432,"Rogers, Trevor",SB,2B,not measured,cut_in_window
f67c713b-b448-308c-93df-a59db4c4d75b,AWAY,59.70071184361314,6.6000000000000005,180.0,125.0,L,0.46,7.73,7.0,PASS,0.921,not_cf_view,679358,"Orze, Eric",SB,2B,low,release_to_wrist 0.46 outside -0.32
66d63d5b-fd14-351a-8f56-0a105af9f5cd,HOME,59.87326049530304,3.8,185.0,122.0,L,0.38,27.76,8.0,PASS,1.052,PASS,678022,"Perkins, Jack",SB,2B,low,release_to_wrist 0.38 outside -0.32
0f91b21b-65f0-30ed-8aff-1ae542e2631b,HOME,59.68038811755671,3.9,184.0,124.0,L,0.15,10.89,9.0,PASS,1.005,PASS,643410,"Leiter Jr., Mark",CS,2B,high,
4dd35ca4-f100-39a9-90fa-a7e349711819,AWAY,59.693943759919875,7.1,,,,,,,no_release,,no_release,657277,"Webb, Logan",SB,2B,not measured,no_release
c20b0a49-5c7d-3eef-9d07-825a8fac269c,AWAY,,4.4,,,,,,,no_clip,,cut_in_window,681293,"Arrighetti, Spencer",CS,2B,not measured,no_clip
be53e49e-2e52-3c24-82c9-caac19f3241d,HOME,59.69277836487094,3.9,180.0,118.0,L,0.11,13.45,6.0,PASS,1.039,PASS,660853,"De Los Santos, Enyel",SB,3B,high,
738d6059-74f2-3942-b6f8-e44025637de5,HOME,59.8122382414092,3.8,178.0,123.0,L,0.1,10.52,9.0,PASS,0.92,PASS,663903,"Singer, Brady",SB,3B,high,
197e3eb4-d47c-36d0-8f24-202bafd817eb,HOME,59.62391723733987,5.5,181.0,113.0,R,0.23,22.17,8.0,PASS,1.14,PASS,669432,"Rogers, Trevor",SB,2B,high,
a1b23f00-c7fc-3b0f-ac28-d663c8a24719,HOME,59.73666611938924,3.8,175.0,108.0,R,0.11,23.39,9.0,PASS,1.122,PASS,672282,"Detmers, Reid",SB,2B,high,
774ec3c6-0ea0-3757-9904-cbd7e4c14add,AWAY,59.67823292571698,3.4,,,,,,,no_release,,not_cf_view,686930,"Barnett, Mason",SB,2B,not measured,no_release
3ae70276-b4e9-34f7-81af-e6dea46ff9f8,AWAY,59.65476715520692,9.5,260.0,,,,,3.0,cut_in_window,,release_not_at_hand,702474,"Paredes, Mike",SB,2B,not measured,cut_in_window
898588d0-a1ef-37a4-91f8-584e2d536f07,AWAY,59.73477096124728,5.5,,,,,,,not_cf_view,,cut_in_window,656605,"Keller, Mitch",SB,2B,not measured,not_cf_view
6165df7a-c307-30a3-9c50-e777eed7b294,AWAY,,4.4,,,,,,,no_clip,,cut_in_window,676879,"Ashby, Aaron",SB,2B,not measured,no_clip
c7d16273-2d43-340c-8064-dfdac49e5579,AWAY,59.69475945669506,7.699999999999999,183.0,156.0,L,0.19,2.21,9.0,PASS,0.452,implausible_delivery,664875,"Lawrence, Justin",SB,3B,low,lift_peak_in 2.21 outside 4.28-; delivery_s 0.452 outside 0.7-1.31
b9a3732f-0e28-382d-bc72-fff9767aad00,HOME,59.75272248457405,5.5,178.0,140.0,L,0.23,4.05,8.0,PASS,0.636,PASS,666808,"Doval, Camilo",SB,2B,low,lift_peak_in 4.05 outside 4.28-; delivery_s 0.636 outside 0.7-1.31
b9e16c41-1ab1-3d6a-a5b6-42e05d7c4338,AWAY,59.65272283251379,8.3,176.0,127.0,L,0.22,4.45,9.0,cut_in_window,,no_set_before_lift,677952,"Ashcraft, Braxton",SB,2B,not measured,cut_in_window
1ffde7e1-0f95-3a15-b326-68e9feb40be0,AWAY,59.663165573293774,9.9,174.0,103.0,L,0.14,21.64,8.0,PASS,1.19,cut_in_window,805673,"Matthews, Zebby",SB,2B,high,
f1604d5c-5e8c-3652-baf7-9a8a085303d5,HOME,59.72108522155585,3.9,181.0,127.0,L,0.12,8.83,9.0,PASS,0.904,PASS,686613,"Brown, Hunter",SB,2B,high,
711f62dd-40f8-30b4-8013-d7a27ab200ab,AWAY,59.750830737099804,9.6,263.0,,,,,6.0,cut_in_window,,no_release,668881,"Greene, Hunter",SB,2B,not measured,cut_in_window
536142f0-f6e5-3b4c-8db4-c50635f474c5,HOME,59.738250706603395,3.8,181.0,120.0,L,0.21,18.35,9.0,PASS,1.021,PASS,663878,"Pearson, Nate",SB,2B,high,
85785668-5edb-3e3a-bffe-38dcf46f93ef,HOME,59.6729518652602,4.1,184.0,126.0,L,0.27,23.89,7.0,PASS,0.972,PASS,680732,"Burke, Sean",SB,2B,high,
6c378b72-e14b-3caf-a160-7419b73fcb8c,HOME,59.736679120132656,3.9,182.0,137.0,L,0.17,3.15,9.0,PASS,0.753,PASS,681517,"Leahy, Kyle",CS,2B,low,lift_peak_in 3.15 outside 4.28-
17f398b9-8f7a-330f-bed1-3f7cc8fa1e06,HOME,59.635084376592495,3.8,172.0,103.0,R,0.14,22.57,9.0,PASS,1.157,PASS,592662,"Ray, Robbie",CS,2B,high,
bfcb6e1b-eef6-3edf-ab13-d5ecd0f345bd,AWAY,59.630341369270994,7.3,176.0,122.0,R,0.13,4.61,9.0,cut_in_window,,not_cf_view,666200,"Luzardo, Jesús",SB,2B,not measured,cut_in_window
232c1a76-da68-3edc-ae1b-fece7a057bb6,AWAY,59.631462835856425,8.0,184.0,126.0,L,0.41,20.04,8.0,PASS,0.973,release_not_at_hand,680732,"Burke, Sean",SB,2B,low,release_to_wrist 0.41 outside -0.32
91b45756-2109-3bbf-ab08-ca87c9b4f178,HOME,59.74663870707507,3.8,178.0,123.0,L,0.16,13.49,9.0,PASS,0.921,PASS,664299,"Javier, Cristian",SB,2B,high,
bfb0c4d8-e718-3e6c-8391-00d92b92fa12,HOME,59.687087612503014,3.9,182.0,118.0,L,0.15,15.5,9.0,PASS,1.072,PASS,663423,"Thornton, Trent",SB,2B,high,
112a0381-f42e-3fb0-9b14-c97971a127ea,HOME,59.625746760679746,3.8,180.0,118.0,L,0.15,24.67,9.0,PASS,1.04,PASS,680732,"Burke, Sean",CS,3B,high,
39ab5112-2ce3-386c-bdd5-34356d49ac1a,HOME,59.70674093455369,3.9,177.0,120.0,R,0.21,21.63,9.0,PASS,0.955,PASS,687223,"Palmquist, Carson",SB,2B,high,
6e371962-82e4-3f19-afb2-0411fdab4c09,AWAY,59.806239258421755,7.8,174.0,111.0,R,0.1,18.97,9.0,PASS,1.053,cut_in_window,666200,"Luzardo, Jesús",SB,2B,high,
f5f10d40-7dc6-3356-bf74-9993bb085a4b,AWAY,59.681558747362025,8.0,185.0,122.0,L,0.34,24.65,5.0,PASS,1.056,no_release,680732,"Burke, Sean",SB,3B,low,release_to_wrist 0.34 outside -0.32
d15fb9c0-9984-3f56-81ca-dd4b480ac3e0,AWAY,59.79914092236201,8.0,177.0,101.0,L,0.15,31.47,9.0,cut_in_window,,cut_in_window,666171,"Zeferjahn, Ryan",SB,2B,not measured,cut_in_window
9a57d935-49a8-315c-8f1e-70d402b490b8,HOME,59.663437021927585,3.8,176.0,118.0,R,0.11,16.96,9.0,PASS,0.972,PASS,691951,"Aldegheri, Sam",SB,2B,high,
0b81c09f-38d4-3d2c-9d7a-d604d881a4f0,HOME,59.72188818680718,3.9,177.0,124.0,L,0.19,7.47,8.0,PASS,0.887,PASS,687064,"Young, Brandon",SB,2B,high,
7a140a1a-2795-3be5-b304-36d70856d4b4,HOME,59.868950556261964,5.6,164.0,87.0,L,0.18,19.25,7.0,PASS,1.286,PASS,605447,"Romano, Jordan",SB,2B,high,
fb9338de-1203-3762-8cb1-0b64eada0408,AWAY,,3.8,,,,,,,no_clip,,release_not_at_hand,687075,"Sproat, Brandon",SB,2B,not measured,no_clip
cecfbb8d-e415-35e7-8d79-4b6d832c121e,HOME,59.75622849199577,5.5,189.0,129.0,L,0.14,22.68,9.0,PASS,1.004,PASS,801434,"Gervase, Paul",SB,2B,high,
8fdd706c-3b1c-355f-b695-3d00d2d18ca8,AWAY,,3.9,,,,,,,no_clip,,no_set_before_lift,607200,"Fedde, Erick",SB,2B,not measured,no_clip
654fd686-0b63-3942-ba8f-e817434893b7,AWAY,,3.9,,,,,,,no_clip,,cut_in_window,663567,"Lambert, Peter",SB,2B,not measured,no_clip
73f7d710-2808-37eb-95aa-68c94ec81d85,HOME,59.698539240827955,3.8,178.0,128.0,L,0.13,12.38,9.0,PASS,0.838,PASS,676755,"Mattson, Isaac",CS,2B,high,
f7f5367e-fa85-3a5b-a9e7-bf881f81711d,AWAY,,3.5,,,,,,,no_clip,,no_release,605447,"Romano, Jordan",SB,2B,not measured,no_clip
d438d637-e77e-306b-b4a4-5dc188b84ab3,AWAY,,3.8,,,,,,,no_clip,,no_set_before_lift,686751,"Johnson, Seth",SB,2B,not measured,no_clip
407f252b-1fd6-3657-af07-b01a2ada703e,HOME,59.738514294749535,3.8,174.0,111.0,R,0.11,24.93,9.0,PASS,1.055,PASS,624133,"Suarez, Ranger",SB,2B,high,
ce234f5e-83df-352e-8609-22d331d0a717,HOME,59.6720200924628,3.9,183.0,116.0,L,0.14,24.05,8.0,PASS,1.123,PASS,605400,"Nola, Aaron",SB,2B,high,
b9a73f9c-983e-34be-98c4-599350e19a81,HOME,59.69193688095507,5.4,180.0,126.0,R,0.18,12.9,8.0,PASS,0.905,PASS,695611,"Jump, Gage",SB,2B,high,
c927428d-eff5-3485-bb17-8aaa78bb6a91,HOME,59.772987453318606,3.8,182.0,134.0,L,0.15,16.12,9.0,PASS,0.803,PASS,663567,"Lambert, Peter",SB,2B,high,
68c46248-bab6-35f7-ba05-3d575834c41e,HOME,59.7266026416426,3.8,177.0,117.0,L,0.22,12.45,9.0,PASS,1.005,PASS,607200,"Fedde, Erick",SB,2B,high,
6265c81a-71d1-36f1-ae58-23cb95a9bdfc,AWAY,,1.1,,,,,,,no_clip,,not_cf_view,657746,"Ryan, Joe",CS,2B,not measured,no_clip
89ad413e-73e8-3c42-b804-8b3839189535,AWAY,,4.3,,,,,,,no_clip,,cut_in_window,669165,"Hurt, Kyle",SB,2B,not measured,no_clip
a6ddde54-8225-3ed6-8bff-d80d85cea44f,HOME,59.75157113530806,3.9,191.0,132.0,L,0.19,23.58,9.0,PASS,0.987,PASS,801434,"Gervase, Paul",SB,2B,high,
b0d88541-5820-3f5e-98e0-5f6fe6535e23,HOME,59.63496174929221,3.9,177.0,123.0,L,0.11,14.06,9.0,PASS,0.906,PASS,678868,"Yean, Eddy",SB,2B,high,
0892b963-985a-3356-867a-c9b88aff99ad,HOME,59.75528069433787,3.8,174.0,101.0,L,0.13,21.49,9.0,PASS,1.222,PASS,681217,"Silseth, Chase",SB,3B,high,
43bbd51c-304b-3505-81c9-950b252811b2,AWAY,,4.3,,,,,,,no_clip,,cut_in_window,669438,"Englert, Mason",SB,2B,not measured,no_clip
84c95bbb-3306-35b0-b9f2-a293d67196c6,AWAY,,4.3,,,,,,,no_clip,,cut_in_window,696149,"Chandler, Bubba",SB,2B,not measured,no_clip
eec3ae3e-3273-3920-8dae-ce954f3aba09,HOME,59.66744488602948,3.8,181.0,119.0,L,0.14,15.75,9.0,PASS,1.039,PASS,687075,"Sproat, Brandon",SB,2B,high,
ae412130-ac30-3e5c-be4b-8cf534a96715,AWAY,,4.3,,,,,,,no_clip,,cut_in_window,669461,"Liberatore, Matthew",SB,2B,not measured,no_clip
6846f5d8-179b-33d8-9857-bb9cf3c761eb,HOME,59.67094159325097,3.9,179.0,123.0,L,0.38,9.97,6.0,PASS,0.938,PASS,656848,"Petersen, Michael",CS,2B,low,release_to_wrist 0.38 outside -0.32
8e54b045-3972-3e30-9159-9a1fe041eec8,HOME,59.852200350635805,3.8,181.0,124.0,R,0.16,20.97,9.0,PASS,0.952,PASS,669461,"Liberatore, Matthew",SB,2B,high,
074fde4e-0ba3-3958-8851-d3eb250b7f48,AWAY,,4.4,,,,,,,no_clip,,cut_in_window,607200,"Fedde, Erick",SB,3B,not measured,no_clip
1825a707-0b4a-3497-9793-9b053f4fa421,AWAY,,3.9,,,,,,,no_clip,,no_set_before_lift,682254,"Montgomery, Mason",SB,3B,not measured,no_clip
b06b0af5-7aac-3752-80a7-52c5b73471e5,HOME,59.684591969196795,3.8,180.0,123.0,L,0.16,25.82,9.0,PASS,0.955,PASS,656464,"Ginkel, Kevin",CS,2B,high,
3c83332c-fae3-3340-8070-bd72415d1e80,HOME,59.70376285817504,3.9,178.0,122.0,L,0.15,20.55,9.0,PASS,0.938,PASS,642547,"Peralta, Freddy",SB,2B,high,
f8628481-7ab5-30d6-876f-1eb50a53191b,HOME,59.74857798384399,3.9,195.0,111.0,R,0.46,24.2,9.0,PASS,1.406,PASS,675660,"Drohan, Shane",CS,2B,low,release_to_wrist 0.46 outside -0.32; delivery_s 1.406 outside 0.7-1.31
5b394069-eda8-3b09-9f08-652f8378930b,AWAY,59.6919051666399,11.7,182.0,124.0,L,0.62,3.0,9.0,release_not_at_hand,,release_not_at_hand,681347,"Burrows, Mike",SB,2B,not measured,release_not_at_hand
0af68daf-197c-3f65-9547-8a533357bb99,HOME,59.85342472354954,3.9,178.0,109.0,L,0.12,28.49,9.0,PASS,1.153,PASS,625643,"López, Reynaldo",SB,2B,high,
4a2c13d7-dcfd-3cce-b952-db6cab595705,HOME,59.7001174655089,3.9,181.0,117.0,L,0.16,15.36,9.0,PASS,1.072,PASS,660853,"De Los Santos, Enyel",SB,2B,high,
8521a749-2b91-3dd3-ab9e-69230b94c0e1,HOME,59.707985535223905,3.9,182.0,124.0,L,0.28,14.25,9.0,PASS,0.971,PASS,663878,"Pearson, Nate",CS,2B,high,
18e4892d-b58d-3fc5-9ea7-2f4ef129a19a,AWAY,59.65797647083193,12.7,179.0,128.0,L,0.18,14.27,8.0,PASS,0.855,release_not_at_hand,805123,"Blubaugh, AJ",SB,2B,high,
2e5e1423-9ec8-3e68-92a2-28f0c18182ac,HOME,59.64509683673268,3.8,174.0,104.0,R,0.1,27.0,9.0,PASS,1.174,PASS,641778,"Lauer, Eric",SB,2B,high,
c77c7e77-dd0b-3dd2-a24a-fef4247c7fd7,HOME,59.69480448897831,3.8,181.0,116.0,R,0.14,19.02,9.0,PASS,1.089,PASS,674841,"Alvarez, Andrew",SB,2B,high,
5938a693-fb02-38e9-8f3c-eb00522b4c49,AWAY,59.714674365295814,6.3,182.0,119.0,L,0.2,20.63,9.0,PASS,1.055,not_cf_view,650556,"Abreu, Bryan",CS,2B,high,
4f9892cf-9727-332a-b468-f47f58a6dc93,AWAY,59.701927738069635,5.199999999999999,,,,,,,no_release,,not_cf_view,622554,"Domínguez, Seranthony",SB,2B,not measured,no_release
bf6a0c23-a830-3d12-a1e7-7fca02d137dd,HOME,59.64637695336382,3.8,204.0,141.0,R,0.48,26.39,6.0,PASS,1.056,PASS,702273,"Schultz, Noah",CS,2B,low,release_to_wrist 0.48 outside -0.32
e20b23b2-b687-3ec2-a53b-1c2e6450f6e5,HOME,59.705260969170844,3.9,195.0,135.0,R,0.12,11.37,9.0,PASS,1.005,PASS,801139,"Tolle, Payton",SB,2B,high,
7330e0c3-0e75-3841-a5d1-c5462487d2f3,HOME,59.65875487915467,3.8,173.0,99.0,L,0.25,23.57,9.0,PASS,1.24,PASS,668678,"Gallen, Zac",SB,2B,high,
5be7bd4d-cd84-3791-b949-05fde494408b,HOME,59.62334713503406,3.9,195.0,128.0,L,0.19,23.21,9.0,PASS,1.124,PASS,676974,"Meyer, Max",CS,2B,high,
864b028e-e578-3a10-8f94-63258a93fde5,HOME,59.72268219984025,4.0,196.0,140.0,R,0.17,28.81,9.0,PASS,0.938,PASS,702273,"Schultz, Noah",CS,2B,high,
0ec586f5-a864-34c1-92e0-5f5e2bbb8e28,HOME,59.7133624565358,3.8,206.0,128.0,R,0.38,24.03,8.0,PASS,1.306,PASS,642100,"Speier, Gabe",SB,3B,low,release_to_wrist 0.38 outside -0.32
3e00e7d7-c85b-3351-ab5c-e541b4509436,HOME,59.71864514606442,3.9,179.0,125.0,L,0.25,11.74,8.0,PASS,0.904,PASS,547179,"Lorenzen, Michael",SB,2B,high,
efa2ee1f-29ed-3c02-bc6c-e873f604a79d,HOME,59.754558636999164,3.9,181.0,131.0,R,0.12,13.31,9.0,PASS,0.837,PASS,680736,"Wrobleski, Justin",CS,2B,high,
f86647ae-6dc3-356f-886d-76fc8c7de40a,AWAY,59.69817572072163,9.100000000000001,175.0,114.0,R,0.15,15.74,5.0,PASS,1.022,cut_in_window,671096,"Abbott, Andrew",SB,2B,high,
a2bd2b82-aa33-3991-866c-cd91ed452a45,HOME,59.73117618797556,3.9,201.0,146.0,L,0.14,6.51,6.0,PASS,0.921,PASS,689296,"Nunez, Anthony",SB,2B,high,
9a134a13-d331-3927-818e-b4432d6b5bfc,AWAY,59.61941691600481,8.1,178.0,117.0,R,0.19,20.24,9.0,PASS,1.023,cut_in_window,674841,"Alvarez, Andrew",SB,3B,high,
5a8c2b30-d1fe-3472-9c87-ad8361aa331d,HOME,59.6532950491742,3.9,175.0,110.0,R,0.15,18.35,9.0,PASS,1.09,PASS,671096,"Abbott, Andrew",SB,2B,high,
768b1e33-805c-3e31-b3a6-157fcefbebd2,HOME,59.756178107477695,3.8,177.0,102.0,L,0.21,23.05,9.0,PASS,1.255,PASS,605447,"Romano, Jordan",SB,2B,high,
71ae4436-b0d2-3827-9f86-f83f81f7f1e0,HOME,59.7988964512786,3.8,181.0,119.0,R,0.19,22.4,9.0,PASS,1.037,PASS,676282,"Cantillo, Joey",CS,2B,high,
e009575d-9d83-354c-9996-9cb0a5b5898c,AWAY,59.695024751326,8.399999999999999,177.0,151.0,L,0.26,2.09,7.0,implausible_delivery,,no_set_before_lift,670167,"Schreiber, John",SB,2B,not measured,implausible_delivery
6c4df45b-78f6-3857-b6ce-4b743c438d7e,AWAY,59.63406703844562,8.0,,,,,,,no_release,,no_release,668678,"Gallen, Zac",SB,2B,not measured,no_release
179507f0-e96c-3633-9724-204aed01e145,AWAY,59.645634758201275,9.100000000000001,,,,,,,no_release,,cut_in_window,607625,"Lugo, Seth",SB,2B,not measured,no_release
45babdf5-ee02-3bad-a732-1f2bc4c04620,HOME,59.6909182403263,3.9,182.0,116.0,L,0.21,22.27,9.0,PASS,1.106,PASS,455119,"Martin, Chris",SB,2B,high,
642f2c58-8a32-3df0-ad79-065202ea3e49,HOME,59.665371164941114,5.6,197.0,130.0,R,0.53,8.54,7.0,PASS,1.123,PASS,657649,"Koenig, Jared",SB,2B,low,release_to_wrist 0.53 outside -0.32
732aec57-90c3-3521-9add-893cfccb4c94,AWAY,59.71583499210653,9.8,180.0,127.0,R,0.07,8.18,5.0,PASS,0.888,no_release,663556,"McClanahan, Shane",CS,2B,high,
2f1a87e2-b627-3f78-b267-b1cf7f57e7b0,AWAY,59.70081186885307,7.8,,,,,,,no_release,,no_release,665152,"Kremer, Dean",CS,2B,not measured,no_release
574927d6-8a7a-366d-a440-79967e38021f,AWAY,59.665465424627726,8.0,,,,,,,no_release,,no_release,622554,"Domínguez, Seranthony",CS,2B,not measured,no_release
7eef40ca-2756-31e7-ab26-21f17172e5e4,HOME,59.666909977298445,3.8,177.0,131.0,L,0.15,10.9,9.0,PASS,0.771,PASS,700241,"McGreevy, Michael",CS,2B,high,
cf10bd63-e13f-3133-91b2-8e4749d8f12d,AWAY,59.69536245636149,8.8,181.0,112.0,L,0.19,18.88,9.0,PASS,1.156,cut_in_window,681293,"Arrighetti, Spencer",SB,2B,high,
56b901b5-d3e1-32e1-9a8d-6d90ea147bfc,AWAY,59.66581003184224,8.0,179.0,118.0,L,0.24,19.14,9.0,PASS,1.022,no_set_before_lift,670950,"Richards, Trevor",SB,3B,high,
a3ceaba1-1570-330c-91c5-dba384922e8d,AWAY,59.744920226953106,10.3,,,,,,,no_release,,cut_in_window,607067,"Rea, Colin",CS,2B,not measured,no_release
daf08ae4-2ea1-3a77-b87f-de0cbf272a97,AWAY,59.782439474525944,8.0,182.0,,,0.2,,9.0,cut_in_window,,no_set_before_lift,657277,"Webb, Logan",SB,2B,not measured,cut_in_window
126c258b-6ec9-31e4-99ec-8583c1fa33f5,HOME,59.68090320004356,5.5,180.0,122.0,L,0.11,19.53,5.0,PASS,0.972,PASS,665152,"Kremer, Dean",SB,2B,high,
4ee7e3fa-2322-382b-adaf-b88f20133674,AWAY,59.682002050612375,7.0,,,,,,,no_release,,no_release,663969,"Phillips, Tyler",SB,3B,not measured,no_release
8161cf41-892e-3693-9693-63b88176eae9,HOME,59.8108057155991,3.8,180.0,117.0,L,0.14,32.78,9.0,PASS,1.053,PASS,695505,"Burns, Chase",SB,2B,high,
4cda4b59-b68f-34ce-95bc-389a0b280d3d,HOME,59.679139531189726,3.8,183.0,118.0,L,0.23,24.35,9.0,PASS,1.089,PASS,700712,"Ureña, Walbert",SB,2B,high,
eb3cd822-a85b-3dab-a15a-e6a362fa6a1b,AWAY,59.68274279096213,8.7,212.0,127.0,L,0.24,10.89,9.0,PASS,1.424,cut_in_window,679358,"Orze, Eric",SB,2B,low,delivery_s 1.424 outside 0.7-1.31
7611cbe5-15e7-395b-801f-424678325a54,HOME,59.736563410113845,3.8,178.0,122.0,L,0.52,17.53,9.0,PASS,0.937,PASS,650633,"King, Michael",SB,2B,low,release_to_wrist 0.52 outside -0.32
e8be7917-ba81-3fd9-8974-d840337bfbb9,AWAY,59.75734894670127,5.3,179.0,120.0,L,0.16,18.52,9.0,PASS,0.987,not_cf_view,543037,"Cole, Gerrit",SB,2B,high,
14c22467-751b-3c4c-bdc3-7cbba279c363,AWAY,,3.9,,,,,,,no_clip,,release_not_at_hand,703615,"Cabrera, Jose",SB,2B,not measured,no_clip
6a62964b-c706-32f4-8825-f0ce2a6de252,HOME,59.70747963465811,3.8,177.0,112.0,L,0.14,18.86,9.0,PASS,1.089,PASS,703615,"Cabrera, Jose",SB,3B,high,
be24d3f9-3ef7-381c-a639-9ccd45877753,HOME,59.651718509646436,3.9,183.0,111.0,L,0.16,21.93,8.0,PASS,1.207,PASS,700712,"Ureña, Walbert",SB,2B,high,
4168ea56-1e91-330b-9128-0349290e118a,HOME,59.68945076133108,4.9,149.0,122.0,L,0.11,7.09,7.0,PASS,0.452,PASS,621112,"Blackburn, Paul",SB,2B,low,delivery_s 0.452 outside 0.7-1.31
eccee36a-9b93-30e7-bf6e-d36bdbb32343,AWAY,59.659922404679776,7.699999999999999,185.0,112.0,L,0.82,22.11,6.0,release_not_at_hand,,no_release,661395,"Duran, Jhoan",SB,2B,not measured,release_not_at_hand
98837e33-46d5-3f07-86cc-be8665dc57cb,AWAY,59.74842767295598,8.1,203.0,135.0,L,0.98,15.53,9.0,release_not_at_hand,,release_not_at_hand,608379,"Wacha, Michael",SB,2B,not measured,release_not_at_hand
f59ea06f-5da3-3f33-830b-9cf87c347c67,HOME,59.75911341897367,3.9,179.0,132.0,R,0.11,6.11,8.0,PASS,0.786,PASS,663776,"Sandoval, Patrick",SB,3B,high,
567276b2-0269-3e64-ac38-fceb18e700d3,HOME,59.68642356574415,3.9,178.0,121.0,L,0.16,16.6,9.0,PASS,0.955,PASS,693821,"Elder, Bryce",SB,2B,high,
45229529-f6d4-322c-b145-946b925e42db,HOME,59.79200337798159,5.0,176.0,122.0,R,0.12,10.45,9.0,PASS,0.903,PASS,592155,"Booser, Cam",SB,2B,high,
904e6fac-e403-37fe-b237-83be5f1b8247,AWAY,59.7471467848946,10.2,174.0,,,0.09,,8.0,cut_in_window,,no_set_before_lift,552640,"Kittredge, Andrew",CS,2B,not measured,cut_in_window
c6ae52d0-48d3-31a0-af60-48c694e281e5,HOME,59.66080173287086,3.8,178.0,115.0,R,0.12,19.25,8.0,PASS,1.056,PASS,672282,"Detmers, Reid",SB,2B,high,
6826d66e-14d5-301f-b7d6-abab46082a79,HOME,59.72565296531951,3.8,174.0,112.0,L,0.2,17.27,9.0,PASS,1.038,PASS,676083,"Junk, Janson",SB,2B,high,
a3eef58d-1108-3dff-bb7d-50f763264e35,HOME,59.70297937564313,5.6,178.0,125.0,L,0.19,15.12,9.0,PASS,0.888,PASS,699823,"Davis, Tyler",CS,2B,high,
d1e1210a-4d3a-3fec-afb8-a4282a8b3832,AWAY,59.6472388158619,7.9,197.0,136.0,L,0.17,17.59,9.0,PASS,1.023,not_cf_view,608379,"Wacha, Michael",SB,2B,high,
cee26cbd-e551-384e-a63e-1a5b28641d5f,AWAY,59.67642974779604,9.200000000000001,227.0,165.0,R,0.13,22.77,9.0,PASS,1.039,not_cf_view,669432,"Rogers, Trevor",SB,2B,high,
a75e8c52-4b28-380d-b304-0a64f1b1a0c4,AWAY,59.7421653914684,7.8,182.0,116.0,L,0.62,23.61,9.0,release_not_at_hand,,release_not_at_hand,656605,"Keller, Mitch",SB,2B,not measured,release_not_at_hand
3aa9691f-9e9d-35a5-97dc-4a1d3d925612,AWAY,59.712063692867936,10.100000000000001,180.0,,,0.11,,9.0,no_set_before_lift,,no_set_before_lift,518886,"Kimbrel, Craig",SB,2B,not measured,no_set_before_lift
df0fa01e-ac59-3e23-bbdd-da8b5c73742e,HOME,59.71068750222138,5.2,205.0,175.0,L,0.06,3.22,7.0,PASS,0.502,PASS,552640,"Kittredge, Andrew",SB,2B,low,lift_peak_in 3.22 outside 4.28-; delivery_s 0.502 outside 0.7-1.31
e1f13ce1-a03c-308e-a29f-1afc03f783e1,AWAY,59.742768887526864,11.100000000000001,182.0,123.0,L,0.7,17.15,9.0,release_not_at_hand,,cut_in_window,656876,"Rasmussen, Drew",SB,2B,not measured,release_not_at_hand
7ad02b49-9eaf-3399-8675-ea9d1e9c93bc,HOME,59.64568371044985,4.0,179.0,125.0,R,0.11,4.16,8.0,PASS,0.905,PASS,640455,"Manaea, Sean",CS,2B,low,lift_peak_in 4.16 outside 4.28-
b8d590a2-dc26-338b-8ff7-c50b1cd9329b,HOME,59.75486922963751,4.0,181.0,113.0,R,0.19,21.92,7.0,PASS,1.138,PASS,656641,"Latz, Jacob",SB,3B,high,
9f3512a0-d9c1-32de-8162-8c5b88ce8422,AWAY,59.7279945843067,7.9,176.0,,,0.19,,9.0,no_set_before_lift,,no_set_before_lift,605447,"Romano, Jordan",SB,2B,not measured,no_set_before_lift
995cac56-674f-31e6-828e-997cf28a6a42,HOME,59.695657569191944,3.9,187.0,120.0,L,0.5,23.97,9.0,PASS,1.122,PASS,690997,"McLean, Nolan",SB,2B,low,release_to_wrist 0.5 outside -0.32
77fd77e8-6abe-317b-9b62-2f7341b054ca,HOME,59.710294497069775,3.9,180.0,117.0,R,0.12,23.14,6.0,PASS,1.055,PASS,664076,"Cleavinger, Garrett",SB,2B,high,
6ae71c69-c9c6-38fe-be13-8adbe24104a5,AWAY,59.78453493115416,6.800000000000001,,,,,,,no_release,,cut_in_window,694361,"Klein, Will",SB,2B,not measured,no_release
f97b51fb-c9c5-39c5-ae6f-e2f95d770b25,HOME,59.7262635292274,3.9,193.0,113.0,R,0.49,26.5,6.0,PASS,1.339,PASS,677865,"Bruihl, Justin",SB,2B,low,release_to_wrist 0.49 outside -0.32; delivery_s 1.339 outside 0.7-1.31
d2bd3690-486a-3c2e-b362-4ea2d92ce31c,HOME,59.75615356355621,3.9,177.0,129.0,R,0.26,11.58,9.0,PASS,0.803,PASS,800048,"Messick, Parker",SB,2B,high,
29e7fb1c-284c-3639-a9f7-fed1bdcd47aa,AWAY,59.631447797604004,8.2,175.0,108.0,L,0.22,25.99,9.0,PASS,1.124,cut_in_window,679883,"Avila, Luinder",CS,2B,high,
c8346ab6-f6f3-36c5-9fcb-d995af1cb390,AWAY,59.736972091874534,7.8,189.0,123.0,L,1.14,15.2,6.0,release_not_at_hand,,not_cf_view,686613,"Brown, Hunter",CS,2B,not measured,release_not_at_hand
ea60e4bb-3e8d-3478-a7b3-850fb84e162f,AWAY,59.78236477361285,7.9,184.0,120.0,L,0.16,15.72,6.0,PASS,1.071,cut_in_window,641793,"Littell, Zack",SB,2B,high,
51e9b795-8abd-310d-8f95-e8188c2bcc16,AWAY,59.77478929046372,7.8,178.0,114.0,L,0.15,18.96,6.0,PASS,1.071,not_cf_view,686613,"Brown, Hunter",SB,2B,high,
423300b4-0a70-3aae-96bf-441219346145,AWAY,59.718840492580235,7.699999999999999,174.0,106.0,R,0.13,28.95,9.0,PASS,1.139,no_set_before_lift,592662,"Ray, Robbie",CS,2B,high,
eb137d8f-cff6-3c70-b715-bf2f6babd3c4,AWAY,59.74300803504184,5.0,183.0,131.0,L,0.16,10.81,8.0,PASS,0.87,not_cf_view,670280,"Bednar, David",SB,2B,high,
e38a357b-e2a9-3a2d-a3f5-e9416be0c44c,HOME,59.71721214355301,3.8,176.0,117.0,L,0.16,15.55,7.0,PASS,0.988,PASS,623474,"Herget, Jimmy",SB,2B,high,
a9b03394-0290-3f61-bf4a-966c9d9c70fe,AWAY,59.73416179767347,6.3,190.0,113.0,L,0.94,23.84,3.0,release_not_at_hand,,no_release,665660,"Alvarado, Elvis",SB,2B,not measured,release_not_at_hand
348cb6e0-2885-3e57-88bc-a3450ea61dfd,AWAY,59.68331460434968,8.4,186.0,122.0,L,0.7,10.3,9.0,release_not_at_hand,,cut_in_window,641793,"Littell, Zack",CS,2B,not measured,release_not_at_hand
530943e7-7ed1-3152-afa5-df1c4efa47e6,AWAY,,3.9,,,,,,,no_clip,,release_not_at_hand,543243,"Gray, Sonny",SB,2B,not measured,no_clip
e8b20cae-df83-3b5a-a334-90ce338edd12,AWAY,,3.9,,,,,,,no_clip,,not_cf_view,543243,"Gray, Sonny",SB,2B,not measured,no_clip
12d025da-e6a8-3654-bb48-c3a325055cac,AWAY,59.824902723735406,7.6,,,,,,,no_release,,no_set_before_lift,676440,"Bibee, Tanner",SB,2B,not measured,no_release
959ad5c3-d195-3747-a85d-84de393f4b51,AWAY,59.81614546360851,7.9,174.0,116.0,L,0.21,22.69,6.0,PASS,0.97,cut_in_window,621111,"Buehler, Walker",SB,2B,high,
2b07f9c3-c332-34e9-bf74-32ef9774d7d4,HOME,59.70674238722338,3.9,176.0,115.0,R,0.18,14.51,9.0,PASS,1.022,PASS,656271,"Burke, Brock",CS,2B,high,
767dd255-1275-30d3-b923-f94600673002,HOME,59.677375553322655,3.9,177.0,113.0,L,0.28,18.24,9.0,PASS,1.072,PASS,687075,"Sproat, Brandon",CS,2B,high,
91adbd1f-8108-31b1-a5f0-3b5a0f075835,AWAY,59.69877621100751,2.4000000000000004,,,,,,,not_cf_view,,not_cf_view,693686,"Miles, Spencer",CS,2B,not measured,not_cf_view
5a52c9ac-7324-39b1-ba11-e66486eae64d,HOME,59.706477466523765,3.9,180.0,120.0,R,0.12,15.94,4.0,PASS,1.005,PASS,640454,"Krook, Matt",CS,2B,low,ball_pts 4.0 outside 5-
f2c70018-159e-3d92-99c3-e659f12dee64,HOME,59.74625288643828,3.9,175.0,118.0,L,0.18,10.92,9.0,PASS,0.954,PASS,689017,"Knack, Landon",SB,2B,high,
a8684e42-deda-376b-b55f-f1f78ff8e49a,AWAY,59.74076773998542,2.3,,,,,,,not_cf_view,,not_cf_view,657746,"Ryan, Joe",SB,2B,not measured,not_cf_view
83197113-f76d-369c-a749-f36acfb3ed4c,HOME,59.64570286124679,3.9,180.0,109.0,L,0.19,8.72,9.0,PASS,1.19,PASS,445276,"Jansen, Kenley",SB,2B,high,
a894f6d6-5619-3539-b0e6-277691204e0d,HOME,59.73618070970056,3.9,174.0,109.0,L,0.17,20.12,9.0,PASS,1.088,PASS,695243,"Miller, Mason",SB,2B,high,
4dbbbb4e-eb5e-3b36-8e97-fe07de1d4d21,HOME,59.77911128387891,4.0,177.0,115.0,L,0.18,22.33,9.0,PASS,1.037,PASS,663554,"Mize, Casey",CS,2B,high,
46a30662-9cdc-3397-a38e-73d3590ce5f7,AWAY,59.70835227528188,7.8,176.0,121.0,R,0.13,8.04,9.0,PASS,0.921,not_cf_view,671936,"Macko, Adam",SB,2B,high,
fecdabf2-fae8-30a0-be5a-810b2078c57c,AWAY,59.73141044828827,7.9,175.0,114.0,L,0.66,29.9,8.0,cut_in_window,,not_cf_view,696149,"Chandler, Bubba",SB,2B,not measured,cut_in_window
b504cd5c-0e13-37da-8a0a-05176fe16bac,HOME,59.66789325582114,3.9,177.0,124.0,R,0.23,24.64,9.0,PASS,0.888,PASS,806188,"Gibson, Cade",SB,2B,high,
1dbb41f7-9d1a-361e-8c99-f8c3efd54da3,AWAY,59.648759719717354,7.699999999999999,176.0,,,0.14,,9.0,no_set_before_lift,,cut_in_window,700842,"Rivera, Eduardo",SB,2B,not measured,no_set_before_lift
9205a9de-7fa0-3a43-bfdd-5da886347796,AWAY,59.66997911550731,7.699999999999999,154.0,103.0,L,0.12,18.34,9.0,PASS,0.855,release_not_at_hand,691587,"Pérez, Eury",SB,3B,high,
e6109cb6-5ef4-3f37-9e35-7b0efaaa1c8c,HOME,59.626931878324505,5.6,153.0,105.0,L,0.11,19.21,9.0,PASS,0.805,PASS,691587,"Pérez, Eury",SB,2B,high,
8d1334f6-baf5-33da-a505-e4abb42c7462,AWAY,59.70091392795185,8.3,180.0,,,0.22,,9.0,no_set_before_lift,,cut_in_window,663554,"Mize, Casey",SB,2B,not measured,no_set_before_lift
ea5f50a3-e188-338a-a8ea-061486b66faa,HOME,59.84914553528037,3.9,181.0,115.0,L,0.11,22.56,6.0,PASS,1.103,PASS,663554,"Mize, Casey",SB,2B,high,
eeddd72f-1eb3-395d-ad4d-7ad750979f79,HOME,59.7626122880543,3.8,181.0,115.0,L,0.1,23.06,9.0,PASS,1.104,PASS,663554,"Mize, Casey",SB,3B,high,
f568583a-a146-3840-96ce-b98cc638ecbb,AWAY,59.721740925613254,7.699999999999999,180.0,116.0,L,0.73,31.78,9.0,release_not_at_hand,,release_not_at_hand,696149,"Chandler, Bubba",SB,3B,not measured,release_not_at_hand
426dad53-3b43-37f4-ab64-ec7842d45ca1,HOME,59.72773461235149,3.9,179.0,120.0,L,0.17,16.47,9.0,PASS,0.988,PASS,669302,"Gilbert, Logan",SB,2B,high,
dd28d2fb-5d20-3045-a84b-15ac14b0c21b,AWAY,59.709851479283564,7.800000000000001,,,,,,,no_release,,no_release,667297,"Nance, Tommy",SB,2B,not measured,no_release
d7ffb429-dfc0-3f6d-89b6-832f662a5ad9,HOME,59.705453098049624,3.9,183.0,131.0,L,0.57,5.64,8.0,PASS,0.871,PASS,625643,"López, Reynaldo",SB,2B,low,release_to_wrist 0.57 outside -0.32
ec8bec18-428f-31fa-ad28-16a6747fa288,AWAY,59.66617539815698,7.1,,,,,,,no_release,,no_release,592779,"Stewart, Brock",SB,2B,not measured,no_release
53bf660b-a8c2-34fb-bfd8-8b9b6f6ed5ea,HOME,59.67421106392129,3.8,193.0,117.0,R,0.56,17.51,6.0,PASS,1.274,PASS,664849,"Young, Danny",SB,2B,low,release_to_wrist 0.56 outside -0.32
a16e4611-b586-3de7-853f-4b8d6f5b73c1,HOME,59.801270169254614,3.9,179.0,122.0,R,0.35,25.08,7.0,PASS,0.953,PASS,806188,"Gibson, Cade",SB,2B,low,release_to_wrist 0.35 outside -0.32
ad1e7c02-ac28-3542-a00e-c0b32e552e97,AWAY,59.71932518565814,7.1000000000000005,257.0,,,1.65,,9.0,not_cf_view,,not_cf_view,681217,"Silseth, Chase",SB,2B,not measured,not_cf_view
b6cf5e75-6595-3bcb-8f85-3e577199fe54,HOME,59.71441499451802,3.8,175.0,118.0,L,0.14,9.91,5.0,PASS,0.955,PASS,669199,"Bachar, Lake",SB,2B,high,
4a6f06a9-b3c7-3904-8d44-74f38434bf50,AWAY,59.72393043268103,7.1,,,,,,,no_release,,no_release,656546,"Hoffman, Jeff",SB,3B,not measured,no_release
2477adbc-a7a1-3dc1-8ee6-1926dbb5ae11,HOME,59.741680339938576,3.9,194.0,139.0,R,0.14,13.63,8.0,PASS,0.921,PASS,671096,"Abbott, Andrew",SB,2B,high,
dd71e1b6-3627-3c62-bd9b-ad6dcee7f7cf,HOME,59.76882838910225,3.9,182.0,132.0,L,0.16,9.82,9.0,PASS,0.837,PASS,683409,"Chivilli, Angel",SB,2B,high,
9b3b7fdf-8c11-3304-ba97-76a01b7186ae,HOME,59.65767314757083,3.9,182.0,111.0,R,0.1,30.0,8.0,PASS,1.19,PASS,669062,"Miller, Erik",SB,2B,high,
edb49cde-4494-3f75-9db4-9130f4be258b,AWAY,59.68951539146905,8.0,179.0,123.0,L,0.23,4.14,9.0,PASS,0.938,cut_in_window,656546,"Hoffman, Jeff",SB,2B,low,lift_peak_in 4.14 outside 4.28-
9c07e723-9622-3c7b-b556-2b8fadf94eea,AWAY,59.64891034497944,8.0,,,,,,,no_release,,no_release,663969,"Phillips, Tyler",SB,2B,not measured,no_release
b4f51f57-16ad-3930-ba12-4c517f8684cc,AWAY,59.7376644911669,8.1,177.0,117.0,L,0.44,13.31,9.0,PASS,1.004,cut_in_window,676760,"Marinaccio, Ron",SB,2B,low,release_to_wrist 0.44 outside -0.32
911353d9-03bb-389f-8d6e-f30683716149,AWAY,,3.8,,,,,,,no_clip,,no_set_before_lift,605400,"Nola, Aaron",SB,2B,not measured,no_clip
278a0979-8de5-3718-9895-41c26d763c35,HOME,59.76932628103543,3.9,185.0,136.0,R,0.46,6.22,6.0,PASS,0.82,PASS,548384,"Raley, Brooks",CS,3B,low,release_to_wrist 0.46 outside -0.32
25aab50f-fa96-3b1f-81e4-a735c5976125,HOME,59.68916082354517,3.7,168.0,111.0,L,0.29,4.54,9.0,PASS,0.955,PASS,694738,"Roupp, Landen",CS,2B,high,
da3d3b0a-4716-3024-aaa7-3f3c43a55657,HOME,59.703569688956925,3.9,180.0,121.0,L,0.14,9.67,9.0,PASS,0.988,PASS,641927,"Ober, Bailey",SB,2B,high,
81d8b54d-39e6-35b4-9c61-f3b0c738fdd6,AWAY,59.68227538069837,7.8,179.0,115.0,R,0.2,26.39,9.0,PASS,1.072,cut_in_window,669020,"Rolison, Ryan",CS,2B,high,
00acd04e-a531-3024-829d-3cdcd7709ac7,AWAY,59.77226235943763,7.699999999999999,183.0,117.0,L,0.98,20.14,8.0,release_not_at_hand,,cut_in_window,643377,"Jax, Griffin",SB,2B,not measured,release_not_at_hand
c42e4620-eb1b-3e22-8370-129eb0219624,HOME,59.660017447240655,3.9,177.0,109.0,R,0.14,17.51,9.0,PASS,1.14,PASS,676879,"Ashby, Aaron",SB,2B,high,
0d9de7ac-b633-3b2f-8da2-d7779e14339f,HOME,59.80326160126816,3.9,174.0,112.0,L,0.32,14.88,9.0,PASS,1.037,PASS,682243,"Miller, Bryce",SB,2B,high,
ebcd78be-fe19-3edc-bc6a-1c44313bf73b,AWAY,59.647149572996256,7.5,181.0,111.0,R,0.18,18.73,9.0,PASS,1.174,no_set_before_lift,670970,"Morejon, Adrian",SB,2B,high,
f9a30baa-a8c4-302b-bece-db1e4c7508ce,AWAY,59.71855907588555,8.7,179.0,124.0,L,0.12,44.0,9.0,cut_in_window,,cut_in_window,489446,"Yates, Kirby",SB,2B,not measured,cut_in_window
64fecd15-bf5d-3c1d-8297-27f6152f6e56,HOME,59.59760069607534,3.9,181.0,114.0,R,0.13,27.36,9.0,PASS,1.124,PASS,519141,"Pomeranz, Drew",SB,2B,high,
1af761ad-7bee-3954-9570-b3dd1f79fde4,HOME,59.68569552926676,3.8,178.0,120.0,L,0.14,18.56,9.0,PASS,0.972,PASS,663567,"Lambert, Peter",SB,2B,high,
6b2c4c48-c648-3728-82a4-4954e997294a,HOME,59.788948591648044,3.9,177.0,112.0,L,0.2,19.73,9.0,PASS,1.087,PASS,686993,"Sterner, Justin",SB,2B,high,
9fa42070-c9ae-3692-94ef-0e307ca6da03,HOME,59.674348555028274,3.8,177.0,121.0,L,0.14,16.06,9.0,PASS,0.938,PASS,669438,"Englert, Mason",CS,2B,high,
b31c3fa5-7296-34c6-bc91-6bc8cf99650a,AWAY,59.71089345888578,7.4,177.0,120.0,L,0.11,8.75,6.0,PASS,0.955,no_release,663903,"Singer, Brady",SB,2B,high,
ad8604d7-f86c-3524-a2ab-68c4f1176851,HOME,59.672215640625645,4.0,179.0,114.0,R,0.13,21.84,9.0,PASS,1.089,PASS,670970,"Morejon, Adrian",SB,2B,high,
8bee5ecf-2d4e-3574-8f43-50934ca58b1b,AWAY,59.68795084034049,6.5,,,,,,,no_release,,no_release,696147,"Bachman, Sam",SB,2B,not measured,no_release
3a316d95-cef4-315d-b0c9-81ae42b7a77f,HOME,59.60233449072852,3.8,180.0,111.0,L,0.14,25.43,9.0,PASS,1.158,PASS,693686,"Miles, Spencer",SB,2B,high,
b0f05614-a610-3586-8afd-225974fbaf3d,HOME,59.686490491351414,3.8,179.0,119.0,L,0.2,9.88,9.0,PASS,1.005,PASS,664126,"Fairbanks, Pete",SB,2B,high,
93484705-6a2e-35bb-8d93-e58480afab5d,AWAY,59.720115692568164,7.1,,,,,,,no_release,,no_release,656730,"Megill, Trevor",SB,2B,not measured,no_release
f4db9127-c59a-37cb-9e18-4c64169df873,HOME,59.679490813894155,3.8,178.0,107.0,L,0.39,26.97,8.0,PASS,1.19,PASS,687330,"Kelly, Kevin",SB,2B,low,release_to_wrist 0.39 outside -0.32
7a237c50-bfd4-315f-86bd-3db6249613ef,HOME,59.75377943083796,4.0,177.0,131.0,R,0.26,6.44,9.0,PASS,0.77,PASS,663776,"Sandoval, Patrick",SB,3B,high,
7651c4a5-9da5-302e-99e7-10c1ddc3c330,HOME,59.75760911120906,3.9,191.0,124.0,L,0.13,31.69,9.0,PASS,1.121,PASS,676974,"Meyer, Max",SB,2B,high,
43033b22-23fb-3c00-aaed-335370bb99a5,HOME,59.79173664763184,3.8,180.0,102.0,L,0.12,30.56,9.0,PASS,1.305,PASS,681293,"Arrighetti, Spencer",SB,2B,high,
c17e62c2-9e98-377d-aca6-6acbb66ebe46,HOME,59.66059197397234,3.9,192.0,131.0,L,0.15,15.89,9.0,PASS,1.022,PASS,687473,"Gusto, Ryan",SB,3B,high,
f4c6a519-8911-3981-8e7a-4f8b321aacc6,AWAY,59.80408407895413,5.0,182.0,,,0.11,,9.0,cut_in_window,,not_cf_view,642397,"Soto, Gregory",SB,2B,not measured,cut_in_window
a62ae65a-5ea4-353d-b179-8847d56c8f1f,AWAY,59.67904947371016,4.9,,,,,,,not_cf_view,,not_cf_view,687330,"Kelly, Kevin",CS,3B,not measured,not_cf_view
cb3f07de-1394-3db2-867c-fbfb6e210b98,HOME,59.73826071759851,3.9,179.0,106.0,R,0.09,21.45,9.0,PASS,1.222,PASS,666200,"Luzardo, Jesús",SB,2B,high,
ed2b90b6-1a1f-3797-9aa8-c479103d0308,HOME,59.7772607300183,3.9,176.0,114.0,L,0.15,13.81,8.0,PASS,1.037,PASS,680570,"Rodriguez, Grayson",CS,2B,high,
dcd613fb-340c-3a44-b6e2-550787c607cc,AWAY,59.632965379134866,7.6,181.0,107.0,R,0.14,26.97,9.0,cut_in_window,,no_set_before_lift,675660,"Drohan, Shane",SB,2B,not measured,cut_in_window
4650b026-8fea-30da-9046-c0f0733f84be,HOME,59.74170654489348,3.9,178.0,122.0,L,0.26,26.28,9.0,PASS,0.937,PASS,669387,"Mlodzinski, Carmen",SB,2B,high,
09bb952f-4669-397b-bdf6-74628563140d,HOME,59.71967944406408,3.9,178.0,125.0,L,0.16,21.28,9.0,PASS,0.887,PASS,677976,"Dobnak, Randy",SB,2B,high,
5313d6f1-0f7a-350d-80a4-d016b5a18554,HOME,59.746487453237634,3.8,181.0,126.0,L,0.18,16.33,9.0,PASS,0.921,PASS,663362,"Waldron, Matt",CS,2B,high,
bda1e58f-aa02-37a5-bac5-a5181f35d9fa,HOME,59.74596899110449,5.6,193.0,130.0,R,0.13,14.17,8.0,PASS,1.054,PASS,656529,"Hentges, Sam",CS,2B,high,
ca732821-60e9-3423-a787-c957ae3e9f7b,HOME,59.6781668129246,3.9,194.0,133.0,L,0.17,13.81,9.0,PASS,1.022,PASS,676534,"Faucher, Calvin",SB,3B,high,
9869a81c-1697-3c1f-994c-7856c5c6f0e2,AWAY,59.711063564782556,8.0,,,,,,,no_release,,no_set_before_lift,547973,"Chapman, Aroldis",SB,2B,not measured,no_release
8acfc1d8-63b6-31d8-b4d9-01e0bcb2ca22,AWAY,59.626250780547984,9.0,,,,,,,no_release,,release_not_at_hand,695076,"Lowder, Rhett",SB,2B,not measured,no_release
34322021-ac2b-3b39-8568-744a4a7b7d2c,AWAY,59.74552830536604,9.3,180.0,,,0.17,,6.0,no_set_before_lift,,release_not_at_hand,547973,"Chapman, Aroldis",SB,3B,not measured,no_set_before_lift
8db8d37e-8d43-3451-b5be-f3ca69922449,HOME,59.67987320966259,5.6,178.0,120.0,L,0.21,19.21,7.0,PASS,0.972,PASS,675848,"Mejia, Juan",SB,3B,high,
a380481c-7f2f-3307-96d6-bdfe5749af25,AWAY,59.716914474134065,7.8,198.0,,,0.08,,9.0,no_set_before_lift,,no_set_before_lift,643511,"Rogers, Tyler",CS,2B,not measured,no_set_before_lift
da8311ed-536e-3168-b3f3-1def37222fb1,AWAY,59.73235418388217,7.4,178.0,143.0,L,0.11,19.27,9.0,not_cf_view,,no_release,663436,"Martin, Davis",SB,2B,not measured,not_cf_view
c051e66a-bc96-35ce-b712-926749765af7,AWAY,59.74492683937675,7.9,198.0,131.0,L,0.7,14.35,9.0,release_not_at_hand,,release_not_at_hand,676604,"Zuber, Tyler",SB,2B,not measured,release_not_at_hand
b26d1125-f479-39cd-b046-065e61e37820,AWAY,59.634276099274985,7.8,175.0,,,0.16,,9.0,no_set_before_lift,,cut_in_window,543135,"Eovaldi, Nathan",SB,2B,not measured,no_set_before_lift
69ad1568-2f09-3fd4-9b3a-1c98a8489b06,AWAY,59.772718326363886,7.6,181.0,,,0.19,,9.0,not_cf_view,,not_cf_view,680916,"Aleman, Franco",SB,2B,not measured,not_cf_view
64f2918f-d1b5-310a-a2f8-ecec834bd669,HOME,59.724648774443345,3.9,180.0,120.0,R,0.13,14.9,9.0,PASS,1.005,PASS,682052,"Lopez, Jacob",SB,2B,high,
391f83df-bc82-3616-9729-5522134ff67d,HOME,59.65234627569145,3.9,180.0,119.0,L,0.24,20.76,9.0,PASS,1.023,PASS,665660,"Alvarado, Elvis",SB,2B,high,
236c1cbf-1a3d-3ab4-80e0-a9d689a1aeda,AWAY,59.71122930576543,7.699999999999999,179.0,109.0,L,0.81,26.65,8.0,release_not_at_hand,,release_not_at_hand,686613,"Brown, Hunter",SB,2B,not measured,release_not_at_hand
c3054a5c-0fd5-3149-a668-9fc39fdda3d5,AWAY,59.631423124479674,9.5,180.0,124.0,L,0.23,19.29,9.0,PASS,0.939,release_not_at_hand,543243,"Gray, Sonny",SB,2B,high,
3a8cbc3f-5650-3166-a9aa-e204e8264bf3,HOME,59.72380289106691,3.9,180.0,119.0,L,0.37,14.78,8.0,PASS,1.021,PASS,669302,"Gilbert, Logan",SB,2B,low,release_to_wrist 0.37 outside -0.32
99d16fe4-025b-3f27-bbf2-c2c4f92be219,HOME,59.67802799683164,5.6,176.0,106.0,L,0.22,16.4,9.0,PASS,1.173,PASS,691587,"Pérez, Eury",SB,2B,high,
eade68e3-07db-3b32-8d07-481c5149b30a,HOME,59.71602986226821,3.9,177.0,126.0,L,0.11,6.13,9.0,PASS,0.854,PASS,656848,"Petersen, Michael",CS,2B,high,
b9dbb5da-45ce-362e-a516-281d0c399026,HOME,59.68611170005572,3.9,182.0,100.0,L,0.17,11.57,9.0,PASS,1.374,PASS,445276,"Jansen, Kenley",SB,2B,low,delivery_s 1.374 outside 0.7-1.31
6ec99264-da37-3fa3-8ef5-3e38e262f364,HOME,59.63404491266981,3.9,180.0,131.0,L,0.19,15.89,7.0,PASS,0.822,PASS,669724,"Hanifee, Brenan",SB,2B,high,
7cd5bd68-4832-36d1-8dac-4d91e515ccf2,HOME,59.76191008258764,3.8,174.0,99.0,R,0.09,25.1,8.0,PASS,1.255,PASS,682052,"Lopez, Jacob",SB,3B,high,
c8aeb203-55b9-34bc-87d1-eff2e4c6befb,HOME,59.77152213091494,3.8,173.0,113.0,L,0.26,26.14,6.0,PASS,1.004,PASS,686613,"Brown, Hunter",SB,2B,high,
43ca0d49-0513-3f18-bb7d-4d0270a4075f,AWAY,59.81000652157202,9.6,,,,,,,no_release,,cut_in_window,663556,"McClanahan, Shane",SB,2B,not measured,no_release
f56df6f0-deae-31ee-94c4-8e972f309a37,HOME,59.757868693420896,3.9,175.0,122.0,R,0.16,9.61,9.0,PASS,0.887,PASS,669620,"Basso, Brady",SB,2B,high,
03fd9076-5854-3ab7-b8ca-0781ff818419,AWAY,59.70594820508993,8.100000000000001,172.0,100.0,R,0.13,22.03,9.0,PASS,1.206,cut_in_window,682052,"Lopez, Jacob",SB,2B,high,
e9416b83-f4b2-35b7-af8a-dd8226b6bc9b,HOME,59.68080749210967,3.9,177.0,123.0,R,0.22,11.01,9.0,PASS,0.905,PASS,669620,"Basso, Brady",SB,3B,high,
258255b1-91e8-3bd0-8bbb-e2e3a47edc40,AWAY,59.77270379859864,7.9,180.0,118.0,R,0.12,18.45,8.0,PASS,1.037,no_set_before_lift,592662,"Ray, Robbie",SB,2B,high,
748bb1ab-14b6-3e26-93e7-bfc9c5ffe43b,AWAY,59.724988721753355,7.4,180.0,111.0,R,0.09,15.36,8.0,PASS,1.155,no_release,642100,"Speier, Gabe",SB,2B,high,
9c9251d1-06a9-35ba-a206-84fb57514dac,AWAY,59.81983810012506,7.9,178.0,115.0,L,0.14,21.49,9.0,PASS,1.053,cut_in_window,663554,"Mize, Casey",SB,3B,high,
563e284a-9c9c-397c-b740-d5f7be410747,HOME,59.74377493706568,3.9,175.0,111.0,L,0.17,20.28,9.0,PASS,1.071,PASS,608566,"Márquez, Germán",SB,2B,high,
0b370848-24d1-3810-a6aa-ddab69070771,HOME,59.66978283748179,3.9,179.0,130.0,L,0.28,20.08,9.0,PASS,0.821,PASS,669724,"Hanifee, Brenan",SB,2B,high,
07c8d271-b618-3806-8004-39bf1a73b28b,AWAY,59.696992537875936,7.9,208.0,,,0.34,,9.0,no_set_before_lift,,no_set_before_lift,663372,"Feltner, Ryan",SB,2B,not measured,no_set_before_lift
00954fd3-d3d6-3168-980e-44d67b62288e,HOME,59.66871193911795,3.9,175.0,117.0,R,0.19,18.09,9.0,PASS,0.972,PASS,702070,"Cameron, Noah",SB,2B,high,
8c7c162a-ca00-34ca-a90a-13b137679f95,HOME,59.61937655021757,3.9,178.0,115.0,L,0.13,16.94,9.0,PASS,1.057,PASS,693821,"Elder, Bryce",CS,3B,high,
34256b02-ef88-3b82-a2f9-2e5b00194707,HOME,59.71176422961703,3.9,183.0,115.0,R,0.37,25.49,5.0,PASS,1.139,PASS,801139,"Tolle, Payton",CS,2B,low,release_to_wrist 0.37 outside -0.32
a9b97086-9340-3f4c-9ed0-ac73ab602797,AWAY,59.707540311527964,8.2,175.0,117.0,R,0.12,21.14,9.0,cut_in_window,,cut_in_window,605488,"Springs, Jeffrey",CS,2B,not measured,cut_in_window
e95f7826-2edb-35c1-8f3f-db58e387000b,HOME,59.8796570634845,3.9,172.0,106.0,L,0.14,29.82,9.0,PASS,1.102,PASS,665622,"Medina, Luis",SB,2B,high,
470be442-b45e-3078-8644-790fbfa29280,HOME,59.78645580266523,3.9,176.0,115.0,R,0.13,20.04,9.0,PASS,1.02,PASS,671096,"Abbott, Andrew",SB,2B,high,
1b3048ed-b820-3c56-994b-782fd3ac4c6a,HOME,59.63915742267877,3.9,177.0,119.0,L,0.19,13.51,9.0,PASS,0.973,PASS,667755,"Soriano, José",SB,2B,high,
1bc7f2d4-52b2-333c-ad36-c942b37cc8ec,AWAY,59.699578454643245,9.2,,,,,,,no_release,,release_not_at_hand,675848,"Mejia, Juan",CS,2B,not measured,no_release
0bc2ef18-d931-3ed0-8c9c-881b9980009d,HOME,59.666079310525305,4.2,180.0,127.0,L,0.16,13.8,9.0,PASS,0.888,PASS,686218,"Sheehan, Emmet",SB,2B,high,
8a60f00f-4101-3656-afc5-30090ef8974d,HOME,59.73486258739964,4.1,177.0,113.0,L,0.17,14.85,9.0,PASS,1.071,PASS,607200,"Fedde, Erick",SB,2B,high,
9cab3770-e5e2-3b2f-af07-00d82fa3b3aa,HOME,59.77614862961462,4.1,181.0,130.0,L,0.21,13.88,9.0,PASS,0.853,PASS,656302,"Cease, Dylan",SB,2B,high,
03634274-93a5-3987-b558-5847df057883,HOME,59.738904723127035,4.0,178.0,109.0,L,0.25,23.29,6.0,PASS,1.155,PASS,656302,"Cease, Dylan",SB,2B,high,
f4de7f17-1ece-3d76-a585-f7de5c165d24,AWAY,59.74293096493555,10.4,175.0,120.0,L,0.14,4.63,9.0,cut_in_window,,cut_in_window,669923,"Kirby, George",SB,2B,not measured,cut_in_window
4d4862c3-7937-3637-9753-899908b45384,HOME,59.69063349485221,4.0,179.0,126.0,L,0.16,19.42,9.0,PASS,0.888,PASS,820862,"Fermin, José",SB,2B,high,
657a23f1-9523-3bd6-bc89-52e7abd2a86d,AWAY,59.782740771343164,8.4,194.0,136.0,L,0.16,13.78,9.0,PASS,0.97,cut_in_window,607259,"Martinez, Nick",SB,2B,high,
aa827372-5a30-34b9-a717-0834e6d81ead,HOME,59.78983952863233,3.9,178.0,114.0,L,0.12,15.56,9.0,PASS,1.07,PASS,608379,"Wacha, Michael",SB,2B,high,
7614ff8d-21f0-3f28-877c-e446429b9cf9,AWAY,59.71591667177521,8.2,172.0,,,0.1,,9.0,cut_in_window,,cut_in_window,683352,"Bratt, Mitch",CS,2B,not measured,cut_in_window
1ee839b9-ca04-3889-9a08-e1b50065361c,HOME,59.74960061368259,4.0,178.0,122.0,R,0.13,13.05,8.0,PASS,0.937,PASS,681892,"Funderburk, Kody",SB,2B,high,
c0efc8d7-910b-3376-9168-056c3cbff4f5,HOME,59.74973187748622,4.4,177.0,114.0,L,0.17,22.23,9.0,PASS,1.054,PASS,669923,"Kirby, George",SB,2B,high,
a1841515-756d-3d18-8446-811e0983d952,AWAY,59.7245924601755,9.3,183.0,122.0,R,0.14,21.59,9.0,PASS,1.021,no_set_before_lift,690978,"Fulton, Dax",SB,2B,high,
e12c75f0-5e49-30b1-9582-bd18cddfb414,HOME,59.75920555409087,3.9,177.0,120.0,L,0.23,45.82,7.0,PASS,0.954,PASS,642547,"Peralta, Freddy",SB,2B,high,
284a1afc-e177-31d3-8bbd-92a20a276ae5,HOME,59.766140874577864,4.0,181.0,119.0,L,0.14,12.74,9.0,PASS,1.037,PASS,607200,"Fedde, Erick",CS,3B,high,
f9ad2b80-9819-3c4f-bc14-6cdae94c4f61,HOME,59.66020304303573,3.9,181.0,123.0,L,0.25,9.91,9.0,PASS,0.972,PASS,681916,"Smith, Dylan",SB,2B,high,
13757e51-c8e4-3219-b001-4d0b458ac812,HOME,59.64570742172415,3.9,182.0,123.0,L,0.12,16.58,9.0,PASS,0.989,PASS,625643,"López, Reynaldo",CS,2B,high,
153d5c62-deda-3bb8-86cc-ef7ef43393c2,HOME,59.70437182457584,5.6,176.0,119.0,L,0.18,22.98,4.0,PASS,0.955,PASS,680744,"Madden, Ty",SB,2B,low,ball_pts 4.0 outside 5-
3d39e35f-7ff3-386f-bf82-de716bd313df,HOME,59.722835572939665,3.9,179.0,123.0,L,0.16,4.37,9.0,PASS,0.938,PASS,663969,"Phillips, Tyler",CS,2B,high,
6ffbf1db-f90c-31b5-a9ca-ded6a76e8176,HOME,59.665679247500016,5.6,192.0,120.0,R,0.54,16.76,4.0,PASS,1.207,PASS,573124,"Rogers, Taylor",SB,3B,low,release_to_wrist 0.54 outside -0.32; ball_pts 4.0 outside 5-
e7b43dfd-9ef6-3e99-a8d4-59e72b27e9ff,AWAY,59.70679022127007,7.3,183.0,114.0,L,0.35,16.76,8.0,PASS,1.156,no_release,687075,"Sproat, Brandon",SB,2B,low,release_to_wrist 0.35 outside -0.32
1e49e617-ea93-3f44-8ab6-6076e15fad99,AWAY,59.66788139894554,4.800000000000001,175.0,131.0,L,0.14,4.2,6.0,PASS,0.737,not_cf_view,678022,"Perkins, Jack",SB,2B,low,lift_peak_in 4.2 outside 4.28-
7ddcaf7e-2f9e-3081-9fca-cc926f5c05d3,AWAY,59.66268230264037,5.199999999999999,,,,,,,not_cf_view,,cut_in_window,680736,"Wrobleski, Justin",SB,2B,not measured,not_cf_view
7a140612-1954-3113-a7cf-771d0cec98c3,AWAY,59.736404786314665,5.5,175.0,132.0,L,0.11,2.68,5.0,cut_in_window,,not_cf_view,571945,"Mikolas, Miles",SB,2B,not measured,cut_in_window
0a7ad1c6-db68-3207-986d-170d60d8861d,AWAY,59.71572224136876,6.9,,,,,,,no_release,,no_release,695505,"Burns, Chase",SB,2B,not measured,no_release
6634af75-ce91-3571-99a5-3c9265f51ac8,HOME,59.703782593391516,3.9,180.0,120.0,L,0.19,10.32,9.0,PASS,1.005,PASS,669060,"Wilson, Bryse",CS,2B,high,
e5bbf1d1-c007-3987-bab0-d3cde0fbb6f1,HOME,59.62121600466875,5.7,183.0,119.0,L,0.13,21.05,9.0,PASS,1.073,PASS,592332,"Gausman, Kevin",SB,2B,high,
b98b37c7-deb8-33ff-83cc-8661e58efca3,HOME,59.75305012494488,3.9,183.0,125.0,R,0.13,22.95,9.0,PASS,0.971,PASS,689254,"Fluharty, Mason",CS,2B,high,
8baa9ed3-cf69-312c-999c-9248063423c8,AWAY,59.70891171652847,8.2,192.0,,,1.26,,9.0,cut_in_window,,release_not_at_hand,641927,"Ober, Bailey",SB,2B,not measured,cut_in_window
cbaaae00-4bbf-3343-ac81-d64134233316,AWAY,59.823112466432306,7.699999999999999,178.0,,,0.12,,9.0,cut_in_window,,cut_in_window,641835,"Mayza, Tim",SB,3B,not measured,cut_in_window
c9fd65e5-cd9f-3eab-b1e4-2124dafdd110,AWAY,59.67604433077579,8.0,175.0,120.0,L,0.12,11.41,9.0,PASS,0.922,cut_in_window,518876,"Kelly, Merrill",CS,2B,high,
3133c126-50a5-3493-8301-872dec9a2085,AWAY,59.70264232339573,9.3,179.0,117.0,L,0.14,19.21,7.0,PASS,1.038,no_set_before_lift,678394,"Bello, Brayan",SB,2B,high,
8e58f929-68e4-3d33-82cf-799fae62987b,HOME,59.70351611583354,3.9,181.0,124.0,L,0.14,18.78,9.0,PASS,0.955,PASS,650960,"Duarte, Daniel",SB,2B,high,
7e1768d1-019b-3d2d-9928-05b9187f058b,HOME,59.721676826771436,3.9,180.0,113.0,R,0.19,17.02,9.0,PASS,1.122,PASS,641835,"Mayza, Tim",SB,2B,high,
259a3001-b3cf-30f6-bfa3-988160881f21,HOME,59.829838077450106,3.8,179.0,124.0,L,0.13,13.11,9.0,PASS,0.919,PASS,621112,"Blackburn, Paul",SB,2B,high,
072eb853-76e1-3308-b62d-ede0fde5b3ea,AWAY,59.70030841853685,9.4,176.0,138.0,L,0.49,4.96,7.0,cut_in_window,,no_release,676106,"Hancock, Emerson",SB,2B,not measured,cut_in_window
ab627a0a-6bfa-3150-aee2-de31e64eddd2,HOME,59.705926035942376,3.8,181.0,120.0,L,0.25,32.81,7.0,PASS,1.022,PASS,696149,"Chandler, Bubba",SB,2B,high,
62b034d5-1177-3725-819e-cbbca46432e6,HOME,59.70957263868544,3.9,181.0,126.0,L,0.15,12.25,9.0,PASS,0.921,PASS,680755,"Fisher, Braydon",CS,2B,high,
b83fbda7-e3b4-3809-adcb-eacfc7dc98ac,HOME,59.75875170607547,3.9,179.0,127.0,L,0.16,18.16,8.0,PASS,0.87,PASS,687312,"Hughes, Gabriel",SB,2B,high,
9a1379fb-dc28-3edc-aee5-077cb9bafbfe,AWAY,59.77620089034341,6.199999999999999,179.0,123.0,L,0.23,18.11,9.0,PASS,0.937,no_release,676617,"O'Brien, Riley",SB,2B,high,
6828f081-cd1c-313c-afbd-4e6a9437dfe4,HOME,59.72064011678703,3.8,176.0,112.0,L,0.12,19.25,9.0,PASS,1.072,PASS,518876,"Kelly, Merrill",SB,3B,high,
e4066a24-e457-3eb5-b61c-9fc86fd19a36,HOME,59.76989281449938,3.9,181.0,120.0,L,0.3,24.89,9.0,PASS,1.021,PASS,693686,"Miles, Spencer",SB,2B,high,
d016bd3f-8f75-31d1-90c1-5ce3a2674d75,HOME,59.63522339078158,3.9,180.0,121.0,L,0.12,4.02,9.0,PASS,0.989,PASS,694738,"Roupp, Landen",SB,2B,low,lift_peak_in 4.02 outside 4.28-
071cba7d-d43d-394a-a370-8f01d022ecd7,AWAY,59.752871144248694,7.699999999999999,200.0,,,1.1,,9.0,release_not_at_hand,,release_not_at_hand,641927,"Ober, Bailey",SB,2B,not measured,release_not_at_hand
59bcf19e-4f56-3ffe-b5b4-d1d4a4cb8e1c,HOME,59.67529199630786,3.8,180.0,121.0,L,0.21,11.35,7.0,PASS,0.989,PASS,676775,"Winn, Keaton",SB,3B,high,
74f59b56-0bca-3dfb-8d57-6912d2802c50,AWAY,59.67891271406433,7.0,179.0,105.0,R,0.13,24.58,8.0,cut_in_window,,not_cf_view,663893,"Little, Brendon",CS,2B,not measured,cut_in_window
8ab7da9d-3aa7-337c-a71e-a9f9ce4dc87a,AWAY,59.615161444689726,8.3,179.0,123.0,L,0.15,21.44,9.0,cut_in_window,,not_cf_view,693686,"Miles, Spencer",SB,2B,not measured,cut_in_window
6c9fae9b-ad3f-366b-ae60-c061ef973248,HOME,59.70671396559025,3.9,184.0,122.0,L,0.39,20.62,7.0,PASS,1.038,PASS,800311,"Fuentes, Didier",SB,3B,low,release_to_wrist 0.39 outside -0.32
f99c4247-362b-3758-8ddb-29eac7122362,HOME,59.657226397471184,3.9,182.0,129.0,L,0.11,5.93,6.0,PASS,0.888,PASS,660853,"De Los Santos, Enyel",SB,2B,high,
cf7f530b-5679-387e-a566-f0bbea58cb93,HOME,59.643923542595886,3.9,178.0,123.0,L,0.19,21.51,9.0,PASS,0.922,PASS,693686,"Miles, Spencer",SB,2B,high,
0823bc4a-4e3a-3a4a-bcd4-ad6141546759,HOME,59.63972906283421,3.9,177.0,114.0,L,0.14,13.99,9.0,PASS,1.056,PASS,660853,"De Los Santos, Enyel",SB,3B,high,
95741db4-570f-37b7-b1b7-0a9ded8ab3e1,AWAY,59.749449595876605,9.399999999999999,,,,,,,no_release,,release_not_at_hand,663903,"Singer, Brady",CS,2B,not measured,no_release
5f97d73a-39e4-3b05-a3e3-0f581792f8dd,AWAY,59.69507754390573,8.4,,,,,,,no_release,,release_not_at_hand,663903,"Singer, Brady",SB,2B,not measured,no_release
16f34262-f95a-30b7-bea9-52db7a57d36e,HOME,59.66535213254265,3.9,181.0,111.0,R,0.19,21.22,9.0,PASS,1.173,PASS,693855,"Seymour, Ian",SB,2B,high,
38ea8da9-1ee0-3272-b0a5-a448eb759bae,HOME,59.68554164271214,4.0,180.0,122.0,L,0.24,16.38,9.0,PASS,0.972,PASS,623454,"Anderson, Drew",SB,2B,high,
15c73247-5fd5-3d87-a4cf-795c8553a377,HOME,59.698839514388744,3.9,181.0,113.0,R,0.12,20.3,9.0,PASS,1.139,PASS,693855,"Seymour, Ian",CS,2B,high,
c3e75e2c-cec2-392c-aab8-e2efdd30bd6a,HOME,59.77405407559425,3.9,176.0,116.0,L,0.38,25.9,9.0,PASS,1.004,PASS,668909,"Williams, Gavin",SB,2B,low,release_to_wrist 0.38 outside -0.32
305bc99f-b03a-31a9-a92c-7b3183f70fdd,HOME,59.71505057883621,3.9,183.0,128.0,L,0.55,8.61,9.0,PASS,0.921,PASS,694335,"Svanson, Matt",SB,2B,low,release_to_wrist 0.55 outside -0.32
8de8c435-69dc-3409-9efc-ab749333e3f8,HOME,59.659608787639414,3.8,176.0,125.0,L,0.11,8.65,8.0,PASS,0.855,PASS,671737,"Bradley, Taj",SB,2B,high,
6614cf68-dd8f-3cc8-9737-5309f5a9d071,HOME,59.715158693034226,5.5,179.0,130.0,L,0.15,6.76,6.0,PASS,0.821,PASS,671737,"Bradley, Taj",SB,2B,high,
536f3fd1-3cbb-3a12-a134-2f2ca09576d4,AWAY,59.72388362184018,8.0,181.0,128.0,R,0.36,4.86,8.0,PASS,0.887,release_not_at_hand,673513,"Matsui, Yuki",CS,2B,low,release_to_wrist 0.36 outside -0.32
ada2b397-ff6b-318c-8c58-9b3de4dab952,HOME,59.63379038604826,3.9,182.0,128.0,L,0.22,19.63,7.0,PASS,0.906,PASS,677976,"Dobnak, Randy",CS,2B,high,
b0f394c8-41f1-3066-81b0-9367dd55cc5a,AWAY,59.71793830352798,8.1,179.0,119.0,L,0.14,15.22,9.0,PASS,1.005,no_set_before_lift,683769,"Gaddis, Hunter",SB,2B,high,
1f1bebbb-08b8-3fbb-a8f7-d79974404a29,HOME,59.61982264853118,3.8,176.0,102.0,R,0.11,24.1,8.0,PASS,1.241,PASS,682052,"Lopez, Jacob",SB,3B,high,
748f0432-0700-30bd-9afd-aedd63a91b12,AWAY,59.703921120731465,9.9,184.0,119.0,R,0.19,20.18,9.0,PASS,1.089,cut_in_window,682052,"Lopez, Jacob",SB,2B,high,
7334eb73-05e8-341a-8d84-bddab427c45f,AWAY,59.76716829109423,7.6,,,,,,,no_release,,no_release,808963,"Sasaki, Roki",SB,2B,not measured,no_release
0d356850-20d7-36dc-8bb8-cf5e96fad871,AWAY,,5.7,,,,,,,no_clip,,release_not_at_hand,702056,"Yesavage, Trey",SB,2B,not measured,no_clip
3f1c2697-07d1-3c6e-8631-e3d3bf6cd119,AWAY,59.62541211681904,11.0,176.0,115.0,L,0.13,19.4,4.0,PASS,1.023,not_cf_view,608566,"Márquez, Germán",SB,2B,low,ball_pts 4.0 outside 5-
38ab8ff2-5bef-3fd4-96f7-809503e5020f,AWAY,,4.4,,,,,,,no_clip,,cut_in_window,666200,"Luzardo, Jesús",CS,2B,not measured,no_clip
7794324a-64ce-36cf-9d76-b407cf9db780,AWAY,59.783771197110454,10.5,176.0,,,0.23,,5.0,cut_in_window,,no_release,669160,"May, Dustin",SB,2B,not measured,cut_in_window
be2c35d1-835f-3d4a-83fb-98642b9109fb,HOME,59.63241511281207,5.6,187.0,119.0,L,0.52,15.73,9.0,PASS,1.14,PASS,681293,"Arrighetti, Spencer",SB,2B,low,release_to_wrist 0.52 outside -0.32
21641680-8c52-31ce-9993-49e787050eeb,HOME,59.68877927229271,5.5,171.0,102.0,L,0.1,21.35,6.0,PASS,1.156,PASS,657277,"Webb, Logan",SB,2B,high,
d4f53e03-a1aa-31ee-a200-e6cf18e7b008,AWAY,59.73183770046447,8.4,184.0,,,0.91,,9.0,release_not_at_hand,,cut_in_window,657277,"Webb, Logan",CS,2B,not measured,release_not_at_hand
7783422b-ffa6-366c-9d7d-cf9d533a9d32,AWAY,59.72892720210198,4.9,180.0,128.0,L,0.1,14.02,9.0,PASS,0.871,not_cf_view,703725,"Gastelum, Luis",SB,2B,high,
f618da07-c2c2-3053-98da-3d71835808c3,HOME,59.70056848207988,3.9,176.0,120.0,L,0.13,10.65,9.0,PASS,0.938,PASS,489446,"Yates, Kirby",SB,2B,high,
74630115-c866-3c4c-a84e-c3d9134570bb,HOME,59.78573563776273,4.0,183.0,130.0,L,0.15,15.97,9.0,PASS,0.886,PASS,695076,"Lowder, Rhett",SB,2B,high,
426b59ce-fd33-314a-8f20-03ff99d04372,HOME,59.65334551887326,4.0,179.0,120.0,R,0.13,23.38,8.0,PASS,0.989,PASS,687223,"Palmquist, Carson",SB,2B,high,
3881052a-485b-3368-bcde-9ac0b04512a8,HOME,59.68255179882543,4.2,198.0,146.0,L,0.13,5.09,9.0,PASS,0.871,PASS,687377,"Ribalta, Orlando",SB,3B,high,
0cf49092-4bb2-3be0-b291-a5014b5c168b,HOME,59.66354270312328,4.1,186.0,117.0,R,0.38,24.26,9.0,PASS,1.156,PASS,675660,"Drohan, Shane",SB,2B,low,release_to_wrist 0.38 outside -0.32
74457cc0-7eca-3ced-b107-e399bff8a7a5,HOME,59.68020284590128,4.1,180.0,121.0,R,0.11,17.96,8.0,PASS,0.989,PASS,664849,"Young, Danny",SB,2B,high,
d7ee20a2-69c9-349e-8f35-6a3359b23db5,AWAY,59.79822252551979,11.2,182.0,,,0.11,,9.0,cut_in_window,,cut_in_window,622694,"Hernández, Elieser",SB,2B,not measured,cut_in_window
370b4e71-6424-3ed9-ad8b-58d4e500c6a2,AWAY,59.7546300099337,7.8,181.0,111.0,R,0.18,17.22,9.0,PASS,1.171,no_set_before_lift,621345,"Minter, A.J.",SB,2B,high,
d4947ed9-aedb-305b-8c5b-209ed56e3851,HOME,59.65272961095217,4.3,181.0,108.0,R,0.11,22.7,9.0,PASS,1.224,PASS,669684,"Murphy, Chris",SB,3B,high,
6b762a6c-219b-31d2-833c-ec7f1bf0aabf,HOME,59.75432513992698,4.1,180.0,110.0,R,0.17,23.2,9.0,PASS,1.171,PASS,669684,"Murphy, Chris",SB,2B,high,
1cc99b74-000e-3f00-ab7d-84b3d0ea4409,AWAY,59.70252120387162,8.399999999999999,186.0,155.0,R,0.75,101.39,6.0,cut_in_window,,release_not_at_hand,593974,"Peralta, Wandy",CS,2B,not measured,cut_in_window
f4e726e8-3c6d-3f72-a03d-1e7094dc343e,HOME,59.69898259480367,4.1,180.0,131.0,L,0.14,11.27,9.0,PASS,0.821,PASS,656550,"Holmes, Grant",CS,2B,high,
691569af-4564-30d6-a6fe-30332756e507,AWAY,59.80013411711576,5.1,,,,,,,not_cf_view,,cut_in_window,667463,"King, John",SB,2B,not measured,not_cf_view
b8429e8d-779b-3f42-8a7a-c8126447e24f,AWAY,59.704264874654214,7.8,180.0,,,0.17,,9.0,cut_in_window,,no_set_before_lift,669467,"Pallante, Andre",SB,2B,not measured,cut_in_window
d1b1ed15-bb6e-353c-9f53-146482af64b4,AWAY,59.71740869101573,5.9,,,,,,,no_release,,no_release,686930,"Barnett, Mason",SB,3B,not measured,no_release
76415613-45c2-3b01-8970-9aa55752fb8f,HOME,59.780272510071676,4.0,184.0,126.0,R,0.57,4.92,5.0,PASS,0.97,PASS,676664,"Sears, JP",SB,2B,low,release_to_wrist 0.57 outside -0.32
a3d70557-14b8-35ed-8dad-11a287dc3edf,HOME,59.77490172144537,4.0,175.0,116.0,L,0.12,19.35,7.0,PASS,0.987,PASS,663362,"Waldron, Matt",SB,2B,high,
a8e8a74e-ff22-38c9-90f7-9d42c8f3257d,HOME,59.77186626970069,4.1,178.0,122.0,R,0.2,23.76,9.0,PASS,0.937,PASS,687941,"Gamboa, Alec",SB,2B,high,
a0e70366-0d6d-37e7-88d4-e5762270cf7d,HOME,59.74567475609866,4.1,175.0,113.0,L,0.33,27.26,8.0,PASS,1.038,PASS,681190,"Vásquez, Randy",SB,2B,low,release_to_wrist 0.33 outside -0.32
9fa69feb-9578-3fa2-9f3f-4cc487137504,HOME,59.695854234935474,4.0,181.0,106.0,L,0.1,23.65,6.0,PASS,1.256,PASS,656302,"Cease, Dylan",CS,2B,high,
04e7d5e5-a537-3f8f-be66-c8443f0746bb,AWAY,59.74714850550774,8.3,177.0,128.0,L,0.13,10.23,9.0,cut_in_window,,cut_in_window,663372,"Feltner, Ryan",SB,2B,not measured,cut_in_window
e45856cd-5ca3-39c2-9c20-ad7f85472a31,AWAY,59.75505534577918,7.8,184.0,122.0,L,0.84,10.13,8.0,release_not_at_hand,,no_set_before_lift,672629,"Carrillo, Gerardo",SB,2B,not measured,release_not_at_hand
8d12d5b5-bf42-30a8-8e41-9e4e89bb89b4,AWAY,59.7260017357807,8.3,185.0,117.0,L,0.81,18.3,5.0,release_not_at_hand,,cut_in_window,676760,"Marinaccio, Ron",SB,2B,not measured,release_not_at_hand
91422a55-18a6-3232-836c-08f58aaaf466,HOME,59.6795162983036,4.0,179.0,113.0,L,0.15,18.67,9.0,PASS,1.106,PASS,693433,"Woo, Bryan",SB,2B,high,
39c7e9c1-e635-379c-9db8-7b88a8b78630,HOME,59.73770141823669,3.9,173.0,108.0,R,0.13,19.9,9.0,PASS,1.088,PASS,690978,"Fulton, Dax",SB,2B,high,
c3f41285-5285-370a-b0a8-9439ca659ef6,HOME,59.744540585084465,4.0,181.0,123.0,R,0.16,26.18,9.0,PASS,0.971,PASS,683352,"Bratt, Mitch",SB,3B,high,
ff64edb0-d52b-3bcf-a5d6-56d1ca9e4e1b,HOME,59.71090784507793,3.9,177.0,125.0,L,0.19,17.74,6.0,PASS,0.871,PASS,650960,"Duarte, Daniel",CS,2B,high,
9e543d2d-0155-3a69-adde-851582eace97,HOME,59.699861118255235,3.9,180.0,118.0,L,0.45,24.5,9.0,PASS,1.039,PASS,690997,"McLean, Nolan",SB,2B,low,release_to_wrist 0.45 outside -0.32
187b68cd-133b-323b-a2fd-199fe33ed34e,HOME,59.683314352710184,3.9,179.0,119.0,R,0.12,26.5,7.0,PASS,1.005,PASS,683352,"Bratt, Mitch",SB,2B,high,
98dbb816-1f42-3f65-b127-a93ac2fcdae2,HOME,59.83321345955718,5.5,144.0,108.0,L,0.04,21.66,7.0,PASS,0.602,PASS,621111,"Buehler, Walker",SB,3B,low,delivery_s 0.602 outside 0.7-1.31
2f132c36-3844-3e2a-96c8-9a0d30c8143a,HOME,59.77114176398333,3.9,177.0,109.0,R,0.2,22.4,8.0,PASS,1.138,PASS,605488,"Springs, Jeffrey",SB,2B,high,
f209d1b0-eb5e-348e-a2d7-1c612fea32d0,HOME,59.83597594313833,5.5,178.0,134.0,L,0.26,2.61,9.0,PASS,0.735,PASS,806960,"Morales, Luis",SB,3B,low,lift_peak_in 2.61 outside 4.28-
21a518fe-3344-3613-8a06-64c042483e5c,AWAY,59.698214324935755,8.9,154.0,125.0,L,0.06,2.4,6.0,PASS,0.486,no_release,806960,"Morales, Luis",SB,3B,low,lift_peak_in 2.4 outside 4.28-; delivery_s 0.486 outside 0.7-1.31
b62f9c7f-9251-3007-b011-116fecc615b6,HOME,59.67848130331992,3.7,177.0,123.0,R,0.13,6.09,7.0,PASS,0.905,PASS,673513,"Matsui, Yuki",SB,2B,high,
f073e84a-c713-30ed-a62d-c01241f2c5e8,HOME,59.7009697302729,3.9,201.0,130.0,L,0.21,17.76,5.0,PASS,1.189,PASS,666808,"Doval, Camilo",SB,3B,high,
e7fc7542-fc8c-306e-81a8-67b5528d2334,HOME,59.773956665418815,5.5,181.0,124.0,L,0.3,16.39,8.0,PASS,0.954,PASS,623474,"Herget, Jimmy",SB,2B,high,
1e8bc85c-3367-3cf2-9797-0f0373c9266b,HOME,59.77333171610552,3.8,180.0,122.0,L,0.19,10.14,9.0,PASS,0.97,PASS,605288,"Houser, Adrian",SB,2B,high,
47a3b34e-bc8c-3aec-88a0-8a8f943b2742,HOME,59.67932030713645,5.5,177.0,121.0,L,0.23,9.7,9.0,PASS,0.938,PASS,680755,"Fisher, Braydon",SB,2B,high,
3e4f223d-663b-3a98-ba2f-99b9d229aae4,HOME,59.65319729133776,3.8,177.0,111.0,R,0.18,22.7,6.0,PASS,1.106,PASS,642100,"Speier, Gabe",SB,2B,high,
f0c922b3-029e-3333-9a37-eb3e0be537c6,HOME,59.67950683886888,3.8,175.0,110.0,R,0.19,19.69,9.0,PASS,1.089,PASS,663893,"Little, Brendon",SB,3B,high,
ecf083db-acd2-36fe-a9ee-b3703a038da0,HOME,59.64493972475445,3.9,178.0,119.0,L,0.18,28.53,9.0,PASS,0.989,PASS,656876,"Rasmussen, Drew",SB,2B,high,
e578d252-8655-3846-8d62-63836a0da1d4,AWAY,59.69796171120241,7.8999999999999995,176.0,,,0.13,,9.0,cut_in_window,,no_release,453286,"Scherzer, Max",SB,2B,not measured,cut_in_window
85c8cafa-f2a3-3d99-ae4f-09eecd88cf37,HOME,59.77215769852895,4.0,225.0,146.0,R,0.6,22.23,6.0,PASS,1.322,PASS,674841,"Alvarez, Andrew",SB,2B,low,release_to_wrist 0.6 outside -0.32; delivery_s 1.322 outside 0.7-1.31
b329aedf-26f6-39ab-ae4f-f75c22bd58ac,HOME,59.66879494977156,3.8,177.0,110.0,R,0.14,27.32,9.0,PASS,1.123,PASS,527048,"Pérez, Martín",SB,2B,high,
2a2a1e9e-baeb-31d4-9915-3ea42576d59c,HOME,59.67737380261524,3.8,181.0,127.0,L,0.29,18.5,9.0,PASS,0.905,PASS,623454,"Anderson, Drew",CS,2B,high,
286b321e-9a12-3e58-b785-34602887ac71,AWAY,59.74231149641214,9.3,179.0,116.0,L,0.24,11.73,9.0,not_cf_view,,not_cf_view,621097,"Waguespack, Jacob",SB,2B,not measured,not_cf_view
3f0170d8-c972-3584-a929-4ac418e35b1e,AWAY,59.664907787261214,7.5,179.0,127.0,L,0.13,9.78,6.0,PASS,0.872,no_set_before_lift,621074,"Rucker, Michael",SB,2B,high,
871f1e50-a7e7-3e53-8070-c050e9b45437,AWAY,59.57331251379012,6.9,,,,,,,no_release,,no_release,656849,"Peterson, David",SB,2B,not measured,no_release
3b6b2fa6-8c73-3541-b58a-1a3bf2012584,HOME,59.72999378275158,3.8,195.0,122.0,R,0.46,5.98,9.0,PASS,1.222,PASS,801139,"Tolle, Payton",CS,3B,low,release_to_wrist 0.46 outside -0.32
2f3bed92-52fc-36db-9855-32cab31e486e,AWAY,59.788664252518,7.0,,,,,,,no_release,,no_release,554430,"Wheeler, Zack",SB,2B,not measured,no_release
dfb2c128-1421-3029-ab69-52b75c7b72e0,HOME,59.800360555392515,3.8,175.0,116.0,L,0.22,15.54,8.0,PASS,0.987,PASS,554430,"Wheeler, Zack",SB,2B,high,
47a65242-9e4d-3a0d-b256-60ea65e7153a,AWAY,59.696562138694226,8.1,259.0,,,0.56,,9.0,cut_in_window,,no_release,687075,"Sproat, Brandon",SB,2B,not measured,cut_in_window
d7217f53-a4c0-3379-98d0-b7d7aa5c871a,AWAY,59.67696291621426,6.8,,,,,,,no_release,,no_release,665660,"Alvarado, Elvis",CS,3B,not measured,no_release
5d5b261b-c1e3-39de-92db-c960703bb0f6,HOME,59.77601575273827,3.8,176.0,122.0,L,0.17,20.35,9.0,PASS,0.903,PASS,805123,"Blubaugh, AJ",SB,2B,high,
c437e332-6186-3c58-b637-1e92b4aa3b9c,HOME,59.66757691966442,3.8,178.0,116.0,L,0.14,16.92,8.0,PASS,1.039,PASS,677961,"Wilcox, Cole",CS,2B,high,
09c3a1cd-c147-3385-9ad7-1ca1962d5317,AWAY,59.7566921549274,7.2,176.0,106.0,L,0.23,25.75,9.0,PASS,1.171,no_release,453286,"Scherzer, Max",SB,3B,high,
1205bb01-c98d-31f5-8eb5-8a83f31ce605,AWAY,59.6999277189325,9.7,248.0,,,0.83,,6.0,cut_in_window,,no_release,453286,"Scherzer, Max",SB,2B,not measured,cut_in_window
a19302fb-df3c-364e-8119-d4261f688db4,HOME,59.73669456956715,3.8,177.0,114.0,L,0.25,13.12,9.0,PASS,1.055,PASS,518876,"Kelly, Merrill",SB,2B,high,
dcb20260-ac5c-3025-8873-e3b2dd90ba79,HOME,59.683322074663536,5.6,218.0,162.0,L,0.19,10.9,9.0,PASS,0.938,PASS,453286,"Scherzer, Max",SB,2B,high,
b1054c1f-2ac1-352d-9ead-57aa13b9ba53,AWAY,59.58526961982344,7.5,175.0,101.0,L,0.18,20.4,9.0,PASS,1.242,cut_in_window,687075,"Sproat, Brandon",SB,3B,high,
677c58ba-99ed-3d7e-9e98-ab03970352da,AWAY,59.5874103861211,7.6,181.0,115.0,L,0.18,20.55,5.0,PASS,1.108,not_cf_view,669923,"Kirby, George",SB,3B,high,
620b0310-e930-34cc-9373-ea17fb415bda,HOME,59.73570515596776,3.8,175.0,111.0,L,0.23,17.63,9.0,PASS,1.071,PASS,687075,"Sproat, Brandon",SB,2B,high,
7eff8a20-131b-352d-84be-51da4716e8dc,HOME,59.77787606420995,3.9,179.0,107.0,R,0.18,21.25,8.0,PASS,1.204,PASS,656641,"Latz, Jacob",SB,2B,high,
2c1702e5-0398-3297-b5e7-16bec1bf4082,HOME,59.67718349914531,3.9,177.0,116.0,L,0.28,19.54,8.0,PASS,1.022,PASS,682982,"Espino, Daniel",SB,3B,high,
426bfa71-6ef6-3124-99d6-9e364d439408,HOME,59.692887476446266,3.9,177.0,126.0,L,0.29,13.79,9.0,PASS,0.854,PASS,650633,"King, Michael",CS,2B,high,
6788fd26-9e34-3aeb-9bcd-e7e977d7358d,HOME,59.79930563227658,3.8,179.0,128.0,L,0.12,4.01,9.0,PASS,0.853,PASS,694738,"Roupp, Landen",SB,2B,low,lift_peak_in 4.01 outside 4.28-
77f5ef6c-753e-381a-95e7-5082fbedae13,HOME,59.77599098328486,3.9,175.0,126.0,L,0.16,9.67,9.0,PASS,0.82,PASS,664141,"Brubaker, JT",CS,2B,high,
66820e3f-9394-3028-8e4a-4133335130f1,HOME,59.74364640494853,3.8,177.0,120.0,L,0.21,16.96,9.0,PASS,0.954,PASS,663855,"Hicks, Jordan",SB,2B,high,
df813412-88e0-309c-93c9-3eaf92b8dc61,HOME,59.64868334533613,3.8,176.0,115.0,L,0.23,17.87,7.0,PASS,1.023,PASS,663567,"Lambert, Peter",SB,2B,high,
376defdd-f574-3998-8a11-0bcf097e0431,HOME,59.72081135105024,3.8,180.0,125.0,L,0.15,15.03,9.0,PASS,0.921,PASS,689147,"Kerkering, Orion",SB,2B,high,
e69f106d-f698-3bcf-bd46-1de63fb9d460,AWAY,59.710577771549566,7.699999999999999,177.0,115.0,L,0.15,19.59,6.0,camera_moved,,camera_moved,682982,"Espino, Daniel",SB,2B,not measured,camera_moved
1e239604-808d-3429-833d-f9a00851139d,HOME,59.734326764430776,3.9,174.0,118.0,R,0.11,8.26,9.0,PASS,0.937,PASS,687562,"Bennett, Jake",SB,2B,high,
149f0789-9b6f-35f3-93cc-a6b7e5111231,AWAY,59.63632564348255,6.9,,,,,,,no_release,,no_release,682120,"Herrin, Tim",SB,2B,not measured,no_release
696486ac-bc49-3307-aa48-66a01a9d54c5,AWAY,59.70369278396108,7.5,175.0,124.0,R,0.15,15.8,9.0,PASS,0.854,cut_in_window,681911,"Vesia, Alex",SB,2B,high,
7e9da3cf-18aa-36ca-b677-2ee1843eb1fb,HOME,59.756487215918746,3.8,178.0,115.0,L,0.59,23.15,9.0,PASS,1.054,PASS,605400,"Nola, Aaron",CS,2B,low,release_to_wrist 0.59 outside -0.32
224d1c2e-6b86-305e-ab3f-d65e9b43a85a,HOME,59.74978101588943,3.9,184.0,125.0,R,0.34,5.39,9.0,PASS,0.987,PASS,663893,"Little, Brendon",CS,2B,low,release_to_wrist 0.34 outside -0.32
65efd52b-9a0a-38a4-84a0-a6ad45d418b8,AWAY,59.714832603523384,10.9,182.0,,,0.83,,9.0,cut_in_window,,release_not_at_hand,680767,"Vodnik, Victor",CS,3B,not measured,cut_in_window
561e3235-f442-334e-9c38-10d62c65d2f7,AWAY,59.61059803905408,7.699999999999999,178.0,107.0,L,0.12,36.95,9.0,PASS,1.191,no_set_before_lift,695505,"Burns, Chase",SB,2B,high,
1b8f4cb7-858a-39f0-a6a1-b832115693e4,AWAY,59.60246626665972,7.5,175.0,,,0.12,,9.0,cut_in_window,,cut_in_window,663558,"Morán, Jovani",SB,3B,not measured,cut_in_window
5d57c857-a4d8-3fd8-8010-61048110c447,AWAY,59.66830999606199,7.5,174.0,,,0.15,,9.0,no_set_before_lift,,no_set_before_lift,518886,"Kimbrel, Craig",SB,2B,not measured,no_set_before_lift
44978b4e-e094-3ef8-b941-37739532ea8c,AWAY,59.65127560832456,7.6,178.0,119.0,L,0.18,31.08,8.0,PASS,0.989,no_set_before_lift,518886,"Kimbrel, Craig",SB,2B,high,
01bd601b-e739-3c24-9c04-c2e85a8eda22,HOME,59.72232001689892,4.0,180.0,119.0,L,0.14,30.49,6.0,PASS,1.021,PASS,668909,"Williams, Gavin",SB,2B,high,
a7c68b3c-ebfb-3580-a294-d965665738cb,AWAY,59.74609158904472,7.6,180.0,,,0.13,,9.0,no_set_before_lift,,no_set_before_lift,695505,"Burns, Chase",CS,2B,not measured,no_set_before_lift
8136c40b-5a86-391f-ac48-9b7b73fe77f2,AWAY,59.69156010915538,7.7,200.0,,,0.64,,6.0,release_not_at_hand,,no_set_before_lift,677865,"Bruihl, Justin",SB,2B,not measured,release_not_at_hand
1871ebd7-e5d9-30be-8c33-8eb2b93808e8,HOME,59.821720730949394,3.9,176.0,136.0,L,0.24,2.65,9.0,PASS,0.669,PASS,623474,"Herget, Jimmy",SB,2B,low,lift_peak_in 2.65 outside 4.28-; delivery_s 0.669 outside 0.7-1.31
3393e2d5-4c03-3c2c-86b1-1fbf21315ca2,HOME,59.67864272385889,5.6,181.0,106.0,R,0.1,26.5,5.0,PASS,1.257,PASS,677865,"Bruihl, Justin",SB,2B,high,
af03123a-67f6-3f1c-ba52-107455d5f12b,HOME,59.62861234359227,4.0,175.0,111.0,R,0.18,21.5,9.0,PASS,1.073,PASS,695611,"Jump, Gage",SB,2B,high,
7d57f00a-f270-3fc1-8c82-4a9adc32c4b1,AWAY,59.664237994016,9.5,,,,,,,no_release,,not_cf_view,695505,"Burns, Chase",SB,3B,not measured,no_release
e7e69e41-d272-3f10-8aee-08e7334a6647,AWAY,59.701492537313435,7.699999999999999,179.0,,,0.25,,9.0,cut_in_window,,cut_in_window,700363,"Smith-Shawver, AJ",SB,2B,not measured,cut_in_window
e29a11f8-4e74-362c-8a92-21c39b3ef988,AWAY,59.712471468905164,7.3,,,,,,,no_release,,no_release,593958,"Rodriguez, Eduardo",SB,2B,not measured,no_release
d6f88731-156e-34b1-8051-e3284fe6aa66,AWAY,59.60374983839178,8.399999999999999,173.0,104.0,R,0.11,29.2,9.0,PASS,1.158,cut_in_window,641778,"Lauer, Eric",SB,2B,high,
54fa18bc-db3d-3e98-af0b-69fdc9cd40e5,AWAY,59.73946442039156,5.1,181.0,124.0,R,0.12,27.85,9.0,PASS,0.954,not_cf_view,663542,"Hudson, Bryan",SB,2B,high,
be94da28-e4b9-3e60-9c61-ef9e822023e7,HOME,59.726113841436856,3.7,175.0,105.0,R,0.09,21.71,8.0,PASS,1.172,PASS,666200,"Luzardo, Jesús",SB,2B,high,
48305be3-cb8b-30b4-a10f-b0147715ccb6,AWAY,59.72026078040665,9.2,177.0,136.0,R,0.17,22.32,9.0,cut_in_window,,no_set_before_lift,666200,"Luzardo, Jesús",CS,3B,not measured,cut_in_window
38a9f86d-03ae-3349-a5f1-b9690d57b1ea,HOME,59.73161684486144,3.9,181.0,122.0,R,0.28,20.73,7.0,PASS,0.988,PASS,696070,"Rojas, Kendry",SB,2B,high,
9e9c2cda-6f77-3e28-a5f6-a93df31bf19a,AWAY,59.735465105589654,9.7,192.0,,,0.66,,8.0,cut_in_window,,release_not_at_hand,666200,"Luzardo, Jesús",SB,2B,not measured,cut_in_window
e87f0a04-2eb1-3321-a401-9b54dddbb40e,AWAY,59.71048857949973,8.2,180.0,116.0,L,0.23,12.47,9.0,cut_in_window,,cut_in_window,642207,"Williams, Devin",SB,2B,not measured,cut_in_window
6e12969c-d005-32fc-ac07-1524d01b5870,HOME,59.70864577196889,3.8,176.0,114.0,L,0.21,22.85,9.0,PASS,1.038,PASS,700363,"Smith-Shawver, AJ",SB,2B,high,
dbcacfcd-4779-3128-83a1-a480190f367a,HOME,59.8001837944717,5.8,182.0,121.0,L,0.27,15.82,8.0,PASS,1.02,PASS,657277,"Webb, Logan",SB,2B,high,
bea74e69-91ab-3014-a653-0fbacf0a30d9,HOME,59.77558409924687,3.9,177.0,121.0,L,0.24,22.97,8.0,PASS,0.937,PASS,694477,"Patrick, Chad",SB,2B,high,
710ac58c-4cbe-3cff-9d59-ee7a11ddad22,HOME,59.70689343224172,3.9,176.0,114.0,L,0.22,16.61,9.0,PASS,1.038,PASS,683003,"Jones, Jared",SB,3B,high,
47f6001b-be8c-3577-969d-3405770e93a7,AWAY,59.781355228562205,7.8,177.0,152.0,R,0.13,2.02,9.0,implausible_delivery,,cut_in_window,623381,"Pannone, Thomas",SB,2B,not measured,implausible_delivery
ab1039c4-a423-3240-929b-26dc0e6cebbd,HOME,59.77519759575285,3.9,196.0,118.0,R,0.48,25.64,8.0,PASS,1.305,PASS,623381,"Pannone, Thomas",CS,2B,low,release_to_wrist 0.48 outside -0.32
f11e8148-08ed-345a-acdb-220b545f722b,AWAY,59.7032592652874,4.9,173.0,130.0,R,0.13,4.82,7.0,PASS,0.72,not_cf_view,663776,"Sandoval, Patrick",CS,2B,high,
18c57aef-20b0-3986-8e93-3ff0b120dd5f,HOME,59.717643758203664,3.8,179.0,113.0,R,0.5,25.96,9.0,PASS,1.105,PASS,676282,"Cantillo, Joey",SB,2B,low,release_to_wrist 0.5 outside -0.32
b0298c5b-8958-367e-8c07-35f6af3a1fe2,HOME,59.67538990925202,3.8,178.0,115.0,L,0.15,23.34,9.0,PASS,1.056,PASS,700363,"Smith-Shawver, AJ",CS,2B,high,
35e4c9d2-8e10-393c-b262-0d7ce756324f,HOME,59.794584304053096,3.8,182.0,125.0,L,0.26,19.54,6.0,PASS,0.953,PASS,663436,"Martin, Davis",SB,2B,high,
fcbb8011-4607-3938-91f6-13f0992192ef,HOME,59.647615405168935,3.8,176.0,104.0,R,0.13,18.79,9.0,PASS,1.207,PASS,621345,"Minter, A.J.",SB,2B,high,
c56645ae-d519-3354-b52e-87e09e1830ad,AWAY,59.65864033607294,7.5,,,,,,,no_release,,no_release,687239,"Peoples, Ben",SB,2B,not measured,no_release
be50d6d3-27a2-312a-8e93-a3ee5b4170ea,HOME,59.668485473442246,3.8,177.0,122.0,L,0.19,14.15,9.0,PASS,0.922,PASS,656550,"Holmes, Grant",SB,3B,high,
b6eb8892-431a-363b-a4d0-431efa249326,AWAY,59.71603312345523,9.2,248.0,,,4.81,,8.0,cut_in_window,,no_release,693433,"Woo, Bryan",SB,2B,not measured,cut_in_window
789564bb-8249-381d-8fd3-79941253d55b,HOME,59.64079792521348,3.8,175.0,121.0,L,0.11,16.26,6.0,PASS,0.905,PASS,695076,"Lowder, Rhett",SB,2B,high,
a32a2806-8ddc-38b7-ab97-25e9bf51fe28,HOME,59.59019202956102,3.9,180.0,116.0,R,0.14,14.2,9.0,PASS,1.074,PASS,656271,"Burke, Brock",SB,3B,high,
ebc06500-c8b0-354a-9940-dd49d588bfd6,HOME,59.644494437370106,3.8,180.0,118.0,R,0.13,24.58,7.0,PASS,1.039,PASS,682995,"Barco, Hunter",CS,2B,high,
8df9235b-4d6c-39cb-a728-1912df502a85,AWAY,59.71324373397971,7.6,170.0,,,0.15,,9.0,no_set_before_lift,,cut_in_window,681190,"Vásquez, Randy",SB,2B,not measured,no_set_before_lift
0dc696e0-fa12-33f5-a70b-d188f81ac388,AWAY,59.709427087722936,9.3,180.0,118.0,L,0.59,26.88,8.0,PASS,1.038,release_not_at_hand,680732,"Burke, Sean",SB,2B,low,release_to_wrist 0.59 outside -0.32
9528b05c-83fb-3a61-81c7-25de5f468edd,HOME,59.71139492453143,3.8,176.0,121.0,L,0.13,17.57,9.0,PASS,0.921,PASS,670990,"Ramírez, Yohan",SB,2B,high,
d5af6290-834b-3aba-8e90-e2bdedfeb17e,HOME,59.62972540413606,3.9,181.0,125.0,R,0.14,18.21,8.0,PASS,0.939,PASS,682995,"Barco, Hunter",SB,3B,high,
32cefad8-d45d-376f-8340-a983e4cc4892,AWAY,59.668290929666945,5.6,,,,,,,no_release,,no_release,669467,"Pallante, Andre",SB,2B,not measured,no_release
b07ebfdb-3858-37a7-9ed8-681a222e6101,HOME,59.66818484878431,3.8,178.0,114.0,R,0.2,16.45,9.0,PASS,1.073,PASS,571927,"Matz, Steven",SB,2B,high,
0d8c55a1-b314-37a6-84a1-54299ff2e898,HOME,59.70935324053377,3.9,178.0,115.0,L,0.14,19.55,9.0,PASS,1.055,PASS,641927,"Ober, Bailey",SB,2B,high,
ee0f212a-da90-3ecf-9c83-3a89a1442abd,HOME,59.73261509388881,3.9,176.0,119.0,R,0.15,15.78,9.0,PASS,0.954,PASS,702070,"Cameron, Noah",CS,2B,high,
72bf97fe-6993-3976-bbad-fa11359d9e84,AWAY,59.71817213501196,6.9,,,,,,,no_release,,no_release,686930,"Barnett, Mason",SB,2B,not measured,no_release
b7c7e01f-fbe1-3ac9-aee1-19bb246bb2e9,AWAY,59.70415952379623,9.2,181.0,116.0,L,0.18,14.2,6.0,PASS,1.089,cut_in_window,691587,"Pérez, Eury",SB,2B,high,
a9ab005d-1aee-3945-b4b1-ebcbd56fd20b,AWAY,59.673186921139006,9.6,,,,,,,no_release,,release_not_at_hand,666277,"Soriano, George",SB,2B,not measured,no_release
ea8afdd6-7987-3b27-bc35-25824bf597cc,AWAY,59.695808134677165,7.7,180.0,118.0,L,0.16,23.9,8.0,not_cf_view,,not_cf_view,665871,"Assad, Javier",SB,2B,not measured,not_cf_view
7fa86d2d-f644-3eb5-bc51-b6f7268e7e76,HOME,59.70758077837259,3.9,175.0,119.0,L,0.17,24.18,7.0,PASS,0.938,PASS,696147,"Bachman, Sam",SB,2B,high,
7f67060d-c3aa-394b-82e1-d5cd7a5e954e,HOME,59.65883103160725,3.9,175.0,115.0,R,0.14,26.93,8.0,PASS,1.006,PASS,594580,"Moll, Sam",SB,2B,high,
06e0a7a8-ca28-3c93-8301-29b2b8ee0a8d,HOME,59.71755806795268,3.9,176.0,124.0,R,0.09,8.47,6.0,PASS,0.871,PASS,663947,"Holton, Tyler",CS,2B,high,
73c5744d-3302-31c5-9e22-32d9fb613883,AWAY,59.71408894214501,8.2,178.0,117.0,L,0.14,14.75,9.0,PASS,1.022,cut_in_window,693821,"Elder, Bryce",SB,2B,high,
6149b2e8-3dc6-3d47-95b2-ff27c6abf4de,HOME,59.726277427898076,3.9,179.0,119.0,L,0.13,25.24,9.0,PASS,1.005,PASS,696522,"Juenger, Hayden",SB,2B,high,
f8217011-a6bb-39d5-973d-225117367118,HOME,59.697296977408236,3.9,178.0,122.0,L,0.24,17.77,9.0,PASS,0.938,PASS,675540,"Curry, Xzavion",CS,2B,high,
eb1f8ff8-a22f-30ef-bcd1-cb8a1edceed8,AWAY,59.77131860696788,7.6,185.0,123.0,L,0.21,21.67,9.0,PASS,1.037,not_cf_view,687064,"Young, Brandon",SB,2B,high,
04651f55-3f47-384e-a194-a62766537ad8,HOME,59.6920237614626,3.8,173.0,120.0,L,0.19,17.54,9.0,PASS,0.888,PASS,820862,"Fermin, José",SB,2B,high,
e130242a-17e8-35c9-a9a0-f4d08578f91d,HOME,59.654038266784795,3.8,175.0,109.0,L,0.1,20.51,6.0,PASS,1.106,PASS,684665,"Murphy, Luke",SB,2B,high,
9508f26b-e086-328b-90d4-2d724a3b297d,HOME,59.70809376382132,3.8,178.0,119.0,L,0.13,4.46,8.0,PASS,0.988,PASS,689296,"Nunez, Anthony",SB,2B,high,
909f07d3-8ced-3d9d-964c-3a6679929b07,HOME,59.71367179977998,3.9,177.0,118.0,L,0.18,24.67,8.0,PASS,0.988,PASS,656302,"Cease, Dylan",SB,2B,high,
bb50dece-e306-3139-8c29-aaaf6030fa51,HOME,59.656338698438056,3.8,179.0,109.0,L,0.15,21.51,9.0,PASS,1.173,PASS,605288,"Houser, Adrian",SB,3B,high,
483163cb-f3e1-304b-8d51-fa2bad73b7b0,AWAY,59.74830082891314,5.0,182.0,131.0,L,0.16,6.86,9.0,not_cf_view,,not_cf_view,607200,"Fedde, Erick",SB,2B,not measured,not_cf_view
7221546d-d7ea-356a-9e8c-8983b2abc671,HOME,59.74270153359661,3.8,174.0,116.0,R,0.21,18.96,8.0,PASS,0.971,PASS,681892,"Funderburk, Kody",SB,2B,high,
4100a825-d422-3608-842e-2b5c5599a779,AWAY,59.71410138088859,8.2,187.0,120.0,R,0.56,26.39,6.0,PASS,1.122,cut_in_window,683352,"Bratt, Mitch",SB,2B,low,release_to_wrist 0.56 outside -0.32
b356769b-633d-3841-a47f-39ce762b6a76,AWAY,59.7425546170117,8.2,172.0,110.0,L,0.2,22.37,9.0,PASS,1.038,cut_in_window,683618,"Henriquez, Edgardo",SB,2B,high,
2685b27a-4a8d-37d5-968c-8013d1b105b6,HOME,59.79344084073202,3.9,178.0,108.0,L,0.18,26.81,8.0,PASS,1.171,PASS,677952,"Ashcraft, Braxton",SB,2B,high,
281d5322-6d0b-3f63-8195-066efae72cd3,AWAY,59.69134511153795,9.9,183.0,,,0.88,,9.0,release_not_at_hand,,release_not_at_hand,668873,"Kilian, Caleb",CS,2B,not measured,release_not_at_hand
53c7eb12-4bdb-3cd5-a349-8174cae1dcdd,HOME,59.71007692686083,3.8,153.0,123.0,L,0.03,6.42,7.0,PASS,0.502,PASS,571945,"Mikolas, Miles",SB,2B,low,delivery_s 0.502 outside 0.7-1.31
f42bf30f-a8ad-3553-b99f-5e0d13c203a0,AWAY,59.7712581595632,11.3,,,,,,,no_release,,not_cf_view,680742,"Bowlan, Jonathan",SB,2B,not measured,no_release
93eaffb3-8f55-3b13-b932-c13cb7fa9885,HOME,59.7390564824482,3.9,179.0,124.0,R,0.17,24.61,9.0,PASS,0.921,PASS,702273,"Schultz, Noah",SB,2B,high,
83744d21-b3cf-34e4-9344-67cdf2ce6821,HOME,59.66294222489328,4.0,178.0,116.0,R,0.17,22.46,9.0,PASS,1.039,PASS,804267,"Thornton, Zac",SB,3B,high,
3b58be06-c4ed-3e2c-bbd0-c611f8e5c042,AWAY,59.73876555276155,10.7,186.0,116.0,R,0.96,23.4,9.0,release_not_at_hand,,release_not_at_hand,595345,"Okert, Steven",SB,2B,not measured,release_not_at_hand
f1e926f8-379d-3458-aba6-aa5215f7036b,AWAY,59.75277817752261,9.2,,,,,,,no_release,,no_release,670329,"Garcia, Rico",SB,2B,not measured,no_release
77b1573f-5d47-3f6f-b677-f5a1413a7574,AWAY,59.751442130186334,12.4,179.0,120.0,L,0.26,37.51,9.0,cut_in_window,,no_release,592332,"Gausman, Kevin",CS,2B,not measured,cut_in_window
dbc8fd55-6490-3020-bdcb-a50565b4be37,AWAY,,3.7,,,,,,,no_clip,,no_release,663423,"Thornton, Trent",CS,2B,not measured,no_clip
f1019901-6344-3826-8929-3ca72189edcc,AWAY,59.7603631091628,9.399999999999999,,,,,,,no_release,,no_release,573124,"Rogers, Taylor",SB,2B,not measured,no_release
840987b4-9c37-3580-9c17-8557e78cadcb,HOME,59.69426760486351,4.0,177.0,115.0,L,0.13,13.84,9.0,PASS,1.039,PASS,489446,"Yates, Kirby",SB,2B,high,
34980ae0-8e5d-3677-883b-6308f77e3e4c,HOME,59.690179544270215,3.9,178.0,112.0,L,0.28,17.47,9.0,PASS,1.106,PASS,656876,"Rasmussen, Drew",CS,2B,high,
7a6e5819-b803-3fc0-9a86-c5398f1f505b,HOME,59.77517058265213,4.0,180.0,122.0,L,0.17,15.19,9.0,PASS,0.97,PASS,663423,"Thornton, Trent",SB,2B,high,
78fbf958-8f2c-3ab0-a024-8dbb0411081a,AWAY,59.62543912522803,10.3,181.0,118.0,L,0.2,10.66,5.0,PASS,1.057,cut_in_window,663372,"Feltner, Ryan",SB,3B,high,
9060f376-30b8-3e9e-b458-5663100d84d7,AWAY,59.65920811959347,10.5,148.0,,,0.05,,9.0,cut_in_window,,cut_in_window,552640,"Kittredge, Andrew",SB,3B,not measured,cut_in_window
34887097-22d9-3dcc-96df-5e0f3fa38e23,AWAY,59.74886620535776,9.2,,,,,,,no_release,,no_release,662253,"Muñoz, Andrés",CS,2B,not measured,no_release
abaddec9-b021-33d1-b572-44bc268b3864,AWAY,,5.6,,,,,,,no_clip,,release_not_at_hand,700712,"Ureña, Walbert",CS,2B,not measured,no_clip
339eff64-5b43-3cd7-bcc7-c16301798157,AWAY,59.74607916355489,10.1,180.0,124.0,L,0.19,4.03,9.0,PASS,0.937,no_release,694738,"Roupp, Landen",SB,2B,low,lift_peak_in 4.03 outside 4.28-
fcdd6b16-b094-3200-8df9-3cc44871b165,HOME,59.63891348743065,3.9,180.0,125.0,L,0.11,3.23,9.0,PASS,0.922,PASS,694738,"Roupp, Landen",CS,2B,low,lift_peak_in 3.23 outside 4.28-
ffc9fdc1-90c8-3cb9-8954-157fd25802b6,AWAY,59.737597073595246,10.8,175.0,114.0,L,0.13,20.01,6.0,PASS,1.021,cut_in_window,702275,"Ritchie, JR",SB,2B,high,
54f72ba3-92fb-3ee9-9956-c25a30c5e5fb,AWAY,59.79781442212267,7.4,181.0,,,0.14,,9.0,no_set_before_lift,,not_cf_view,669062,"Miller, Erik",SB,2B,not measured,no_set_before_lift
da057c15-6166-379b-8a7c-bacbe88e1bb4,AWAY,59.633863701466105,12.0,206.0,,,0.61,,3.0,release_not_at_hand,,not_cf_view,543037,"Cole, Gerrit",SB,2B,not measured,release_not_at_hand
ae1e0bc3-6603-3fcf-9098-d638c771257c,HOME,59.70515303717299,3.9,179.0,102.0,L,0.15,22.62,9.0,PASS,1.29,PASS,518876,"Kelly, Merrill",SB,3B,high,
85f55bc1-dc34-3c95-8114-51bb3d5b85b3,AWAY,59.75239725685204,11.600000000000001,178.0,139.0,L,0.14,5.18,9.0,cut_in_window,,cut_in_window,695505,"Burns, Chase",CS,2B,not measured,cut_in_window
1766b9be-7ec5-38bd-963f-60fa88696299,AWAY,59.67684868498644,10.2,181.0,,,0.12,,7.0,no_set_before_lift,,no_set_before_lift,518886,"Kimbrel, Craig",SB,2B,not measured,no_set_before_lift
f29da789-87da-3b18-9c74-876c17f50781,AWAY,59.7414903540072,12.9,187.0,122.0,R,0.66,15.08,6.0,release_not_at_hand,,release_not_at_hand,607481,"Bummer, Aaron",SB,2B,not measured,release_not_at_hand
1f9eb623-79eb-3d53-97ca-1855758b0a7f,AWAY,59.65052990456689,10.3,186.0,117.0,R,0.67,15.37,5.0,release_not_at_hand,,release_not_at_hand,607481,"Bummer, Aaron",SB,3B,not measured,release_not_at_hand
b3014b74-a9be-3d17-9282-789c67ea5488,HOME,59.71246652730132,3.9,181.0,104.0,L,0.21,22.06,9.0,PASS,1.29,PASS,642207,"Williams, Devin",CS,2B,high,
c1ceec1f-81f2-3cee-be73-9a5e1753b8f6,AWAY,59.673942742645494,14.2,205.0,,,0.43,,9.0,cut_in_window,,no_set_before_lift,666277,"Soriano, George",SB,2B,not measured,cut_in_window
45d2b39c-ae8b-358e-af15-88eb3e723b46,AWAY,59.685576383611135,7.6000000000000005,175.0,104.0,R,0.09,28.95,9.0,PASS,1.19,not_cf_view,606996,"Hart, Kyle",SB,2B,high,
db93e5bd-0094-3a69-b954-bac4c4597c63,HOME,59.7389115766176,4.0,179.0,115.0,L,0.35,21.22,6.0,PASS,1.071,PASS,607625,"Lugo, Seth",SB,2B,low,release_to_wrist 0.35 outside -0.32
f49713e0-2e20-37df-afef-beacbe386cd7,AWAY,59.64459053687361,10.1,182.0,130.0,L,0.43,3.57,2.0,PASS,0.872,release_not_at_hand,518876,"Kelly, Merrill",SB,2B,low,release_to_wrist 0.43 outside -0.32; ball_pts 2.0 outside 5-; lift_peak_in 3.57 outside 4.28-
ae8be2da-2d75-34c7-a0af-fdae823a6919,HOME,59.74290915244539,3.9,178.0,111.0,L,0.16,21.31,9.0,PASS,1.121,PASS,642207,"Williams, Devin",SB,2B,high,
b40a6407-055b-3974-96ad-a090677202e9,HOME,59.7130355143991,5.7,179.0,122.0,L,0.2,20.39,9.0,PASS,0.955,PASS,623211,"Brazobán, Huascar",SB,2B,high,
05b3c652-0289-38ba-94bc-7cc07829f0b2,AWAY,59.69545078234449,9.0,,,,,,,no_release,,no_release,670280,"Bednar, David",SB,2B,not measured,no_release
feef3b5a-c193-3be2-94f4-7e3acdf46e3c,HOME,59.6860195218258,3.9,177.0,115.0,L,0.16,17.83,9.0,PASS,1.039,PASS,664299,"Javier, Cristian",SB,2B,high,
80965347-25a0-39b6-bbbf-472c8a6ae370,HOME,59.67419516247107,3.9,182.0,114.0,R,0.12,7.17,9.0,PASS,1.14,PASS,677865,"Bruihl, Justin",CS,2B,high,
bf7335ff-a760-3878-b3e8-cbfa437ce5ec,HOME,59.74104809635558,5.7,176.0,121.0,L,0.26,11.34,6.0,PASS,0.921,PASS,547179,"Lorenzen, Michael",SB,2B,high,
4cf0df38-85e3-3081-bd51-b6679088d7af,AWAY,59.756350594302994,9.8,178.0,,,0.6,,5.0,cut_in_window,,no_release,547179,"Lorenzen, Michael",SB,2B,not measured,cut_in_window
4374de05-8621-3f48-bcea-fa580e3bad87,HOME,59.71618175419561,5.6,197.0,138.0,L,0.13,17.81,9.0,PASS,0.988,PASS,668831,"Stallings, Garrett",SB,2B,high,
f0ab9f23-c448-3b2b-9039-5042ac1809eb,AWAY,59.6633861251206,7.4,177.0,,,0.31,,9.0,no_set_before_lift,,not_cf_view,665645,"Castro, Kervin",CS,2B,not measured,no_set_before_lift
725ef3e1-db74-3027-8f45-392b2cddc993,HOME,59.73097544915812,3.9,196.0,137.0,L,0.14,19.9,9.0,PASS,0.988,PASS,683618,"Henriquez, Edgardo",CS,2B,high,
7fbbc034-06e3-36cb-8df3-4d7dd429375b,AWAY,,3.5,,,,,,,no_clip,,no_release,615698,"Quantrill, Cal",SB,2B,not measured,no_clip
2a22c852-4e4b-3a63-bbf7-28a0ef508998,HOME,59.657673423048834,5.6,176.0,127.0,L,0.22,7.87,8.0,PASS,0.821,PASS,547179,"Lorenzen, Michael",SB,2B,high,
9bc6d82e-8067-3af5-adaf-f4bd136c40e9,HOME,59.730877977291904,3.8,178.0,119.0,L,0.14,15.98,9.0,PASS,0.988,PASS,693645,"Schlittler, Cam",SB,2B,high,
783e5e84-f5ba-3fbd-96c0-8c14076676be,HOME,59.785788437245074,5.9,239.0,181.0,L,0.17,13.61,7.0,PASS,0.97,PASS,687239,"Peoples, Ben",SB,2B,high,
9de33d1f-3247-3e82-a0f1-092ccbd02780,AWAY,59.68441238505424,8.9,,,,,,,no_release,,no_release,642546,"Hernández, Jonathan",SB,2B,not measured,no_release
8181ae22-3b7b-318f-b7e2-518439243c19,AWAY,,3.5,,,,,,,no_clip,,no_release,657277,"Webb, Logan",SB,2B,not measured,no_clip
6118f4a9-31b9-35cf-bdee-3d75d713fa70,HOME,59.7239136300326,3.8,179.0,122.0,L,0.24,20.67,9.0,PASS,0.954,PASS,677976,"Dobnak, Randy",SB,2B,high,
9be18024-7457-3763-9e5e-27e6826255a1,HOME,59.75953051195191,3.9,174.0,110.0,L,0.36,21.01,4.0,PASS,1.071,PASS,676106,"Hancock, Emerson",SB,2B,low,release_to_wrist 0.36 outside -0.32; ball_pts 4.0 outside 5-
0eb83794-31c0-3aa4-b6d2-2b3fb4f16737,AWAY,59.72037704814323,10.3,183.0,129.0,R,0.19,11.58,9.0,PASS,0.904,cut_in_window,669373,"Skubal, Tarik",SB,2B,high,
3bc57c86-8820-30d9-ad3c-2b731de85da5,AWAY,59.656164998547546,7.4,188.0,116.0,R,0.67,25.9,5.0,release_not_at_hand,,not_cf_view,594580,"Moll, Sam",SB,2B,not measured,release_not_at_hand
48ecb5ae-94e4-3db5-b73f-30b5c1b2ad11,HOME,59.69996938463108,3.8,170.0,106.0,R,0.13,18.02,9.0,PASS,1.072,PASS,593958,"Rodriguez, Eduardo",SB,2B,high,
209eb6fd-61ad-3c33-972b-c4e768f139ea,AWAY,59.66968043571144,12.6,214.0,,,0.55,,3.0,no_set_before_lift,,no_release,623465,"Phillips, Evan",SB,2B,not measured,no_set_before_lift
97104837-e846-3024-9b70-66676a81a2ab,HOME,59.7130142584688,3.8,181.0,118.0,R,0.09,24.78,5.0,PASS,1.055,PASS,676282,"Cantillo, Joey",SB,2B,high,
13bd2ddd-2d3c-387d-9fff-1021b4797ed4,HOME,59.7106330858149,3.8,175.0,136.0,L,0.12,4.86,9.0,PASS,0.653,PASS,657044,"Thompson, Ryan",SB,2B,low,delivery_s 0.653 outside 0.7-1.31
9a101d10-22a3-3391-9044-51d593ce0d13,AWAY,59.77236450554651,9.0,,,,,,,no_release,,no_release,605447,"Romano, Jordan",SB,2B,not measured,no_release
7375550f-c94c-322c-a8ea-258d019051a4,AWAY,59.66780367824934,10.1,178.0,123.0,L,0.16,8.42,8.0,PASS,0.922,not_cf_view,680570,"Rodriguez, Grayson",SB,2B,high,
14da8f94-833e-3d31-a28d-0b3426424fc5,HOME,59.680640238115124,3.9,181.0,125.0,L,0.09,19.19,9.0,PASS,0.938,PASS,677976,"Dobnak, Randy",SB,2B,high,
aaf0f226-a220-3c4e-ac29-ec6264445d4e,HOME,59.78315938798257,3.8,181.0,122.0,L,0.17,15.87,8.0,PASS,0.987,PASS,657746,"Ryan, Joe",SB,2B,high,
a82e2314-2203-3724-8e67-321c65f54273,AWAY,59.669017419462186,10.8,177.0,,,0.13,,7.0,cut_in_window,,not_cf_view,628452,"Iglesias, Raisel",CS,3B,not measured,cut_in_window
a62583ea-a2ba-321c-8a9d-76c4bf3025d5,HOME,59.72587355471043,3.9,180.0,116.0,L,0.11,9.24,8.0,PASS,1.072,PASS,641793,"Littell, Zack",SB,2B,high,
917ffdf1-768f-3052-a4fe-dac01c707dd5,AWAY,59.64342212151011,10.2,181.0,,,0.13,,7.0,no_set_before_lift,,no_set_before_lift,681217,"Silseth, Chase",SB,2B,not measured,no_set_before_lift
3b6a6c81-fee0-3abb-9aa5-32a9954b9f90,HOME,59.68127508843637,3.9,181.0,121.0,L,0.13,19.48,9.0,PASS,1.005,PASS,663436,"Martin, Davis",SB,2B,high,
b4d6f6c7-eff0-30d9-a47a-eaadb5ab9c22,AWAY,59.62075876935034,10.1,186.0,,,0.85,,6.0,release_not_at_hand,,release_not_at_hand,663554,"Mize, Casey",SB,2B,not measured,release_not_at_hand
fce19819-c971-3f96-9227-a59d1e47ec09,HOME,59.750733996761745,3.9,173.0,115.0,R,0.17,28.01,9.0,PASS,0.971,PASS,683352,"Bratt, Mitch",SB,2B,high,
9cd99e3d-a7ff-33a9-bb87-e81287cc282b,AWAY,59.582258467171506,9.1,,,,,,,no_release,,no_release,656786,"Mushinski, Parker",SB,2B,not measured,no_release
d2f665b1-edbe-3d5a-ae68-f21441b130c0,HOME,59.76291726426367,3.8,180.0,111.0,L,0.27,26.79,8.0,PASS,1.155,PASS,690925,"Beeter, Clayton",SB,3B,high,
7f4fcb71-b2b1-3119-bbfc-ccf62730f866,AWAY,59.67348335880567,10.1,177.0,105.0,L,0.18,16.04,6.0,cut_in_window,,release_not_at_hand,693313,"Seymour, Carson",CS,2B,not measured,cut_in_window
ac5d4da6-bf44-35b6-a6dc-254a38f34044,AWAY,59.740280319776886,10.1,184.0,121.0,L,0.61,26.76,8.0,release_not_at_hand,,release_not_at_hand,680732,"Burke, Sean",SB,2B,not measured,release_not_at_hand
e4c93a95-bb91-34e7-9e22-831b36b56c97,HOME,59.65769442747978,3.9,176.0,106.0,R,0.17,24.33,9.0,PASS,1.173,PASS,682052,"Lopez, Jacob",SB,2B,high,
bc1969d0-3495-37dd-aab2-f70b3c77d23e,AWAY,59.7013596417028,10.7,182.0,120.0,L,0.19,17.54,9.0,PASS,1.039,cut_in_window,670329,"Garcia, Rico",SB,2B,high,
b1925ce4-2c15-3e8b-aff7-8a4dee4251d9,HOME,59.603759709979975,3.8,180.0,114.0,L,0.15,21.2,9.0,PASS,1.107,PASS,592791,"Taillon, Jameson",SB,2B,high,
2c11bfdb-38a3-3f2c-a4fb-1bdf8de57509,HOME,59.685094315811355,3.9,177.0,118.0,R,0.13,16.64,6.0,PASS,0.989,PASS,682052,"Lopez, Jacob",SB,2B,high,
1225d13d-a105-3ca0-90f0-89449efc7577,AWAY,,3.9,,,,,,,no_clip,,not_cf_view,669199,"Bachar, Lake",SB,2B,not measured,no_clip
4948b45f-e142-3c0a-aba8-2aff6c8fd456,AWAY,59.64467494037459,10.2,183.0,126.0,L,0.17,13.26,7.0,PASS,0.956,release_not_at_hand,691725,"Painter, Andrew",SB,2B,high,
bdd87734-4f88-3cae-a8f2-043fae0d7d38,AWAY,59.71941354903943,10.1,195.0,116.0,L,0.94,25.87,9.0,release_not_at_hand,,release_not_at_hand,690925,"Beeter, Clayton",CS,2B,not measured,release_not_at_hand
165a2fbd-80f5-3a35-9fde-014d202d4205,HOME,59.739921877092236,3.9,177.0,116.0,R,0.17,19.55,8.0,PASS,1.021,PASS,669684,"Murphy, Chris",CS,2B,high,
5fda3331-885d-3e44-bc13-62f4b527c61f,AWAY,59.76799280334964,13.4,247.0,,,2.19,,7.0,not_cf_view,,no_release,623211,"Brazobán, Huascar",SB,2B,not measured,not_cf_view
3ddaa8d2-196e-31b2-9abe-5c7fd938ed90,HOME,59.75109066264281,3.8,178.0,112.0,R,0.18,23.24,9.0,PASS,1.105,PASS,669684,"Murphy, Chris",SB,2B,high,
b5854299-a93d-3662-9740-718b8b45d9eb,AWAY,59.75757334683718,8.9,,,,,,,no_release,,no_release,607259,"Martinez, Nick",SB,2B,not measured,no_release
3ed80a46-bc9d-316a-9f8f-8b76d9b0ff7c,HOME,59.72782336708063,3.9,193.0,159.0,L,0.54,3.03,8.0,PASS,0.569,PASS,643511,"Rogers, Tyler",CS,2B,low,release_to_wrist 0.54 outside -0.32; lift_peak_in 3.03 outside 4.28-; delivery_s 0.569 outside 0.7-1.31
4579d70a-da28-363d-8a99-eae5dee54f75,HOME,59.67119640748797,5.5,183.0,132.0,L,0.15,10.41,9.0,PASS,0.855,PASS,690829,"Joyce, Ben",CS,2B,high,
ac964858-6dd6-30f1-a62b-548996f88834,AWAY,59.739333270035644,11.4,180.0,116.0,L,0.11,15.44,9.0,PASS,1.071,cut_in_window,691587,"Pérez, Eury",SB,2B,high,
b4c03f43-046f-3e9a-a536-65016bc9bfdf,HOME,59.74909708867473,3.8,176.0,130.0,L,0.23,5.46,9.0,PASS,0.77,PASS,667297,"Nance, Tommy",CS,2B,high,
ecfa24e8-d0ee-3943-b8bd-f9782a9b5622,HOME,59.75546644280347,3.9,184.0,119.0,R,0.14,20.14,9.0,PASS,1.088,PASS,681895,"Sisk, Evan",SB,2B,high,
bcdac01a-83cd-346a-a8d3-7368158ffd90,AWAY,,3.8,,,,,,,no_clip,,not_cf_view,694973,"Skenes, Paul",SB,2B,not measured,no_clip
ed5862d2-6061-3726-8a66-f2e2eea20811,AWAY,59.673453601127164,10.7,177.0,133.0,L,0.13,25.23,9.0,cut_in_window,,no_set_before_lift,678394,"Bello, Brayan",SB,3B,not measured,cut_in_window
22d53e33-8ad0-3b6a-adbf-3835836727ad,HOME,59.67567269924012,3.9,181.0,123.0,L,0.15,20.44,9.0,PASS,0.972,PASS,656302,"Cease, Dylan",SB,2B,high,
51b46a74-493f-381e-a423-12110b258d8a,HOME,59.68257432516091,3.8,176.0,114.0,L,0.16,20.79,6.0,PASS,1.039,PASS,686930,"Barnett, Mason",CS,2B,high,
d4ceccf6-9c4d-3bf0-951f-51097c6fec3f,HOME,59.663482946500494,3.9,181.0,118.0,R,0.15,29.21,9.0,PASS,1.056,PASS,663542,"Hudson, Bryan",CS,2B,high,
7d3f2145-1806-3eb1-ac01-5c074692159d,AWAY,59.68288020755587,14.4,178.0,116.0,L,0.15,19.28,9.0,PASS,1.039,cut_in_window,623211,"Brazobán, Huascar",CS,2B,high,
3d84cb09-90cb-3180-9e96-1eb2413f5989,AWAY,59.68963962997145,7.4,179.0,135.0,L,0.11,2.44,9.0,PASS,0.737,not_cf_view,696270,"Johnson, Ryan",CS,2B,low,lift_peak_in 2.44 outside 4.28-
7452f6c0-d37b-3972-86d3-d1b132d8c16b,AWAY,59.75571789981472,10.0,181.0,,,0.19,,5.0,cut_in_window,,no_set_before_lift,670950,"Richards, Trevor",SB,2B,not measured,cut_in_window
2ded991f-9e0a-368d-a0d5-ee407c578131,HOME,59.71207921078726,5.6,176.0,113.0,L,0.36,23.38,9.0,PASS,1.055,PASS,690997,"McLean, Nolan",SB,2B,low,release_to_wrist 0.36 outside -0.32
f9267cff-ba75-3fca-8b52-f2552aa1e429,HOME,59.799642212928646,3.9,178.0,112.0,R,0.16,26.86,7.0,PASS,1.104,PASS,663893,"Little, Brendon",SB,3B,high,
e7113f6f-b0d2-39d3-a81a-133f57ef0a4e,AWAY,59.675681977433996,7.6,178.0,118.0,L,0.19,21.04,9.0,PASS,1.005,not_cf_view,684974,"Yoho, Craig",SB,2B,high,
b186e6ae-46d2-33cb-8bd9-8e8a1272d846,HOME,59.67899229534885,3.8,179.0,128.0,L,0.08,19.27,9.0,PASS,0.855,PASS,669711,"Weissert, Greg",SB,2B,high,
355cdab5-54be-3df3-8e32-4d03f8c7a734,AWAY,59.660156498805144,12.3,,,,,,,no_release,,not_cf_view,677952,"Ashcraft, Braxton",SB,2B,not measured,no_release
c7f8156f-4df5-3209-adeb-384a60f5cad7,AWAY,59.68488289567069,10.3,185.0,114.0,L,0.96,18.32,9.0,release_not_at_hand,,release_not_at_hand,686930,"Barnett, Mason",SB,2B,not measured,release_not_at_hand
8b58a0da-006e-324b-9162-34d0a27645f3,HOME,59.68379207483466,3.9,180.0,138.0,L,0.16,5.42,8.0,PASS,0.704,PASS,666808,"Doval, Camilo",CS,2B,high,
92561d99-c738-38cc-af82-0eb43306ba3a,HOME,59.79058422242494,5.5,180.0,128.0,L,0.22,14.07,7.0,PASS,0.87,PASS,676604,"Zuber, Tyler",SB,2B,high,
03752fff-ebc4-3917-b549-53051b00913a,AWAY,59.668508287292816,10.3,180.0,124.0,L,0.17,13.75,9.0,PASS,0.939,cut_in_window,670062,"Garcia, Julian",CS,2B,high,
1d6c641a-21a2-3c36-a16c-43d5554ce1b7,HOME,59.64770808658619,3.9,176.0,112.0,R,0.12,19.87,9.0,PASS,1.073,PASS,663893,"Little, Brendon",SB,2B,high,
f8875f8b-ba2a-38ed-9d2a-6f27b26a122b,HOME,59.755442572498985,3.9,180.0,118.0,L,0.15,15.27,9.0,PASS,1.038,PASS,554430,"Wheeler, Zack",SB,2B,high,
06a4c65d-3af9-39cb-9fa7-d73c2e366972,AWAY,59.64103153332496,10.0,176.0,129.0,R,0.13,5.63,9.0,not_cf_view,,cut_in_window,681895,"Sisk, Evan",SB,2B,not measured,not_cf_view
ad0626b5-f78d-363f-89a6-a633554bf0bf,AWAY,59.71638574419167,11.0,,,,,,,no_release,,not_cf_view,663767,"Shugart, Chase",SB,2B,not measured,no_release
0231367b-20f2-39f1-bc22-32a58626524f,HOME,59.70502609782894,3.9,178.0,126.0,L,0.18,8.03,9.0,PASS,0.871,PASS,669854,"Blanco, Ronel",CS,3B,high,
8099cd63-04dc-396e-802a-140cb04b5c85,HOME,59.689717503348604,3.8,177.0,131.0,L,0.14,18.42,9.0,PASS,0.771,PASS,669387,"Mlodzinski, Carmen",SB,2B,high,
5e901e2f-c180-3484-9003-be7953e5fc32,HOME,59.75056773210442,3.9,177.0,119.0,L,0.19,12.71,9.0,PASS,0.971,PASS,622554,"Domínguez, Seranthony",SB,2B,high,
c4a819b2-baff-32e4-b40c-b3e2555f9b55,HOME,59.689292636607476,3.8,170.0,103.0,L,0.22,41.94,9.0,PASS,1.122,PASS,621242,"Díaz, Edwin",SB,2B,high,
a693492c-183d-3169-810f-360af5ae48b9,AWAY,,5.5,,,,,,,no_clip,,cut_in_window,656876,"Rasmussen, Drew",CS,2B,not measured,no_clip
0a89afec-f67e-39b8-ac2e-5c3461d837f7,AWAY,,3.5,,,,,,,no_clip,,no_release,656876,"Rasmussen, Drew",SB,2B,not measured,no_clip
23c9fcaa-774f-36a4-a97f-49890cd9f027,AWAY,59.65184610267214,10.4,173.0,123.0,L,0.14,11.55,9.0,PASS,0.838,cut_in_window,808963,"Sasaki, Roki",SB,2B,high,
602543f3-12b3-3934-8160-97e509964859,HOME,59.64077027847297,3.8,179.0,119.0,R,0.1,24.3,6.0,PASS,1.006,PASS,657514,"Bernardino, Brennan",SB,3B,high,
e901d8a2-2df4-3030-9f57-2897ab81f021,AWAY,59.6929874752155,10.2,178.0,,,0.35,,9.0,no_set_before_lift,,no_set_before_lift,670990,"Ramírez, Yohan",SB,2B,not measured,no_set_before_lift
a23f0d63-9b3a-3213-a693-e4ff605ab750,HOME,59.738043526439434,3.8,172.0,112.0,L,0.1,14.41,9.0,PASS,1.004,PASS,518876,"Kelly, Merrill",CS,2B,high,
a34857bb-05db-32ac-a7e6-39dc16428962,AWAY,59.62518872779694,3.0,,,,,,,not_cf_view,,not_cf_view,657514,"Bernardino, Brennan",SB,2B,not measured,not_cf_view
e6814209-f7f2-3bbb-9b70-d5c5a8e9d5d6,AWAY,59.737837628729544,7.4,179.0,123.0,L,0.2,18.59,9.0,PASS,0.937,not_cf_view,676917,"Cavalli, Cade",SB,2B,high,
3dc51405-f08b-3c23-bd95-ccd91d89e0a9,HOME,59.792548201836965,3.8,180.0,114.0,R,0.2,26.27,9.0,PASS,1.104,PASS,675660,"Drohan, Shane",SB,2B,high,
f43aa644-1efe-3b0d-a58c-d5d4abed4116,AWAY,59.659743608736534,6.3,,,,,,,no_release,,no_release,669923,"Kirby, George",SB,2B,not measured,no_release
cb4c62ff-a937-34cf-b6b5-b2ac4b99d0a6,HOME,59.67857329820092,3.8,182.0,121.0,L,0.25,15.89,2.0,PASS,1.022,PASS,676760,"Marinaccio, Ron",SB,2B,low,ball_pts 2.0 outside 5-
93d39052-53db-3b4c-98ba-8ea1195c4aff,AWAY,59.67220953547613,8.0,,,,,,,no_release,,no_release,669923,"Kirby, George",SB,3B,not measured,no_release
55f1ea8c-e385-387c-855f-fdb33c37c69a,HOME,59.77512186910622,3.8,179.0,121.0,R,0.27,21.1,8.0,PASS,0.97,PASS,688107,"Gasser, Robert",CS,3B,high,
9a00920d-7c5a-3a47-a10a-2c5da6d6d585,HOME,59.69074719452255,3.9,180.0,124.0,L,0.12,5.56,9.0,PASS,0.938,PASS,656546,"Hoffman, Jeff",SB,2B,high,
559b763a-35ed-3e66-a464-7b4d4da86e7a,AWAY,59.747710678551165,10.1,180.0,,,0.31,,9.0,no_set_before_lift,,no_set_before_lift,686973,"Varland, Louis",SB,2B,not measured,no_set_before_lift
6abf9c4e-1654-38e3-bb89-402350ccc7f0,AWAY,59.765664569428345,7.5,201.0,157.0,L,0.33,6.95,9.0,PASS,0.736,not_cf_view,696149,"Chandler, Bubba",CS,2B,low,release_to_wrist 0.33 outside -0.32
3b513aef-738a-3af9-9c2b-bbc7063a9d2c,AWAY,59.67871886831466,9.1,,,,,,,no_release,,no_release,669461,"Liberatore, Matthew",SB,3B,not measured,no_release
bc747613-9d18-3241-af8b-f5e0e3af6684,AWAY,59.69151901700984,8.7,180.0,138.0,L,0.11,5.89,9.0,cut_in_window,,not_cf_view,657265,"Strzelecki, Peter",SB,2B,not measured,cut_in_window
7ecc7ff5-6da6-3fb9-9755-dc24d161cd86,HOME,59.656932864739176,3.9,177.0,121.0,L,0.21,14.82,9.0,PASS,0.939,PASS,607067,"Rea, Colin",SB,2B,high,
a3342815-dfc9-3242-a203-952ee3072442,HOME,59.63428737519229,3.8,180.0,120.0,R,0.09,23.65,9.0,PASS,1.006,PASS,519242,"Sale, Chris",SB,2B,high,
2769bed5-02a6-3faa-b80b-96ecbab3a41e,HOME,59.739145467700524,3.9,179.0,119.0,L,0.26,16.53,9.0,PASS,1.004,PASS,675540,"Curry, Xzavion",SB,2B,high,
68d9c205-cd53-3e18-887c-c09b7996e3a0,HOME,59.781773474719536,3.9,177.0,112.0,R,0.12,23.58,8.0,PASS,1.087,PASS,669461,"Liberatore, Matthew",SB,3B,high,
f1a94ed7-f356-39fe-9cbe-c58bc6b9227f,HOME,59.68147527242247,3.9,178.0,126.0,R,0.18,5.85,9.0,PASS,0.871,PASS,641743,"Kay, Anthony",CS,2B,high,
a648bfc7-126a-322b-8d40-f80b73cfe731,HOME,59.761617547781626,3.9,177.0,120.0,L,0.16,20.28,8.0,PASS,0.954,PASS,663567,"Lambert, Peter",CS,2B,high,
cf6f50ab-2e7f-333e-996a-f4662b50b128,AWAY,,5.6,,,,,,,no_clip,,release_not_at_hand,670036,"Festa, Matt",SB,2B,not measured,no_clip
e9311813-5f60-3535-87de-6be6877801a6,AWAY,59.67434039268253,10.7,190.0,125.0,R,0.72,20.89,7.0,release_not_at_hand,,release_not_at_hand,688107,"Gasser, Robert",SB,2B,not measured,release_not_at_hand
8eb31ea6-f91d-3071-9793-cbd4f32ff6a0,HOME,59.711949001263136,3.9,178.0,98.0,L,0.15,24.55,9.0,PASS,1.34,PASS,605447,"Romano, Jordan",SB,2B,low,delivery_s 1.34 outside 0.7-1.31
cb6b1f7d-b67c-352d-acb9-9e48006b81bb,AWAY,59.66836177197846,9.1,208.0,,,0.13,,6.0,no_set_before_lift,,no_release,682989,"Mederos, Victor",SB,3B,not measured,no_set_before_lift
3ce71489-a11a-3724-a7c1-a7967431bcfb,AWAY,59.69227726640724,13.4,184.0,130.0,R,0.8,10.12,9.0,release_not_at_hand,,release_not_at_hand,681892,"Funderburk, Kody",SB,2B,not measured,release_not_at_hand
3cfc8148-e005-38bf-aa9f-bb3705b910e5,HOME,59.68654131101697,3.8,177.0,115.0,L,0.11,14.18,9.0,PASS,1.039,PASS,686580,"Slaten, Justin",SB,2B,high,
08984c2b-fa14-3100-b4c2-4614eabfac3c,AWAY,59.7370044977702,7.8,177.0,117.0,L,0.23,25.97,9.0,PASS,1.004,not_cf_view,700712,"Ureña, Walbert",CS,2B,high,
cfaa88a5-c877-3b5b-94dc-5ee698dc0180,AWAY,59.67881519538547,15.2,182.0,108.0,L,0.2,29.79,5.0,PASS,1.24,cut_in_window,686580,"Slaten, Justin",SB,3B,high,
bdae97d2-8e26-3cb8-8efb-d2bf3ccdc64d,HOME,59.69861721189725,3.9,180.0,120.0,L,0.13,18.61,9.0,PASS,1.005,PASS,694297,"Pfaadt, Brandon",SB,2B,high,
ecc2984d-ea15-39b3-bfab-117351c3b3e9,HOME,59.695945553581176,4.0,178.0,115.0,L,0.35,18.09,9.0,PASS,1.055,PASS,605400,"Nola, Aaron",CS,2B,low,release_to_wrist 0.35 outside -0.32
8d954cc5-05ea-3fac-9714-9095370b7335,AWAY,59.780173436305645,6.7,,,,,,,not_cf_view,,cut_in_window,476594,"Stock, Robert",SB,2B,not measured,not_cf_view
e0d7ce37-4682-3edf-94aa-e9ca4bb4618c,HOME,59.70455873195221,3.9,177.0,113.0,R,0.12,21.66,9.0,PASS,1.072,PASS,695611,"Jump, Gage",SB,2B,high,
8e2d28c6-081b-3877-91ef-e1b7c8dba052,HOME,59.710468662743246,3.8,178.0,115.0,R,0.18,22.5,9.0,PASS,1.055,PASS,695611,"Jump, Gage",SB,3B,high,
ccf9d5d1-eafb-35a5-8638-a41c752f56c4,HOME,59.74628290819806,3.9,177.0,124.0,L,0.21,17.41,5.0,PASS,0.887,PASS,476594,"Stock, Robert",CS,2B,high,
0bb27c94-0bb5-3f5c-9fdb-6db216db02db,HOME,59.66237929632574,3.9,173.0,118.0,L,0.19,19.63,9.0,PASS,0.922,PASS,669330,"Wells, Tyler",SB,3B,high,
abbfeaf3-b41d-3475-8098-67c816fdf1c5,HOME,59.647575242055744,3.8,173.0,110.0,R,0.21,21.91,8.0,PASS,1.056,PASS,669461,"Liberatore, Matthew",SB,2B,high,
a244236b-7ecf-3a25-a0e2-aa5fa767c543,AWAY,59.67284059955287,9.7,,,,,,,no_release,,no_release,676477,"Whitlock, Garrett",SB,2B,not measured,no_release
184c4207-8c21-32cf-8572-c4457e9ba021,HOME,59.686127105354515,5.5,190.0,137.0,L,0.21,12.07,7.0,PASS,0.888,PASS,621112,"Blackburn, Paul",CS,2B,high,
239770b6-7cf0-336e-a108-0d791134e702,AWAY,59.684154658067875,10.7,176.0,118.0,R,0.18,43.71,9.0,PASS,0.972,cut_in_window,687570,"Prielipp, Connor",CS,2B,high,
dc6c52cf-3984-33a3-ac58-4a2c6b462831,HOME,59.7057201210513,3.8,175.0,118.0,R,0.21,46.42,9.0,PASS,0.955,PASS,687570,"Prielipp, Connor",CS,3B,high,
1ee98789-c272-3b10-bfff-fb21d0726d11,HOME,59.69866388704634,3.8,180.0,118.0,R,0.1,15.24,9.0,PASS,1.039,PASS,682120,"Herrin, Tim",CS,2B,high,
d5435774-63a8-3c25-90a4-95f893f59b87,HOME,59.66303942506526,3.8,177.0,103.0,R,0.14,23.83,9.0,PASS,1.24,PASS,656756,"Montgomery, Jordan",SB,2B,high,
2a723c3c-605c-34e5-8fd3-cdd664358cde,HOME,59.704924992923864,3.8,175.0,109.0,R,0.09,27.5,7.0,PASS,1.105,PASS,663893,"Little, Brendon",SB,3B,high,
66fefa18-8ecd-34da-8b9e-c95946c3abea,AWAY,,3.9,,,,,,,no_clip,,no_set_before_lift,656271,"Burke, Brock",SB,2B,not measured,no_clip
46609a96-1fc2-32f6-8660-d7ff88f10d19,AWAY,59.72672975700221,10.1,,,,,,,no_release,,no_release,663436,"Martin, Davis",SB,2B,not measured,no_release
d80fe644-efce-3577-bee4-dcb5544dd9db,AWAY,59.67100926310495,13.0,177.0,113.0,R,0.11,26.96,8.0,PASS,1.073,no_release,676282,"Cantillo, Joey",SB,2B,high,
8cd38e68-12bd-39dc-8c77-e8e89dd23da7,HOME,59.671357055566205,3.8,181.0,126.0,L,0.12,20.53,9.0,PASS,0.922,PASS,677976,"Dobnak, Randy",SB,2B,high,
adfc131e-0441-3c52-b874-4aa1521bf185,HOME,59.64472160718276,3.9,178.0,105.0,R,0.13,24.33,9.0,PASS,1.224,PASS,656756,"Montgomery, Jordan",SB,2B,high,
68bcb016-837c-3eca-83ae-16bfd2e232ca,AWAY,59.832761435186725,10.6,178.0,114.0,L,0.21,29.22,9.0,not_cf_view,,not_cf_view,640448,"Finnegan, Kyle",SB,2B,not measured,not_cf_view
c84be118-57d7-3805-a85a-190e6221ab64,HOME,59.711653854534696,3.8,179.0,119.0,L,0.18,27.12,9.0,PASS,1.005,PASS,622088,"Antone, Tejay",SB,2B,high,
0db191b8-3278-3109-8cb1-5730edaeea77,HOME,59.68609535037949,3.9,175.0,117.0,L,0.16,18.02,9.0,PASS,0.972,PASS,669456,"Bieber, Shane",SB,2B,high,
d29db1b9-ec35-32b2-9a2e-1a1fb3b8512d,HOME,59.740323793787994,3.8,172.0,121.0,L,0.22,18.48,5.0,PASS,0.854,PASS,687312,"Hughes, Gabriel",SB,2B,high,
a034a949-8afb-397d-b346-a730565def6a,HOME,59.656095439061644,3.9,173.0,111.0,R,0.13,28.79,9.0,PASS,1.039,PASS,660761,"Suarez, José",SB,3B,high,
b91838b8-1061-3602-b15e-d76580f85d3d,AWAY,59.79619463661354,8.7,174.0,,,0.16,,9.0,no_set_before_lift,,no_release,663554,"Mize, Casey",CS,2B,not measured,no_set_before_lift
d90ccd69-69b9-37f2-b18c-92826457c2bf,HOME,59.66191581040769,3.7,175.0,112.0,L,0.13,16.29,9.0,PASS,1.056,PASS,663554,"Mize, Casey",SB,2B,high,
7bf132cd-be97-32ec-a02b-f95757a77e8e,HOME,59.660796477886734,3.9,182.0,119.0,L,0.21,26.69,9.0,PASS,1.056,PASS,543243,"Gray, Sonny",SB,3B,high,
6b2b367b-11da-31a1-9e81-380b9daedbb5,AWAY,59.74601477700856,10.1,169.0,114.0,L,0.14,14.07,9.0,PASS,0.921,no_set_before_lift,688642,"Agnos, Zach",SB,2B,high,
53238277-a94b-36f9-9890-aa0882e51bd9,HOME,59.682352381869535,3.8,178.0,112.0,L,0.17,19.33,9.0,PASS,1.106,PASS,695243,"Miller, Mason",CS,2B,high,
f656c060-2f25-3848-b9da-21f41feb0441,AWAY,59.65572663989254,9.9,,,,,,,no_release,,no_release,660604,"Rangel, Alan",SB,2B,not measured,no_release
690e1b20-85f0-3b97-ad22-cc2ac7e550c7,AWAY,59.6191418533084,13.3,174.0,109.0,L,0.31,21.12,9.0,PASS,1.09,cut_in_window,642547,"Peralta, Freddy",SB,2B,high,
33834e96-d4d9-3f37-a76b-2dce758745f6,AWAY,59.69145102473903,11.8,173.0,,,0.12,,8.0,cut_in_window,,cut_in_window,669373,"Skubal, Tarik",SB,2B,not measured,cut_in_window
1fe80106-a3e8-3e86-8891-8bbccb637c0d,AWAY,59.697667494544675,11.1,185.0,119.0,L,0.45,24.47,8.0,PASS,1.106,cut_in_window,543243,"Gray, Sonny",SB,2B,low,release_to_wrist 0.45 outside -0.32
3e6827e1-9883-36c9-b4a9-1210f41fb041,HOME,59.677596306981556,3.8,173.0,110.0,R,0.11,20.02,9.0,PASS,1.056,PASS,676263,"Dreyer, Jack",SB,2B,high,
6964ce81-e4d3-3387-8743-bf7fff232982,AWAY,59.75164560458043,11.2,179.0,143.0,L,0.09,4.96,9.0,cut_in_window,,cut_in_window,643511,"Rogers, Tyler",SB,2B,not measured,cut_in_window
d60e3e1e-5796-3082-9289-ac06bdf6ce43,AWAY,59.70998922438008,12.3,175.0,118.0,L,0.29,9.47,9.0,PASS,0.955,no_release,656638,"Lange, Alex",SB,2B,high,
2a107da5-0ff6-3c60-8839-febbe2482bf3,AWAY,59.66065526362007,7.199999999999999,178.0,110.0,R,0.12,21.92,9.0,PASS,1.14,not_cf_view,664991,"Wolfram, Grant",SB,2B,high,
5cd45c06-4e92-3d13-8f5b-2542fa0cc795,AWAY,59.766531058832086,12.100000000000001,174.0,129.0,L,0.21,6.58,9.0,PASS,0.753,not_cf_view,623474,"Herget, Jimmy",SB,2B,high,
c94a9177-245d-357e-afe2-335a42a29473,HOME,59.694500265062324,3.8,176.0,121.0,L,0.24,5.76,9.0,PASS,0.921,PASS,571945,"Mikolas, Miles",SB,2B,high,
3b1e1e49-9299-31f9-91cd-fe1ac95d4b06,HOME,59.75089766606822,3.8,175.0,103.0,R,0.12,22.85,9.0,PASS,1.205,PASS,605483,"Snell, Blake",SB,2B,high,
35ce4a81-d56f-3f24-a46c-f4204b2cb702,HOME,59.72717437414127,3.9,175.0,104.0,R,0.11,18.09,8.0,PASS,1.189,PASS,656986,"Sousa, Bennett",SB,2B,high,
3f6c3ca3-9816-3ef9-97b0-acc7463e9617,AWAY,59.740444466433104,11.1,178.0,,,0.16,,7.0,no_set_before_lift,,cut_in_window,694973,"Skenes, Paul",SB,2B,not measured,no_set_before_lift
ae929c1d-0e0f-3f5e-803c-fd081af5bf62,AWAY,59.657881933074464,10.299999999999999,192.0,133.0,R,0.79,4.01,9.0,release_not_at_hand,,not_cf_view,657571,"Ferguson, Caleb",SB,2B,not measured,release_not_at_hand
9dbc92c4-8b09-3962-a98c-09cde96269e0,AWAY,59.74322064219802,11.5,184.0,,,0.2,,9.0,cut_in_window,,cut_in_window,656302,"Cease, Dylan",SB,2B,not measured,cut_in_window
db7d338e-288c-3b85-9e3e-bb1607734bcc,AWAY,59.70196081946768,10.9,179.0,121.0,L,0.16,18.65,5.0,PASS,0.971,cut_in_window,666661,"Morillo, Juan",SB,2B,high,
5539dfba-afa7-3020-bebe-991c181dc8cb,AWAY,59.71905366163991,10.5,183.0,129.0,L,0.82,8.76,7.0,release_not_at_hand,,release_not_at_hand,608372,"Sugano, Tomoyuki",SB,2B,not measured,release_not_at_hand
5b50561d-5dad-31e4-92fb-32a83da8aab2,HOME,59.66480617862215,3.8,178.0,116.0,L,0.26,28.85,9.0,PASS,1.039,PASS,667297,"Nance, Tommy",SB,2B,high,
b8c21a86-c5b9-3a76-bc78-5897105ef3de,HOME,59.73814778554005,3.9,174.0,103.0,R,0.13,24.66,9.0,PASS,1.189,PASS,605483,"Snell, Blake",SB,3B,high,
1f2a2fa8-4003-3577-a399-b9e7da39f645,HOME,59.621919435188545,3.9,176.0,116.0,L,0.17,19.18,9.0,PASS,1.006,PASS,623454,"Anderson, Drew",CS,2B,high,
d3367dd9-a872-3c67-bdf6-445a3fb6beb5,HOME,59.71691715085127,3.9,178.0,110.0,L,0.21,24.34,9.0,PASS,1.139,PASS,656302,"Cease, Dylan",SB,2B,high,
8f412cb0-8259-3832-8044-34fd28ba7f3c,HOME,59.760768406599446,3.9,179.0,116.0,L,0.26,22.3,9.0,PASS,1.054,PASS,670990,"Ramírez, Yohan",CS,2B,high,
8026b264-6529-374e-b6b6-9f76709a5800,HOME,59.66447789555898,3.8,181.0,122.0,L,0.21,4.46,8.0,PASS,0.989,PASS,669467,"Pallante, Andre",SB,2B,high,
f56901fd-ca2c-345d-8a59-71a2b11500d8,HOME,59.65912882545812,3.8,179.0,102.0,R,0.12,16.95,9.0,PASS,1.291,PASS,674003,"Bradford, Cody",SB,3B,high,
dc5c2360-d799-3fe1-9d57-b3fd2d7bfb4c,HOME,59.652425202486846,3.9,183.0,119.0,L,0.57,16.16,4.0,PASS,1.073,PASS,686934,"McFarlane, Alex",SB,2B,low,release_to_wrist 0.57 outside -0.32; ball_pts 4.0 outside 5-
5db97d78-d2d1-3df3-953b-ed882187c7a2,HOME,59.70738004733558,3.8,175.0,111.0,L,0.14,10.28,9.0,PASS,1.072,PASS,605447,"Romano, Jordan",SB,2B,high,
7015584e-55f4-3d9a-a323-ab29132dff17,AWAY,59.63479294097426,12.3,179.0,126.0,L,0.12,11.85,9.0,cut_in_window,,cut_in_window,690997,"McLean, Nolan",CS,2B,not measured,cut_in_window
fedeff4a-871d-3774-8b4f-61f290c53224,AWAY,59.70679303494734,10.4,186.0,115.0,L,0.9,19.33,9.0,release_not_at_hand,,release_not_at_hand,693433,"Woo, Bryan",CS,2B,not measured,release_not_at_hand
3da62db2-deb5-32c0-83e8-dcf60367709e,AWAY,59.70195924274776,11.2,178.0,125.0,L,0.15,7.71,4.0,PASS,0.888,cut_in_window,680755,"Fisher, Braydon",CS,2B,low,ball_pts 4.0 outside 5-
5415216f-bf75-34df-a4e9-c5680cf0b191,AWAY,59.80089325113315,11.0,,,,,,,no_release,,no_release,670036,"Festa, Matt",CS,3B,not measured,no_release
1f845e17-f58b-38f7-9195-6465d05dccd8,HOME,59.62193224360258,4.0,197.0,142.0,L,0.22,21.26,7.0,PASS,0.922,PASS,694477,"Patrick, Chad",SB,2B,high,
dd14e6b1-4354-3087-9977-a8166fb89368,AWAY,59.77679543367758,7.9,,,,,,,no_release,,no_release,622608,"Senzatela, Antonio",SB,2B,not measured,no_release
16309bb7-e145-38ee-9e23-6795629c3655,HOME,59.724381476296664,4.0,151.0,83.0,R,0.09,21.53,9.0,PASS,1.139,PASS,670970,"Morejon, Adrian",CS,3B,high,
0b3d63aa-bcf1-3880-88d8-2869a7354bad,HOME,59.655915649735206,3.9,175.0,106.0,R,0.15,28.48,8.0,PASS,1.157,PASS,800600,"Kent, Jackson",SB,2B,high,
889cedf1-bf5d-3698-872f-b65a5c6daf65,HOME,59.63643860023707,3.9,178.0,114.0,R,0.1,27.38,9.0,PASS,1.073,PASS,624133,"Suarez, Ranger",SB,2B,high,
96e93005-f27d-3758-93d2-15e7e61e87e5,HOME,59.71315569283848,3.9,193.0,109.0,R,0.58,19.67,9.0,PASS,1.407,PASS,656849,"Peterson, David",SB,2B,low,release_to_wrist 0.58 outside -0.32; delivery_s 1.407 outside 0.7-1.31
ff3786cd-c96f-37b7-a789-4049d81ca439,HOME,59.697190926111745,3.9,176.0,107.0,R,0.18,28.3,9.0,PASS,1.156,PASS,695239,"Ahlstrom, Robby",SB,3B,high,
1b2d8a62-18fb-38c6-a4c2-aade41e425b2,AWAY,59.650179029753794,8.8,,,,,,,no_release,,no_release,686751,"Johnson, Seth",SB,2B,not measured,no_release
a6d1ff8d-8459-316c-b86c-860009888848,HOME,59.73273170217899,4.1,149.0,85.0,L,0.19,28.36,9.0,PASS,1.071,PASS,656730,"Megill, Trevor",SB,3B,high,
c2a1ae7c-c6ef-3b6d-b9bf-77a63d26aeee,HOME,59.723655917666065,3.8,175.0,118.0,R,0.17,19.13,9.0,PASS,0.954,PASS,595345,"Okert, Steven",SB,2B,high,
4d711b1c-f420-3adc-a75d-1d256a575374,HOME,59.65430517741841,3.9,181.0,112.0,R,0.21,14.0,6.0,PASS,1.157,PASS,621237,"Alvarado, José",SB,2B,high,
3ae918d3-ec00-3a5a-ac8b-0d55e1a25164,HOME,59.74436518835762,5.5,177.0,147.0,L,0.15,2.03,8.0,PASS,0.502,PASS,621016,"Cuas, Jose",CS,2B,low,lift_peak_in 2.03 outside 4.28-; delivery_s 0.502 outside 0.7-1.31
80f2eebb-4403-306e-97b4-5abc9699eba8,AWAY,59.680533614182906,10.1,177.0,112.0,R,0.15,27.91,5.0,PASS,1.089,release_not_at_hand,800600,"Kent, Jackson",SB,2B,high,
42288882-63b0-34c7-b30a-a27bcec4d0ba,HOME,59.74298071836785,6.5,247.0,176.0,L,0.14,19.5,9.0,PASS,1.188,PASS,672629,"Carrillo, Gerardo",SB,3B,high,
dedc8831-de07-3709-9766-2007324c3818,AWAY,59.72488928949328,4.1,,,,,,,not_cf_view,,no_release,656876,"Rasmussen, Drew",SB,2B,not measured,not_cf_view
4608d3e6-9e43-311d-8765-d3d624657a0f,AWAY,,3.9,,,,,,,no_clip,,cut_in_window,642100,"Speier, Gabe",SB,3B,not measured,no_clip
09be99fe-798c-3369-b3ae-69ff0518fe72,AWAY,59.672420995366096,10.3,182.0,,,0.1,,9.0,no_set_before_lift,,no_set_before_lift,594580,"Moll, Sam",SB,2B,not measured,no_set_before_lift
e28d63dd-480c-39f8-bde3-faa7cad62207,AWAY,,6.0,,,,,,,no_clip,,not_cf_view,687239,"Peoples, Ben",SB,2B,not measured,no_clip
056cd80e-a91a-3c9d-9a0a-5551f0e46303,HOME,59.67516687486525,4.3,150.0,82.0,L,0.13,24.83,9.0,PASS,1.14,PASS,695243,"Miller, Mason",SB,2B,high,
baa1dbfa-bb58-3099-8a47-a69cd5eebe68,HOME,59.63785130871951,5.6,216.0,165.0,L,0.13,2.94,6.0,PASS,0.855,PASS,554430,"Wheeler, Zack",SB,2B,low,lift_peak_in 2.94 outside 4.28-
52183244-2501-3adf-8579-646fb0246261,HOME,59.63207246985988,3.8,176.0,105.0,R,0.2,26.17,9.0,PASS,1.191,PASS,641778,"Lauer, Eric",SB,2B,high,
3344deb0-a570-36e6-bc84-1ff0159acac0,AWAY,,3.9,,,,,,,no_clip,,cut_in_window,615698,"Quantrill, Cal",SB,2B,not measured,no_clip
cec67089-1335-32db-9632-5884b6021391,AWAY,59.722479185938944,5.9,,,,,,,no_release,,no_release,656240,"Blewett, Scott",SB,2B,not measured,no_release
18459585-d382-300c-aef2-01ebb1d71aae,HOME,59.78390199819845,3.8,176.0,112.0,L,0.17,25.44,9.0,PASS,1.071,PASS,665871,"Assad, Javier",SB,2B,high,
631fb4b0-a9a8-3a3a-b4c2-2a00b171f570,AWAY,59.74409893036061,9.7,173.0,,,0.15,,9.0,no_set_before_lift,,no_set_before_lift,675660,"Drohan, Shane",SB,2B,not measured,no_set_before_lift
cdbf552b-6f89-3bab-b97c-d730c367dc1a,HOME,59.73573555139498,3.9,178.0,121.0,L,0.28,14.22,8.0,PASS,0.954,PASS,660825,"Bazardo, Eduard",SB,3B,high,
3a3b9018-c0ac-3b2a-862f-71b962d249b5,HOME,59.68877553957663,5.6,178.0,122.0,L,0.18,11.31,6.0,PASS,0.938,PASS,660787,"De los Santos, Yerry",SB,2B,high,
2e4b63d0-882c-370f-b4bd-b90982cd34d1,AWAY,59.74443918599148,8.8,,,,,,,no_release,,no_release,663969,"Phillips, Tyler",SB,2B,not measured,no_release
b6cc26ab-04a1-3569-8b7b-bd8232ed75e8,AWAY,59.650053022269354,9.8,174.0,113.0,L,0.18,15.85,9.0,cut_in_window,,no_set_before_lift,808963,"Sasaki, Roki",CS,2B,not measured,cut_in_window
c064a658-190a-4a28-acb4-42e94c63e94a,AWAY,,1.2,,,,,,,no_clip,,not_cf_view,671737,"Bradley, Taj",SB,2B,not measured,no_clip
adf04ce0-098a-304f-a472-3e139e8710cb,HOME,59.68864170525679,3.9,177.0,114.0,L,0.16,10.54,5.0,PASS,1.055,PASS,680916,"Aleman, Franco",SB,2B,high,
e460ac7b-29e1-31d9-9011-9183de175a70,HOME,59.74634381433983,4.0,181.0,120.0,L,0.24,20.42,8.0,PASS,1.021,PASS,592332,"Gausman, Kevin",SB,2B,high,
c061bb2f-7815-3eed-9fa9-0d6fc1f4cb6b,AWAY,59.787254915700814,10.9,189.0,149.0,L,1.07,5.07,9.0,cut_in_window,,release_not_at_hand,660825,"Bazardo, Eduard",CS,2B,not measured,cut_in_window
315ad597-0ae0-3f53-a3f2-96c91da6950d,HOME,59.66115256508066,3.9,174.0,122.0,L,0.17,17.69,9.0,PASS,0.872,PASS,682608,"Gray, Peyton",SB,2B,high,
b48bb046-ce89-30fc-9a10-4ba0860d6503,HOME,59.779008452794194,4.0,179.0,122.0,L,0.16,22.8,9.0,PASS,0.954,PASS,672456,"Montero, Keider",SB,2B,high,
ee29fd9a-5a98-3e40-a671-724c3de0dfe2,AWAY,59.65169476531102,11.8,174.0,117.0,L,0.18,11.84,9.0,PASS,0.956,cut_in_window,607200,"Fedde, Erick",SB,2B,high,
e4d617e9-b0b8-34d2-994b-f80d519c77f3,AWAY,59.62469694645764,10.399999999999999,181.0,,,0.2,,9.0,no_set_before_lift,,cut_in_window,677952,"Ashcraft, Braxton",CS,2B,not measured,no_set_before_lift
e2a4ce45-b415-3a17-a22d-06a59c46456f,AWAY,59.74621235765688,9.6,182.0,128.0,L,0.25,19.3,9.0,PASS,0.904,no_release,476594,"Stock, Robert",SB,2B,high,
cc6f7f05-c358-3af7-b270-cb86a67ead38,HOME,59.74877064533414,3.8,181.0,115.0,L,0.22,22.66,9.0,PASS,1.105,PASS,666974,"Cano, Yennier",SB,3B,high,
0e3ca84f-618a-3cbb-906b-651d06e4bff7,HOME,59.78431554188856,4.0,188.0,114.0,R,0.56,21.21,9.0,PASS,1.238,PASS,669461,"Liberatore, Matthew",SB,2B,low,release_to_wrist 0.56 outside -0.32
f9209599-794a-32e8-9125-9a493157ba4f,HOME,59.66301040127594,3.9,176.0,103.0,R,0.32,34.96,9.0,PASS,1.224,PASS,663558,"Morán, Jovani",SB,3B,high,
e9805edc-a6f3-3ee6-bbeb-7997110c9d4a,AWAY,59.683716901589534,12.0,180.0,126.0,L,0.16,10.12,9.0,PASS,0.905,no_release,669947,"Scholtens, Jesse",CS,2B,high,
65a2e5e3-11a8-3e74-8bfe-f3875c46543a,HOME,59.77472480587081,3.8,175.0,115.0,R,0.33,23.09,9.0,PASS,1.004,PASS,688107,"Gasser, Robert",SB,2B,low,release_to_wrist 0.33 outside -0.32
49673bd7-e894-396d-978a-c758f311b9e1,HOME,59.71336421175158,3.9,174.0,124.0,L,0.18,3.17,9.0,PASS,0.837,PASS,808967,"Yamamoto, Yoshinobu",CS,2B,low,lift_peak_in 3.17 outside 4.28-
65052663-6f8f-3630-9890-0bcefe487b58,AWAY,59.72974246435815,13.3,175.0,107.0,L,0.24,38.22,6.0,PASS,1.138,cut_in_window,621242,"Díaz, Edwin",SB,2B,high,
91bc6a78-3b96-35f2-98c5-631736971c0c,AWAY,59.72577130613706,8.6,180.0,,,0.16,,9.0,cut_in_window,,not_cf_view,605135,"Bassitt, Chris",SB,2B,not measured,cut_in_window
64a66620-d89c-3486-96da-531110a12c70,AWAY,59.707911641441406,10.399999999999999,182.0,112.0,L,0.13,21.82,9.0,PASS,1.172,not_cf_view,650556,"Abreu, Bryan",SB,2B,high,
f0eb8ed0-4ef6-3aed-ae9c-5f58930c3a3e,HOME,59.63188482468688,3.8,177.0,117.0,L,0.16,23.61,9.0,PASS,1.006,PASS,668909,"Williams, Gavin",SB,2B,high,
2d7a8a0e-3a61-3d3a-8698-f3ad7594cdef,HOME,59.68926675284571,3.9,183.0,116.0,L,0.16,26.92,9.0,PASS,1.122,PASS,669923,"Kirby, George",SB,3B,high,
156fb946-bf21-3d92-b3fd-7cdbfa1311b9,HOME,59.727411209743046,5.6,180.0,129.0,L,0.11,14.01,8.0,PASS,0.854,PASS,800311,"Fuentes, Didier",SB,2B,high,
17bb7125-770e-387f-88e5-1fc346d9f367,HOME,59.71959877548362,4.0,180.0,119.0,L,0.2,21.05,9.0,PASS,1.021,PASS,669923,"Kirby, George",SB,2B,high,
1c2bab1e-7bb5-3da4-a364-264d9ef9eae6,AWAY,59.738139501775414,10.399999999999999,182.0,,,0.77,,3.0,release_not_at_hand,,release_not_at_hand,695505,"Burns, Chase",SB,2B,not measured,release_not_at_hand
1515d4ab-2207-34c8-9acb-db77188b78d5,HOME,59.72122133879053,3.9,175.0,110.0,R,0.18,22.83,9.0,PASS,1.088,PASS,669461,"Liberatore, Matthew",SB,2B,high,
2e45844f-2559-32e3-b10d-a0b3080a0de3,HOME,59.817017316033244,3.8,176.0,115.0,L,0.16,19.58,6.0,PASS,1.02,PASS,605135,"Bassitt, Chris",SB,2B,high,
fb53994e-457d-3fb2-aba3-8779fdb95efb,AWAY,,1.2,,,,,,,no_clip,,not_cf_view,656550,"Holmes, Grant",SB,2B,not measured,no_clip
1a3e8e22-484b-33cc-b110-916f1f9cbe4d,AWAY,59.77387208170516,10.1,191.0,,,1.11,,9.0,release_not_at_hand,,release_not_at_hand,676604,"Zuber, Tyler",SB,2B,not measured,release_not_at_hand
c620ff71-4791-30f3-9c3c-b9d12984a01f,AWAY,59.66419218451545,13.3,185.0,,,0.91,,8.0,cut_in_window,,release_not_at_hand,681190,"Vásquez, Randy",SB,2B,not measured,cut_in_window
7c3209fa-f18f-3f81-952a-06b85d1035b0,HOME,59.68964238511349,3.9,201.0,146.0,L,0.14,7.33,9.0,PASS,0.921,PASS,663432,"Rainey, Tanner",CS,2B,high,
2ea86642-1f47-3776-b854-0bf2335405cf,HOME,59.70924195223261,3.8,181.0,120.0,R,0.09,25.11,9.0,PASS,1.022,PASS,694357,"Tiedemann, Ricky",SB,2B,high,
5c5c1d4a-81c4-3cf6-b2d2-30ad85bc6249,HOME,59.6837422367088,3.9,180.0,130.0,L,0.12,7.75,7.0,PASS,0.838,PASS,663903,"Singer, Brady",CS,2B,high,
3caf69ac-28b1-3195-878e-37a850757fbb,HOME,59.75377411056381,3.8,178.0,107.0,L,0.24,27.86,9.0,PASS,1.188,PASS,693686,"Miles, Spencer",CS,2B,high,
0692bfe1-3b38-3ab0-a203-31fe08203433,HOME,59.751827219101784,3.8,190.0,123.0,R,0.1,24.81,7.0,PASS,1.121,PASS,672282,"Detmers, Reid",SB,2B,high,
ca9cf552-df50-31eb-bcee-4b67df0c728a,HOME,59.69915706831216,3.8,172.0,106.0,R,0.13,18.97,9.0,PASS,1.106,PASS,656641,"Latz, Jacob",CS,2B,high,
5a22cddd-0551-3102-8eae-a7b4f3d5045c,HOME,59.76955188452444,3.9,184.0,134.0,L,0.14,7.32,9.0,PASS,0.837,PASS,669854,"Blanco, Ronel",SB,2B,high,
f8fe2bd7-3343-3f11-b411-0b0a95f8f2e4,HOME,59.697663765460376,3.9,180.0,124.0,L,0.15,7.03,5.0,PASS,0.938,PASS,676760,"Marinaccio, Ron",SB,2B,high,
83b7bbd5-6bdc-3de6-a529-f31edf0aa324,AWAY,59.75714655899673,8.4,194.0,126.0,L,0.31,28.38,2.0,PASS,1.138,no_release,663878,"Pearson, Nate",SB,2B,low,ball_pts 2.0 outside 5-
29ef7ee7-01aa-35e2-878e-f5b2b128a37e,HOME,59.619494116699215,3.8,160.0,109.0,L,0.01,15.15,9.0,PASS,0.855,PASS,695418,"Lord, Brad",SB,2B,high,
d68853c0-be8a-3363-ae3f-1481a4bfe98d,HOME,59.70351775840429,3.8,188.0,116.0,R,0.38,22.68,7.0,PASS,1.206,PASS,676282,"Cantillo, Joey",CS,2B,low,release_to_wrist 0.38 outside -0.32
edf0be9d-1ff6-3add-b1bb-a61b7f7909e0,AWAY,59.719155140897904,11.6,181.0,123.0,L,0.19,17.73,9.0,PASS,0.971,cut_in_window,623149,"Sewald, Paul",SB,2B,high,
68f3bc59-86a3-35fc-a633-022383e79f04,HOME,59.70851754105801,3.9,177.0,114.0,R,0.13,18.94,9.0,PASS,1.055,PASS,682052,"Lopez, Jacob",CS,2B,high,
26ca9c46-6e90-33d4-b08b-8a2372339063,HOME,59.73601135355247,3.9,178.0,113.0,R,0.14,13.1,9.0,PASS,1.088,PASS,674003,"Bradford, Cody",CS,3B,high,
a409df7e-5c01-3775-81e3-30976ba56907,HOME,59.65030760328027,3.9,179.0,114.0,L,0.22,21.41,9.0,PASS,1.09,PASS,656302,"Cease, Dylan",SB,2B,high,
b8815a38-c779-3006-a5ab-f4e111624102,AWAY,59.71068241291297,7.0,,,,,,,no_release,,no_release,691725,"Painter, Andrew",CS,2B,not measured,no_release
eba5ead1-42a4-3daa-9d95-cc4ff3533ff0,HOME,59.63498231562282,3.8,176.0,98.0,L,0.16,24.11,5.0,PASS,1.308,PASS,691587,"Pérez, Eury",CS,2B,high,
83ec40fb-6c34-3db3-a46d-a3bc2f525cf1,AWAY,59.65765360616111,10.3,181.0,113.0,L,0.2,26.12,9.0,PASS,1.14,cut_in_window,656302,"Cease, Dylan",SB,2B,high,
ab4e7506-aed3-3066-8744-96780362d54a,AWAY,59.65419210514052,11.1,182.0,119.0,L,0.19,38.93,7.0,cut_in_window,,cut_in_window,656302,"Cease, Dylan",SB,3B,not measured,cut_in_window
24f7fcea-990e-351a-9425-d7999dda735b,HOME,59.650053022269354,3.8,178.0,113.0,L,0.35,16.07,9.0,PASS,1.09,PASS,647336,"Soroka, Michael",SB,2B,low,release_to_wrist 0.35 outside -0.32
6bfe6c7a-5ec5-388b-ac83-1a040c597a07,AWAY,,5.5,,,,,,,no_clip,,no_set_before_lift,656986,"Sousa, Bennett",SB,2B,not measured,no_clip
00a87953-f519-3473-98e9-9e8d0881375c,HOME,59.650492300667935,3.8,152.0,125.0,L,0.1,7.44,9.0,PASS,0.453,PASS,693821,"Elder, Bryce",SB,2B,low,delivery_s 0.453 outside 0.7-1.31
4f6cfefa-5a73-3e04-8714-c477d3c503cc,AWAY,,5.6,,,,,,,no_clip,,no_set_before_lift,656986,"Sousa, Bennett",CS,3B,not measured,no_clip
34d17099-8280-3e4f-ab00-007d86f5ded8,HOME,59.72130059721301,3.9,177.0,117.0,L,0.14,14.94,6.0,PASS,1.005,PASS,676760,"Marinaccio, Ron",SB,3B,high,
15323c55-af2a-36d3-8768-ad8d22ca3822,AWAY,59.67632964426382,10.5,190.0,121.0,R,0.36,40.78,9.0,PASS,1.156,not_cf_view,670103,"Burgos, Raymond",SB,2B,low,release_to_wrist 0.36 outside -0.32
6632df88-aa66-38a1-a4af-969c7f5753be,AWAY,59.797546602782795,10.5,179.0,123.0,L,0.13,8.74,9.0,PASS,0.936,cut_in_window,676775,"Winn, Keaton",SB,2B,high,
af8645ee-523f-32f5-ae9f-5921e8b48e9c,HOME,59.68394947673641,3.8,180.0,129.0,L,0.22,10.08,9.0,PASS,0.855,PASS,670280,"Bednar, David",SB,2B,high,
1746b1cd-cc2d-364f-ba24-24192821769f,HOME,59.71248672729339,3.8,184.0,120.0,R,0.47,22.44,8.0,PASS,1.072,PASS,666157,"Lodolo, Nick",SB,2B,low,release_to_wrist 0.47 outside -0.32
e4e7fcb0-e441-38b8-b260-1b43004c03ad,HOME,59.678891932215464,3.9,180.0,122.0,L,0.17,7.24,8.0,PASS,0.972,PASS,691587,"Pérez, Eury",CS,2B,high,
949a8d3d-a6ef-3719-8915-ece7daf396fc,AWAY,59.73675236492262,11.4,178.0,128.0,L,0.19,4.04,9.0,PASS,0.837,no_release,676775,"Winn, Keaton",CS,2B,low,lift_peak_in 4.04 outside 4.28-
6f81b7f2-5d60-30f7-bb6a-6af90cb4ea80,HOME,59.70768873856824,3.8,177.0,106.0,L,0.51,24.44,9.0,PASS,1.189,PASS,647336,"Soroka, Michael",SB,3B,low,release_to_wrist 0.51 outside -0.32
ed88ec93-ff00-3ad0-a79d-7afafe683a07,HOME,59.73029675216512,3.8,176.0,113.0,L,0.14,17.37,9.0,PASS,1.055,PASS,663554,"Mize, Casey",CS,2B,high,
34aea78c-735e-3d52-9fae-639cd67ef04c,HOME,59.71223783257281,5.5,179.0,120.0,R,0.17,13.59,8.0,PASS,0.988,PASS,650911,"Sánchez, Cristopher",CS,2B,high,
7a359769-22dc-3438-8e1f-60b0d6d5202d,AWAY,59.76158940397351,12.3,180.0,116.0,L,1.07,5.2,4.0,release_not_at_hand,,release_not_at_hand,669467,"Pallante, Andre",CS,2B,not measured,release_not_at_hand
d80eb74a-d381-3225-bef0-bbe3efc4827b,AWAY,59.747581066309436,3.0,,,,,,,not_cf_view,,not_cf_view,622491,"Castillo, Luis",SB,2B,not measured,not_cf_view
244b063b-890a-39d0-931e-95a050f63bac,AWAY,59.73917347381183,10.3,179.0,119.0,R,0.14,14.05,8.0,PASS,1.004,cut_in_window,656271,"Burke, Brock",SB,3B,high,
27ef3147-e7ee-3d3d-908a-a4738b8b14c7,HOME,59.70041573854464,3.9,179.0,122.0,R,0.13,27.05,9.0,PASS,0.955,PASS,683352,"Bratt, Mitch",SB,3B,high,
232837dd-f678-3803-9e7a-3ef1ac77788f,AWAY,59.670734928248386,7.2,,,,,,,not_cf_view,,no_set_before_lift,663556,"McClanahan, Shane",SB,2B,not measured,not_cf_view
c8ad7556-b458-304d-b43f-03dd1dcec176,AWAY,59.69186727800366,5.6000000000000005,,,,,,,no_release,,not_cf_view,687064,"Young, Brandon",CS,2B,not measured,no_release
894f11e2-c10e-3157-a5f1-3f7734c507af,HOME,59.68696164783353,3.8,182.0,128.0,L,0.19,13.04,8.0,PASS,0.905,PASS,656240,"Blewett, Scott",SB,2B,high,
c8061b2f-75dc-3908-ab4c-8550622e38b1,HOME,59.625030911594365,3.9,181.0,122.0,L,0.16,19.21,5.0,PASS,0.99,PASS,670329,"Garcia, Rico",SB,2B,high,
f848e688-f8f9-3a26-bc5e-c056b8106588,AWAY,59.68799457381868,7.3,,,,,,,no_release,,no_release,686930,"Barnett, Mason",CS,2B,not measured,no_release
1dd98419-bb4e-39f7-8b4e-ef55088aeacf,AWAY,59.66398969101601,9.899999999999999,179.0,111.0,L,0.18,32.29,9.0,not_cf_view,,not_cf_view,682243,"Miller, Bryce",SB,3B,not measured,not_cf_view
273641b4-0d24-3448-a2c8-a5e6e9a1f5e3,HOME,59.67939834947705,3.9,183.0,125.0,L,0.23,13.66,9.0,PASS,0.972,PASS,682243,"Miller, Bryce",SB,2B,high,
c3f56892-8656-3105-bd03-0aebed5984ef,AWAY,59.697545879603226,11.0,180.0,109.0,L,0.92,15.48,6.0,cut_in_window,,cut_in_window,665871,"Assad, Javier",SB,2B,not measured,cut_in_window
34d2788d-64bd-33f6-80b6-70ff241618fd,AWAY,59.60687264243508,10.0,188.0,,,0.6,,6.0,no_set_before_lift,,no_set_before_lift,518876,"Kelly, Merrill",SB,3B,not measured,no_set_before_lift
fc72deed-307c-3f84-8413-7b1686798b31,HOME,59.687685835737724,3.8,176.0,120.0,L,0.16,12.79,9.0,PASS,0.938,PASS,607259,"Martinez, Nick",SB,2B,high,
3d4db0df-219a-3a63-a715-634f61e08d66,HOME,59.619402134690624,3.9,178.0,111.0,R,0.16,22.94,8.0,PASS,1.124,PASS,670970,"Morejon, Adrian",SB,3B,high,
e797f887-7cb6-3082-8f8c-d4181a650f07,HOME,59.759363632729745,4.0,183.0,124.0,L,0.22,24.22,9.0,PASS,0.987,PASS,678022,"Perkins, Jack",CS,2B,high,
61c23123-a780-3dbf-87ec-f3229dcc41a4,AWAY,59.81643033730215,10.5,174.0,114.0,L,0.14,8.89,8.0,PASS,1.003,cut_in_window,663372,"Feltner, Ryan",SB,2B,high,
180d0e2d-3d98-353b-a858-578bb27c460c,HOME,59.71996694984735,3.9,173.0,103.0,R,0.17,29.57,9.0,PASS,1.172,PASS,641778,"Lauer, Eric",SB,2B,high,
b9ddb475-7114-341e-a746-5b6bdffd96e0,HOME,59.711164599148304,3.8,170.0,97.0,R,0.17,28.02,9.0,PASS,1.223,PASS,641778,"Lauer, Eric",SB,2B,high,
b40aa896-c2a5-3477-a02d-735dd867b756,AWAY,59.70772286969777,9.7,191.0,,,0.96,,9.0,release_not_at_hand,,release_not_at_hand,664299,"Javier, Cristian",SB,2B,not measured,release_not_at_hand
31ca8775-f9a9-3c26-b023-5089b99f08eb,HOME,59.669900218666854,3.9,179.0,122.0,L,0.14,11.47,9.0,PASS,0.955,PASS,656848,"Petersen, Michael",CS,2B,high,
dde7f92c-ede2-3d93-94a2-dd8b42d56865,HOME,59.68471998823186,3.9,201.0,144.0,L,0.31,13.42,9.0,PASS,0.955,PASS,664199,"Clarke, Taylor",SB,2B,high,
0c047d86-0a48-339c-b058-96f2681be22d,HOME,59.6781668129246,3.8,179.0,112.0,L,0.16,28.65,9.0,PASS,1.123,PASS,640448,"Finnegan, Kyle",SB,2B,high,
411157c4-2f1b-3fbf-bf82-458e5e31452f,HOME,59.7097933257282,5.6,195.0,157.0,L,0.3,3.37,9.0,PASS,0.636,PASS,643511,"Rogers, Tyler",CS,2B,low,lift_peak_in 3.37 outside 4.28-; delivery_s 0.636 outside 0.7-1.31
4a2674da-e4f4-322f-a4bb-2cd5116aa764,HOME,59.68368387123017,5.4,177.0,121.0,L,0.16,21.02,8.0,PASS,0.938,PASS,641329,"Baker, Bryan",SB,2B,high,
28256127-b3cf-33d1-915a-2cb8a8d9e608,HOME,59.67622307428209,3.8,179.0,108.0,R,0.13,24.66,8.0,PASS,1.19,PASS,677865,"Bruihl, Justin",SB,2B,high,
a9632110-e1a5-3863-9fd3-faf574fc8f2a,AWAY,59.70527306116172,12.100000000000001,180.0,125.0,L,0.15,8.18,8.0,not_cf_view,,not_cf_view,669093,"Estrada, Jeremiah",SB,2B,not measured,not_cf_view
6d31eef1-4b39-30e0-9735-aefcd38e4bdd,AWAY,59.711747497248986,4.1,,,,,,,not_cf_view,,no_release,805123,"Blubaugh, AJ",CS,2B,not measured,not_cf_view
d11299ff-7269-3306-afe6-b0863c8f02f3,HOME,59.65829056901857,3.8,176.0,124.0,L,0.12,6.81,9.0,PASS,0.872,PASS,682825,"Mey, Luis",SB,2B,high,
982eed07-2949-3c53-84b7-8984de2637c9,AWAY,59.692953421522624,9.6,180.0,120.0,R,0.11,43.87,9.0,PASS,1.005,no_set_before_lift,623352,"Hader, Josh",SB,2B,high,
512802a9-4da6-369e-a4a5-0f20cd631d47,HOME,59.66717021289608,3.9,178.0,109.0,R,0.21,36.78,9.0,PASS,1.156,PASS,621345,"Minter, A.J.",SB,2B,high,
332f4044-ac52-322c-a1fa-f01ec4aa68e0,HOME,59.693680726791996,3.8,177.0,117.0,R,0.11,25.17,6.0,PASS,1.005,PASS,594580,"Moll, Sam",SB,2B,high,
b7f539b9-c601-358f-bad6-bb6b8ddeb85b,AWAY,59.784671658787396,8.6,,,,,,,no_release,,no_release,700363,"Smith-Shawver, AJ",SB,2B,not measured,no_release
619c66da-ea3c-38a1-a1b0-e655ebeb2817,HOME,59.77318851309566,5.4,182.0,108.0,R,0.21,19.3,9.0,PASS,1.238,PASS,656986,"Sousa, Bennett",SB,2B,high,
69b7ad74-b850-3839-9fc9-10082b29de70,HOME,59.6808787952237,3.8,180.0,129.0,L,0.11,19.51,9.0,PASS,0.855,PASS,669711,"Weissert, Greg",CS,2B,high,
292f8ea3-6f6d-35f0-93e6-f8c761b59408,HOME,59.69986583032986,3.8,177.0,120.0,L,0.2,26.13,9.0,PASS,0.955,PASS,607625,"Lugo, Seth",SB,2B,high,
6ed6a1b8-87ca-30d3-8794-84dd96ff9624,HOME,59.7268120502991,3.9,180.0,116.0,L,0.13,14.45,9.0,PASS,1.072,PASS,669060,"Wilson, Bryse",SB,2B,high,
3de50c2e-4a79-3bab-bab0-a2cc0290f5d7,HOME,59.72606354435689,3.8,180.0,115.0,L,0.18,19.56,9.0,PASS,1.088,PASS,669302,"Gilbert, Logan",SB,2B,high,
6463e429-0aff-30c6-910c-e8a04ca414fb,HOME,59.651070912312676,3.8,181.0,120.0,L,0.12,34.73,8.0,PASS,1.023,PASS,623149,"Sewald, Paul",SB,2B,high,
ad553e73-29ca-3491-97ed-b323b13113de,AWAY,59.70028167938658,12.1,177.0,,,0.22,,8.0,no_set_before_lift,,cut_in_window,547973,"Chapman, Aroldis",SB,3B,not measured,no_set_before_lift
f623eb74-9b78-3a79-b8c6-5cef23ce6bf7,HOME,59.7002174685952,3.9,179.0,123.0,L,0.22,16.12,9.0,PASS,0.938,PASS,695380,"Hoppe, Alex",CS,2B,high,
1a1a920f-6e1e-3d68-96b9-863a948b66d0,HOME,59.741402653669105,3.8,178.0,122.0,R,0.09,7.25,9.0,PASS,0.937,PASS,683363,"Wilkinson, Matt",SB,2B,high,
9ede7807-61e3-37fd-8e6e-d06acbef74c4,AWAY,59.69857456561432,9.7,181.0,,,0.11,,9.0,no_set_before_lift,,no_set_before_lift,669302,"Gilbert, Logan",SB,2B,not measured,no_set_before_lift
b413e0f2-8166-31c7-8d9f-784ae2e7657d,AWAY,59.701492537313435,10.399999999999999,193.0,124.0,L,0.92,12.6,8.0,release_not_at_hand,,cut_in_window,605280,"Holmes, Clay",CS,2B,not measured,release_not_at_hand
12225500-de07-3100-a53c-cccb538b0358,AWAY,59.74167258244443,7.1,180.0,126.0,L,0.17,10.58,9.0,PASS,0.904,not_cf_view,605135,"Bassitt, Chris",SB,2B,high,
639a45e9-f3af-303c-afbc-6356be6302b1,HOME,59.70681382011912,5.5,176.0,115.0,L,0.12,13.8,8.0,PASS,1.022,PASS,657265,"Strzelecki, Peter",SB,2B,high,
5aad24c0-9944-3fcb-80c0-f7671f6b99e1,AWAY,59.755406327156045,9.4,179.0,118.0,L,0.16,21.1,6.0,PASS,1.021,release_not_at_hand,663567,"Lambert, Peter",SB,2B,high,
bcefe070-5d6a-3acc-b417-522aa68c0b6d,AWAY,59.74947656918731,8.7,,,,,,,no_release,,no_release,694738,"Roupp, Landen",SB,2B,not measured,no_release
a1e13376-1b4e-320e-84b0-19f1591ba508,HOME,59.68739670397129,3.9,177.0,116.0,R,0.24,15.87,9.0,PASS,1.022,PASS,695611,"Jump, Gage",SB,2B,high,
50076798-e8ae-35d4-ad49-8f7ebf100b81,HOME,59.70042796005706,5.5,180.0,119.0,L,0.15,19.19,8.0,PASS,1.022,PASS,663567,"Lambert, Peter",CS,2B,high,
5b92c317-552b-317f-b2ff-bc34f79232f1,AWAY,59.71834962764268,9.7,180.0,115.0,L,0.26,23.83,9.0,PASS,1.088,no_set_before_lift,518886,"Kimbrel, Craig",CS,2B,high,
a00379da-672f-3f30-b85c-3edb7b61687d,AWAY,59.562305246638594,12.3,174.0,112.0,R,0.32,19.82,4.0,PASS,1.041,release_not_at_hand,693855,"Seymour, Ian",SB,3B,low,ball_pts 4.0 outside 5-
317e85a4-cdae-321c-bf29-f271f8ec7af1,AWAY,59.65199489901669,10.3,179.0,115.0,R,0.15,25.77,9.0,PASS,1.073,cut_in_window,693855,"Seymour, Ian",SB,2B,high,
b149af07-23a2-39e1-9972-d5a4fe0b0807,AWAY,59.7264200555944,13.1,181.0,143.0,L,0.22,99.17,9.0,not_cf_view,,cut_in_window,690925,"Beeter, Clayton",SB,2B,not measured,not_cf_view
6b2481ee-48ca-3310-864a-57b69e6b675e,HOME,59.70367078069183,3.9,182.0,129.0,L,0.11,5.87,3.0,PASS,0.888,PASS,687377,"Ribalta, Orlando",SB,2B,low,ball_pts 3.0 outside 5-
0bbd84cb-6091-3cec-94a3-8b59b779db6d,HOME,59.690236287715365,3.9,182.0,114.0,L,0.1,19.01,6.0,PASS,1.139,PASS,596001,"Junis, Jakob",SB,2B,high,
d5b39dc4-8aa9-3315-aaf6-ae0854ca48ac,HOME,59.7518839453246,3.8,179.0,98.0,L,0.19,22.15,8.0,PASS,1.356,PASS,681293,"Arrighetti, Spencer",SB,2B,low,delivery_s 1.356 outside 0.7-1.31
a6a86eb3-28be-3a48-9283-924a46531d36,AWAY,59.704916622456736,10.4,177.0,116.0,R,0.07,23.74,9.0,PASS,1.022,cut_in_window,666157,"Lodolo, Nick",SB,2B,high,
665b7044-adfc-3561-a362-5de07c864e50,HOME,59.73540623364975,3.8,172.0,113.0,R,0.12,23.13,9.0,PASS,0.988,PASS,666157,"Lodolo, Nick",SB,2B,high,
3c09cac7-eb5d-3207-846f-f9543a09607c,AWAY,59.747321834446915,9.8,179.0,111.0,R,0.8,13.69,8.0,release_not_at_hand,,release_not_at_hand,815081,"Manfredi, Mark",SB,3B,not measured,release_not_at_hand
10548e52-bf2d-37dd-b8c8-1e31b3e9873c,AWAY,59.74924446086434,10.2,181.0,,,0.21,,9.0,cut_in_window,,cut_in_window,664126,"Fairbanks, Pete",SB,2B,not measured,cut_in_window
f7bbfade-6c5f-3f21-8bb9-d8f2752f23f4,HOME,59.70791712336974,3.9,180.0,125.0,L,0.14,11.0,9.0,PASS,0.921,PASS,690925,"Beeter, Clayton",SB,2B,high,
03ee0d8f-328f-32b2-9097-a8bb762869be,HOME,59.649253453475815,3.8,177.0,109.0,L,0.14,10.31,5.0,PASS,1.14,PASS,669372,"Ginn, J.T.",CS,2B,high,
53b307ac-f47b-301a-aaab-82a2bed00b30,AWAY,59.781427165251685,10.2,,,,,,,no_release,,cut_in_window,622554,"Domínguez, Seranthony",SB,3B,not measured,no_release
4e75e904-c73e-3f01-8ff0-1484429759a9,AWAY,59.787201177571625,11.3,,,,,,,no_release,,not_cf_view,676604,"Zuber, Tyler",SB,2B,not measured,no_release
0331502f-fc0c-3fbc-835a-24d0cd38831b,HOME,59.61809458238966,3.9,181.0,114.0,R,0.11,17.26,9.0,PASS,1.124,PASS,641835,"Mayza, Tim",SB,2B,high,
7e2f7c05-5463-3fb0-9ca9-28858f9df29b,AWAY,59.747227595492895,10.0,195.0,126.0,L,0.13,31.99,9.0,PASS,1.155,cut_in_window,656730,"Megill, Trevor",SB,2B,high,
9ba1607d-803c-32dd-961b-c4ca62816c28,AWAY,59.65823524359841,10.7,179.0,125.0,L,0.61,7.6,8.0,cut_in_window,,release_not_at_hand,696149,"Chandler, Bubba",CS,2B,not measured,cut_in_window
33076aba-f276-3e24-a2c4-b0bee815fd55,AWAY,,3.9,,,,,,,no_clip,,cut_in_window,669022,"Gore, MacKenzie",SB,2B,not measured,no_clip
00318e3f-49f9-377f-937f-c556c1d92785,HOME,59.76611526891431,3.8,180.0,120.0,L,0.13,7.63,7.0,PASS,1.004,PASS,669372,"Ginn, J.T.",CS,2B,high,
4075f7e9-6108-33c9-bf0a-db8c58d22609,HOME,59.6828447861605,3.9,175.0,117.0,L,0.14,8.69,7.0,PASS,0.972,PASS,669199,"Bachar, Lake",SB,2B,high,
556305c3-164e-3348-bf96-c8ba33248496,AWAY,59.683865321143486,9.7,184.0,112.0,L,0.81,15.35,4.0,release_not_at_hand,,release_not_at_hand,657277,"Webb, Logan",CS,2B,not measured,release_not_at_hand
282f991b-18b9-3a03-bc7c-8833282563ce,AWAY,,3.9,,,,,,,no_clip,,release_not_at_hand,642547,"Peralta, Freddy",CS,2B,not measured,no_clip
29b31676-b4c3-33c9-ba91-cad507a16cf3,AWAY,59.76041506324644,11.8,201.0,119.0,R,0.81,26.97,9.0,release_not_at_hand,,release_not_at_hand,806188,"Gibson, Cade",CS,3B,not measured,release_not_at_hand
f487efae-3cf5-3977-8ad0-8bdfff89c8c2,HOME,59.68843213275167,4.0,182.0,123.0,L,0.15,17.43,8.0,PASS,0.988,PASS,669713,"Wesneski, Hayden",SB,2B,high,
dabf4fef-4eef-3d30-b150-01503367b03d,AWAY,59.73310739250159,10.2,180.0,,,0.35,,9.0,no_set_before_lift,,no_set_before_lift,694819,"Misiorowski, Jacob",CS,2B,not measured,no_set_before_lift
9c0c994a-de40-34ee-8e56-5cbd9dddfff2,AWAY,,1.2,,,,,,,no_clip,,not_cf_view,669432,"Rogers, Trevor",CS,2B,not measured,no_clip
3a8d752b-8223-392e-817e-55de03ee5ab1,AWAY,,6.4,,,,,,,no_clip,,cut_in_window,681217,"Silseth, Chase",CS,2B,not measured,no_clip
a090b307-1091-3743-a2ec-284d33027a47,HOME,59.63204147436303,4.1,182.0,118.0,R,0.1,24.53,9.0,PASS,1.073,PASS,669432,"Rogers, Trevor",SB,2B,high,
b5be6a2d-4eb7-31e8-b705-87e5990a7fb1,AWAY,59.768374839149196,11.5,175.0,110.0,R,0.08,18.84,9.0,cut_in_window,,cut_in_window,666157,"Lodolo, Nick",SB,2B,not measured,cut_in_window
5bd9bd76-627b-37df-b931-832896f75093,AWAY,,4.0,,,,,,,no_clip,,no_set_before_lift,670990,"Ramírez, Yohan",SB,2B,not measured,no_clip
33af829f-69e5-3a77-b048-14951003dc23,HOME,59.617726754693656,3.9,176.0,105.0,R,0.14,15.29,9.0,PASS,1.191,PASS,674003,"Bradford, Cody",SB,3B,high,
434016f8-947d-398c-9c2e-29fcdd53fd33,HOME,59.66139929727183,3.9,180.0,121.0,L,0.18,14.42,9.0,PASS,0.989,PASS,687064,"Young, Brandon",CS,2B,high,
f7df8503-645d-31bd-aaf7-24667dd04a5e,HOME,59.65601128677004,3.9,206.0,140.0,L,0.21,21.16,9.0,PASS,1.106,PASS,656302,"Cease, Dylan",SB,2B,high,
ca6e8de8-0ea4-3074-aaaa-dd2af5acced8,HOME,59.646821517405236,3.8,179.0,120.0,L,0.24,17.85,9.0,PASS,0.989,PASS,623454,"Anderson, Drew",SB,2B,high,
4fd0a7a8-d508-3257-a406-a76212401420,HOME,59.761339842635806,3.9,205.0,140.0,L,0.17,20.33,9.0,PASS,1.088,PASS,686973,"Varland, Louis",SB,3B,high,
7f827c82-5dea-39b8-89f0-09367c163fb0,HOME,59.68441515227582,5.6,182.0,124.0,L,0.16,4.91,8.0,PASS,0.972,PASS,663623,"Irvin, Jake",SB,2B,high,
9117a78e-100c-32b0-b90e-1c63a2491828,AWAY,59.67457019879083,11.0,180.0,119.0,L,0.19,16.34,6.0,cut_in_window,,cut_in_window,622491,"Castillo, Luis",SB,2B,not measured,cut_in_window
e31092a4-afdc-346f-b33c-f9f37f0c9957,AWAY,59.706962021317594,7.2,178.0,,,0.11,,9.0,no_set_before_lift,,not_cf_view,676440,"Bibee, Tanner",SB,2B,not measured,no_set_before_lift
1cd7fcbd-957e-376b-bbae-c67634bfad85,HOME,59.62026477512459,3.9,181.0,109.0,R,0.14,15.81,9.0,PASS,1.208,PASS,674003,"Bradford, Cody",SB,2B,high,
fa024ac9-800d-3b22-86f5-9e8511b791e0,AWAY,59.684534788644015,10.4,175.0,112.0,R,0.12,22.55,9.0,PASS,1.056,cut_in_window,805326,"Schweitzer, Tyler",CS,2B,high,
e7b37af3-2362-3356-9766-fc767707e893,HOME,59.77403342278323,3.9,171.0,110.0,R,0.15,20.17,9.0,PASS,1.021,PASS,807739,"Anderson, Kade",SB,2B,high,
96488cff-d931-3ff7-a66f-46727a1b4f1d,HOME,59.63095067195247,3.9,207.0,136.0,L,0.16,25.56,9.0,PASS,1.191,PASS,656302,"Cease, Dylan",SB,2B,high,
20dee8bf-d2ff-3afc-bbaf-ccf4ecf73dfb,AWAY,59.67418764700758,9.8,,,,,,,no_release,,no_release,622491,"Castillo, Luis",SB,2B,not measured,no_release
f3e63b11-a4d0-365e-be45-467c65eac168,AWAY,59.68197830002775,8.9,,,,,,,no_release,,no_release,682243,"Miller, Bryce",SB,2B,not measured,no_release
4dcfca0f-f4b3-3f6b-9584-8e3a39b57367,HOME,59.621185495718045,3.9,179.0,124.0,L,0.18,5.63,9.0,PASS,0.922,PASS,669199,"Bachar, Lake",SB,2B,high,
ba3c983c-b36a-3fcc-8ed1-91e3579fd3b7,HOME,59.7728817575784,3.9,177.0,114.0,L,0.21,28.7,9.0,PASS,1.054,PASS,640448,"Finnegan, Kyle",SB,2B,high,
697cdff3-175b-3f87-9ef2-16cf4fc972d9,HOME,59.69905231257919,3.9,178.0,116.0,L,0.11,30.34,9.0,PASS,1.039,PASS,640448,"Finnegan, Kyle",SB,3B,high,
128d57c6-b2f9-4307-91cc-b8872c680bcb,HOME,59.78982968957604,3.9,182.0,114.0,R,0.14,27.51,9.0,PASS,1.137,PASS,675660,"Drohan, Shane",SB,2B,high,
b5b34206-140c-33bd-8c50-c23130ffc787,AWAY,59.77979621335142,9.5,161.0,122.0,L,0.02,14.35,5.0,PASS,0.652,no_release,682243,"Miller, Bryce",SB,2B,low,delivery_s 0.652 outside 0.7-1.31
465290f1-8e26-3844-9023-f01d99e522da,HOME,59.63755982984363,3.8,178.0,109.0,R,0.14,24.45,9.0,PASS,1.157,PASS,605483,"Snell, Blake",SB,2B,high,
a1cab8af-b9ab-3f5d-91cd-40308d14f229,HOME,59.699530844244194,3.9,179.0,120.0,R,0.1,14.0,9.0,PASS,0.988,PASS,650911,"Sánchez, Cristopher",SB,2B,high,
8964f6b6-2ad1-376f-bb79-9476a04fa0c8,HOME,59.666032874234304,3.9,182.0,130.0,L,0.27,3.09,9.0,PASS,0.872,PASS,656546,"Hoffman, Jeff",SB,2B,low,lift_peak_in 3.09 outside 4.28-
41c8a47f-d9b0-32d3-90b0-2a1b7436af2c,HOME,59.685074657269155,3.8,183.0,131.0,L,0.13,18.62,8.0,PASS,0.871,PASS,680744,"Madden, Ty",SB,2B,high,
6602d963-ae39-3900-a538-ed6a1dfb1abc,AWAY,59.75346064615752,9.6,177.0,114.0,L,0.21,13.55,7.0,not_cf_view,,not_cf_view,621097,"Waguespack, Jacob",SB,2B,not measured,not_cf_view
22a4e304-7452-3c04-a7ed-f708a90ce2f4,AWAY,59.697441022233846,10.399999999999999,178.0,116.0,L,0.19,25.41,9.0,PASS,1.039,no_set_before_lift,673380,"Núñez, Dedniel",SB,2B,high,
65713d68-c727-33e2-ba33-7bdd05e261e2,AWAY,59.67883448238366,9.1,,,,,,,no_release,,no_release,608372,"Sugano, Tomoyuki",SB,2B,not measured,no_release
85e13ba5-07a9-30ec-b1e4-fa203e33821a,HOME,59.720771427755686,3.8,178.0,104.0,L,0.14,23.16,9.0,PASS,1.239,PASS,670167,"Schreiber, John",SB,3B,high,
7bde3864-76a7-3386-b472-2241a0e89df2,AWAY,59.72571171435292,10.9,181.0,124.0,L,0.15,11.79,9.0,PASS,0.954,cut_in_window,607200,"Fedde, Erick",CS,2B,high,
ed6fd4ca-2d25-344c-a62f-adaedb5ebf21,AWAY,,4.0,,,,,,,no_clip,,release_not_at_hand,683363,"Wilkinson, Matt",SB,2B,not measured,no_clip
8bba5840-7e0e-3aa2-a5a7-b78e325bcaea,AWAY,59.71427238067798,11.5,181.0,116.0,L,0.16,21.29,6.0,PASS,1.089,cut_in_window,684665,"Murphy, Luke",CS,2B,high,
776a26ba-5340-3440-b0f9-aa0d918f38d1,AWAY,59.80897612418724,11.3,181.0,109.0,R,0.15,25.03,6.0,PASS,1.204,no_set_before_lift,579328,"Kikuchi, Yusei",SB,2B,high,
2d5bc02a-4988-3d8f-8fdd-cc0c623c3848,HOME,59.69788673295527,3.9,184.0,114.0,R,0.34,21.95,7.0,PASS,1.173,PASS,650911,"Sánchez, Cristopher",SB,2B,low,release_to_wrist 0.34 outside -0.32
fa84a125-8cda-3933-bb0a-89a3d52327b4,HOME,59.72774783435777,5.5,181.0,136.0,L,0.21,4.53,9.0,PASS,0.753,PASS,669358,"Baz, Shane",CS,2B,high,
fac3c3fd-0d18-3e8d-9f7d-e8aa36180ea0,AWAY,59.74469102037294,11.1,178.0,115.0,L,0.25,30.22,9.0,not_cf_view,,not_cf_view,640448,"Finnegan, Kyle",SB,2B,not measured,not_cf_view
1b52dfdc-9c75-37ee-ae32-8c4c0f0ec9f2,HOME,59.64268123404827,3.9,179.0,122.0,L,0.19,13.02,9.0,PASS,0.956,PASS,667755,"Soriano, José",CS,2B,high,
b9067eff-c85c-3e3f-943e-6af022930d19,AWAY,59.68859968987418,6.7,,,,,,,not_cf_view,,cut_in_window,669358,"Baz, Shane",CS,2B,not measured,not_cf_view
e7094144-99e6-3cc9-b41c-d5284e2434a1,HOME,59.7174953805727,3.8,161.0,107.0,L,0.17,10.21,8.0,PASS,0.904,PASS,693308,"Frasso, Nick",SB,2B,high,
a8190618-114b-3c24-a9bf-5ae192b78395,AWAY,59.7609561752988,11.5,176.0,118.0,R,0.14,13.28,9.0,PASS,0.971,no_set_before_lift,684007,"Imanaga, Shota",SB,2B,high,
2aa9a803-2bed-3c64-a182-ae0ce42ad534,HOME,59.78037549629759,3.9,177.0,115.0,R,0.17,12.58,9.0,PASS,1.037,PASS,684007,"Imanaga, Shota",SB,3B,high,
8e6b94ae-6e15-36ed-a27c-4ae4c6bb76e8,AWAY,59.75194349683674,11.9,180.0,106.0,L,0.17,23.5,9.0,PASS,1.238,cut_in_window,663372,"Feltner, Ryan",SB,3B,high,
2ec3b46a-4b16-3a60-990f-890a8e47a4cd,AWAY,59.75125293614626,14.3,191.0,109.0,L,1.0,23.87,7.0,release_not_at_hand,,release_not_at_hand,592332,"Gausman, Kevin",SB,3B,not measured,release_not_at_hand
5e172120-2453-369d-9301-b35a2238f780,HOME,59.68444067996927,3.8,173.0,123.0,L,0.12,4.99,9.0,PASS,0.838,PASS,691946,"Klassen, George",CS,2B,high,
bfd71eba-62d1-3608-afce-78c0240cf0df,HOME,59.69706270215213,3.8,163.0,109.0,L,0.12,14.47,9.0,PASS,0.905,PASS,695505,"Burns, Chase",SB,2B,high,
1e9edef4-1a58-37a2-a4f2-3b0ee0af3e78,AWAY,59.53226252494525,12.3,172.0,108.0,L,0.1,32.29,9.0,PASS,1.075,cut_in_window,670059,"Holderman, Colin",SB,3B,high,
9a64ebb1-b93f-3361-aca1-2e571494c115,AWAY,59.63927000924168,10.1,181.0,110.0,L,0.82,20.56,6.0,release_not_at_hand,,release_not_at_hand,592332,"Gausman, Kevin",SB,2B,not measured,release_not_at_hand
2aa7a97f-989b-38db-a1a0-5f437c537639,HOME,59.728046765789806,4.0,197.0,139.0,L,0.18,18.98,9.0,PASS,0.971,PASS,676917,"Cavalli, Cade",SB,2B,high,
230a0b81-ccc8-37ea-8df7-2c07ce10665c,AWAY,59.67384150354679,9.2,,,,,,,no_release,,no_release,623211,"Brazobán, Huascar",CS,2B,not measured,no_release
cffba73c-5af1-3bab-ae99-7204edf1789d,AWAY,59.71722830234699,7.6,177.0,120.0,L,0.21,9.29,9.0,not_cf_view,,not_cf_view,663372,"Feltner, Ryan",SB,2B,not measured,not_cf_view
02095041-7a89-3dcd-81e8-635de5486757,AWAY,59.78214134663814,7.4,182.0,107.0,L,0.24,26.01,9.0,PASS,1.255,not_cf_view,663372,"Feltner, Ryan",SB,3B,high,
e432aee5-5eaf-3674-b51d-a62f21d0e8c5,HOME,59.71837216314258,3.8,177.0,108.0,R,0.12,23.18,7.0,PASS,1.155,PASS,642397,"Soto, Gregory",SB,2B,high,
9083cb23-3ce6-3c9e-8ce7-894006613174,AWAY,59.718609842511626,10.3,150.0,101.0,L,0.18,4.74,9.0,cut_in_window,,cut_in_window,663432,"Rainey, Tanner",CS,2B,not measured,cut_in_window
849a17b2-3252-3ba7-8461-a4b294a47eea,HOME,59.711726287958015,3.9,172.0,115.0,L,0.12,9.79,9.0,PASS,0.955,PASS,489446,"Yates, Kirby",SB,3B,high,
b374882e-b294-39c1-8d31-86e13b0f7228,AWAY,59.69373549883991,14.7,154.0,121.0,L,0.1,9.76,8.0,PASS,0.553,no_set_before_lift,693821,"Elder, Bryce",SB,2B,low,delivery_s 0.553 outside 0.7-1.31
27b8f4d5-40a1-3002-8787-389f3b8c309f,AWAY,59.64960409608515,9.0,,,,,,,no_release,,no_release,650633,"King, Michael",CS,2B,not measured,no_release
81060980-e941-3fd9-a70b-0bc7a4571102,HOME,59.66089997604937,3.8,177.0,106.0,L,0.41,27.36,7.0,PASS,1.19,PASS,605400,"Nola, Aaron",SB,2B,low,release_to_wrist 0.41 outside -0.32
1e1bde3a-ffbc-3ab2-bdf8-59638d19ade1,AWAY,59.68750563174683,15.2,245.0,,,2.69,,7.0,not_cf_view,,not_cf_view,814490,"Pecko, Ethan",CS,2B,not measured,not_cf_view
476360a5-8583-3ca5-a8eb-a692eadf49d2,HOME,59.67038112424364,3.9,179.0,147.0,L,0.08,3.16,9.0,PASS,0.536,PASS,643511,"Rogers, Tyler",SB,2B,low,lift_peak_in 3.16 outside 4.28-; delivery_s 0.536 outside 0.7-1.31
bfc33e24-0128-3e41-8f9e-9d9176f7966a,AWAY,59.68113020991786,9.6,,,,,,,no_release,,no_release,623474,"Herget, Jimmy",CS,2B,not measured,no_release
d9c8510c-a2da-3bc8-b8a2-799b8271921e,HOME,59.700878014637006,3.8,179.0,126.0,L,0.13,20.92,9.0,PASS,0.888,PASS,695549,"Jobe, Jackson",CS,2B,high,
7aa7981b-dca5-3f2f-8f93-05cc7251924a,HOME,59.686700294365636,3.8,175.0,116.0,R,0.17,18.03,9.0,PASS,0.988,PASS,690986,"Harrison, Kyle",SB,2B,high,
44849c76-64ff-3d83-85f9-64f4273a0213,HOME,59.64881366452276,5.6,175.0,112.0,L,0.13,23.67,9.0,PASS,1.056,PASS,605400,"Nola, Aaron",SB,2B,high,
2872061b-e2d8-3328-9749-b20880b649d8,AWAY,59.682719907209155,8.3,,,,,,,no_release,,no_release,682608,"Gray, Peyton",SB,2B,not measured,no_release
14797083-e4ea-3eb8-aaa5-1358b99b7eba,AWAY,59.6835990461008,10.6,,,,,,,no_release,,no_release,594027,"Guerrero, Tyron",SB,2B,not measured,no_release
354b489a-ea11-3bc1-a866-98a1d4c1cf53,HOME,59.78171385523826,3.8,181.0,115.0,L,0.15,21.68,8.0,PASS,1.104,PASS,607192,"Glasnow, Tyler",SB,2B,high,
6a104b25-193c-37f8-a7cf-7287dba92cb4,HOME,59.74262639091394,3.8,173.0,108.0,R,0.14,30.12,9.0,PASS,1.088,PASS,594580,"Moll, Sam",SB,2B,high,
d63998e6-d282-395e-84d7-8ea20406f7de,HOME,59.64157012600673,5.5,187.0,118.0,L,0.34,22.34,9.0,PASS,1.157,PASS,814490,"Pecko, Ethan",SB,2B,low,release_to_wrist 0.34 outside -0.32
c0cfa943-62b2-37af-b3ca-e30728f2d8b2,AWAY,59.68295521733148,10.8,209.0,,,0.52,,7.0,cut_in_window,,no_release,694795,"Ekness, Josh",CS,2B,not measured,cut_in_window
9768a73c-7692-3bf3-be51-16d28441d2ad,HOME,59.73025730774545,3.7,174.0,106.0,R,0.14,23.84,9.0,PASS,1.138,PASS,695611,"Jump, Gage",SB,2B,high,
094ed5b6-22c5-373f-8ecb-6809ec436163,HOME,59.7023802035142,3.8,175.0,115.0,L,0.12,17.39,9.0,PASS,1.005,PASS,657097,"Webb, Jacob",SB,2B,high,
a82bb4aa-ece8-3d69-a431-d52fbcb39f5c,HOME,59.70563898565077,3.8,173.0,98.0,R,0.09,28.82,9.0,PASS,1.256,PASS,676620,"Weiman, Blake",SB,3B,high,
fc487acf-7bd8-3a5d-b6bf-e9e68855c773,HOME,59.70435955738811,3.8,173.0,126.0,L,0.14,4.51,9.0,PASS,0.787,PASS,679885,"Martinez, Justin",CS,2B,high,
41e51808-4857-3991-b1a6-916c82278829,AWAY,59.63886662580737,8.399999999999999,,,,,,,no_release,,release_not_at_hand,815081,"Manfredi, Mark",SB,3B,not measured,no_release
55799d21-0567-305d-a04e-e70de9d34478,AWAY,59.73551505675551,13.2,177.0,132.0,R,0.13,17.28,4.0,cut_in_window,,cut_in_window,682254,"Montgomery, Mason",SB,2B,not measured,cut_in_window
615db1ed-7a57-3c8d-b19e-e3ddc87d1111,HOME,59.71999621419739,3.8,179.0,115.0,R,0.14,25.07,9.0,PASS,1.072,PASS,663893,"Little, Brendon",SB,2B,high,
e6a2f677-cc1b-305b-ac66-de3dc710d3af,HOME,59.80537524156569,3.9,181.0,116.0,L,0.18,25.98,8.0,PASS,1.087,PASS,543243,"Gray, Sonny",SB,2B,high,
e1b657ba-d554-3e42-9b20-321949a4571b,AWAY,59.675487313514104,10.6,187.0,123.0,R,0.86,16.88,9.0,release_not_at_hand,,release_not_at_hand,702021,"Dion, Will",CS,2B,not measured,release_not_at_hand
68b805a4-88e6-3fb2-b51b-cb7c450a3981,HOME,59.740917921507496,3.9,178.0,120.0,L,0.33,10.4,9.0,PASS,0.971,PASS,657277,"Webb, Logan",SB,2B,low,release_to_wrist 0.33 outside -0.32
86919704-d3d3-3883-844e-456c0a1dbb84,HOME,59.64007822826145,3.9,180.0,126.0,L,0.14,16.92,9.0,PASS,0.905,PASS,808963,"Sasaki, Roki",SB,2B,high,
229c757d-2dca-37f7-a29a-cdfe0984fc95,AWAY,59.735049046720704,13.3,195.0,169.0,L,1.08,4.32,8.0,cut_in_window,,cut_in_window,696149,"Chandler, Bubba",CS,2B,not measured,cut_in_window
b1e24828-d0f5-3fb9-8c6b-918eac3c672e,HOME,59.709478654791155,3.8,176.0,112.0,L,0.21,24.79,7.0,PASS,1.072,PASS,543243,"Gray, Sonny",SB,2B,high,
c04bd51d-86b8-36cc-9edc-a96e03d870ec,HOME,59.674537702930195,3.8,181.0,117.0,L,0.11,20.81,9.0,PASS,1.072,PASS,623465,"Phillips, Evan",SB,2B,high,
73083674-d5a9-33f0-a522-fcb8f546c894,HOME,59.749287304252746,3.9,184.0,129.0,L,0.19,15.67,7.0,PASS,0.921,PASS,808963,"Sasaki, Roki",SB,2B,high,
12f31dc3-8d21-38ae-a113-e958351559f7,HOME,59.69866388704634,4.0,189.0,119.0,R,0.47,6.87,7.0,PASS,1.173,PASS,669022,"Gore, MacKenzie",CS,3B,low,release_to_wrist 0.47 outside -0.32
7e24744a-4293-3b93-be47-63aa0614a6af,AWAY,59.6662534472603,11.1,,,,,,,no_release,,no_set_before_lift,677020,"Walker, Josh",SB,2B,not measured,no_release
35717103-5a0b-3f32-b777-b0dc3921a49b,AWAY,59.682043565109424,10.4,182.0,124.0,L,0.15,14.64,9.0,PASS,0.972,cut_in_window,691384,"Perales, Luis",SB,2B,high,
94cd0be0-b85e-38ac-a5bd-182394325a04,HOME,59.73974107232003,5.7,178.0,115.0,L,0.18,21.57,9.0,PASS,1.055,PASS,670062,"Garcia, Julian",CS,2B,high,
9db04f0e-3d76-357c-ada9-e459370929cf,AWAY,59.80423157912291,10.1,182.0,136.0,L,0.77,3.85,7.0,release_not_at_hand,,release_not_at_hand,681544,"Olds, Wyatt",SB,2B,not measured,release_not_at_hand
fa89b4cd-7d68-39cc-bd46-3cc651d629b0,AWAY,59.77726511324701,10.299999999999999,175.0,121.0,R,0.17,5.2,8.0,PASS,0.903,not_cf_view,695239,"Ahlstrom, Robby",SB,2B,high,
3cbecfdb-230a-3003-9028-a7f875fa07ce,HOME,59.70194257457089,3.9,180.0,125.0,L,0.21,14.93,9.0,PASS,0.921,PASS,695380,"Hoppe, Alex",SB,3B,high,
b136b7bb-af9d-3dc0-b76b-6ce7141d6050,AWAY,59.691697617917285,10.8,182.0,123.0,L,0.97,17.52,9.0,release_not_at_hand,,cut_in_window,663567,"Lambert, Peter",SB,2B,not measured,release_not_at_hand
263f6aec-f7bd-3591-83b0-2498bad6e789,AWAY,59.74887104765971,10.3,176.0,,,0.11,,9.0,cut_in_window,,cut_in_window,688107,"Gasser, Robert",SB,3B,not measured,cut_in_window
5feef325-4d64-3e0a-bd8d-ea6ddf12d031,AWAY,59.62673957675398,8.5,,,,,,,no_release,,release_not_at_hand,680732,"Burke, Sean",CS,2B,not measured,no_release
9676b711-1489-3d65-9113-b8178dc2f1cb,HOME,59.625649274144806,3.9,182.0,120.0,R,0.17,8.58,9.0,PASS,1.04,PASS,663893,"Little, Brendon",SB,3B,high,
7c9c67dd-0ab2-3133-b622-58d6d666f5c2,HOME,59.709508502286496,3.9,176.0,123.0,L,0.18,18.83,8.0,PASS,0.888,PASS,476594,"Stock, Robert",SB,2B,high,
4d5bef74-3ca3-3959-a269-eb12c4d16e72,HOME,59.682544185650656,4.0,179.0,118.0,R,0.24,26.33,4.0,PASS,1.022,PASS,663558,"Morán, Jovani",SB,2B,low,ball_pts 4.0 outside 5-
9e9e3375-a628-326e-a398-1eeb8df705f2,AWAY,59.67166275732212,11.2,187.0,129.0,L,0.99,6.06,9.0,cut_in_window,,release_not_at_hand,663567,"Lambert, Peter",CS,2B,not measured,cut_in_window
fc942ce6-d13e-3671-b037-390bb7fe3868,AWAY,59.76645879546311,10.2,178.0,,,0.35,,9.0,no_set_before_lift,,no_set_before_lift,657277,"Webb, Logan",SB,2B,not measured,no_set_before_lift
015cf24e-00c3-3125-ad93-1844437535ed,HOME,59.76466072643189,3.9,178.0,116.0,R,0.15,21.45,9.0,PASS,1.037,PASS,681870,"Sabrowski, Erik",SB,2B,high,
de8c86f5-edb3-3fed-82d5-1b7f79e03aca,AWAY,59.66653039125775,13.7,251.0,,,1.03,,9.0,cut_in_window,,no_release,476594,"Stock, Robert",SB,2B,not measured,cut_in_window
45b22216-f6af-3d2f-941b-852688ad2de6,HOME,59.62863693440195,3.8,176.0,118.0,R,0.12,21.9,9.0,PASS,0.973,PASS,688107,"Gasser, Robert",SB,2B,high,
b6ba684d-61b0-3d42-a450-0de42f7dba99,AWAY,59.68545330448294,10.1,179.0,113.0,R,0.12,16.39,9.0,PASS,1.106,not_cf_view,593958,"Rodriguez, Eduardo",SB,2B,high,
7d73b7ae-6a00-342e-b838-35c35072ae55,HOME,59.680777238029144,3.8,175.0,115.0,L,0.18,20.13,9.0,PASS,1.005,PASS,663362,"Waldron, Matt",SB,3B,high,
2e093ccd-909f-388e-b316-bf51176336d8,HOME,59.693137758732,3.9,181.0,130.0,L,0.13,5.25,3.0,PASS,0.854,PASS,681544,"Olds, Wyatt",SB,2B,low,ball_pts 3.0 outside 5-
beaff78a-f23b-3872-b902-c8ca4462fb26,HOME,59.70632740633584,3.8,183.0,128.0,L,0.19,12.31,9.0,PASS,0.921,PASS,489446,"Yates, Kirby",SB,2B,high,
b433b6ee-3433-32f0-802e-e9c5e56a5c6e,AWAY,59.74359156077475,9.7,,,,,,,no_release,,no_release,687312,"Hughes, Gabriel",SB,2B,not measured,no_release
1a28eac6-5e61-35ea-8ae3-fddc82afbd4d,HOME,59.723714375142755,3.9,173.0,118.0,L,0.09,4.48,9.0,PASS,0.921,PASS,694738,"Roupp, Landen",SB,2B,high,
689f56c4-9c0f-358f-bec0-1a788df02659,AWAY,59.680430057792556,7.5,178.0,125.0,L,0.16,18.78,8.0,PASS,0.888,not_cf_view,675848,"Mejia, Juan",SB,2B,high,
ee319643-1cd1-39e6-8f3e-ed0403c69461,AWAY,59.74112180550946,5.8,,,,,,,not_cf_view,,camera_moved,703615,"Cabrera, Jose",SB,2B,not measured,not_cf_view
09ea3960-e0ce-3295-b9b8-4cebe5c8b76d,HOME,59.66037597447318,3.8,181.0,125.0,L,0.11,6.42,9.0,PASS,0.939,PASS,808967,"Yamamoto, Yoshinobu",SB,2B,high,
583f7736-879b-3ede-b3c9-ab2e57174f1a,AWAY,59.68456562899459,12.6,179.0,121.0,L,0.18,21.19,9.0,PASS,0.972,no_release,666277,"Soriano, George",SB,2B,high,
30e77f02-7e8e-30ca-9d45-6ef5c27e3991,AWAY,59.64386561401487,11.8,175.0,117.0,L,0.2,9.88,9.0,cut_in_window,,cut_in_window,663623,"Irvin, Jake",SB,2B,not measured,cut_in_window
bf00b372-4bf4-374d-ae5d-cd078f58b916,AWAY,59.68347793363454,10.5,184.0,123.0,L,0.32,17.75,8.0,PASS,1.022,release_not_at_hand,675540,"Curry, Xzavion",SB,2B,high,
f4dba706-9446-3ed7-b820-a7db25636428,HOME,59.654128892329545,3.8,176.0,118.0,L,0.16,24.59,6.0,PASS,0.972,PASS,687312,"Hughes, Gabriel",SB,2B,high,
de1e7e91-d686-3baf-a1e8-17c834634169,AWAY,59.79366002868713,10.2,185.0,,,0.1,,9.0,no_set_before_lift,,no_set_before_lift,640455,"Manaea, Sean",SB,2B,not measured,no_set_before_lift
742705a2-4298-377f-ab55-dbd3e7b8bae1,AWAY,59.71311264698753,9.3,,,,,,,no_release,,no_release,663623,"Irvin, Jake",SB,2B,not measured,no_release
c9ae6ac5-8aa1-36ad-a5ed-aa4e6c565f79,HOME,59.6797323949899,3.8,177.0,121.0,L,0.17,13.93,6.0,PASS,0.938,PASS,669713,"Wesneski, Hayden",SB,2B,high,
bce54cac-ddc5-3cb5-8789-81972004a064,AWAY,59.73539591772186,10.2,184.0,122.0,L,0.9,14.64,7.0,release_not_at_hand,,release_not_at_hand,669713,"Wesneski, Hayden",SB,2B,not measured,release_not_at_hand
757c110a-2564-394a-8c70-40d1a49a079b,AWAY,59.62022503630181,15.2,195.0,,,0.49,,9.0,no_set_before_lift,,not_cf_view,669432,"Rogers, Trevor",SB,2B,not measured,no_set_before_lift
945b7087-f592-3d49-8e35-7676c514df78,AWAY,59.76911110504626,12.799999999999999,177.0,119.0,L,0.16,11.05,9.0,PASS,0.97,no_release,663623,"Irvin, Jake",SB,2B,high,
ccc01203-6518-3966-bf64-8bbaf52841b9,HOME,59.64246586323918,3.8,184.0,130.0,L,0.12,4.32,9.0,PASS,0.905,PASS,808967,"Yamamoto, Yoshinobu",SB,2B,high,
548ebbfc-8430-361e-b052-9535442ae2e4,AWAY,59.72198817910735,10.0,179.0,115.0,L,0.22,21.68,9.0,PASS,1.072,no_release,641755,"Kinley, Tyler",SB,2B,high,
ade13f76-6b0e-3e82-879a-422760fe9881,HOME,59.760743594395294,3.8,180.0,112.0,L,0.22,23.94,9.0,PASS,1.138,PASS,656302,"Cease, Dylan",CS,2B,high,
abd8780c-41fa-3606-a37b-50351fdc06d7,AWAY,59.66144683593888,14.7,181.0,120.0,L,0.1,16.54,5.0,PASS,1.022,cut_in_window,681217,"Silseth, Chase",SB,2B,high,
45e8894c-9b33-31e7-9779-c43e6e958620,AWAY,59.75205786367562,10.0,178.0,,,0.16,,9.0,cut_in_window,,no_release,702352,"Bivens, Spencer",SB,2B,not measured,cut_in_window
fb0c3164-3093-3fda-8d8d-61e8be8832c8,AWAY,59.66434857869683,11.1,178.0,126.0,R,0.15,3.56,8.0,cut_in_window,,release_not_at_hand,663687,"Harris, Hogan",CS,2B,not measured,cut_in_window
1963318e-249a-341c-adf1-a767d7847eb3,AWAY,59.71988949949889,10.3,177.0,119.0,L,0.22,21.18,9.0,PASS,0.971,cut_in_window,687064,"Young, Brandon",SB,2B,high,
07d9d712-714e-3a94-b8de-84aa7e43a4b3,HOME,59.68379850586107,3.9,182.0,118.0,L,0.13,22.98,8.0,PASS,1.072,PASS,676106,"Hancock, Emerson",SB,2B,high,
d350ed92-47c6-3030-a7c9-a4e8ce524c06,AWAY,59.70063472335473,10.100000000000001,,,,,,,no_release,,no_release,695076,"Lowder, Rhett",SB,2B,not measured,no_release
cba37a46-c4b4-3d93-adc9-c1e454a57d06,AWAY,59.6656472221701,9.8,178.0,116.0,L,0.16,21.41,7.0,PASS,1.039,no_release,622491,"Castillo, Luis",SB,2B,high,
6288b1ab-6e30-3adc-a069-9bb9102a7a0c,HOME,59.74791594239347,3.8,175.0,118.0,R,0.11,24.08,9.0,PASS,0.954,PASS,665665,"Sanmartin, Reiver",SB,2B,high,
e723255d-7871-3655-b4fb-be4f563064e4,HOME,59.627988943474115,3.9,191.0,118.0,R,0.14,28.54,9.0,PASS,1.224,PASS,682052,"Lopez, Jacob",SB,2B,high,
4c0338e1-3c3a-387a-8ff6-943d8c5cdf09,AWAY,59.757177184772985,9.2,,,,,,,no_release,,no_release,663554,"Mize, Casey",SB,2B,not measured,no_release
e6663193-6caa-3052-9d36-15c924b7f29b,HOME,59.68351568010385,3.8,179.0,119.0,R,0.14,14.51,8.0,PASS,1.005,PASS,573124,"Rogers, Taylor",SB,2B,high,
3641dd56-520d-3c84-9865-126eac117bb5,HOME,59.77514813463309,3.8,177.0,113.0,R,0.21,19.23,9.0,PASS,1.071,PASS,684442,"Drake, Kohl",SB,2B,high,
70892b99-652a-3b91-bdca-26590d64c0fd,HOME,59.749584543759276,3.8,182.0,124.0,L,0.33,15.34,9.0,PASS,0.971,PASS,681035,"Scott, Christian",SB,2B,low,release_to_wrist 0.33 outside -0.32
79ff67aa-534c-348e-97a5-d316fb6d3cf0,HOME,59.67049214954587,3.8,180.0,119.0,L,0.13,15.96,8.0,PASS,1.022,PASS,663554,"Mize, Casey",SB,2B,high,
5092343e-ff5f-35b4-b73b-84d073303257,AWAY,59.7559408738508,10.5,178.0,,,0.14,,9.0,cut_in_window,,cut_in_window,800600,"Kent, Jackson",SB,2B,not measured,cut_in_window
a489beba-e265-31ef-9a68-8369d38e5bc1,HOME,59.68260025338928,3.8,171.0,108.0,L,0.11,6.77,8.0,PASS,1.056,PASS,694680,"Martin, Trevor",SB,2B,high,
dc45d88f-db9a-31f9-880d-fc530f2cbdc9,AWAY,59.72003586025794,8.7,,,,,,,no_release,,no_release,592332,"Gausman, Kevin",SB,2B,not measured,no_release
0aa7c96a-00c3-3dc0-9887-63ee5e2ebc5d,HOME,59.6742229458438,3.8,172.0,109.0,L,0.15,13.63,9.0,PASS,1.056,PASS,607200,"Fedde, Erick",SB,2B,high,
873160d8-b142-3d41-a992-3c51030b6f89,HOME,59.66727474534478,3.8,170.0,112.0,R,0.13,25.97,8.0,PASS,0.972,PASS,683352,"Bratt, Mitch",SB,3B,high,
08b42abc-0c71-3185-8b64-ca999292a5da,HOME,59.727858159006416,3.8,175.0,112.0,L,0.18,17.54,6.0,PASS,1.055,PASS,664299,"Javier, Cristian",SB,2B,high,
8c4a4038-b672-387b-8c56-873f9631765a,HOME,59.73887577347454,3.8,177.0,121.0,L,0.23,12.13,7.0,PASS,0.937,PASS,607259,"Martinez, Nick",SB,2B,high,
d68ad10c-ab02-3e17-82ce-895e7e77a93a,HOME,59.77599408402533,3.8,175.0,112.0,R,0.23,26.92,9.0,PASS,1.054,PASS,683363,"Wilkinson, Matt",SB,2B,high,
70830b4a-b21f-3d97-986d-684f55e5d468,HOME,59.73036866910884,3.8,170.0,112.0,L,0.2,10.62,9.0,PASS,0.971,PASS,679885,"Martinez, Justin",SB,2B,high,
191717f3-956e-3cc3-9835-8786aaa47886,HOME,59.71817884090407,3.8,174.0,114.0,L,0.25,20.82,9.0,PASS,1.005,PASS,665660,"Alvarado, Elvis",SB,2B,high,
5c11b970-902a-375a-a885-f80e17a2800d,HOME,59.7334158859929,3.8,162.0,110.0,L,0.18,6.48,5.0,PASS,0.871,PASS,678394,"Bello, Brayan",SB,2B,high,
c0513d3d-13af-301e-97b1-9f6d971bc8a1,HOME,59.68831769317262,3.8,178.0,110.0,R,0.28,21.1,9.0,PASS,1.139,PASS,681911,"Vesia, Alex",SB,2B,high,
67653e38-a44a-3c2b-a746-980d5ad603a1,HOME,59.70977210313118,3.8,181.0,116.0,L,0.16,23.45,8.0,PASS,1.089,PASS,678020,"Halvorsen, Seth",SB,2B,high,
1d782026-ebaf-3fa2-b3b8-1f0f566c6d4f,HOME,59.746847703045454,3.8,170.0,108.0,R,0.12,25.93,9.0,PASS,1.038,PASS,683352,"Bratt, Mitch",SB,2B,high,
30dabf81-01ab-35e2-9fcf-987f96f2b10e,AWAY,59.66869870538311,10.2,177.0,120.0,L,0.17,14.97,9.0,PASS,0.955,cut_in_window,688642,"Agnos, Zach",SB,2B,high,
6cfb5681-d0fd-33ae-9f8e-2887aa950c86,HOME,59.728046765789806,3.9,172.0,110.0,R,0.11,27.32,9.0,PASS,1.038,PASS,683352,"Bratt, Mitch",SB,2B,high,
bd594b7a-3488-3fa5-91de-b383f7e685e7,HOME,59.72355504163364,3.8,179.0,126.0,L,0.17,13.72,9.0,PASS,0.887,PASS,615698,"Quantrill, Cal",SB,3B,high,
2d5e6b02-b181-3a7e-8207-c70d209d3d67,AWAY,,4.4,,,,,,,no_clip,,cut_in_window,678394,"Bello, Brayan",SB,3B,not measured,no_clip
c38e0835-ac5c-3650-94ad-cb1f2505952f,HOME,59.67817189483621,3.8,173.0,110.0,R,0.16,13.2,9.0,PASS,1.056,PASS,650911,"Sánchez, Cristopher",SB,2B,high,
67cba15d-385a-3199-9137-d0d9b865234b,AWAY,59.780749621279995,9.7,195.0,,,0.19,,9.0,no_set_before_lift,,no_set_before_lift,552640,"Kittredge, Andrew",SB,3B,not measured,no_set_before_lift
3da8b4c2-de46-3fa5-a462-25c9a38edd9c,HOME,59.79545738915121,3.9,178.0,118.0,L,0.16,13.61,9.0,PASS,1.003,PASS,676083,"Junk, Janson",SB,2B,high,
f186ab4c-03b3-3078-93f2-f413145c6bb6,AWAY,,3.9,,,,,,,no_clip,,not_cf_view,814490,"Pecko, Ethan",SB,2B,not measured,no_clip
65068278-e591-3ce3-927f-dac35e4a1364,AWAY,59.6829258811235,9.6,182.0,106.0,R,0.59,36.13,9.0,PASS,1.273,release_not_at_hand,592662,"Ray, Robbie",CS,2B,low,release_to_wrist 0.59 outside -0.32
d5da1d9c-35f6-3cc8-b497-041dcddc3b1e,AWAY,59.67116466093327,9.8,180.0,112.0,R,0.2,36.51,9.0,PASS,1.14,no_set_before_lift,592662,"Ray, Robbie",CS,2B,high,
823d4f04-ffa6-3440-8d4a-19547cdd7bb9,AWAY,59.73656806732149,12.4,183.0,123.0,L,0.3,15.79,5.0,PASS,1.004,no_release,554430,"Wheeler, Zack",SB,2B,high,
0185f659-67b9-3177-84c1-6ff4c700ba12,HOME,59.69454907239691,3.8,185.0,111.0,R,0.57,19.71,9.0,PASS,1.24,PASS,670970,"Morejon, Adrian",SB,3B,low,release_to_wrist 0.57 outside -0.32
1a7ff0c4-0f08-327f-a358-ec20a42ced32,AWAY,59.695233755930964,11.399999999999999,179.0,107.0,R,0.28,26.38,9.0,PASS,1.206,cut_in_window,656457,"Gilbert, Tyler",CS,2B,high,
25dfce9f-c8f3-3679-89b7-2e35105469f7,HOME,59.7639009144088,3.9,180.0,121.0,R,0.12,23.15,9.0,PASS,0.987,PASS,624133,"Suarez, Ranger",CS,2B,high,
084aa89b-8bc7-32db-8c19-f8575b0d7570,HOME,59.669273108914986,3.8,179.0,124.0,L,0.14,19.5,8.0,PASS,0.922,PASS,641329,"Baker, Bryan",CS,3B,high,
45b7d9d5-3e64-3408-9ad7-dff2d1d43c26,HOME,59.7504,5.6,197.0,124.0,R,0.39,14.9,8.0,PASS,1.222,PASS,669461,"Liberatore, Matthew",SB,2B,low,release_to_wrist 0.39 outside -0.32
ac2180ba-512a-3ab5-9356-bdecd5dee144,HOME,59.72291057945739,3.9,179.0,126.0,L,0.18,12.01,9.0,PASS,0.887,PASS,655889,"Rodríguez, Manuel",SB,3B,high,
1f4d5bbc-49a0-3d76-8c2c-8d3668223a55,HOME,59.66437902097572,3.9,178.0,115.0,L,0.59,15.62,9.0,PASS,1.056,PASS,656876,"Rasmussen, Drew",CS,2B,low,release_to_wrist 0.59 outside -0.32
60a844b7-cba1-3c82-bd28-f82fd5b3d10b,HOME,59.679792127670545,3.8,180.0,108.0,L,0.38,20.13,5.0,PASS,1.206,PASS,666808,"Doval, Camilo",SB,3B,low,release_to_wrist 0.38 outside -0.32
2b399d39-abd3-306c-b4e4-21a8a4a1d550,HOME,59.69191501384551,5.5,178.0,120.0,L,0.13,16.45,9.0,PASS,0.972,PASS,668820,"Kranick, Max",SB,3B,high,
f9a34707-949c-3677-90ef-1c44eb010e9a,HOME,59.74940268835835,3.8,180.0,110.0,R,0.12,34.93,9.0,PASS,1.172,PASS,592662,"Ray, Robbie",SB,2B,high,
58284fbd-5b30-364c-b49c-df21ab48f5a1,HOME,59.6987734424541,3.9,178.0,125.0,L,0.16,6.94,9.0,PASS,0.888,PASS,669302,"Gilbert, Logan",SB,2B,high,
29550b3d-eb8d-3edb-a9a5-26d555625bd1,HOME,59.65408584090388,3.8,180.0,121.0,L,0.13,6.86,9.0,PASS,0.989,PASS,663372,"Feltner, Ryan",SB,2B,high,
ab083f98-8b13-35d0-a116-9f7824304886,AWAY,59.691371849776715,8.7,,,,,,,no_release,,no_release,673513,"Matsui, Yuki",SB,3B,not measured,no_release
fa4f5fb1-080c-3349-b7c4-d26d5c390039,HOME,59.74106733361721,3.7,177.0,119.0,L,0.26,20.25,9.0,PASS,0.971,PASS,607192,"Glasnow, Tyler",CS,2B,high,
a07e9f4c-0e4f-3690-80f8-ffa4378d7675,AWAY,59.68928952349681,9.8,177.0,110.0,R,0.18,32.21,9.0,PASS,1.122,release_not_at_hand,592662,"Ray, Robbie",SB,3B,high,
e6b6e13a-c268-3880-b903-4b700b081adf,HOME,59.69992751211551,3.8,180.0,117.0,R,0.11,23.23,9.0,PASS,1.055,PASS,663558,"Morán, Jovani",SB,2B,high,
0f305df0-0038-3895-85e0-d36ffd9e9edd,AWAY,59.76129910735146,9.1,,,,,,,no_release,,release_not_at_hand,703725,"Gastelum, Luis",SB,2B,not measured,no_release
5101171e-246c-3dfc-944e-0c7ef61a6669,AWAY,,4.3,,,,,,,no_clip,,cut_in_window,690925,"Beeter, Clayton",SB,2B,not measured,no_clip
305170fb-a32d-3db7-92e6-5482db11e049,HOME,59.69504106362999,3.9,183.0,127.0,L,0.13,14.6,7.0,PASS,0.938,PASS,605280,"Holmes, Clay",CS,2B,high,
98204073-6c67-3a45-88d9-98173543fb50,HOME,59.60678748257463,3.9,181.0,119.0,L,0.23,17.96,9.0,PASS,1.04,PASS,669923,"Kirby, George",CS,2B,high,
ba4afb05-1cd8-3d08-a45f-d92da239784a,AWAY,59.69189703859832,10.2,175.0,128.0,R,0.23,7.3,9.0,PASS,0.787,cut_in_window,700249,"Povich, Cade",SB,2B,high,
d482eaba-13fd-388f-bab4-3cdf6cbe9211,AWAY,59.674515513250384,10.399999999999999,181.0,133.0,L,0.3,11.0,9.0,PASS,0.804,cut_in_window,676604,"Zuber, Tyler",SB,2B,high,
38bacd34-faf9-3552-afd3-7a4d95af7147,AWAY,59.6961839142336,9.8,201.0,122.0,R,0.62,30.35,7.0,release_not_at_hand,,release_not_at_hand,806188,"Gibson, Cade",CS,2B,not measured,release_not_at_hand
fcb5240c-e4c7-35a1-a2ba-6d807bb460ac,HOME,59.75509464995737,3.8,175.0,104.0,R,0.2,22.78,6.0,PASS,1.188,PASS,664991,"Wolfram, Grant",CS,2B,high,
69cdac2f-7d6c-37e2-852d-0bb80cd1152d,AWAY,59.67501740254839,10.100000000000001,182.0,124.0,R,0.15,12.61,9.0,PASS,0.972,cut_in_window,695611,"Jump, Gage",SB,2B,high,
b1748bd9-43df-3b37-8fc8-3f193301917c,HOME,59.75992400472092,5.6,173.0,110.0,L,0.32,13.24,8.0,PASS,1.054,PASS,685299,"Gordon, Tanner",CS,2B,high,
07b12b44-5fe7-3852-a600-40dcefd42536,HOME,59.67032640263263,5.6,180.0,120.0,L,0.09,15.34,6.0,PASS,1.006,PASS,693821,"Elder, Bryce",SB,2B,high,
646aa868-d454-31a0-8e40-da4587e7ad83,AWAY,59.74730165225843,9.4,,,,,,,no_release,,cut_in_window,695549,"Jobe, Jackson",SB,2B,not measured,no_release
b5c72834-0c6d-34dd-aab9-5dd76ac396b8,HOME,59.64783360928693,5.5,185.0,123.0,L,0.22,16.81,8.0,PASS,1.039,PASS,687473,"Gusto, Ryan",CS,2B,high,
a4c675de-2e01-30d0-bab7-476634ef465f,HOME,59.68281051144707,3.8,172.0,101.0,R,0.12,24.61,9.0,PASS,1.19,PASS,642048,"Saucedo, Tayler",SB,2B,high,
d7045921-da74-38ae-b0a9-108bc8acdb8b,HOME,59.68428155521271,3.8,178.0,146.0,R,0.17,4.85,9.0,PASS,0.536,PASS,571510,"Boyd, Matthew",CS,3B,low,delivery_s 0.536 outside 0.7-1.31
82523877-bade-3035-8323-e5ecc0109b72,AWAY,59.72744097358533,9.6,185.0,121.0,L,0.69,21.01,8.0,release_not_at_hand,,release_not_at_hand,700363,"Smith-Shawver, AJ",SB,2B,not measured,release_not_at_hand
88d15151-80b2-3442-8cfd-eb628b6b85ed,HOME,59.64329277077191,3.8,175.0,101.0,R,0.1,27.47,9.0,PASS,1.241,PASS,641778,"Lauer, Eric",SB,2B,high,
92b7c8d3-0006-335c-b0da-714b84e36c55,HOME,59.67576910468963,3.9,180.0,120.0,L,0.27,21.37,7.0,PASS,1.005,PASS,666171,"Zeferjahn, Ryan",SB,2B,high,
4b0b7c65-379d-3bf1-b630-008f562a0c5b,AWAY,59.724564362001125,10.2,170.0,,,0.13,,3.0,cut_in_window,,not_cf_view,543037,"Cole, Gerrit",SB,2B,not measured,cut_in_window
5ceb21a7-c8d4-3f64-b282-1de3446d07e5,HOME,59.80920986914394,3.9,181.0,116.0,L,0.26,17.13,9.0,PASS,1.087,PASS,676534,"Faucher, Calvin",SB,2B,high,
c944aac2-a9c7-3237-8c76-b3291fe1c3be,HOME,59.70429070509469,3.8,170.0,106.0,L,0.12,20.52,9.0,PASS,1.072,PASS,543037,"Cole, Gerrit",SB,2B,high,
0bbf14c0-c2c8-3f4f-be3b-71c058b47ebc,AWAY,59.658152848046086,9.8,179.0,111.0,L,0.13,27.89,5.0,PASS,1.14,no_set_before_lift,681190,"Vásquez, Randy",CS,2B,high,
8a7a312c-808c-3d0a-9d1b-d551e0b11302,HOME,59.64613234241298,3.8,172.0,106.0,L,0.13,15.96,9.0,PASS,1.107,PASS,672629,"Carrillo, Gerardo",SB,2B,high,
c23ae45a-e19b-3714-a29a-9a4a5c313529,HOME,59.733713393451296,3.9,178.0,121.0,R,0.11,25.44,7.0,PASS,0.954,PASS,666157,"Lodolo, Nick",SB,2B,high,
3d3dff84-a9b7-3049-8e39-61583e12cf4b,AWAY,59.67155330477939,10.5,178.0,,,0.73,,9.0,cut_in_window,,cut_in_window,688642,"Agnos, Zach",CS,2B,not measured,cut_in_window
10c50032-9753-3195-8d7f-988cd67aeae0,HOME,59.610060988797095,3.9,182.0,120.0,L,0.35,24.08,8.0,PASS,1.04,PASS,680732,"Burke, Sean",SB,2B,low,release_to_wrist 0.35 outside -0.32
ef3bf615-bb48-3b30-a58e-bcd4e78323db,AWAY,59.64104104772396,7.9,180.0,,,0.12,,9.0,cut_in_window,,not_cf_view,700363,"Smith-Shawver, AJ",SB,2B,not measured,cut_in_window
4b453d16-cb8e-383d-9021-4b21a6df76bf,AWAY,59.69935191244095,11.5,184.0,123.0,L,0.88,10.18,8.0,release_not_at_hand,,release_not_at_hand,682825,"Mey, Luis",SB,2B,not measured,release_not_at_hand
c11ea76b-693f-3d22-9add-1286249b1d43,HOME,59.69967977988663,3.9,181.0,120.0,L,0.2,26.17,9.0,PASS,1.022,PASS,683000,"Cornelio, Riley",SB,2B,high,
3a887ae3-1599-3d9f-babd-a97e31d49259,AWAY,59.73082032131131,7.2,182.0,,,0.74,,9.0,cut_in_window,,not_cf_view,622088,"Antone, Tejay",CS,2B,not measured,cut_in_window
34e3ee4d-ab07-3edb-a41a-05d3d31b0776,AWAY,59.69177080832309,10.899999999999999,176.0,,,0.24,,9.0,cut_in_window,,cut_in_window,683000,"Cornelio, Riley",CS,2B,not measured,cut_in_window
171a5cd2-03ed-3391-ae10-7189a300f6a3,HOME,59.64258791184427,3.9,177.0,119.0,L,0.15,19.7,9.0,PASS,0.972,PASS,663436,"Martin, Davis",SB,2B,high,
512c34f6-384f-3763-9e03-50c9fc494b3d,HOME,59.639650200174394,3.9,180.0,111.0,R,0.12,26.39,9.0,PASS,1.157,PASS,676282,"Cantillo, Joey",SB,2B,high,
02be170a-5be2-3977-a360-aa7422d662fb,AWAY,59.67535107747162,9.7,,,,,,,no_release,,no_release,693313,"Seymour, Carson",SB,3B,not measured,no_release
70cff9de-c0c0-3b48-bc85-e04e44b026a1,AWAY,59.764600654564674,11.2,177.0,,,0.17,,9.0,cut_in_window,,cut_in_window,663776,"Sandoval, Patrick",SB,3B,not measured,cut_in_window
533d8dde-a072-30b7-acb9-10ec7f54cec0,AWAY,59.67284623773173,9.6,180.0,118.0,L,0.11,22.33,8.0,PASS,1.039,not_cf_view,643377,"Jax, Griffin",SB,2B,high,
e93a4839-bc86-3a7b-8d34-a4aac8af50ef,HOME,59.78084874044508,3.9,178.0,109.0,R,0.24,16.7,9.0,PASS,1.154,PASS,621345,"Minter, A.J.",SB,2B,high,
5a1d1ee1-d4f9-324f-a4dd-4d6f6ee4dbf7,HOME,59.72449010898356,3.8,178.0,111.0,L,0.17,15.17,9.0,PASS,1.122,PASS,691587,"Pérez, Eury",SB,2B,high,
cc9a2540-de38-3cfb-aa91-8af1854cac59,HOME,59.706761288594855,3.9,178.0,117.0,L,0.14,16.58,8.0,PASS,1.022,PASS,669713,"Wesneski, Hayden",SB,2B,high,
93a743b7-5797-3cb6-8399-922dea1db701,AWAY,59.72282889250685,8.6,,,,,,,no_release,,no_release,700669,"Graceffo, Gordon",SB,2B,not measured,no_release
143c5e17-bccb-3d5a-8ca8-67cd97b2c30f,HOME,59.649091381333236,3.9,188.0,136.0,R,0.13,3.86,8.0,PASS,0.872,PASS,695239,"Ahlstrom, Robby",SB,2B,low,lift_peak_in 3.86 outside 4.28-
3224e349-2dd5-365f-86ea-61899a64b26a,HOME,59.7411734404157,3.8,175.0,117.0,L,0.11,12.23,9.0,PASS,0.971,PASS,700669,"Graceffo, Gordon",SB,2B,high,
1219361b-d6da-34a5-b2dd-1d331884efb2,AWAY,59.67407024989466,9.9,179.0,,,0.17,,9.0,no_set_before_lift,,no_set_before_lift,674003,"Bradford, Cody",SB,2B,not measured,no_set_before_lift
0c4e24b6-5078-36cb-ad24-40f01ee5275d,AWAY,59.70180810057601,13.4,180.0,117.0,L,0.18,22.52,8.0,PASS,1.055,no_release,667297,"Nance, Tommy",SB,2B,high,
d2d506b5-323f-3b63-93a2-bb59424fbd80,HOME,59.64839205930781,3.9,177.0,126.0,L,0.18,7.71,9.0,PASS,0.855,PASS,691725,"Painter, Andrew",SB,2B,high,
e733dea2-82d8-3024-87d2-1b61d69baef2,HOME,59.771462056841486,4.0,170.0,120.0,L,0.3,3.13,9.0,PASS,0.837,PASS,681676,"Fernandez, Ryan",SB,2B,low,lift_peak_in 3.13 outside 4.28-
171ef1e0-8d85-3d7f-8dcd-f3557b2bbedb,HOME,59.78127927164685,3.9,180.0,114.0,L,0.15,12.2,5.0,PASS,1.104,PASS,691587,"Pérez, Eury",SB,2B,high,
211e3c48-7bb6-393a-a768-5215655a81ab,HOME,59.807901772452716,3.8,180.0,108.0,L,0.17,20.58,8.0,PASS,1.204,PASS,691587,"Pérez, Eury",SB,3B,high,
ba79a253-da75-3a3c-afd5-3b25a8684824,AWAY,59.72283728167646,25.400000000000002,182.0,115.0,L,0.43,18.71,9.0,PASS,1.122,cut_in_window,623454,"Anderson, Drew",CS,2B,low,release_to_wrist 0.43 outside -0.32
b6eb1c44-4605-33fa-8a74-38b33cdb6fe1,AWAY,59.7445291613031,22.4,181.0,111.0,R,0.33,14.99,9.0,PASS,1.172,cut_in_window,663556,"McClanahan, Shane",SB,2B,low,release_to_wrist 0.33 outside -0.32
7ac5f123-89cc-375c-966e-e9ac3cd0fc14,AWAY,59.71712938711367,21.3,177.0,118.0,L,0.21,10.73,8.0,PASS,0.988,not_cf_view,669199,"Bachar, Lake",CS,2B,high,
cc92b7f2-b237-3e2c-8f7d-93b1619d6e43,HOME,59.69870276702006,3.9,178.0,118.0,R,0.14,20.46,9.0,PASS,1.005,PASS,690978,"Fulton, Dax",SB,3B,high,
f5b2c76b-97c4-3b66-8600-bcc48aeca963,AWAY,59.559756842862775,12.2,,,,,,,no_release,,no_release,688297,"Roycroft, Chris",SB,2B,not measured,no_release
fb1e52bd-f862-303f-8359-05963d177b85,AWAY,59.67722284182607,13.0,190.0,,,0.67,,6.0,release_not_at_hand,,release_not_at_hand,665665,"Sanmartin, Reiver",SB,2B,not measured,release_not_at_hand
ce3297bb-ea3a-368a-8c7a-902862a1471e,AWAY,59.624771019328165,12.9,182.0,112.0,L,0.15,25.28,9.0,PASS,1.174,cut_in_window,686613,"Brown, Hunter",SB,2B,high,
a66a709c-3fe5-376c-9609-dd784657cd6c,AWAY,59.727667710044095,11.8,179.0,119.0,R,0.14,29.87,9.0,not_cf_view,,cut_in_window,665665,"Sanmartin, Reiver",SB,2B,not measured,not_cf_view
97e53e10-9205-32a9-ad56-8bdf361063e8,HOME,59.690280896138674,3.8,177.0,123.0,R,0.17,18.75,9.0,PASS,0.905,PASS,681911,"Vesia, Alex",CS,2B,high,
5c214730-f50b-3547-a14c-229f63dc650b,HOME,59.7631286215947,5.5,152.0,122.0,L,0.1,7.67,7.0,PASS,0.502,PASS,645261,"Alcantara, Sandy",CS,2B,low,delivery_s 0.502 outside 0.7-1.31
17865cb0-c6fc-39b6-a4f6-41301be2a453,HOME,59.63772448949003,3.9,173.0,107.0,L,0.17,27.88,9.0,PASS,1.107,PASS,665622,"Medina, Luis",SB,2B,high,
f24eb514-5b79-3070-9c63-d1509be55087,AWAY,59.71996180074515,10.600000000000001,177.0,,,0.22,,8.0,cut_in_window,,cut_in_window,676617,"O'Brien, Riley",SB,2B,not measured,cut_in_window
71986a3c-f982-330e-b897-0422e5081266,HOME,59.690159053608205,4.0,180.0,114.0,L,0.23,23.3,9.0,PASS,1.106,PASS,666974,"Cano, Yennier",SB,2B,high,
0d4001d8-4b06-396c-a6ce-5a0d9cf98bb7,HOME,59.76491075315629,4.1,179.0,123.0,L,0.26,21.12,9.0,PASS,0.937,PASS,694753,"Curtis, Khristian",SB,2B,high,
a3db14f4-693d-3bae-a465-9d42d35148b5,HOME,59.664720941658814,3.7,177.0,108.0,L,0.06,26.13,9.0,PASS,1.156,PASS,686613,"Brown, Hunter",SB,3B,high,
4ecd7c7f-6746-353e-ac6e-a01277c2dd76,HOME,59.605512795706325,3.9,176.0,115.0,L,0.15,27.09,9.0,PASS,1.023,PASS,678022,"Perkins, Jack",SB,2B,high,
0f3ba065-4cd8-383e-a2df-b1512ef88f07,HOME,59.669798800233586,3.8,178.0,120.0,L,0.18,22.45,9.0,PASS,0.972,PASS,621111,"Buehler, Walker",CS,2B,high,
df307377-e0cb-33ac-a581-fed8df3fe0c9,HOME,59.74192367529972,3.8,178.0,109.0,R,0.15,23.3,9.0,PASS,1.155,PASS,605483,"Snell, Blake",SB,2B,high,
39048fbd-949f-36df-b285-151d48601952,AWAY,59.695514114694205,9.7,181.0,106.0,R,0.72,21.88,9.0,release_not_at_hand,,release_not_at_hand,605483,"Snell, Blake",CS,3B,not measured,release_not_at_hand
bd5f6bbf-1368-3c2b-b0a5-f50e7286c3f4,AWAY,59.72364042401581,7.0,180.0,129.0,R,0.64,4.49,8.0,release_not_at_hand,,not_cf_view,605483,"Snell, Blake",SB,2B,not measured,release_not_at_hand
16636df9-328f-38c2-81be-3d2a4c01f069,AWAY,59.7171398144124,9.8,177.0,117.0,R,0.13,24.36,9.0,PASS,1.005,cut_in_window,683363,"Wilkinson, Matt",SB,2B,high,
521d3d81-dc53-3933-b856-e1ee1af64c12,HOME,59.68903468757886,3.8,176.0,124.0,L,0.24,7.73,9.0,PASS,0.871,PASS,669302,"Gilbert, Logan",SB,2B,high,
8d4d3a91-c272-387b-9c07-59e297926fbf,HOME,59.67439565860878,3.8,177.0,113.0,L,0.16,33.41,8.0,PASS,1.072,PASS,621111,"Buehler, Walker",CS,2B,high,
56e3b819-a6b0-32c8-a436-7e7a8d6efab7,AWAY,,3.9,,,,,,,no_clip,,no_set_before_lift,445276,"Jansen, Kenley",SB,3B,not measured,no_clip
8546656d-1e10-351a-87b3-89202406d828,HOME,59.75296477460675,3.8,175.0,129.0,L,0.13,12.44,9.0,PASS,0.77,PASS,667652,"Ralston, Jack",SB,2B,high,
91d34ff4-b83f-303c-87ac-474c72c12333,AWAY,59.68646782698485,9.5,,,,,,,no_release,,no_release,663372,"Feltner, Ryan",SB,2B,not measured,no_release
f4b9daf7-c2b1-3435-84e6-24de3f6fcf45,AWAY,,3.9,,,,,,,no_clip,,release_not_at_hand,445276,"Jansen, Kenley",SB,2B,not measured,no_clip
7240368f-32e7-3e92-8853-ddb90a3ec48e,HOME,59.6567161064541,3.8,178.0,111.0,R,0.26,24.84,9.0,PASS,1.123,PASS,675660,"Drohan, Shane",SB,2B,high,
d8674900-7960-3cb7-8776-bca5af097144,AWAY,59.72648055510731,9.8,180.0,128.0,L,0.11,12.91,7.0,PASS,0.871,no_set_before_lift,695076,"Lowder, Rhett",SB,2B,high,
5d06f7c8-2585-32d0-be8d-42d5f7bdf2d3,HOME,59.75548902195609,3.9,181.0,123.0,L,0.23,13.99,9.0,PASS,0.971,PASS,670062,"Garcia, Julian",SB,2B,high,
9cbd3003-d78d-3aca-8856-acd9818e56b6,AWAY,59.828545042060675,9.6,182.0,,,0.96,,9.0,release_not_at_hand,,release_not_at_hand,664299,"Javier, Cristian",SB,2B,not measured,release_not_at_hand
7478fe24-0161-3589-a1fb-53357b78358d,HOME,59.66460237982961,3.8,176.0,115.0,L,0.17,7.5,9.0,PASS,1.022,PASS,677944,"Cecconi, Slade",SB,2B,high,
1f165ea4-745e-3a93-b285-ffb177929773,HOME,59.80717836857253,3.8,176.0,109.0,L,0.14,20.46,7.0,PASS,1.12,PASS,641755,"Kinley, Tyler",SB,2B,high,
16091218-a26a-3976-9317-3b63d13ac1fa,HOME,59.7674642067839,3.9,183.0,122.0,R,0.1,17.35,9.0,PASS,1.021,PASS,696146,"Smith, Hagen",SB,2B,high,
09c402b5-3895-3bef-b52a-4a3c76d7dfdb,HOME,59.7161288434025,5.6,174.0,117.0,L,0.21,3.69,9.0,PASS,0.955,PASS,669467,"Pallante, Andre",SB,2B,low,lift_peak_in 3.69 outside 4.28-
4527de19-fa17-3ad0-aed3-b8d3b8bf9a1f,HOME,59.66072931927108,3.8,176.0,112.0,L,0.21,20.27,9.0,PASS,1.073,PASS,695243,"Miller, Mason",CS,3B,high,
9cb8440e-9ce0-36eb-9694-c2f2dad5204f,AWAY,59.681224856992515,13.8,176.0,,,0.16,,8.0,no_set_before_lift,,no_set_before_lift,663372,"Feltner, Ryan",SB,2B,not measured,no_set_before_lift
c50bb0e5-f923-3b29-a176-06faf2aca963,HOME,59.6567504792155,3.8,182.0,130.0,L,0.11,5.91,4.0,PASS,0.872,PASS,681217,"Silseth, Chase",SB,2B,low,ball_pts 4.0 outside 5-
5ae78ec6-4554-3b79-b75a-f7125ac8eb30,AWAY,59.70719859671217,11.4,179.0,,,0.33,,4.0,no_set_before_lift,,no_set_before_lift,605447,"Romano, Jordan",SB,2B,not measured,no_set_before_lift
457e6eab-6b2b-3c66-9e22-3d5f530ca868,HOME,59.711860218141986,3.8,179.0,110.0,R,0.12,26.24,9.0,PASS,1.156,PASS,683363,"Wilkinson, Matt",SB,2B,high,
79232534-1535-3e97-a64e-440c0cfb196d,HOME,59.76591682576575,3.8,174.0,111.0,L,0.16,27.5,9.0,PASS,1.054,PASS,669923,"Kirby, George",SB,2B,high,
67dde51a-f7a1-34d3-b5dc-a5abe97ec2a1,HOME,59.73732404833955,3.9,177.0,118.0,L,0.12,10.7,9.0,PASS,0.988,PASS,671737,"Bradley, Taj",SB,2B,high,
95ea3f6b-5e78-3091-a381-c8033fc2dcba,AWAY,59.67741536421285,12.100000000000001,183.0,117.0,L,0.54,15.54,5.0,PASS,1.106,release_not_at_hand,684665,"Murphy, Luke",CS,3B,low,release_to_wrist 0.54 outside -0.32
73e6464d-5624-3754-ac6a-7cc0848ea61f,HOME,59.66353316057771,3.9,177.0,121.0,L,0.2,17.07,9.0,PASS,0.939,PASS,607192,"Glasnow, Tyler",SB,2B,high,
2cfe4e1b-d393-3072-b282-80d0b7584075,HOME,59.69508474290111,3.9,183.0,124.0,R,0.34,24.1,7.0,PASS,0.988,PASS,802408,"Mautz, Brycen",SB,2B,low,release_to_wrist 0.34 outside -0.32
39c04625-f54d-3463-bf4a-f3219c003085,AWAY,59.68430718106426,5.9,,,,,,,no_release,,no_release,669461,"Liberatore, Matthew",SB,2B,not measured,no_release
dbad32b2-198a-3e91-8789-7da189ef4edc,AWAY,59.80494047244793,9.7,183.0,116.0,L,1.33,11.32,9.0,release_not_at_hand,,release_not_at_hand,669160,"May, Dustin",SB,2B,not measured,release_not_at_hand
127a34ce-712d-38aa-b250-2c1e8b3d1968,HOME,59.609517917958755,4.1,176.0,115.0,L,0.14,20.95,5.0,PASS,1.023,PASS,690279,"Adams, Mason",SB,2B,high,
2b763ca0-36e3-3db3-860a-f863585aaf76,HOME,59.785278226089396,4.0,180.0,118.0,R,0.11,20.87,9.0,PASS,1.037,PASS,607074,"Rodón, Carlos",SB,2B,high,
16fecc26-87cb-3b74-ae69-d4459b6d8d6c,HOME,59.75075691118795,4.0,182.0,117.0,L,0.31,21.81,8.0,PASS,1.088,PASS,518886,"Kimbrel, Craig",SB,2B,high,
84ecf3b7-9a4b-3fb3-a65d-77b13483317d,AWAY,59.68428820156168,9.8,185.0,,,0.76,,8.0,not_cf_view,,not_cf_view,684665,"Murphy, Luke",SB,2B,not measured,not_cf_view
2a6d86ae-94ae-316d-a087-be50e5ac0671,HOME,59.64595340251937,3.9,179.0,125.0,L,0.16,9.19,9.0,PASS,0.905,PASS,606965,"Devenski, Chris",CS,2B,high,
6f67184a-52fa-3ae9-9ec0-68e9998dddae,HOME,59.650775868145075,3.9,177.0,121.0,L,0.19,20.24,9.0,PASS,0.939,PASS,607192,"Glasnow, Tyler",SB,2B,high,
856df45b-59a2-3423-a9fa-e6d2a468bf3c,AWAY,59.70285297602771,9.6,178.0,116.0,L,0.28,17.53,9.0,not_cf_view,,not_cf_view,687473,"Gusto, Ryan",CS,3B,not measured,not_cf_view
96d753ca-9893-3aab-89e0-e0fb92bc5847,HOME,59.662642850353514,3.9,177.0,119.0,L,0.47,17.72,9.0,PASS,0.972,PASS,607192,"Glasnow, Tyler",SB,3B,low,release_to_wrist 0.47 outside -0.32
4b9998c6-bdb0-3fb9-b325-31227910d87f,AWAY,59.761543577763724,9.6,176.0,112.0,R,0.18,25.25,9.0,PASS,1.071,cut_in_window,641302,"Alexander, Tyler",SB,3B,high,
7b37b82e-a852-34da-ab77-37abf3c1bf3e,AWAY,59.72535741158766,9.3,177.0,116.0,L,0.16,22.82,9.0,PASS,1.021,no_release,543243,"Gray, Sonny",SB,2B,high,
cb2ec84a-8cf3-3769-abb0-bb53753bebd8,AWAY,59.73660751210815,9.6,174.0,119.0,R,0.2,22.55,7.0,PASS,0.921,not_cf_view,690986,"Harrison, Kyle",SB,3B,high,
eca27dc1-5971-39e0-9b73-d229569249f3,AWAY,59.65218797597475,10.4,176.0,115.0,R,0.14,22.23,9.0,PASS,1.023,cut_in_window,670970,"Morejon, Adrian",CS,2B,high,
8627786e-0083-3477-90b3-a84e8d91e796,AWAY,59.625545528398966,9.8,176.0,117.0,L,0.27,13.62,8.0,PASS,0.99,release_not_at_hand,605280,"Holmes, Clay",SB,3B,high,
83e96e80-a2a9-3f1a-b9f7-123fcf8938c6,HOME,59.70309810671257,3.8,176.0,119.0,R,0.2,23.57,7.0,PASS,0.955,PASS,690986,"Harrison, Kyle",SB,2B,high,
91d81bd1-a5bb-3391-a15c-8e4827e4229d,HOME,59.75597976157564,3.9,177.0,129.0,R,0.19,7.12,9.0,PASS,0.803,PASS,702885,"Perdomo, Cesar",CS,2B,high,
e38e6d61-27ec-3754-b90f-486d485cc03c,AWAY,59.67987888495168,12.5,238.0,,,1.36,,9.0,not_cf_view,,no_release,668909,"Williams, Gavin",SB,2B,not measured,not_cf_view
5c4b9eec-283c-3cb6-b6fd-c5af7d064c35,AWAY,59.719319199761124,10.600000000000001,182.0,117.0,L,0.72,14.0,8.0,release_not_at_hand,,cut_in_window,605280,"Holmes, Clay",SB,2B,not measured,release_not_at_hand
af862a3b-9d48-33d2-a9d8-1bceb4b846a2,HOME,59.75855791436066,3.9,178.0,116.0,L,0.16,28.9,9.0,PASS,1.038,PASS,668909,"Williams, Gavin",CS,2B,high,
6867adda-0302-34ce-b9b5-e9136878012a,HOME,59.7574520043322,3.9,175.0,111.0,R,0.14,25.17,8.0,PASS,1.071,PASS,641302,"Alexander, Tyler",SB,2B,high,
51f6da10-c798-3a89-897d-38439a758047,HOME,59.75658702603179,3.8,182.0,114.0,R,0.15,14.42,6.0,PASS,1.138,PASS,593958,"Rodriguez, Eduardo",SB,2B,high,
11ce034d-6c2c-34ff-84d4-89b9c022de06,HOME,59.75377650190643,4.0,203.0,143.0,L,0.14,13.66,7.0,PASS,1.004,PASS,641927,"Ober, Bailey",SB,2B,high,
d7ce769b-be21-37c7-a5be-43c926935059,AWAY,59.70682979303391,8.7,,,,,,,no_release,,no_release,693433,"Woo, Bryan",SB,2B,not measured,no_release
d34574e2-f236-3b27-be54-6f15b682e74f,AWAY,59.67693412820717,9.7,172.0,117.0,L,0.21,10.83,8.0,PASS,0.922,cut_in_window,641755,"Kinley, Tyler",CS,2B,high,
15618d20-84cb-3e89-b994-0c52ebb589bb,HOME,59.68391177725426,3.9,178.0,124.0,R,0.21,26.16,9.0,PASS,0.905,PASS,687570,"Prielipp, Connor",SB,2B,high,
ba18ca43-6d78-3eb0-8551-ce6f938eed3f,HOME,59.70697315756619,3.8,181.0,111.0,L,0.19,25.52,9.0,PASS,1.172,PASS,656302,"Cease, Dylan",SB,2B,high,
a7f5a4da-d55e-363c-ab28-1ce75d8717f2,HOME,59.67256592033458,3.9,179.0,113.0,L,0.16,23.82,9.0,PASS,1.106,PASS,656302,"Cease, Dylan",SB,3B,high,
da3bef05-4a60-3940-bf48-c30247f338e5,HOME,59.67209176626029,5.5,179.0,119.0,R,0.13,28.13,8.0,PASS,1.005,PASS,806188,"Gibson, Cade",SB,2B,high,
5dc46ced-4c0a-39da-895a-01fefcce9e34,AWAY,59.690867628868716,9.8,189.0,,,0.43,,9.0,no_set_before_lift,,no_set_before_lift,682227,"Williamson, Brandon",SB,2B,not measured,no_set_before_lift
fd5c2157-cc2f-35cf-baea-711491bb0322,AWAY,59.633402600185526,13.399999999999999,178.0,116.0,R,0.1,4.52,8.0,cut_in_window,,cut_in_window,676879,"Ashby, Aaron",SB,2B,not measured,cut_in_window
a19d3273-c6e8-3478-87a4-7622bde16b1a,HOME,59.68951823177825,3.8,177.0,105.0,L,0.2,27.38,9.0,PASS,1.206,PASS,656302,"Cease, Dylan",SB,3B,high,
d55e2292-b7ea-3999-81a9-f6036e33d941,AWAY,59.65475398285513,6.300000000000001,,,,,,,not_cf_view,,cut_in_window,688107,"Gasser, Robert",SB,2B,not measured,not_cf_view
5e1d8b27-c787-3e18-aa3f-629f73cff0b7,HOME,59.659563457593286,3.9,175.0,119.0,L,0.21,15.47,9.0,PASS,0.939,PASS,656302,"Cease, Dylan",SB,2B,high,
01681f48-10e2-31ed-8182-1d68fbdc0542,AWAY,59.69663457448579,8.7,,,,,,,no_release,,no_release,656302,"Cease, Dylan",SB,2B,not measured,no_release
527d7405-d743-3d8b-85dc-224a4e4dfee8,HOME,59.64454690262554,3.8,173.0,116.0,L,0.26,13.17,7.0,PASS,0.956,PASS,678394,"Bello, Brayan",SB,2B,high,
65524198-c516-3169-87b1-61a66e1222e8,AWAY,59.76314947188734,13.0,239.0,,,1.42,,9.0,cut_in_window,,no_release,666171,"Zeferjahn, Ryan",SB,2B,not measured,cut_in_window
9531f805-0528-3928-a0ca-be7fdf44c471,HOME,59.79743618492357,3.8,176.0,103.0,R,0.19,17.33,9.0,PASS,1.221,PASS,682227,"Williamson, Brandon",SB,2B,high,
232d6305-816c-3e44-9c5c-73629afa14eb,HOME,59.71917767640263,3.9,181.0,125.0,L,0.13,18.14,9.0,PASS,0.938,PASS,675512,"Melton, Troy",SB,3B,high,
ff7683f3-3817-3f94-8009-d04c35a8689f,AWAY,59.67865910521748,9.6,,,,,,,no_release,,no_release,679885,"Martinez, Justin",SB,2B,not measured,no_release
f058b985-7e7b-308f-9152-ea2e2baee397,HOME,59.68698450245284,3.9,174.0,118.0,R,0.12,4.43,9.0,PASS,0.938,PASS,656945,"Scott, Tanner",SB,2B,high,
1d0e64bd-57a8-3ce7-8b86-9ee94736d791,AWAY,59.796080034753274,8.2,179.0,111.0,R,0.15,17.39,9.0,PASS,1.137,no_release,621345,"Minter, A.J.",SB,2B,high,
234e0a96-4f42-38d6-99ab-67e656e17644,HOME,59.77549965016883,3.9,177.0,118.0,L,0.15,21.17,6.0,PASS,0.987,PASS,700363,"Smith-Shawver, AJ",SB,2B,high,
f31dcd0d-a6b9-3111-b112-32bb0152e680,HOME,59.65123271196632,3.9,176.0,116.0,L,0.14,19.2,9.0,PASS,1.006,PASS,700363,"Smith-Shawver, AJ",SB,2B,high,
14d10f2c-d0a2-3355-bf71-9e1d0e077b93,HOME,59.77544358360426,3.8,175.0,116.0,R,0.14,13.82,9.0,PASS,0.987,PASS,669373,"Skubal, Tarik",SB,2B,high,
26ce9339-1dbe-3c8c-a6ce-defa92117507,HOME,59.783799876871704,3.9,174.0,128.0,L,0.07,3.12,7.0,PASS,0.769,PASS,669270,"Kuhnel, Joel",SB,2B,low,lift_peak_in 3.12 outside 4.28-
818c9bd8-b059-364f-a9fb-d11cb472e94f,HOME,59.736988383301785,3.9,174.0,116.0,L,0.11,18.08,5.0,PASS,0.971,PASS,645261,"Alcantara, Sandy",SB,2B,high,
62b2db33-de68-3321-a1b0-71ac5c1dc270,AWAY,59.66721773033239,9.8,184.0,119.0,R,0.14,20.55,6.0,PASS,1.089,no_set_before_lift,623352,"Hader, Josh",SB,3B,high,
35b7d065-bd3f-3a17-a535-8f32e514bfe5,HOME,59.7882731479721,3.9,176.0,132.0,R,0.12,3.91,9.0,PASS,0.736,PASS,686796,"Walston, Blake",SB,2B,low,lift_peak_in 3.91 outside 4.28-
e59c33d2-ce7e-3233-b9c6-da9657551946,AWAY,59.692212031711485,11.7,142.0,115.0,L,0.09,3.07,9.0,PASS,0.452,no_release,682243,"Miller, Bryce",SB,2B,low,lift_peak_in 3.07 outside 4.28-; delivery_s 0.452 outside 0.7-1.31
b133ab68-63c3-3abe-8c2b-48fd90dba3da,HOME,59.74860492644157,4.0,182.0,120.0,R,0.14,20.22,9.0,PASS,1.038,PASS,805326,"Schweitzer, Tyler",CS,2B,high,
a3312116-4e59-3d06-98a5-772ab90ca027,HOME,59.6779320221569,4.1,177.0,122.0,L,0.17,13.21,9.0,PASS,0.922,PASS,682825,"Mey, Luis",CS,2B,high,
3cc7d012-80eb-3b8c-bb01-d9406699fc11,AWAY,59.751955616345725,8.5,,,,,,,no_release,,no_release,682243,"Miller, Bryce",SB,2B,not measured,no_release
a39fdc68-bcf5-338a-b018-e4779f15e799,AWAY,59.735087871179985,5.8999999999999995,,,,,,,not_cf_view,,no_release,694819,"Misiorowski, Jacob",SB,2B,not measured,not_cf_view
dcd5bf5b-9e32-30d9-9d27-87d45e34dd77,AWAY,59.682203159090825,8.8,,,,,,,no_release,,no_release,669467,"Pallante, Andre",CS,2B,not measured,no_release
bd9b8b4c-8289-374a-bbaa-7f16195d94ae,HOME,59.770834389387595,4.0,182.0,120.0,L,0.15,31.56,8.0,PASS,1.037,PASS,592332,"Gausman, Kevin",SB,2B,high,
2b85bbd0-9561-3cee-b660-b5c0995aeec7,AWAY,59.59779764064459,9.9,182.0,131.0,L,0.12,6.61,9.0,PASS,0.856,cut_in_window,625643,"López, Reynaldo",SB,2B,high,
7c823fad-2935-317a-b0bc-ee528af2e3e8,AWAY,59.80668840569114,7.0,178.0,115.0,L,0.2,23.65,8.0,PASS,1.053,not_cf_view,592332,"Gausman, Kevin",SB,2B,high,
e9576ca9-b4aa-38b3-97a2-1d8d351d8462,HOME,59.61330207227193,3.8,182.0,120.0,L,0.12,20.22,8.0,PASS,1.04,PASS,625643,"López, Reynaldo",SB,3B,high,
21ad27f0-a728-3ed8-865d-055669433fca,HOME,59.704897198176035,3.9,182.0,116.0,L,0.32,23.18,9.0,PASS,1.105,PASS,682982,"Espino, Daniel",SB,2B,high,
73e22745-671e-327a-b8ed-ed237a61799f,HOME,59.781314989373634,4.0,177.0,123.0,R,0.28,6.89,8.0,PASS,0.903,PASS,683363,"Wilkinson, Matt",SB,2B,high,
8cddfb47-bd7f-3e9c-81a1-c3a7af2342b7,HOME,59.69310103244028,4.0,184.0,120.0,L,0.6,16.08,9.0,PASS,1.072,PASS,681544,"Olds, Wyatt",CS,3B,low,release_to_wrist 0.6 outside -0.32
182feca7-1d8e-3e65-8622-fc4e8307cd99,AWAY,59.76595012150404,10.2,181.0,,,0.14,,9.0,no_set_before_lift,,no_set_before_lift,686613,"Brown, Hunter",CS,2B,not measured,no_set_before_lift
d15e3e35-1e2d-3153-af0c-2788f3c9607c,HOME,59.691792712348764,4.0,176.0,106.0,R,0.25,28.61,8.0,PASS,1.173,PASS,677865,"Bruihl, Justin",SB,2B,high,
0d919ece-fa08-3480-9d70-eef667f34d0d,HOME,59.66331834306173,4.0,179.0,125.0,L,0.16,10.4,9.0,PASS,0.905,PASS,667297,"Nance, Tommy",SB,2B,high,
07f02e4e-36fd-3423-b80e-09cd0c53ccca,HOME,59.70609642344426,3.9,182.0,122.0,L,0.15,15.94,2.0,PASS,1.005,PASS,571882,"Law, Derek",CS,2B,low,ball_pts 2.0 outside 5-
94d9ce44-55c4-36d2-84e2-c75fdad48c04,AWAY,59.72885677249322,10.2,182.0,121.0,L,0.23,25.73,9.0,PASS,1.021,cut_in_window,621111,"Buehler, Walker",SB,2B,high,
96bdd9db-57df-35a2-89d2-8b8570a1b068,HOME,59.70653915004853,3.9,177.0,110.0,R,0.15,23.47,9.0,PASS,1.122,PASS,669684,"Murphy, Chris",SB,2B,high,
c5302496-015a-3cd8-a285-b9d59cb3818f,HOME,59.70872133281369,3.8,178.0,118.0,L,0.31,18.94,9.0,PASS,1.005,PASS,663436,"Martin, Davis",SB,2B,high,
64d8cf45-cda9-353c-8300-d785f0f7ccc4,HOME,59.68049102973107,3.8,181.0,121.0,L,0.18,23.59,9.0,PASS,1.005,PASS,643377,"Jax, Griffin",CS,2B,high,
1459ebf6-ea46-3ed7-9105-fe1c60ea6397,AWAY,59.65013865726174,12.5,179.0,116.0,L,0.16,14.9,5.0,PASS,1.056,cut_in_window,676083,"Junk, Janson",SB,2B,high,
23cf8899-50b9-3668-a5f3-ecbcf2876a2f,HOME,59.74603950142594,3.8,180.0,107.0,L,0.24,18.88,8.0,PASS,1.222,PASS,668678,"Gallen, Zac",SB,3B,high,
3a19de6c-c0cb-385d-8478-71540f184654,HOME,59.68102808922239,3.9,181.0,123.0,L,0.2,17.77,9.0,PASS,0.972,PASS,670950,"Richards, Trevor",SB,2B,high,
1072c15a-9201-385d-a917-431a82a9e027,HOME,59.73381404441115,3.9,183.0,121.0,L,0.19,28.93,8.0,PASS,1.038,PASS,667297,"Nance, Tommy",SB,2B,high,
01c36752-d3c9-3bf2-b3d7-2df85fa1ed32,AWAY,59.63668803669474,11.100000000000001,,,,,,,no_release,,not_cf_view,607200,"Fedde, Erick",SB,2B,not measured,no_release
f2cc80e6-b473-3b2d-906a-7485dd634d97,HOME,59.78094419740244,3.9,181.0,109.0,L,0.18,31.4,9.0,PASS,1.204,PASS,662253,"Muñoz, Andrés",SB,2B,high,
65ce8daf-e15c-38f2-afca-a1b15ef6347b,HOME,59.75629949253412,3.8,177.0,113.0,L,0.07,15.04,9.0,PASS,1.071,PASS,669302,"Gilbert, Logan",SB,2B,high,
8b717512-2656-3e6a-a2ed-7afa7472af71,AWAY,59.61609476502005,10.0,188.0,106.0,L,1.04,27.09,9.0,release_not_at_hand,,release_not_at_hand,663372,"Feltner, Ryan",SB,3B,not measured,release_not_at_hand
2fc99f0d-3f10-3e4c-9d77-b98162b3555f,HOME,59.730378739482354,3.8,177.0,110.0,R,0.12,23.38,9.0,PASS,1.122,PASS,642100,"Speier, Gabe",SB,2B,high,
0cc04429-607c-30e5-861b-d6bf50767963,AWAY,59.77391634362547,7.8,179.0,,,0.25,,9.0,cut_in_window,,not_cf_view,683003,"Jones, Jared",SB,2B,not measured,cut_in_window
cfa1f206-a9c8-370a-a4b2-e303959df384,HOME,59.68147935954556,3.9,185.0,134.0,L,0.12,11.14,8.0,PASS,0.855,PASS,688642,"Agnos, Zach",SB,3B,high,
0b9d2380-3922-3888-bda5-1739be7e2223,HOME,59.66108238258272,4.0,178.0,117.0,L,0.22,12.72,9.0,PASS,1.022,PASS,607200,"Fedde, Erick",SB,2B,high,
d3b8dfa9-404f-32a7-b4fe-3358ee9d678e,HOME,59.7173909425295,3.9,179.0,128.0,L,0.14,3.25,9.0,PASS,0.854,PASS,814490,"Pecko, Ethan",CS,2B,low,lift_peak_in 3.25 outside 4.28-
b905d182-6ac6-300e-a739-b4efc8a40c4a,HOME,59.73655508012417,3.9,174.0,109.0,R,0.14,20.7,9.0,PASS,1.088,PASS,605488,"Springs, Jeffrey",SB,2B,high,
91492d13-c6c8-3049-8562-a38442cd08b3,AWAY,,3.8,,,,,,,no_clip,,no_set_before_lift,592662,"Ray, Robbie",SB,2B,not measured,no_clip
21295a78-d46a-3f8b-96f6-8ad749abde63,HOME,59.754859576916196,3.9,183.0,123.0,L,0.31,18.28,5.0,PASS,1.004,PASS,693308,"Frasso, Nick",SB,2B,high,
4411654b-9cba-3f24-bdea-eaac949bb5fb,AWAY,59.7344336623925,10.1,247.0,,,2.57,,9.0,not_cf_view,,not_cf_view,814490,"Pecko, Ethan",SB,2B,not measured,not_cf_view
1140e2a2-ce4c-3ee2-b2a3-3f61f8fe69f4,HOME,59.69149278193832,3.8,178.0,125.0,L,0.22,9.0,9.0,PASS,0.888,PASS,814490,"Pecko, Ethan",SB,2B,high,
13200bf6-dd93-3a55-9188-35ba263da340,HOME,59.785854002655704,3.9,189.0,121.0,R,0.54,21.22,9.0,PASS,1.137,PASS,669461,"Liberatore, Matthew",CS,2B,low,release_to_wrist 0.54 outside -0.32
9082f301-070d-3ac1-8a32-937be074e5d1,HOME,59.70414266848665,3.8,178.0,124.0,R,0.17,9.38,9.0,PASS,0.904,PASS,605483,"Snell, Blake",CS,2B,high,
597f7135-2900-3c93-801a-12af3c785a79,AWAY,59.789904917442875,9.5,187.0,116.0,R,0.78,18.31,8.0,release_not_at_hand,,cut_in_window,702021,"Dion, Will",CS,3B,not measured,release_not_at_hand
37669697-3886-3c5b-a5ac-4826a3287194,HOME,59.66035090396639,3.9,204.0,133.0,R,0.54,24.75,8.0,PASS,1.19,PASS,579328,"Kikuchi, Yusei",SB,2B,low,release_to_wrist 0.54 outside -0.32
2bec6997-eb78-3534-9980-e27a7c463345,HOME,59.696419277057245,3.8,177.0,115.0,R,0.11,21.9,9.0,PASS,1.039,PASS,579328,"Kikuchi, Yusei",SB,2B,high,
9880626f-8d9c-3eca-a31b-afec61a91049,HOME,59.72414834477086,3.8,179.0,129.0,L,0.11,18.82,9.0,PASS,0.837,PASS,669711,"Weissert, Greg",CS,2B,high,
7740bd43-3559-3231-abd6-409faf7fc29c,AWAY,,3.8,,,,,,,no_clip,,not_cf_view,805074,"Marte, Yunior",SB,2B,not measured,no_clip
3b87c699-0819-3c05-99ff-4fc4727ae258,AWAY,59.72681292258297,6.1000000000000005,,,,,,,not_cf_view,,cut_in_window,687473,"Gusto, Ryan",CS,2B,not measured,not_cf_view
f90f1314-4fb7-3e94-8a7e-489c33f1b3dc,HOME,59.73501629449983,5.5,180.0,118.0,R,0.15,18.41,9.0,PASS,1.038,PASS,684007,"Imanaga, Shota",CS,2B,high,
b4b7ef19-65ab-31eb-a2dc-c5b26bfe4f8f,HOME,59.692310649934875,3.9,183.0,126.0,L,0.17,13.17,5.0,PASS,0.955,PASS,700669,"Graceffo, Gordon",SB,2B,high,
a4dc46c8-ca4d-3a25-9494-33cee87656a5,HOME,59.74592892849599,3.8,158.0,117.0,R,0.46,24.25,9.0,PASS,0.686,PASS,663558,"Morán, Jovani",SB,2B,low,release_to_wrist 0.46 outside -0.32; delivery_s 0.686 outside 0.7-1.31
0500e617-22ee-3c33-ba0b-e4a8e0b83244,AWAY,59.74672698578205,4.199999999999999,,,,,,,not_cf_view,,no_release,669330,"Wells, Tyler",CS,2B,not measured,not_cf_view
1166196d-6c34-3574-9389-624d298f16dd,AWAY,59.724453091419136,9.5,175.0,105.0,R,0.12,21.28,9.0,PASS,1.172,no_set_before_lift,605488,"Springs, Jeffrey",SB,2B,high,
17f6e494-def3-3158-8cf0-ff1f20745516,HOME,59.75665137255516,4.0,181.0,121.0,L,0.16,15.75,9.0,PASS,1.004,PASS,453286,"Scherzer, Max",SB,2B,high,
c91caaa1-27b8-36aa-825b-e17ba7753e41,HOME,59.70860161094147,4.0,175.0,121.0,L,0.16,17.12,9.0,PASS,0.904,PASS,669923,"Kirby, George",CS,2B,high,
e5ed99b9-fbe8-3b2f-a986-2ec6b0462e70,HOME,59.7001807955002,3.9,175.0,117.0,L,0.16,17.09,9.0,PASS,0.972,PASS,669923,"Kirby, George",SB,2B,high,
5c490df1-cf38-365e-8aa1-d454619a6f1b,AWAY,59.705779035213475,7.9,181.0,124.0,L,0.21,13.26,9.0,cut_in_window,,not_cf_view,676917,"Cavalli, Cade",SB,2B,not measured,cut_in_window
59c9ae7a-877f-3090-9468-784f8ae8c249,HOME,59.68218364661632,4.0,181.0,114.0,L,0.55,20.06,8.0,PASS,1.123,PASS,623465,"Phillips, Evan",SB,2B,low,release_to_wrist 0.55 outside -0.32
bbdcaa80-b477-30f8-b9c2-f919b58a1ce0,HOME,59.71447738040334,3.9,178.0,117.0,L,0.14,25.21,9.0,PASS,1.022,PASS,543243,"Gray, Sonny",SB,2B,high,
7222accc-0375-36ff-a963-bf2001c1189a,AWAY,59.7195904547398,9.5,183.0,119.0,L,0.13,21.83,9.0,PASS,1.072,not_cf_view,693308,"Frasso, Nick",SB,2B,high,
ec312851-e82b-3a97-a5c1-5d24d881bcdd,HOME,59.661354815809084,3.9,181.0,119.0,L,0.11,22.34,8.0,PASS,1.039,PASS,607625,"Lugo, Seth",SB,2B,high,
91ca06b2-c7e5-3460-abdd-341eb723ab3d,AWAY,59.76419958433233,12.399999999999999,180.0,122.0,L,0.13,20.58,6.0,PASS,0.97,not_cf_view,663567,"Lambert, Peter",CS,2B,high,
b851d06c-127a-33e3-b246-0a4f5e12eb03,HOME,59.7075436058565,3.9,178.0,125.0,L,0.2,19.53,9.0,PASS,0.888,PASS,820862,"Fermin, José",SB,3B,high,
ba34f37d-5b0d-3e10-9af4-aabcb5d5ff4d,AWAY,59.704933420059966,2.9000000000000004,,,,,,,not_cf_view,,not_cf_view,666277,"Soriano, George",SB,2B,not measured,not_cf_view
3fb653bd-ebfb-3652-a251-e934226f3f14,AWAY,59.70825312181513,9.3,180.0,122.0,L,0.12,20.32,7.0,PASS,0.971,no_release,677976,"Dobnak, Randy",CS,2B,high,
4d5cdc1e-9093-3b23-a4de-d4b70e175bcb,HOME,59.77413880564804,3.9,177.0,120.0,L,0.23,18.07,7.0,PASS,0.954,PASS,690829,"Joyce, Ben",SB,2B,high,
01284b6a-55f6-3577-8fcd-d5531471ba97,HOME,59.74603007676938,4.0,180.0,120.0,L,0.18,14.22,9.0,PASS,1.004,PASS,685299,"Gordon, Tanner",SB,2B,high,
6622fb62-e4cd-3ea5-a42f-9e2461860d3f,AWAY,59.67730052309732,8.8,,,,,,,no_release,,no_release,676604,"Zuber, Tyler",SB,2B,not measured,no_release
484ac434-077c-3c0a-b2ae-d992d1932f9f,HOME,59.6840390755808,4.0,178.0,125.0,L,0.2,10.48,8.0,PASS,0.888,PASS,663903,"Singer, Brady",SB,2B,high,
23515286-2c25-3600-8ffd-985650c3f551,AWAY,59.749093507662174,10.0,181.0,118.0,R,0.2,25.97,9.0,PASS,1.054,no_release,624133,"Suarez, Ranger",SB,2B,high,
18707d5d-11b7-328f-811c-389b55a3fcbd,AWAY,59.69248125933728,11.399999999999999,179.0,118.0,L,0.19,20.5,6.0,cut_in_window,,release_not_at_hand,671345,"Foley, Jason",SB,2B,not measured,cut_in_window
bdbfbc18-120d-3764-b453-8b3f9505a146,AWAY,59.714884448510965,2.9000000000000004,,,,,,,not_cf_view,,not_cf_view,676617,"O'Brien, Riley",SB,2B,not measured,not_cf_view
346edabb-89c5-3141-b9d3-a9ee984e6dce,HOME,59.66838294144709,4.0,182.0,106.0,L,0.39,18.27,5.0,PASS,1.274,PASS,676534,"Faucher, Calvin",SB,2B,low,release_to_wrist 0.39 outside -0.32
30d4a1a6-819a-3f5a-acbc-99f086a8ae58,HOME,59.76464514391214,4.0,178.0,112.0,L,0.09,25.03,9.0,PASS,1.104,PASS,694297,"Pfaadt, Brandon",SB,2B,high,
0eaa44cf-597c-30b6-b428-7f439a99412b,HOME,59.73142042165017,3.9,180.0,133.0,L,0.17,5.67,9.0,PASS,0.787,PASS,700712,"Ureña, Walbert",CS,2B,high,
2f03b763-2de2-348b-8b96-22e6457c366e,AWAY,59.71664333778763,7.800000000000001,179.0,,,0.14,,9.0,cut_in_window,,not_cf_view,657746,"Ryan, Joe",SB,2B,not measured,cut_in_window
edf594d4-2675-35b1-b7ad-fb82f5061358,HOME,59.74043809654604,3.9,180.0,123.0,L,0.15,9.71,9.0,PASS,0.954,PASS,657277,"Webb, Logan",SB,2B,high,
4bcc0fd3-dd32-3a31-bfaa-64bb28c6f5d7,HOME,59.73067309037691,4.0,177.0,106.0,R,0.14,31.36,9.0,PASS,1.189,PASS,606996,"Hart, Kyle",SB,3B,high,
2092353c-bf2f-3577-8de9-9c50d7a62879,HOME,59.69281822860287,3.9,179.0,99.0,R,0.19,29.64,9.0,PASS,1.34,PASS,606996,"Hart, Kyle",SB,2B,low,delivery_s 1.34 outside 0.7-1.31
60e9b180-4327-32ca-a139-e1b47290970b,HOME,59.7223716776068,4.0,178.0,121.0,L,0.21,11.67,9.0,PASS,0.954,PASS,657277,"Webb, Logan",SB,2B,high,
6c1626c4-4daf-3aa7-9109-6f77a7dfd9d7,AWAY,59.66226768517951,8.1,180.0,118.0,L,0.11,34.32,9.0,PASS,1.039,no_release,695505,"Burns, Chase",CS,2B,high,
6b0e06e8-5693-3477-bfa7-d70e6dac0e0a,AWAY,59.740576091590036,9.7,183.0,116.0,R,0.08,24.55,9.0,PASS,1.122,cut_in_window,669432,"Rogers, Trevor",SB,2B,high,
9c0670c6-f311-36db-a8b3-34d5ef08ec2d,HOME,59.69159343392472,3.9,175.0,125.0,L,0.2,21.04,9.0,PASS,0.838,PASS,687312,"Hughes, Gabriel",SB,2B,high,
d1b4da23-a3ec-3442-a1ac-9731bc2210c0,AWAY,59.69517660120246,8.7,,,,,,,no_release,,no_release,680767,"Vodnik, Victor",SB,2B,not measured,no_release
2912e900-7cc9-3573-8a8d-0c647f03ffa3,HOME,59.72382129282025,3.9,179.0,115.0,L,0.11,27.22,9.0,PASS,1.072,PASS,518886,"Kimbrel, Craig",SB,2B,high,
14c6d4c9-eddb-37b9-a118-9fa5b3c63a38,HOME,59.58386779511043,4.0,179.0,114.0,R,0.07,29.04,9.0,PASS,1.091,PASS,671111,"Peralta, Sammy",SB,3B,high,
cab731a0-fb13-3b28-9c8a-4181657aa53c,AWAY,59.66907935778739,12.200000000000001,184.0,126.0,R,0.65,7.2,6.0,release_not_at_hand,,release_not_at_hand,656271,"Burke, Brock",CS,2B,not measured,release_not_at_hand
d7a3e548-192f-3e93-a611-14c496903a87,AWAY,59.683096116263705,9.7,186.0,117.0,R,0.6,24.83,5.0,PASS,1.156,release_not_at_hand,680899,"Tolman, Erik",SB,2B,low,release_to_wrist 0.6 outside -0.32
b4018127-6db9-3085-93ae-d757d1663d2e,AWAY,59.68125293376946,9.3,,,,,,,no_release,,no_release,657746,"Ryan, Joe",SB,2B,not measured,no_release
71405238-1086-3aba-ae35-18846bf6aee3,AWAY,59.664680220124886,9.7,175.0,122.0,L,0.2,10.58,7.0,PASS,0.888,no_release,681035,"Scott, Christian",CS,2B,high,
b75f4bdb-fb3f-36d4-bfae-ebf8c8984848,HOME,59.674672137645736,3.9,189.0,118.0,R,0.52,23.54,5.0,PASS,1.19,PASS,666157,"Lodolo, Nick",SB,2B,low,release_to_wrist 0.52 outside -0.32
5136cc7e-074b-3208-9f75-430b0c501118,HOME,59.689475104951086,3.8,177.0,118.0,L,0.23,22.3,9.0,PASS,0.988,PASS,680732,"Burke, Sean",SB,2B,high,
e457ab0c-ca17-3ab9-81d4-1a1cf10bd602,AWAY,59.72387332599464,10.1,184.0,127.0,L,0.31,7.78,9.0,cut_in_window,,cut_in_window,700363,"Smith-Shawver, AJ",SB,2B,not measured,cut_in_window
d8ba9c09-844c-3d0e-9ffb-e84b6771ec78,HOME,59.727409492017635,4.0,182.0,118.0,L,0.16,26.79,9.0,PASS,1.072,PASS,668909,"Williams, Gavin",SB,2B,high,
31ecd1f9-f9a0-3fcd-8f5f-a9ad27db091a,HOME,59.67649446027768,3.9,172.0,99.0,R,0.14,22.0,9.0,PASS,1.223,PASS,815081,"Manfredi, Mark",SB,2B,high,
1732e742-911d-3588-9ae3-d8e18aa52b1d,HOME,59.67715396460138,4.1,178.0,116.0,L,0.14,22.26,9.0,PASS,1.039,PASS,680732,"Burke, Sean",SB,3B,high,
e179ce41-b7b8-3420-bb2a-9a6261b62dff,HOME,59.692927164280206,4.0,177.0,124.0,L,0.12,7.31,9.0,PASS,0.888,PASS,679885,"Martinez, Justin",SB,2B,high,
a9b41cd8-9a79-395c-bfcf-60ac99ceb14a,AWAY,59.66104016663018,11.2,187.0,117.0,L,1.04,22.92,9.0,release_not_at_hand,,cut_in_window,687064,"Young, Brandon",SB,2B,not measured,release_not_at_hand
1fe345eb-9ba8-3594-ba52-1089f0cfec44,HOME,59.69898368201919,4.3,172.0,98.0,R,0.08,32.85,9.0,PASS,1.24,PASS,672282,"Detmers, Reid",SB,3B,high,
c4510e20-eec3-31d3-b8f0-ad1fff67405e,AWAY,59.73025048169557,10.6,175.0,119.0,R,0.1,20.54,7.0,PASS,0.938,cut_in_window,666157,"Lodolo, Nick",SB,2B,high,
6b7a1c92-a9a5-362b-8078-6b348a0685a5,AWAY,59.6764164890021,10.7,187.0,,,0.66,,8.0,cut_in_window,,not_cf_view,687273,"Mathews, Quinn",CS,2B,not measured,cut_in_window
3c96bfaa-b489-3a1f-9dff-cb4e899bc05f,HOME,59.7637297708343,4.1,171.0,103.0,R,0.09,28.05,9.0,PASS,1.138,PASS,672282,"Detmers, Reid",SB,2B,high,
24dc32ab-4116-34dd-a28f-0b240a9c4471,AWAY,59.69998046182457,11.7,173.0,,,0.11,,9.0,no_set_before_lift,,not_cf_view,672282,"Detmers, Reid",SB,2B,not measured,no_set_before_lift
d7cfde2c-b2df-3444-9665-8db4cea112c0,AWAY,59.68857823042739,9.899999999999999,185.0,120.0,L,0.85,15.96,5.0,release_not_at_hand,,release_not_at_hand,663574,"Santillan, Tony",SB,2B,not measured,release_not_at_hand
6b9b04fa-7a07-3e84-8b28-1cac94e9bcc2,AWAY,59.77262682510102,10.0,177.0,112.0,R,0.13,16.56,9.0,PASS,1.087,not_cf_view,621345,"Minter, A.J.",SB,3B,high,
4ecacb4b-52f2-32b0-ba9e-041aff3abbec,HOME,59.74879339419666,4.1,179.0,121.0,L,0.13,22.96,5.0,PASS,0.971,PASS,680732,"Burke, Sean",CS,2B,high,
fe694541-8ae0-3a9b-9edb-a86f72cb0eed,AWAY,59.68005458103668,10.100000000000001,182.0,125.0,L,0.21,3.84,9.0,PASS,0.955,cut_in_window,694738,"Roupp, Landen",SB,2B,low,lift_peak_in 3.84 outside 4.28-
ac048e53-a645-3ef7-97e6-3a5a2962114b,HOME,59.67325577283496,4.2,180.0,132.0,L,0.47,7.11,9.0,PASS,0.804,PASS,625643,"López, Reynaldo",SB,2B,low,release_to_wrist 0.47 outside -0.32
dbb9c380-b302-301c-9f6e-9a78c361a58e,AWAY,59.68680027451769,8.5,,,,,,,no_release,,no_release,686973,"Varland, Louis",SB,2B,not measured,no_release
ac057b11-eb68-3cca-884c-e0f836dd2279,AWAY,59.70366937622839,10.3,,,,,,,no_release,,no_release,677944,"Cecconi, Slade",SB,2B,not measured,no_release
abfe3fb9-fd76-3de9-9ce5-1acac8785449,HOME,59.808419681067804,3.9,177.0,116.0,L,0.17,17.1,9.0,PASS,1.02,PASS,669302,"Gilbert, Logan",SB,2B,high,
b280d6d4-a2d9-3f50-88f8-dc77eb0f6151,HOME,59.77296319860697,4.0,176.0,104.0,R,0.17,31.46,9.0,PASS,1.205,PASS,608331,"Fried, Max",SB,2B,high,
fdd8b3f6-f1ba-3aab-b488-322982419f20,HOME,59.80932582450819,3.9,180.0,119.0,L,0.13,20.79,9.0,PASS,1.02,PASS,686613,"Brown, Hunter",SB,2B,high,
deb7eef9-0607-3075-823c-7d147e2f1857,AWAY,59.73091124599213,10.0,183.0,128.0,L,0.16,2.91,7.0,PASS,0.921,release_not_at_hand,669467,"Pallante, Andre",SB,2B,low,lift_peak_in 2.91 outside 4.28-
85a2438f-f686-32e3-833e-a34715414f24,HOME,59.675571595938095,3.9,171.0,117.0,L,0.14,8.47,9.0,PASS,0.905,PASS,679885,"Martinez, Justin",CS,2B,high,
d16edbcd-98cc-32ae-87b9-f3391263402a,HOME,59.64871091285272,3.9,181.0,118.0,R,0.11,8.81,9.0,PASS,1.056,PASS,640455,"Manaea, Sean",SB,2B,high,
38cba8af-efe4-335d-ae60-f9c20f8370d8,HOME,59.677601355949555,3.9,180.0,123.0,L,0.17,19.87,6.0,PASS,0.955,PASS,696062,"Dotel, Wilber",CS,2B,high,
194de148-33d0-3014-a47c-2ed97a13709c,AWAY,59.69337503026122,9.5,186.0,,,1.24,,6.0,release_not_at_hand,,no_release,663372,"Feltner, Ryan",CS,2B,not measured,release_not_at_hand
d1de0dbf-1fd8-3627-8476-163d7002b173,HOME,59.717620963728656,3.8,180.0,120.0,L,0.26,17.39,9.0,PASS,1.005,PASS,623454,"Anderson, Drew",SB,2B,high,
6a0b0375-73c7-355e-b367-b32d10be0675,AWAY,59.699756742874314,12.4,189.0,,,1.06,,9.0,cut_in_window,,release_not_at_hand,621111,"Buehler, Walker",CS,2B,not measured,cut_in_window
9d2de876-2f2b-3288-98e9-be4ef2fa9c80,AWAY,59.76862964795557,9.5,179.0,122.0,L,0.17,15.17,9.0,PASS,0.954,no_release,665795,"Cabrera, Edward",SB,2B,high,
772bb08b-4488-3bb7-8cb3-c9cf44e0dfb0,AWAY,59.65171352861095,10.5,177.0,133.0,R,0.17,10.74,9.0,cut_in_window,,no_set_before_lift,663687,"Harris, Hogan",SB,2B,not measured,cut_in_window
26c62033-e716-3389-8515-7cd1784275bf,AWAY,59.7546438110184,6.3999999999999995,,,,,,,not_cf_view,,no_release,641927,"Ober, Bailey",SB,3B,not measured,not_cf_view
de547333-f12a-31f6-9a9f-4442e60d680d,AWAY,59.746052071931054,10.5,176.0,122.0,L,0.25,19.13,9.0,PASS,0.904,cut_in_window,665795,"Cabrera, Edward",SB,2B,high,
be33c223-a2f4-324c-ba8f-ab153da4eac1,HOME,59.71722139281637,4.0,181.0,112.0,L,0.11,24.87,9.0,PASS,1.155,PASS,686613,"Brown, Hunter",SB,2B,high,
1e17e000-d1e5-3a17-8a15-edaaefcc59df,HOME,59.68776015608489,3.9,176.0,122.0,L,0.16,11.46,9.0,PASS,0.905,PASS,656848,"Petersen, Michael",SB,2B,high,
e6bcca13-4919-3b81-90c0-8b2ce7213432,AWAY,59.668484740140194,5.3,,,,,,,not_cf_view,,no_release,670990,"Ramírez, Yohan",CS,2B,not measured,not_cf_view
fd35744e-f8b3-3008-a570-fafe83a3e72c,HOME,59.72359803421845,3.9,188.0,120.0,R,0.37,5.45,6.0,PASS,1.139,PASS,663893,"Little, Brendon",SB,2B,low,release_to_wrist 0.37 outside -0.32
5516a9ad-1b62-34f2-976e-47e4d0b3836b,AWAY,59.68621055406706,10.5,175.0,100.0,L,0.09,24.18,9.0,PASS,1.257,cut_in_window,518876,"Kelly, Merrill",SB,3B,high,
618172ea-497d-321c-b2ad-c3467303dd0b,HOME,59.711752903653846,3.9,195.0,116.0,R,0.4,24.97,9.0,PASS,1.323,PASS,669461,"Liberatore, Matthew",SB,3B,low,release_to_wrist 0.4 outside -0.32; delivery_s 1.323 outside 0.7-1.31
7120829b-bc4b-3f81-a0a3-9e65055d82ae,AWAY,59.7581927415138,10.0,177.0,110.0,R,0.13,23.21,9.0,PASS,1.121,no_set_before_lift,671096,"Abbott, Andrew",SB,2B,high,
e41bf52a-7814-348b-8a25-9e0cd0026e35,AWAY,59.78308791111895,7.2,191.0,,,0.52,,9.0,cut_in_window,,not_cf_view,669461,"Liberatore, Matthew",SB,2B,not measured,cut_in_window
c36a5e53-4c29-379b-94d4-df219b4e56bf,AWAY,59.69820413176263,9.6,182.0,125.0,L,0.8,14.15,8.0,release_not_at_hand,,release_not_at_hand,700669,"Graceffo, Gordon",CS,2B,not measured,release_not_at_hand
efa410a8-2550-3617-82c6-92caef48fb13,HOME,59.67188357142012,3.8,178.0,111.0,R,0.16,19.52,8.0,PASS,1.123,PASS,676263,"Dreyer, Jack",SB,3B,high,
faadef0e-bd09-3568-9229-dd8ab8eb2c2e,AWAY,59.66700130699146,7.5,,,,,,,not_cf_view,,not_cf_view,683003,"Jones, Jared",SB,2B,not measured,not_cf_view
bbf7605d-6941-35c4-9462-c17c0a097bfb,AWAY,59.66699931719103,8.8,,,,,,,no_release,,no_release,453286,"Scherzer, Max",CS,2B,not measured,no_release
d465fdae-9906-36d1-9f77-7468590a2993,HOME,59.7691891949175,3.8,176.0,118.0,L,0.22,20.93,9.0,PASS,0.97,PASS,669923,"Kirby, George",SB,2B,high,
c16c7dc4-ae2a-34f7-8ff6-b1bb3327aa27,HOME,59.69683807232673,3.9,181.0,120.0,L,0.15,19.0,8.0,PASS,1.022,PASS,675540,"Curry, Xzavion",SB,2B,high,
e8f85dd3-639a-39b8-8008-9352d597865d,HOME,59.65375063229487,3.9,179.0,108.0,R,0.14,28.95,7.0,PASS,1.19,PASS,669062,"Miller, Erik",CS,2B,high,
0ffa577a-7b21-3edd-81f0-2b2ab7c6c08b,HOME,59.59203430309285,3.9,173.0,107.0,R,0.08,30.84,9.0,PASS,1.108,PASS,671111,"Peralta, Sammy",SB,3B,high,
f57be913-ed71-3ee4-a9dc-b0f28310530a,HOME,59.77749488016826,3.9,186.0,117.0,L,0.45,30.26,7.0,PASS,1.154,PASS,687330,"Kelly, Kevin",SB,2B,low,release_to_wrist 0.45 outside -0.32
7e851317-3513-388d-8321-108b374ebe91,HOME,59.68296072635433,3.9,173.0,118.0,L,0.12,8.39,9.0,PASS,0.922,PASS,518876,"Kelly, Merrill",SB,2B,high,
138af1b1-dbfa-3309-877f-f598b5eaa235,AWAY,59.82561469758364,9.4,,,,,,,no_release,,no_release,690279,"Adams, Mason",SB,2B,not measured,no_release
fe972910-3fa2-371c-adf9-5446610f47b6,AWAY,,4.3,,,,,,,no_clip,,cut_in_window,605135,"Bassitt, Chris",SB,2B,not measured,no_clip
b304e566-319b-354c-8c40-b7fc03fec40a,HOME,59.68926055191248,3.9,174.0,111.0,R,0.15,15.85,9.0,PASS,1.055,PASS,621345,"Minter, A.J.",SB,3B,high,
b0d930fa-5eff-3335-8240-68314d1d2785,HOME,59.67769810562106,3.8,176.0,120.0,R,0.11,21.66,8.0,PASS,0.938,PASS,688692,"Simpson, Jared",SB,2B,high,
11e253b6-1dc2-378b-bbc4-0a3c14a37154,HOME,59.7428921960847,3.8,180.0,123.0,L,0.13,23.1,9.0,PASS,0.954,PASS,683627,"Molina, Anthony",SB,2B,high,
7b79e742-b1ac-3eeb-a788-1a3cb48e8d47,HOME,59.70599646506014,3.8,183.0,115.0,L,0.43,24.8,7.0,PASS,1.139,PASS,683003,"Jones, Jared",SB,3B,low,release_to_wrist 0.43 outside -0.32
52b9dd3f-6884-34a1-8898-31c565b37355,HOME,59.71473659267027,3.8,178.0,119.0,R,0.23,22.17,9.0,PASS,0.988,PASS,607074,"Rodón, Carlos",SB,2B,high,
5a76f9dc-0e4d-300f-aab1-623fe3367662,HOME,59.59694159921706,3.8,172.0,107.0,R,0.13,30.6,9.0,PASS,1.091,PASS,671111,"Peralta, Sammy",SB,3B,high,
9f3305b5-8b89-302a-98f0-5f5e82ff0585,AWAY,59.65714285714286,7.2,181.0,130.0,R,0.24,10.58,9.0,PASS,0.855,not_cf_view,669620,"Basso, Brady",SB,2B,high,
6367c138-22f0-3a23-afb6-befb2eb744d0,AWAY,59.701774410388914,12.2,171.0,110.0,L,0.18,23.95,6.0,PASS,1.022,no_release,645261,"Alcantara, Sandy",CS,2B,high,
a481d61a-a3ee-345d-89a2-9c2a356a3393,HOME,59.64802105987628,3.7,180.0,117.0,L,0.19,21.17,9.0,PASS,1.056,PASS,701656,"Henderson, Logan",CS,2B,high,
1160a3e7-5ba2-3b11-9962-908b50462a35,HOME,59.83288057494584,5.4,170.0,129.0,R,0.08,6.63,5.0,PASS,0.685,PASS,669022,"Gore, MacKenzie",SB,2B,low,delivery_s 0.685 outside 0.7-1.31
0d11986d-95e3-3e13-bf56-b1b919334082,AWAY,59.66936727359315,11.2,183.0,130.0,L,0.2,14.37,9.0,PASS,0.888,cut_in_window,672456,"Montero, Keider",CS,2B,high,
b2170d22-044e-304c-ade8-876fee8ec396,HOME,59.743236217803265,3.8,174.0,104.0,R,0.14,23.62,9.0,PASS,1.172,PASS,592662,"Ray, Robbie",SB,2B,high,
eba7d405-181c-391f-9cb7-4056928cb7ef,AWAY,59.76825394647476,12.0,189.0,123.0,L,0.85,16.11,9.0,release_not_at_hand,,release_not_at_hand,650633,"King, Michael",SB,2B,not measured,release_not_at_hand
0b89746b-e4ed-34aa-b051-d1bccf159b08,AWAY,59.73948047752022,2.9000000000000004,,,,,,,not_cf_view,,not_cf_view,697812,"Rock, Joe",SB,2B,not measured,not_cf_view
62a9410c-0af7-38df-bc99-2a6c49dda961,HOME,59.821162910878996,3.8,180.0,114.0,R,0.12,28.11,9.0,PASS,1.103,PASS,697812,"Rock, Joe",SB,3B,high,
20b60df9-56aa-3365-83b9-bf8b8acfb53b,AWAY,59.755604462403085,9.9,175.0,111.0,L,0.14,18.7,9.0,PASS,1.071,cut_in_window,656876,"Rasmussen, Drew",SB,3B,high,
32689def-9e72-3237-b374-27e7f7291c24,AWAY,59.69379683718968,9.9,176.0,104.0,L,0.11,24.67,9.0,PASS,1.206,no_set_before_lift,656546,"Hoffman, Jeff",SB,3B,high,
5f26fae2-a3d1-3845-8bcd-6130ab95617d,AWAY,59.738496078876345,9.7,179.0,119.0,L,0.17,9.11,9.0,PASS,1.004,no_set_before_lift,621097,"Waguespack, Jacob",SB,2B,high,
90f5d177-9a7e-3cd4-bf8f-a47591078d73,AWAY,59.685273294094074,6.2,,,,,,,not_cf_view,,cut_in_window,656876,"Rasmussen, Drew",SB,2B,not measured,not_cf_view
70381c3d-5c0e-35de-9463-7fb654093722,HOME,59.73143738783668,3.8,184.0,124.0,L,0.15,10.3,8.0,PASS,1.004,PASS,656638,"Lange, Alex",SB,2B,high,
4754987f-91cf-33c9-9e97-6abc052af49e,AWAY,59.74600894027468,12.6,176.0,112.0,L,0.37,29.17,8.0,cut_in_window,,cut_in_window,666974,"Cano, Yennier",SB,2B,not measured,cut_in_window
e371a98c-c30c-3942-8703-6886d6fe358c,HOME,59.77749488016826,3.9,188.0,114.0,R,0.51,20.78,6.0,PASS,1.238,PASS,642100,"Speier, Gabe",SB,2B,low,release_to_wrist 0.51 outside -0.32
1fc57f8b-a9bf-3209-a9af-ef6f4cb79fdc,HOME,59.76164035399041,3.8,176.0,126.0,R,0.14,9.9,9.0,PASS,0.837,PASS,700249,"Povich, Cade",SB,2B,high,
83b76c26-1d88-32f8-8e5b-b2d524abf0ed,HOME,59.77349525619267,3.9,178.0,126.0,L,0.21,4.38,6.0,PASS,0.87,PASS,693433,"Woo, Bryan",SB,2B,high,
85fed78d-36c2-3ae2-9c79-be38d9132685,AWAY,59.67671585253879,9.7,179.0,117.0,R,0.11,28.75,5.0,PASS,1.039,cut_in_window,676282,"Cantillo, Joey",CS,2B,high,
468dad09-b523-30dc-9781-55867f109421,AWAY,59.68623129077805,11.7,181.0,120.0,L,0.15,20.26,9.0,PASS,1.022,cut_in_window,665660,"Alvarado, Elvis",CS,2B,high,
965920dd-ecca-3929-8de1-8b5e44d03cdd,AWAY,59.78405106787166,9.6,175.0,116.0,L,0.27,26.51,9.0,PASS,0.987,release_not_at_hand,677976,"Dobnak, Randy",SB,2B,high,
f32973ce-6363-3acf-b1c5-052b4e52ff72,AWAY,59.7375047931275,14.1,176.0,115.0,L,0.22,3.74,9.0,PASS,1.021,cut_in_window,552640,"Kittredge, Andrew",SB,2B,low,lift_peak_in 3.74 outside 4.28-
185f1367-4e7c-3243-847c-3001a773c42a,HOME,59.69905750193469,3.8,177.0,117.0,R,0.15,37.1,9.0,PASS,1.005,PASS,624133,"Suarez, Ranger",SB,2B,high,
4d204aae-bdb2-341a-ac51-d5c99dbbf20e,HOME,59.72435358900732,3.9,182.0,125.0,L,0.21,3.12,9.0,PASS,0.954,PASS,689296,"Nunez, Anthony",SB,2B,low,lift_peak_in 3.12 outside 4.28-
d105bfa5-df61-3023-b212-a166276405f0,HOME,59.6982777083596,3.9,180.0,125.0,L,0.14,7.64,7.0,PASS,0.921,PASS,641941,"Pagán, Emilio",CS,2B,high,
f090bdd8-5480-3c74-acd1-aeca76a4911c,HOME,59.825169411515446,3.8,181.0,120.0,L,0.2,7.91,8.0,PASS,1.02,PASS,662253,"Muñoz, Andrés",SB,2B,high,
8374f49c-ee75-363c-97fb-72d0634bfc0a,AWAY,59.83539445959947,9.9,,,,,,,no_release,,no_release,656302,"Cease, Dylan",SB,2B,not measured,no_release
f34faea0-7974-371d-871e-53eee5422bf3,HOME,59.78399473331475,5.4,180.0,121.0,L,0.13,12.24,8.0,PASS,0.987,PASS,622554,"Domínguez, Seranthony",SB,2B,high,
5460a647-dea2-3764-b6b1-b59913e38565,AWAY,59.772863120143455,13.9,181.0,113.0,L,0.17,18.76,7.0,PASS,1.138,release_not_at_hand,656302,"Cease, Dylan",SB,2B,high,
1773cfba-5837-3757-8f33-100a8167008d,AWAY,59.78997173489949,12.3,188.0,,,0.59,,6.0,no_set_before_lift,,release_not_at_hand,642100,"Speier, Gabe",SB,2B,not measured,no_set_before_lift
bf9e6b96-1499-3ce8-be61-dd0c30c1d61c,AWAY,59.83854091941393,9.6,173.0,114.0,L,0.14,7.78,9.0,PASS,0.986,not_cf_view,663969,"Phillips, Tyler",SB,2B,high,
bd339251-f0c3-3a54-a888-12cfa2b50cfa,HOME,59.68473669438928,3.8,180.0,130.0,L,0.16,5.36,9.0,PASS,0.838,PASS,656240,"Blewett, Scott",SB,2B,high,
3f6e59ad-f0b2-33b9-9a27-df878d7f71f4,HOME,59.74381696608395,3.8,178.0,126.0,L,0.2,11.98,9.0,PASS,0.87,PASS,607192,"Glasnow, Tyler",SB,2B,high,
17e6ddfb-a4e1-354e-9053-963e0609592e,AWAY,59.77147672424942,9.5,174.0,109.0,L,0.14,15.84,9.0,PASS,1.087,no_set_before_lift,676534,"Faucher, Calvin",SB,2B,high,
d12b7cf8-94b1-374c-afc8-bcc3372646e8,HOME,59.78147762747138,3.8,175.0,110.0,L,0.18,14.7,9.0,PASS,1.087,PASS,691587,"Pérez, Eury",SB,2B,high,
a3cd9412-7257-3ab8-b871-a335f4fe23cb,HOME,59.7208245738141,3.8,174.0,110.0,L,0.17,16.2,9.0,PASS,1.072,PASS,691587,"Pérez, Eury",SB,2B,high,
b80efee3-8562-3835-925a-c85e1106fbaa,AWAY,59.716684641919876,5.6,,,,,,,not_cf_view,,not_cf_view,700669,"Graceffo, Gordon",SB,3B,not measured,not_cf_view
5aec02f8-e07a-33d3-b790-11e2c04370cd,AWAY,59.73852254410826,10.5,179.0,114.0,R,0.1,4.89,9.0,cut_in_window,,release_not_at_hand,670970,"Morejon, Adrian",SB,2B,not measured,cut_in_window
0931543d-fb9b-37ed-a87b-995641b9bacd,HOME,59.70652957819406,3.9,174.0,117.0,R,0.19,15.62,9.0,PASS,0.955,PASS,573124,"Rogers, Taylor",SB,3B,high,
c3eb5bf9-f691-3df1-8e6e-0aee1c6a7fc6,HOME,59.77940285241,3.8,175.0,105.0,R,0.08,23.24,9.0,PASS,1.171,PASS,670970,"Morejon, Adrian",SB,3B,high,
0611783c-2d34-3a93-8aca-01dba1bf44ee,AWAY,59.73834965999982,10.2,178.0,,,0.14,,9.0,no_set_before_lift,,cut_in_window,663554,"Mize, Casey",SB,2B,not measured,no_set_before_lift
67459213-7bc4-33ac-a74a-195bc762789c,HOME,59.72316410036653,3.8,176.0,101.0,R,0.17,30.46,7.0,PASS,1.256,PASS,676454,"Cellucci, Brendan",SB,3B,high,
2df2a417-f7df-3e68-b1ac-80912f327f43,HOME,59.78373316200412,3.8,177.0,114.0,L,0.11,17.77,9.0,PASS,1.054,PASS,663554,"Mize, Casey",SB,2B,high,
72ef1280-1e6d-3ecf-9463-129a1383d612,HOME,59.695020907209766,3.8,183.0,111.0,R,0.13,21.27,7.0,PASS,1.206,PASS,685126,"Eisert, Brandon",SB,3B,high,
79c8855c-904a-34ae-9da8-221358cd0862,AWAY,59.718080018006866,9.6,177.0,115.0,L,0.82,16.62,9.0,release_not_at_hand,,release_not_at_hand,657746,"Ryan, Joe",SB,2B,not measured,release_not_at_hand
e5a39323-061f-31ce-8837-d7f2d3289177,AWAY,59.73686496637849,10.3,176.0,152.0,L,0.25,5.02,9.0,cut_in_window,,cut_in_window,621242,"Díaz, Edwin",SB,2B,not measured,cut_in_window
74d76106-193c-31ea-b799-268cde4e93bf,AWAY,59.62683156062061,10.3,172.0,,,0.12,,9.0,cut_in_window,,cut_in_window,672282,"Detmers, Reid",SB,3B,not measured,cut_in_window
c6b01791-247b-37b5-a8ad-c6247f69dee2,AWAY,59.737577918579895,12.9,256.0,,,1.49,,9.0,not_cf_view,,no_release,695549,"Jobe, Jackson",SB,2B,not measured,not_cf_view
b837eb57-1195-31b1-9751-0d237b653512,HOME,59.78450171016793,3.8,177.0,119.0,R,0.13,12.59,9.0,PASS,0.97,PASS,669373,"Skubal, Tarik",SB,2B,high,
6acc2452-3052-3320-8131-87f5a0cc1b27,HOME,59.78144044804127,3.8,177.0,111.0,L,0.17,21.65,9.0,PASS,1.104,PASS,678394,"Bello, Brayan",CS,3B,high,
afff8e85-dab3-3fd4-a35b-ca88ff5e7e0e,HOME,59.66687855071312,3.9,212.0,142.0,R,0.42,25.51,7.0,PASS,1.173,PASS,802408,"Mautz, Brycen",SB,3B,low,release_to_wrist 0.42 outside -0.32
85ee71d3-094a-3556-8a4a-a56850a91a62,AWAY,59.753273398082186,9.0,,,,,,,no_release,,no_release,641329,"Baker, Bryan",CS,3B,not measured,no_release
b42b8baf-1aa8-3c9f-bd0b-096021b08be4,AWAY,59.78549932337357,10.2,176.0,117.0,R,0.2,14.43,9.0,PASS,0.987,cut_in_window,702070,"Cameron, Noah",SB,2B,high,
ef2fe6d3-7497-3325-9843-4a8d7e1620bc,HOME,59.79880500581786,3.8,181.0,117.0,L,0.17,16.09,5.0,PASS,1.07,PASS,687064,"Young, Brandon",CS,2B,high,
141d3874-7864-3952-8159-6c3df6d8cf4f,AWAY,59.72734988700703,9.8,194.0,,,0.52,,8.0,no_set_before_lift,,no_set_before_lift,687273,"Mathews, Quinn",CS,2B,not measured,no_set_before_lift
c88dca81-2b99-372b-b9ac-484c84e7bfcf,HOME,59.74855815111406,3.9,182.0,101.0,L,0.15,29.17,8.0,PASS,1.356,PASS,642585,"Bautista, Félix",SB,3B,low,delivery_s 1.356 outside 0.7-1.31
9672660d-6c7c-3cec-a381-e5e572c196d4,HOME,59.797391469261875,3.7,179.0,111.0,R,0.09,39.25,6.0,PASS,1.137,PASS,671111,"Peralta, Sammy",SB,2B,high,
9e78bb7e-18b6-3a25-b510-baa44fd3a344,AWAY,59.76470683508221,8.5,,,,,,,no_release,,no_release,663436,"Martin, Davis",CS,2B,not measured,no_release
940025ea-63cd-31d5-942a-e23a4810dcb9,AWAY,,3.8,,,,,,,no_clip,,no_set_before_lift,642585,"Bautista, Félix",SB,2B,not measured,no_clip
d91bb120-c0a9-3644-8d47-6b214ccd4b2d,HOME,59.749164927658015,3.8,176.0,132.0,R,0.11,5.26,6.0,PASS,0.736,PASS,663776,"Sandoval, Patrick",SB,2B,high,
a69c4188-f7c1-3e6a-a64f-195337f78c25,HOME,59.666163612744185,3.8,182.0,112.0,R,0.57,24.81,9.0,PASS,1.173,PASS,656849,"Peterson, David",SB,2B,low,release_to_wrist 0.57 outside -0.32
69709abb-5e1a-3135-a0c8-be29f7c7117e,AWAY,59.75445966749308,9.8,179.0,,,0.14,,8.0,no_set_before_lift,,no_set_before_lift,656849,"Peterson, David",SB,2B,not measured,no_set_before_lift
78581640-8ec4-3ba7-91da-bba9b5dbb49a,HOME,59.75064952405325,3.8,177.0,116.0,L,0.14,22.74,7.0,PASS,1.021,PASS,696062,"Dotel, Wilber",SB,2B,high,
47f954b1-2be5-34a4-a699-03b44a95accc,AWAY,59.69819247139461,8.6,,,,,,,no_release,,no_release,660825,"Bazardo, Eduard",SB,2B,not measured,no_release
2bfa4152-ad66-33b2-a6be-aa6b4c0e13f8,AWAY,59.720527696041806,10.2,178.0,117.0,L,0.18,25.66,9.0,PASS,1.021,cut_in_window,668909,"Williams, Gavin",CS,2B,high,
95c849d3-d405-3c5b-9223-75cea941eb07,HOME,59.75045069980027,3.8,183.0,119.0,R,0.14,21.17,9.0,PASS,1.071,PASS,664991,"Wolfram, Grant",SB,2B,high,
6097fda0-4d06-3e93-8a61-12efe50aa288,AWAY,,3.5,,,,,,,no_clip,,no_release,687064,"Young, Brandon",SB,2B,not measured,no_clip
1c36938c-fab6-3ec6-b621-a537456ecba8,HOME,59.760706918110984,3.7,179.0,124.0,L,0.19,8.36,9.0,PASS,0.92,PASS,687134,"Blalock, Bradley",SB,2B,high,
9a6d5897-0618-3425-88f4-f7717f07c8bc,HOME,59.65446620805545,3.8,178.0,125.0,L,0.12,14.6,9.0,PASS,0.888,PASS,695076,"Lowder, Rhett",SB,2B,high,
a4c3984d-7b49-3a41-bf5c-affdc41468e2,HOME,59.770420283117666,3.7,178.0,117.0,R,0.23,20.18,9.0,PASS,1.021,PASS,676263,"Dreyer, Jack",SB,3B,high,
6a0297a1-cd27-30b4-a00c-27213ae5012c,AWAY,,3.5,,,,,,,no_clip,,no_release,687064,"Young, Brandon",CS,2B,not measured,no_clip
76124cfb-bd4a-3414-bd28-fe14fe729a20,HOME,59.760721093819456,3.7,178.0,119.0,L,0.2,16.66,7.0,PASS,0.987,PASS,645261,"Alcantara, Sandy",CS,2B,high,
c7fc914f-e6ee-33a4-b885-a0313fb35928,HOME,59.79832451140534,3.8,178.0,124.0,L,0.11,11.8,9.0,PASS,0.903,PASS,675512,"Melton, Troy",SB,2B,high,
1cb98101-0807-3db4-bd4b-1cfc61b5849f,HOME,59.68127508843637,3.7,181.0,118.0,R,0.11,15.68,9.0,PASS,1.056,PASS,676428,"Hurter, Brant",SB,2B,high,
4101d047-d958-3e71-8e5c-20808967e23c,AWAY,59.73876944885079,8.5,,,,,,,no_release,,no_release,664299,"Javier, Cristian",SB,2B,not measured,no_release
a19c9911-6d92-35ca-95fa-be4a5f020c8c,AWAY,59.78352072495385,12.100000000000001,179.0,120.0,L,0.84,13.28,7.0,release_not_at_hand,,release_not_at_hand,688642,"Agnos, Zach",SB,2B,not measured,release_not_at_hand
1b4cbef7-9bdc-3261-b0d3-fa10424cb48d,AWAY,59.691030707275495,11.8,179.0,131.0,L,0.22,4.47,7.0,PASS,0.804,no_release,686751,"Johnson, Seth",SB,3B,high,
a835fd81-425d-3a90-9b8a-479e32332a83,HOME,59.71873821340693,3.9,177.0,118.0,L,0.11,15.72,9.0,PASS,0.988,PASS,554430,"Wheeler, Zack",SB,2B,high,
92b6537f-e41e-3e34-9eba-048c8c3ca426,HOME,59.73570936893448,3.9,171.0,104.0,L,0.11,19.76,9.0,PASS,1.122,PASS,669302,"Gilbert, Logan",SB,2B,high,
871aa77c-e570-355f-8591-60daaf059291,AWAY,59.76961816490406,9.6,182.0,,,0.14,,9.0,no_set_before_lift,,no_set_before_lift,686751,"Johnson, Seth",SB,2B,not measured,no_set_before_lift
245ec5cb-3761-37ac-9d57-38ce6eaa0812,HOME,59.672192262906854,3.8,173.0,118.0,L,0.22,14.51,9.0,PASS,0.922,PASS,701474,"Davitt, Duncan",CS,2B,high,
f3e82dcd-63e5-3ee0-9758-c81a571d6f51,AWAY,59.79575537597905,8.1,173.0,118.0,L,0.13,10.3,9.0,PASS,0.92,no_release,671737,"Bradley, Taj",SB,2B,high,
c21839b7-d261-39de-97b0-d44e366fae4f,AWAY,59.804898772855765,9.8,177.0,,,0.08,,6.0,cut_in_window,,release_not_at_hand,669160,"May, Dustin",SB,2B,not measured,cut_in_window
58d50a34-e513-367a-8efa-724befee6923,AWAY,59.76516709264562,9.6,176.0,116.0,L,0.19,9.8,7.0,PASS,1.004,release_not_at_hand,647336,"Soroka, Michael",CS,2B,high,
f4e3dbee-3577-33f4-9fcf-5dd9f6945511,AWAY,59.769992667423985,9.7,176.0,,,0.15,,9.0,not_cf_view,,not_cf_view,543135,"Eovaldi, Nathan",SB,2B,not measured,not_cf_view
06ab45d2-3ecf-36f7-851c-e0219b6fd1e1,HOME,59.697159192424515,3.8,176.0,117.0,L,0.2,20.57,8.0,PASS,0.988,PASS,689225,"Brieske, Beau",SB,2B,high,
4c571174-fcd7-36c3-9550-6cbd8693a1b2,HOME,59.662627158656804,3.9,180.0,119.0,L,0.55,17.71,8.0,PASS,1.022,PASS,607259,"Martinez, Nick",SB,2B,low,release_to_wrist 0.55 outside -0.32
0ffb6090-3a9b-34af-be4b-10b18a9a9c2f,HOME,59.78878229280308,5.5,178.0,121.0,L,0.11,11.52,7.0,PASS,0.953,PASS,702275,"Ritchie, JR",SB,2B,high,
92a98abc-2e82-3886-9a4f-ecff396dd18a,HOME,59.72277933770112,3.8,176.0,119.0,L,0.13,16.61,8.0,PASS,0.954,PASS,607259,"Martinez, Nick",SB,3B,high,
5ebbfdc0-5ed6-3e4f-b3c0-304a92875b69,HOME,59.68818187579788,3.8,180.0,120.0,L,0.22,21.56,9.0,PASS,1.005,PASS,623454,"Anderson, Drew",SB,2B,high,
1838540f-3220-3a2b-a68c-756c363bb22f,HOME,59.66867985818522,3.8,179.0,115.0,L,0.13,19.99,9.0,PASS,1.073,PASS,554430,"Wheeler, Zack",SB,3B,high,
ca5df2e0-1791-3727-8824-2d6ad528cc02,AWAY,59.75031711062154,9.6,177.0,,,0.22,,9.0,no_set_before_lift,,no_set_before_lift,664299,"Javier, Cristian",SB,2B,not measured,no_set_before_lift
30d992cf-8505-3124-83df-556eeb41f02c,HOME,59.695825511000486,3.7,178.0,108.0,L,0.18,27.06,9.0,PASS,1.173,PASS,700712,"Ureña, Walbert",SB,2B,high,
26981195-af78-3f6b-9718-0b4a850d5cb8,AWAY,,1.1,,,,,,,no_clip,,not_cf_view,805123,"Blubaugh, AJ",CS,2B,not measured,no_clip
039bf782-8dd3-3e9d-b7b3-69b80de71cc3,HOME,59.76453196768914,3.8,178.0,114.0,L,0.37,18.76,9.0,PASS,1.071,PASS,592332,"Gausman, Kevin",SB,2B,low,release_to_wrist 0.37 outside -0.32
7aed1d51-7731-38be-9145-3d6d6099b0fb,HOME,59.78233446325812,3.8,180.0,123.0,L,0.16,17.88,8.0,PASS,0.953,PASS,621112,"Blackburn, Paul",SB,2B,high,
7e9da4c9-43b1-330c-bb5e-e8964ef0ec7f,AWAY,,4.3,,,,,,,no_clip,,cut_in_window,670036,"Festa, Matt",SB,2B,not measured,no_clip
5e3e101c-9ab1-3012-92ee-442f2e630644,AWAY,59.657718910685226,9.7,186.0,120.0,L,1.0,18.59,7.0,release_not_at_hand,,release_not_at_hand,621112,"Blackburn, Paul",SB,3B,not measured,release_not_at_hand
1368bae8-aead-3eb5-ae72-0c7d254323b6,HOME,59.77786602053943,3.8,172.0,103.0,L,0.22,27.26,9.0,PASS,1.154,PASS,700712,"Ureña, Walbert",SB,2B,high,
2980728e-5705-32a2-839c-fa5ca89ae77b,AWAY,59.699732456754546,9.7,178.0,122.0,L,0.14,15.53,9.0,PASS,0.938,cut_in_window,543037,"Cole, Gerrit",CS,2B,high,
d22f6e77-d14a-35c2-a682-32b32d45ab28,HOME,59.745186503729705,3.8,175.0,102.0,R,0.14,17.07,9.0,PASS,1.222,PASS,815083,"Farris, Mitch",SB,3B,high,
bc995778-5b04-3451-a9f2-e82ab7a7f564,HOME,59.748544893948996,3.8,175.0,111.0,R,0.1,22.5,6.0,PASS,1.071,PASS,592662,"Ray, Robbie",SB,2B,high,
f2773817-22b1-3214-951f-1b7b9b95cc42,AWAY,59.67834268125777,8.8,197.0,125.0,L,0.88,19.74,3.0,release_not_at_hand,,no_release,694753,"Curtis, Khristian",SB,2B,not measured,release_not_at_hand
21056cc1-bad8-32a1-bf9b-86a7c5347d46,HOME,59.66101061923974,3.8,181.0,120.0,L,0.28,21.21,6.0,PASS,1.022,PASS,669923,"Kirby, George",CS,2B,high,
132e9f7a-b529-3650-9518-07de4ab753f8,HOME,59.705759830063066,3.8,182.0,119.0,L,0.12,23.83,5.0,PASS,1.055,PASS,699008,"Kelly, Antwone",SB,2B,high,
de3c2e67-e707-3d00-ba09-e20750ffb4ea,AWAY,,5.9,,,,,,,no_clip,,cut_in_window,543243,"Gray, Sonny",SB,2B,not measured,no_clip
eb3a8147-82fa-3a85-a403-b7026f28ef0d,AWAY,,5.4,,,,,,,no_clip,,no_set_before_lift,672841,"Vargas, Carlos",SB,2B,not measured,no_clip
596df076-4459-310a-a273-66b75d36c68b,AWAY,59.74826066174518,6.0,,,,,,,no_release,,no_release,595014,"Treinen, Blake",SB,3B,not measured,no_release
329720a2-4deb-3ce3-b4a2-a7f96a20b8ac,AWAY,59.80843313896842,9.899999999999999,186.0,126.0,R,0.12,23.03,9.0,PASS,1.003,no_set_before_lift,519242,"Sale, Chris",SB,3B,high,
7cdd1581-47dc-3393-b9ca-dacf5622a7b2,AWAY,59.71160956371703,9.3,173.0,123.0,L,0.24,4.46,9.0,PASS,0.837,no_release,808967,"Yamamoto, Yoshinobu",SB,2B,high,
3ab60655-f64d-343f-ba5a-caa3a0b70ca9,AWAY,59.73613876673091,11.8,180.0,117.0,L,0.21,18.76,8.0,PASS,1.055,no_release,592332,"Gausman, Kevin",CS,2B,high,
772e095c-2e01-322d-ab9c-5fe4698fcff2,AWAY,59.67317683441782,9.5,177.0,117.0,L,0.2,10.26,9.0,not_cf_view,,not_cf_view,621097,"Waguespack, Jacob",SB,2B,not measured,not_cf_view
9a0251aa-cd7e-3372-a3ba-89299be3b75d,AWAY,59.68197534541088,6.1,,,,,,,not_cf_view,,cut_in_window,694753,"Curtis, Khristian",CS,2B,not measured,not_cf_view
30ce399b-d122-3ae9-a9fd-42023f4fadc2,HOME,59.679387776691236,3.8,176.0,115.0,R,0.17,8.03,8.0,PASS,1.022,PASS,815083,"Farris, Mitch",CS,2B,high,
70499661-f86b-3ee3-a8a0-33143cd876ce,HOME,59.73783656800726,3.8,175.0,118.0,L,0.12,13.4,9.0,PASS,0.954,PASS,595014,"Treinen, Blake",SB,2B,high,
f90d591c-fa13-3c48-ad84-47b150544241,HOME,59.721485781263084,3.8,175.0,110.0,L,0.17,19.38,5.0,PASS,1.088,PASS,690279,"Adams, Mason",CS,2B,high,
6af0fe50-5cfb-30bb-9f18-bdb5a470fc90,HOME,59.666434092551256,3.8,180.0,117.0,L,0.2,12.44,9.0,PASS,1.056,PASS,621097,"Waguespack, Jacob",SB,3B,high,
5b6a4b90-f6e0-319b-93e2-fae910361fea,HOME,59.786375125168085,3.8,184.0,125.0,R,0.1,15.55,8.0,PASS,0.987,PASS,681973,"Hendrickson, Josh",SB,2B,high,
0a38338e-35e7-3461-aed7-e1be4b2a3f11,AWAY,59.688248961744634,14.1,215.0,,,0.43,,9.0,no_set_before_lift,,no_set_before_lift,694795,"Ekness, Josh",SB,2B,not measured,no_set_before_lift
58433c3a-ef48-37e9-a957-a96922583755,AWAY,59.78520470269188,6.199999999999999,,,,,,,no_release,,not_cf_view,663969,"Phillips, Tyler",SB,2B,not measured,no_release
06d41bd5-d8de-3b43-ba7f-977d6680fafe,AWAY,59.79420940287888,13.5,245.0,,,1.87,,7.0,cut_in_window,,no_release,677958,"Rocker, Kumar",CS,2B,not measured,cut_in_window
f67dd36a-0414-32d6-8106-8105797ee034,HOME,59.74184995344974,3.8,178.0,115.0,L,0.17,13.18,4.0,PASS,1.055,PASS,694037,"Palencia, Daniel",SB,2B,low,ball_pts 4.0 outside 5-
6ddd509d-3601-34e2-8f18-95185cba6d23,AWAY,59.71257844839097,11.2,178.0,114.0,L,0.23,24.5,9.0,PASS,1.072,no_set_before_lift,683175,"Phillips, Connor",SB,3B,high,
b5c487be-7081-3d62-8cda-380528d18625,HOME,59.77670112753783,3.8,177.0,118.0,R,0.06,10.37,9.0,PASS,0.987,PASS,621237,"Alvarado, José",SB,2B,high,
cbf7033f-3d48-36eb-a25a-a5fe5c1b383d,HOME,59.70413285275192,5.5,210.0,146.0,L,0.19,23.34,8.0,PASS,1.072,PASS,811315,"Hopkins, Brody",SB,3B,high,
9e557e35-0b6b-36ce-936a-c19535e6d67a,HOME,59.69977348638999,3.8,180.0,124.0,L,0.09,16.26,9.0,PASS,0.938,PASS,641816,"Mahle, Tyler",CS,2B,high,
b54e2355-c2b0-33c2-a1b6-c63b072f3936,HOME,59.743667373095164,3.8,179.0,122.0,L,0.22,20.15,8.0,PASS,0.954,PASS,677976,"Dobnak, Randy",SB,2B,high,
35884086-c291-36df-bc18-406270c6b466,AWAY,59.74359380695054,12.0,173.0,,,0.24,,9.0,cut_in_window,,no_set_before_lift,607192,"Glasnow, Tyler",SB,2B,not measured,cut_in_window
b66ea991-d1d0-337b-a7e1-dc264e3f7ca4,HOME,59.71905539755372,3.7,174.0,113.0,L,0.13,18.61,9.0,PASS,1.021,PASS,693433,"Woo, Bryan",CS,2B,high,
500c3e08-6be6-3749-a700-d6e247e1593d,HOME,59.75144811818294,3.8,175.0,129.0,R,0.13,7.1,9.0,PASS,0.77,PASS,663776,"Sandoval, Patrick",SB,2B,high,
89a8b80c-d2ab-3472-84cc-b87c02f71498,HOME,59.721757422192475,3.8,178.0,128.0,L,0.2,3.9,9.0,PASS,0.837,PASS,691725,"Painter, Andrew",CS,2B,low,lift_peak_in 3.9 outside 4.28-
f13bd755-ff19-3321-a5c6-bab3de34438d,HOME,59.727025372925226,5.6,214.0,152.0,L,0.17,19.74,5.0,PASS,1.038,PASS,605242,"Fulmer, Michael",SB,2B,high,
33154c32-9d70-37d7-8bbf-53e5ae323fab,AWAY,59.74299448852437,10.0,181.0,,,0.23,,9.0,no_set_before_lift,,no_set_before_lift,686934,"McFarlane, Alex",SB,2B,not measured,no_set_before_lift
51516e92-fd2a-3a75-8309-70c951745bc2,HOME,59.73332675794133,3.8,179.0,113.0,L,0.12,27.09,9.0,PASS,1.105,PASS,665660,"Alvarado, Elvis",SB,2B,high,
00c30322-214c-30bc-a470-59d8c88aebd1,HOME,59.787036609506046,3.8,213.0,148.0,R,0.14,19.48,9.0,PASS,1.087,PASS,571927,"Matz, Steven",SB,2B,high,
2ec5a30e-e4ba-398e-8501-94043133fb38,HOME,59.77356961341359,3.7,178.0,116.0,R,0.17,21.31,9.0,PASS,1.037,PASS,804267,"Thornton, Zac",CS,2B,high,
0b75fce9-80bf-3319-97f9-0a21d1604505,AWAY,59.69570497056032,6.9,,,,,,,no_release,,no_release,663969,"Phillips, Tyler",SB,2B,not measured,no_release
5f316b43-8d68-3907-b53b-f1cbc01958b5,HOME,59.67368404792431,3.8,173.0,117.0,L,0.12,17.64,9.0,PASS,0.938,PASS,700669,"Graceffo, Gordon",SB,2B,high,
3b5a76e2-fd2f-3e69-89a4-617dc3b0c48a,AWAY,59.68744032366225,6.9,175.0,123.0,L,0.16,7.37,9.0,PASS,0.871,not_cf_view,681517,"Leahy, Kyle",SB,3B,high,
9a670acd-1fb1-3b00-b128-aad79b29753e,HOME,59.74940995329843,3.8,175.0,109.0,L,0.19,17.23,8.0,PASS,1.105,PASS,681810,"Warren, Austin",CS,3B,high,
f835cfc9-f4ca-3594-b842-38f7adb7a810,HOME,59.756044970004,3.8,181.0,122.0,L,0.14,26.55,9.0,PASS,0.987,PASS,685112,"McCambley, Zach",SB,2B,high,
0f73a089-5f6d-34c3-916a-71313c96cc3a,AWAY,59.666710194569724,11.3,184.0,110.0,L,0.68,17.34,9.0,not_cf_view,,release_not_at_hand,683769,"Gaddis, Hunter",SB,2B,not measured,not_cf_view
5baa09d8-5164-3d84-9572-595075054d3c,AWAY,59.79737233261007,9.2,,,,,,,no_release,,no_release,607192,"Glasnow, Tyler",SB,2B,not measured,no_release
6cfee34f-96ba-38bc-a195-ca9ffd989f1b,AWAY,59.817141270672565,10.7,179.0,119.0,L,0.16,6.71,3.0,PASS,1.003,no_release,663969,"Phillips, Tyler",SB,2B,low,ball_pts 3.0 outside 5-
25fb8f34-12e1-3b46-9772-4d479e2db20b,HOME,59.751663352643995,3.8,176.0,106.0,L,0.18,23.07,9.0,PASS,1.172,PASS,682243,"Miller, Bryce",SB,3B,high,
91b02c6c-a55a-3b3f-831a-605237d33d6a,HOME,59.8168764046909,3.8,176.0,108.0,R,0.1,26.38,9.0,PASS,1.137,PASS,672282,"Detmers, Reid",SB,2B,high,
658fa840-a785-33ff-9c19-187ef0f5333b,AWAY,59.69608669896568,14.0,176.0,115.0,R,0.08,18.08,4.0,PASS,1.022,not_cf_view,681895,"Sisk, Evan",SB,2B,low,ball_pts 4.0 outside 5-
3e8918ac-abdf-3a6d-a692-005802038dd7,HOME,59.69335863858586,3.8,179.0,126.0,L,0.13,21.9,9.0,PASS,0.888,PASS,695549,"Jobe, Jackson",SB,2B,high,
99f834b9-8212-3468-8782-d82efdb862d1,HOME,59.714440199404635,3.9,177.0,123.0,R,0.17,6.59,9.0,PASS,0.904,PASS,687562,"Bennett, Jake",SB,2B,high,
4e4864c6-b9e9-3c7a-b341-378ec4393ab0,AWAY,59.79195008105312,9.4,,,,,,,no_release,,no_release,701542,"Warren, Will",SB,2B,not measured,no_release
e1125718-b72b-3662-a31b-56f709242095,AWAY,59.69300739056282,13.4,252.0,,,0.26,,7.0,cut_in_window,,no_release,663554,"Mize, Casey",CS,2B,not measured,cut_in_window
d5e6e96b-3d47-3708-bed7-7496daab03c6,AWAY,59.754918233910196,12.2,171.0,,,0.17,,9.0,cut_in_window,,cut_in_window,805074,"Marte, Yunior",SB,2B,not measured,cut_in_window
6b29be74-d7d3-39f0-8119-6ad42a9a8d85,HOME,59.77107677594812,3.8,178.0,113.0,R,0.15,23.04,9.0,PASS,1.087,PASS,656849,"Peterson, David",SB,2B,high,
626671af-0a97-3642-8d0e-e159b62f4147,AWAY,59.6885241256859,13.2,266.0,,,0.52,,9.0,not_cf_view,,no_release,594798,"deGrom, Jacob",SB,2B,not measured,not_cf_view
fc64c787-4151-3e0f-8afc-2eacf6a9f8d5,AWAY,59.70658846969183,2.9000000000000004,,,,,,,not_cf_view,,not_cf_view,682120,"Herrin, Tim",SB,2B,not measured,not_cf_view
00972eeb-8458-30fa-a99b-5562d8e9077b,AWAY,59.723659575140424,10.6,,,,,,,no_release,,release_not_at_hand,686560,"Collyer, Gavin",SB,2B,not measured,no_release
f36f2811-e315-37b7-980a-9ef6ab63a692,HOME,59.694672803180765,3.9,183.0,125.0,L,0.28,10.49,5.0,PASS,0.972,PASS,687064,"Young, Brandon",CS,2B,high,
2d34f4f0-ce95-3ac9-ad24-09b27ee3b438,HOME,59.779524258309536,5.6,180.0,111.0,R,0.13,18.42,9.0,PASS,1.154,PASS,682120,"Herrin, Tim",SB,3B,high,
00f20d8d-a80f-3048-9e4e-8add919caf5e,HOME,59.828647445220255,3.9,177.0,117.0,R,0.2,8.79,9.0,PASS,1.003,PASS,687562,"Bennett, Jake",CS,2B,high,
a623edca-4578-3c96-868e-5ef13e43224a,HOME,59.637864374879534,3.8,180.0,123.0,L,0.22,17.36,9.0,PASS,0.956,PASS,667755,"Soriano, José",SB,3B,high,
d47948c7-5fe0-34fb-83f7-6fea86479628,HOME,59.70985751546636,3.8,178.0,114.0,R,0.14,23.63,9.0,PASS,1.072,PASS,672335,"Pérez, Cionel",SB,3B,high,
add65fb7-44fb-34a4-b21f-aef21cdc7406,AWAY,59.64157430706287,4.6,,,,,,,not_cf_view,,no_release,434378,"Verlander, Justin",CS,2B,not measured,not_cf_view
1bea4d57-ac98-3a9c-9157-cea7c45c447b,AWAY,59.71076275911719,9.9,176.0,123.0,L,0.18,14.89,9.0,PASS,0.888,not_cf_view,702056,"Yesavage, Trey",CS,2B,high,
d057e3f4-fa18-3c01-a55e-5971dcc9d35f,HOME,59.72287531146864,3.8,175.0,120.0,R,0.12,12.93,8.0,PASS,0.921,PASS,573124,"Rogers, Taylor",CS,2B,high,
44854921-9740-30be-9442-809b022cb9a4,HOME,59.71751601972691,3.8,177.0,103.0,R,0.17,24.58,9.0,PASS,1.239,PASS,605483,"Snell, Blake",SB,2B,high,
355bdb34-c797-303a-8d46-8d1f45af74f4,HOME,59.73380959481859,3.8,179.0,110.0,R,0.13,20.49,9.0,PASS,1.155,PASS,500779,"Quintana, Jose",SB,2B,high,
1a33d2c2-10d9-3a60-803b-ef661279a046,HOME,59.78258110786318,3.8,175.0,100.0,R,0.12,24.73,9.0,PASS,1.255,PASS,676620,"Weiman, Blake",SB,3B,high,
fe7edfdb-54f0-3588-bdc2-0b4658430ebf,AWAY,59.795613142825914,9.6,179.0,120.0,L,0.2,10.29,9.0,not_cf_view,,not_cf_view,685464,"Winquest, Cade",SB,2B,not measured,not_cf_view
83a034f7-1a9f-3d7a-bf74-f63655f4b3cd,HOME,59.763425174403885,3.8,176.0,112.0,L,0.24,27.23,9.0,PASS,1.071,PASS,678022,"Perkins, Jack",SB,2B,high,
97dc0577-74cc-31ef-89bd-5b0cc2468527,HOME,59.72280554388912,3.8,180.0,108.0,L,0.23,28.33,9.0,PASS,1.206,PASS,693686,"Miles, Spencer",SB,3B,high,
0cba60b3-ae72-3d8f-9bdf-10cadcde72dc,HOME,59.65649299185847,3.8,180.0,118.0,L,0.16,14.57,8.0,PASS,1.039,PASS,669160,"May, Dustin",SB,2B,high,
6ac8c5e6-dc79-3c7c-9c72-6fe88259fe1a,HOME,59.73418010980083,3.8,178.0,114.0,L,0.18,24.61,9.0,PASS,1.071,PASS,643377,"Jax, Griffin",SB,2B,high,
22bb3f3c-8433-32a7-8339-97b11c92ef28,AWAY,59.79389528152034,10.1,176.0,,,0.13,,9.0,no_set_before_lift,,no_set_before_lift,815083,"Farris, Mitch",SB,2B,not measured,no_set_before_lift
a9434854-90ab-3491-9de5-f008d1836460,HOME,59.73497772396376,3.8,178.0,115.0,L,0.14,15.84,9.0,PASS,1.055,PASS,641927,"Ober, Bailey",SB,2B,high,
ba8c8d5f-351e-3f45-92c7-a7964d6e4138,HOME,59.66834691557068,3.8,177.0,117.0,L,0.17,24.35,9.0,PASS,1.006,PASS,804619,"Klein, John",CS,2B,high,
5738782a-e074-383d-a8c0-7d4602f994f1,HOME,59.66478411368191,3.8,177.0,118.0,R,0.25,13.71,9.0,PASS,0.989,PASS,605483,"Snell, Blake",SB,3B,high,
78b450a1-e0a9-3445-bab1-eb4bb479ff74,AWAY,59.723502304147466,12.3,249.0,,,1.32,,8.0,not_cf_view,,no_release,678022,"Perkins, Jack",CS,2B,not measured,not_cf_view
331d2616-e8eb-3fb9-acf4-fa7a07adcc45,HOME,59.79387297351012,3.8,180.0,116.0,R,0.11,19.55,9.0,PASS,1.07,PASS,663738,"Lynch IV, Daniel",CS,2B,high,
66a3d507-7781-3726-a576-c9e88dc4bc4d,HOME,59.73362034171936,3.9,179.0,122.0,R,0.12,14.86,9.0,PASS,0.954,PASS,607536,"Freeland, Kyle",SB,3B,high,
89cb8169-fc0e-3161-ad89-b269c083afbf,AWAY,59.72184346877557,9.7,176.0,124.0,L,0.14,2.13,9.0,PASS,0.871,no_set_before_lift,647336,"Soroka, Michael",SB,2B,low,lift_peak_in 2.13 outside 4.28-
03ac4a58-2fc5-35d1-b8bf-add0d711b150,HOME,59.729840360212854,3.9,179.0,118.0,R,0.15,14.69,9.0,PASS,1.021,PASS,607536,"Freeland, Kyle",SB,2B,high,
0b33da55-8153-3873-9e9f-32b9de94dfc5,HOME,59.704473555626095,3.9,177.0,115.0,R,0.2,20.69,9.0,PASS,1.038,PASS,676263,"Dreyer, Jack",SB,2B,high,
469c7fd2-735c-3f6f-bfc1-7ca0f53d3b81,HOME,59.71471978392978,3.8,178.0,122.0,L,0.17,24.56,9.0,PASS,0.938,PASS,699008,"Kelly, Antwone",SB,2B,high,
584c6e34-7e5a-34d5-b06f-ebf01206df7a,HOME,59.68054211035818,3.8,180.0,118.0,L,0.21,18.74,9.0,PASS,1.039,PASS,676272,"Miller, Bobby",SB,2B,high,
058ca204-a448-3911-a50e-f2c4b158f4c1,HOME,59.77173821751749,3.8,182.0,124.0,L,0.21,17.67,9.0,PASS,0.97,PASS,668674,"Erceg, Lucas",SB,2B,high,
8237cf6b-2e98-3d80-b5d3-092504964fc8,HOME,59.69508131480785,3.8,178.0,117.0,R,0.25,25.42,9.0,PASS,1.022,PASS,641302,"Alexander, Tyler",SB,2B,high,
d417ee2d-d982-35db-88ee-84939d523456,HOME,59.7303661132547,3.8,177.0,117.0,R,0.24,26.32,9.0,PASS,1.005,PASS,641302,"Alexander, Tyler",CS,3B,high,
2892da6f-3d05-3259-ab27-c0164d8fda81,AWAY,59.68133116384736,9.8,176.0,103.0,L,0.12,20.45,9.0,PASS,1.223,not_cf_view,666808,"Doval, Camilo",SB,2B,high,
ded278eb-547c-3a03-8989-63d51c705e7f,AWAY,59.76232454834795,9.7,178.0,111.0,L,0.16,27.57,9.0,PASS,1.121,no_set_before_lift,681190,"Vásquez, Randy",SB,2B,high,
76ea09fe-e49c-36f4-8eba-de1a2cbc5295,HOME,59.69998046182457,5.5,177.0,123.0,L,0.25,8.91,9.0,PASS,0.905,PASS,702275,"Ritchie, JR",SB,2B,high,
df06f975-bfd3-3a2a-b2f3-1483d115209f,HOME,59.7481356724547,3.8,182.0,123.0,L,0.28,12.45,9.0,PASS,0.987,PASS,607259,"Martinez, Nick",SB,2B,high,
